country,title,channel_title,category,tags,description,publish_time,views,likes,dislikes,comment_count
US,YouTube Rewind: The Shape of 2017 | #YouTubeRewind,YouTube Spotlight,Entertainment,"\"Rewind\"|\"Rewind 2017\"|\"youtube rewind 2017\"|\"#YouTubeRewind\"|\"Rewind 2016\"|\"Dan and Phil\"|\"Grace Helbig\"|\"HolaSoyGerman\"|\"Lilly Singh\"|\"Markiplier\"|\"Swoozie\"|\"Rhett Link\"|\"Liza Koshy\"|\"Dolan Twins\"|\"Lele Pons\"|\"Jake Paul\"|\"Logan Paul\"|\"KSI\"|\"Joey Graceffa\"|\"Casey Neistat\"|\"Poppy\"|\"Niana Guerrero\"|\"Daddy Yankee\"|\"Luis Fonsi\"|\"Ed Sheeran\"|\"Kendrick Lamar\"|\"Stephen Colbert\"|\"Fidget Spinners\"|\"Slime\"|\"Backpack Kid\"|\"April the Giraffe\"|\"#Rewind\"|\"Despacito\"|\"Shape of you\"|\"YouTubeRewind\"|\"I’m the One\"|\"Humble\"","YouTube Rewind 2017. Celebrating the videos, people, music and memes that made 2017. #YouTubeRewind\\n\\nMeet the featured Creators in Rewind: https://rewind2017.withyoutube.com/creators\\nSpend more time with your favorite Creators, videos and trends from 2017: https://yt.be/rewind2017\\nTest your Rewind knowledge with our trivia game: http://yt.be/dejaview\\n\\nWatch trending videos from 2017: http://youtube.com/rewind\\nSee the trends as they happen: http://youtube.com/trending\\n\\nWatch the Behind the Scenes video: https://youtu.be/OIQQ8jmsbMM  \\nSee all the Easter Eggs: https://goo.gl/3U9otg\\n\\nMusic by The Hood Internet: https://www.youtube.com/thehoodinternet\\n\\nYouTube Rewind 2017 produced by Portal A",2017-12-06T17:58:51.000Z,75969469,3093544,884944,827755
US,BTS (방탄소년단) 'FAKE LOVE' Official MV,ibighit,Music,"\"BIGHIT\"|\"빅히트\"|\"방탄소년단\"|\"BTS\"|\"BANGTAN\"|\"방탄\"|\"FAKE LOVE\"|\"FAKE_LOVE\"","BTS (방탄소년단) 'FAKE LOVE' Official MVDirector : YongSeok Choi (Lumpens)Assistant Director : WonJu Lee, Guzza, HyeJeong Park, MinJe Jeong (Lumpens)Director of Photography : HyunWoo Nam(GDW)Gaffer : HyunSuk Song (Real Lighting)Art Director : JinSil Park Bona Kim (MU:E)Construction Manager : SukKi Song Special Effect : DemolitionBigHit Entertainment. Rights are reserved selectively in the video.Unauthorized reproduction is a violation of applicable laws. Manufactured by BigHit Entertainment, Seoul, KoreaConnect with BTS:http://www.ibighit.com http://twitter.com/BTS_bighit http://twitter.com/BTS_twt https://www.facebook.com/ibighit/http://www.facebook.com/bangtan.officialhttp://instagram.com/BTS.bighitofficialhttp://weibo.com/BTSbighitBU content certified by Big Hit Entertainment",2018-05-18T09:00:02.000Z,73463137,4924045,156023,905912
US,Taylor Swift - Delicate,TaylorSwiftVEVO,Music,"\"Taylor Swift\"|\"Delicate\"|\"Big\"|\"Machine\"|\"Records\"|\"LLC\"|\"Pop\"",Taylor Swift reputation Stadium Tour Tickets are on sale now. Get tickets here: http://taylor.lk/repEvents\n\nMusic video by Taylor Swift performing Delicate. ©2018 Big Machine Label Group LLC\n\nhttp://vevo.ly/hIoRmf,2018-03-12T01:15:10.000Z,71560694,1928392,97482,162990
US,"Calvin Harris, Dua Lipa - One Kiss (Official Video)",CalvinHarrisVEVO,Music,"\"calvin harris\"|\"calvin harris one kiss\"|\"calvin harris dua lipa\"|\"calvin harris dua lipa one kiss\"|\"one kiss\"|\"calvin harris dua lipa one kiss graham norton\"|\"calvin harris radio 1\"|\"calvin harris dua lipa one kiss live\"|\"dua lipa one kiss live\"|\"calvin harris dua lipa one kiss lyrics\"|\"calvin harris one kiss lyrics\"|\"calvin harris one kiss live\"|\"calvin harris feels\"|\"calvin harris summer\"|\"calvin harris nuh ready\"|\"calvin harris slide\"|\"calvin\"|\"harris\"|\"you\"",Calvin Harris & Dua Lipa – One Kiss (Official Video)Listen/download here: http://smarturl.it/One-Kiss Follow Calvin Harris Radio (playlist): http://smarturl.it/CalvinHarrisRadioSubscribe to Calvin's channel: http://smarturl.it/CHVevo?IQid=YT -------------- Follow Calvin online:  http://calvinharris.comSnapchat: http://smarturl.it/CHSnapchat?IQid=YTInstagram: http://smarturl.it/CHInstagram?IQid=YT        Facebook: http://smarturl.it/CHFacebook?IQid=YT    Twitter: http://smarturl.it/CHTwitter?IQid=YT     Spotify: http://smarturl.it/CHSptfy?IQid=YTSubscribe here: https://goo.gl/EVtTwdFollow Dua online:  http://dualipa.com Snapchat: https://www.snapchat.com/add/dualipaInstagram: https://www.instagram.com/dualipa Facebook: https://www.facebook.com/dualipaofficial Twitter: https://twitter.com/DUALIPA    Spotify: https://open.spotify.com/artist/6M2wZ9GZgrQXHCFfjv46weYouTube: https://www.youtube.com/user/DuaLipa1,2018-05-02T23:01:00.000Z,71017021,828626,36928,26279
US,TWICE What is Love? M/V,jypentertainment,Music,"\"TWICE What is Love\"|\"TWICE What is Love?\"|\"TWICE 왓이즈러브\"|\"트와이스 왓이즈러브\"|\"트와이스 What is Love\"|\"What is Love?\"|\"What is Love\"|\"왓이즈러브\"|\"웟이즈러브\"|\"What's Love\"|\"왓츠러브\"|\"TWICE What's Love\"|\"트와이스 What's Love\"|\"트와이스 왓츠러브\"|\"TWICE\"|\"트와이스\"|\"What is Love M/V\"|\"What is Love MV\"|\"What is Love Music Video\"|\"What is Love 뮤비\"|\"What is Love 뮤직비디오\"|\"TWICE M/V\"|\"TWICE MV\"|\"TWICE Music Video\"|\"TWICE 뮤비\"|\"TWICE 뮤직비디오\"|\"트와이스 M/V\"|\"트와이스 MV\"|\"트와이스 Music Video\"|\"트와이스 뮤비\"|\"트와이스 뮤직비디오\"|\"박진영\"|\"JYP\"|\"트와이스 남장\"|\"트와이스 영화 패러디\"",TWICE(트와이스) What is Love? M/V\n\nSpotify https://goo.gl/jVLYYY\niTunes & Apple Music https://goo.gl/DKyKZf\nGoogle Music https://goo.gl/DxAtPd\n\nTWICE Official YouTube: http://www.youtube.com/c/TWICEonAir\nTWICE Official Facebook: http://www.facebook.com/JYPETWICE\nTWICE Official Twitter: http://www.twitter.com/JYPETWICE\nTWICE Official Instagram: http://www.instagram.com/TWICETAGRAM\nTWICE Official Homepage: http://TWICE.jype.com\nTWICE Official Fan's: http://fans.jype.com/TWICE\n\nⓒ 2018 JYP Entertainment. All Rights Reserved,2018-04-09T08:59:51.000Z,69295519,1324609,118647,238744
