country,title,channel_title,category,tags,description,publish_time,views,likes,dislikes,comment_count
FR,Ed Sheeran - Perfect (Official Music Video),Ed Sheeran,Music,"\"edsheeran\"\"|\"\"ed sheeran\"\"|\"\"acoustic\"\"|\"\"live\"\"|\"\"cover\"\"|\"\"official\"\"|\"\"remix\"\"|\"\"official video\"\"|\"\"lyrics\"\"|\"\"session\"","🎧: https://ad.gt/yt-perfect\\n💰: https://atlanti.cr/yt-album\\nSubscribe to Ed's channel: http://bit.ly/SubscribeToEdSheeran\\n\\nFollow Ed on...\\nFacebook: http://www.facebook.com/EdSheeranMusic\\nTwitter: http://twitter.com/edsheeran\\nInstagram: http://instagram.com/teddysphotos\\nOfficial Website: http://edsheeran.com\\n\\nDirector: Jason Koenig\\nProducer: Honna Kimmerer\\nStarring: Ed Sheeran & Zoey Deutch \\nDirector of Photography: Johnny Valencia\\nProduction Company: Anonymous Content\\nExec Producer: Nina Soriano\\nProduction Manager: Doug Hoff\\nCommissioner: Dan Curwin\\nProduction Designer: John Lavin\\nLead Casting: Amy Hubbard \\n \\nWritten by: Jason Koenig, Ed Sheeran, Andrew Kolvet, Jenny Koenig, Murray Cummings\\n\\nEdited by: Jason Koenig & Johnny Valencia\\nVFX: Ian Hubert\\n\\nCast: Bo Valencia, Dennis Ranalta, Arthur Pauli\\n \\nSki Cinematography: Corey Koniniec\\nSpecialty Camera op: Ryan Haug\\n1st AC: Ryan Brown\\n \\n1st Assistant Director: Ole Zapatka\\nArt Director: Klaus Hartl\\nSnow fx: Lucien Stephenson\\n\\nGaffer: Thomas Berz\\nStylist: Claudia Lajda\\nHair & Makeup: Christel Thoresen\\nAustrian Casting: Ursula Kiplinger\\n \\nAdditional VFX: Zoic\\n\\nSpecial Thanks to: The Hintertux Glacier, Austria;\\nThe Tenne, and Hotel Neuhintertux",2017-11-09T11:04:14.000Z,33523622,1634134,21082,85067
FR,"Cardi B, Bad Bunny & J Balvin - I Like It [Official Music Video]",Cardi B,Music,"\"Cardi B\"|\"I Like It\"|\"Invasion of Privacy\"|\"Bad Bunny\"|\"J Balvin\"|\"Bronx\"|\"New York\"|\"Rap\"|\"Hip Hop\"|\"Bodak Yellow\"|\"Bartier Cardi\"|\"8zSRkr1nQNw\"|\"Cardi\"|\"Bardi\"","Cardi B, Bad Bunny & J Balvin - I Like It from Cardi B's Debut Album Invasion of Privacy available now!Stream/Download: https://CardiB.lnk.to/IOPAYINVASION OF PRIVACY merchandise available here: http://smarturl.it/BardiGangMerchYTFollow Cardi Bhttp://Facebook.com/IAmCardiBhttp://Instagram.com/IAmCardiBhttp://Twitter.com/IAmCardiBhttp://Soundcloud.com/IAmCardiBDirector - Eif RiveraExecutive Producer – Kareem JohnsonVideo Commissioner/VP Video Production – Emmanuelle Cuny-DiopAssociate Director, Video Administration – Lily F ThrallAssistant, Video Production – Trevor Joseph Newton",2018-05-29T14:05:10.000Z,32523416,1219780,61458,76612
FR,Ariana Grande - No Tears Left To Cry,ArianaGrandeVevo,Music,"\"Ariana\"\"|\"\"Grande\"\"|\"\"No\"\"|\"\"Tears\"\"|\"\"Left\"\"|\"\"To\"\"|\"\"Cry\"\"|\"\"Universal\"\"|\"\"Records\"\"|\"\"Pop\"","No Tears Left To Cry (Official Video)\\nSong Available Here: https://arianagrande.lnk.to/notearsYD \\n\\nConnect with Ariana Grande:\\nhttps://www.arianagrande.com \\nhttps://www.instagram.com/arianagrande \\nhttps://twitter.com/arianagrande \\nhttps://www.facebook.com/arianagrande \\n\\nDirector - Dave Meyers\\nProducer - Nathan Scherrer\\nEditor - Nick Gilberg\\nDirector of Photography - Scott Cunningham\\nProduction Designer - Ethan Tobman\\nVisual Fx - Buf\\nColourist - Stefan Sonnenfeld\\nA FREENJOY PRODUCTION\\n\\nMusic video by Ariana Grande performing No Tears Left To Cry. © 2018 Republic Records, a Division of UMG Recordings, Inc.\\n\\nhttp://vevo.ly/zyztMq",2018-04-20T04:00:03.000Z,32331284,1890564,64058,176926
FR,Brytiago X Darell - Asesina 🗡,Brytiago Cartel Records,Music,"\"Brytiago\"|\"Darell\"|\"asesina\"|\"abuso\"|\"bad bunny\"|\"ozuna\"|\"te bote\"|\"nicky jam\"|\"j balvin\"|\"daddy yankee\"|\"trap music\"|\"trap latino\"|\"latin music\"|\"latin rap\"|\"equis\"|\"amorfoda\"|\"El Chombo\"|\"Dame Tu Cosita\"|\"Nicky Jam\"|\"JBalvin\"|\"EQUIS\"|\"Becky G\"|\"Natti Natasha\"|\"Sin Pijama\"|\"Ozuna\"|\"Única\"|\"Daddy Yankee\"|\"Dura\"|\"Bad Bunny\"|\"Luis Fonsi\"|\"Demi Lovato\"|\"Échame La Culpa\"|\"Maluma\"|\"Corazón\"|\"Bella Remix\"|\"Wolfine Marinero\"",Descarga y reproduce Asesina en tu plataforma favorita 🗡 https://glad.lnk.to/Asesina 🗡http://www.facebook.com/Brytiagoprhttp://www.instagram.com/brytiagohttp://www.youtube.com/brytiagotvhttp://twitter.com/BryTiagoBrytiago X Darell - Asesina 🗡| Video OficialBrytiago - Cartel Records,2018-05-11T00:47:53.000Z,31791115,299378,11951,7693
FR,Nicky Jam x J. Balvin - X (EQUIS) | Video Oficial,NickyJamTV,Music,"\"Bad Bunny\"\"|\"\"Amorfoda\"\"|\"\"Dura\"\"|\"\"Daddy Yankee\"\"|\"\"Ozuna\"\"|\"\"Romeo Santos\"\"|\"\"El Farsante Remix\"\"|\"\"Drake\"\"|\"\"God’s Plan\"\"|\"\"Luis Fonsi\"\"|\"\"Demi Lovato\"\"|\"\"Échame La Culpa\"\"|\"\"Sobredosis\"\"|\"\"Maluma\"\"|\"\"Corazón\"\"|\"\"Nego do Borel\"\"|\"\"Ed Sheeran\"\"|\"\"Perfect\"\"|\"\"Shape of You\"\"|\"\"Camila Cabello\"\"|\"\"Havana\"\"|\"\"Young Thug\"\"|\"\"Wisin\"\"|\"\"Yandel\"\"|\"\"Todo Comienza en la Disco\"\"|\"\"Piso 21\"\"|\"\"Déjala Que Vuelva\"\"|\"\"Manuel Turizo\"\"|\"\"Despacito\"\"|\"\"Síguelo Bailando\"\"|\"\"Reik\"\"|\"\"Me Niego\"\"|\"\"Bella Wolfine\"","Disponible en tu plataforma preferida:\\nhttps://goo.gl/b8TDFS \\n\\nNicky Jam y J. Balvin performing X \\nNuevo video de Nicky Jam 2018\\n\\nLetra de EQUIS X \\n\\nAquel día te vi y tu energia sentí\\nDesde eso no te quiero lejos de mi\\nSé que no sabes de mi y no te puedo mentir\\nLo que dicen en la calle sobre mi\\n\\nY no te voy a negar\\nEstamos claros y ya\\nNo te lo voy a negar (no te lo puedo negar)\\nEstamos claros y ya (estamos claros, estamos claros)\\n\\nSolo deja que yo te agarre baby\\nBesos en el cuello pa' calmar la sed\\nMi mano en tus caderas pa' empezar como es\\nNo le vamo' a bajar mas nunca mamá\\n\\nBa-Ba-Ba-Ba-Baila\\nPlacata Placata \\nComo ella lo mueve\\nSin parar, sin parar\\n\\nMis ganas de comerte\\nAhora son mas fuertes\\nQuiero tenerte\\n\\nY no te voy a negar\\nEstamos claros y ya\\nNo te lo voy a negar\\nEstamos claros y ya\\n\\nLo que he visto de ti mami no me es normal\\nPero no te preocupes que soy anormal\\nSé que tus amigas no les debo gustar\\n\\nPero ve y cuentale parte por parte\\nComo tenemos sex y te quito el estres\\nDale otra vez\\n\\nY no te voy a negar\\nEstamos claros y ya\\nNo te lo voy a negar\\nEstamos claros y ya\\n\\nBa-Ba-Ba-Ba- Baila\\nPlacata Placata \\nComo ella lo mueve\\nSin parar, sin parar\\n\\nMis ganas de comerte\\nAhora son mas fuertes\\nQuiero tenerte\\n\\nY no te voy a negar\\nEstamos claros y ya\\nNo te lo voy a negar\\nEstamos claros y ya\\n\\nLa Industria Inc\\nSony Music Latin\\n2018\\n\\nSkloziv Network",2018-03-02T05:00:19.000Z,30686233,304510,10540,13903
