country,title,channel_title,category,tags,description,publish_time,views,likes,dislikes,comment_count
RU,17 AWESOME CRAFTING LIFE HACKS & CREATIVE IDEAS,MR.ROMEO,Howto & Style,"\"things|\"\"craft ideas\"\"|\"\"diy\"\"|\"\"creative ideas\"\"|\"\"mr. romeo\"\"|\"\"how to\"\"|\"\"life hacks\"\"|\"\"tricks\"\"|\"\"friends\"\"|\"\"life hacks for kids\"\"|\"\"DIY Projects\"\"|\"\"diy activities\"\"|\"\"tutorial\"\"|\"\"easy life hacks\"\"|\"\"simple crafts\"\"\"","Hi friends. Wellcome to my channel. In this video diy you will see how to make this 17 AWESOME CRAFTING LIFE HACKS AND CREATIVE IDEAS Very simple tricks you can build in your house with easy things to find. Hope you like it.\\n\\n★ Please subscribe to get more interesting videos https://goo.gl/b33YHG\\n\\nMR. ROMEO is a channel that show Diy and Craft Ideas\\nThank you very much for support , like and share !\\n\\nWatch More MR. ROMEO\\nPopular Videos\\n|DIY| 3 Creative Ideas With Toilet paper roll | https://goo.gl/2GG45X\\n5 AWESOME HOT GLUE GUN LIFE HACKS https://goo.gl/psHBxp\\n10 AWESOME HOT GLUE GUN LIFE HACKS https://goo.gl/SKjz4Z\\nHow To Make a  Drinking Straw Fidget Spinner https://goo.gl/SHQ9yT\\nBEST LIFE HACKS FOR SMARTPHONE https://goo.gl/byNkZR\\n\\nPopular Playlists:\\nBEST Life Hacks  https://goo.gl/CyWNfP\\nHot Glue Life Hacks https://goo.gl/pvEpUq\\nFidget Spinner Life Hacks https://goo.gl/aSgrh6",2018-03-19T12:58:15.000Z,7310563,13577,5886,699
RU,Avengers: Infinity War Trailer Tease,Marvel Entertainment,Entertainment,"\"marvel|\"\"comics\"\"|\"\"comic books\"\"|\"\"nerdy\"\"|\"\"geeky\"\"|\"\"super hero\"\"|\"\"superhero\"\"|\"\"avengers: infinity war\"\"|\"\"marvel studios\"\"|\"\"infinity war\"\"|\"\"avengers\"\"\"","Thank you to the best fans in the universe! Marvel Studios' Avengers: Infinity War Trailer TOMORROW. ► Subscribe to Marvel: http://bit.ly/WeO3YJ\\n\\nFollow Marvel on Twitter: ‪https://twitter.com/marvel\\nLike Marvel on FaceBook: ‪https://www.facebook.com/Marvel\\n\\nFor even more news, stay tuned to:\\nTumblr: ‪http://marvelentertainment.tumblr.com/\\nInstagram: https://www.instagram.com/marvel\\nGoogle+: ‪https://plus.google.com/+marvel\\nPinterest: ‪http://pinterest.com/marvelofficial",2017-11-28T17:09:22.000Z,7281189,180808,19955,21252
RU,Вадим Галыгин и гр. Ленинград - 8 Марта,Comedy Radio,People & Blogs,"\"comedy|\"\"radio\"\"|\"\"ленинград\"\"|\"\"галыгин\"\"|\"\"8 марта\"\"|\"\"шнур\"\"|\"\"сергей шнуров\"\"|\"\"вадим галыгин\"\"|\"\"leningrad\"\"|\"\"песня\"\"|\"\"хит\"\"|\"\"музыка\"\"|\"\"париж\"\"|\"\"новый клип\"\"|\"\"ленинград смотреть\"\"|\"\"группировка ленинград\"\"|\"\"непариж\"\"\"","Мужчины, любите женщин! Милые дамы, с 8 марта! \\nДанное музыкально-художественное произведение создано для привлечения общественного внимания к проблеме отношений между мужчиной и женщиной.\\n\\nИдея: В.Галыгин\\nСлова: В. Галыгин\\nМузыка: В.Галыгин\\n\\nРежиссер-постановщик: Митрий Семёнов-Алейников\\nОператор-постановщик: Вадим Потеев\\nПродюсер: Вадим Галыгин\\nПродюсер: Виктор Лобкович\\nИсполнительный продюсер: Евгений Арендаревич\\nИсполнительный продюсер: Ольга Шалик\\nДиректор:  Вероника Цуканова\\nКастинг-директор: Виктория Пономарева\\nКастинг-директор: Людмила Малеева\\nРежиссёр монтажа:  Полина Бутько\\nМонтажер на площадке: Юрий Бутько \\nХудожник-постановщик: Александр Гринько\\nДекоратор: Виктор Миличенко\\nАсс-т режиссера по реквизиту: Руслан Харлап\\nХудожник по костюмам: Алеся Максимович\\nАсс-т художника по костюмам: Светлана Бондарчик\\nкостюмер: Виктория Новикова\\nХудожник по гриму: Вероника Сафонова\\nАсс-т художника по гриму: Дмитрий Лопаткин\\nЗвукооператор: Валентин Шупенич \\nЛокейшн: Глеб Поршнев\\nДиректор площадки: Андрей Иванов\\n\\nКрасавица: Виктория\\nРуководитель хора: Ярмоленко Анатолий Иванович\\nМужик 1 Власов Сергей\\nМужик 2 Пономарев Владимир\\nМужик 3 Макуха Антон\\nМужик 4 Старченко Александр\\nМужик 5 Тимур Велитовский\\nМужик 6 Галыгин Вадим\\nМужик 7 Гречко Александр Степанович\\nМужик 8 Шнуров Сергей\\nХор:\\n1 Галыгина Галина Антоновна\\n2 Ботякова Виктория\\n3 Филиппова Анастасия\\n4 Рощинская Юлия\\n5 Михневич Юлианна\\n6 Грибалева Лариса\\n7 Бабук Лиза\\n8 Янович Инна\\n9 Малеева Людмила\\n10 Бурчиц Виктория\\n11 Хома Анна Александровна\\n12 Натали Роше\\n13 Мартинкевич Аника\\n14 Антонова Зоя \\n\\nПодписывайтесь:\\nhttps://vk.com/comedyradio\\nhttps://www.facebook.com/comedy.radio...\\nhttps://www.instagram.com/radiocomedy/\\nhttp://telegram.me/radiocomedy\\nhttps://www.ok.ru/comedyradio",2018-03-07T13:54:18.000Z,7233720,115216,17297,11101
RU,野生動物の驚くべき瞬間2018！ライオンモンキーヒョウカンガルー,kien hoang,Pets & Animals,[none],野生動物の驚くべき瞬間2018！ライオンモンキーヒョウカンガルー,2018-04-13T05:30:13.000Z,7220717,14954,9334,2083
RU,Musical Genre Challenge with Ariana Grande,The Tonight Show Starring Jimmy Fallon,Comedy,"\"The Tonight Show|\"\"Jimmy Fallon\"\"|\"\"Musical Genre Challenge\"\"|\"\"Ariana Grande\"\"|\"\"NBC\"\"|\"\"NBC TV\"\"|\"\"Television\"\"|\"\"Funny\"\"|\"\"Talk Show\"\"|\"\"comedic\"\"|\"\"humor\"\"|\"\"snl\"\"|\"\"Fallon Stand-up\"\"|\"\"Fallon monologue\"\"|\"\"tonight\"\"|\"\"show\"\"|\"\"jokes\"\"|\"\"funny video\"\"|\"\"interview\"\"|\"\"variety\"\"|\"\"comedy sketches\"\"|\"\"talent\"\"|\"\"celebrities\"\"|\"\"video\"\"|\"\"clip\"\"|\"\"highlight\"\"|\"\"music\"\"|\"\"musical performance\"\"|\"\"the roots\"\"|\"\"pop\"\"|\"\"R & B\"\"|\"\"Shape of You\"\"|\"\"Ska\"\"|\"\"Humble\"\"|\"\"Goth Rock\"\"|\"\"Yeah!\"\"|\"\"Country\"\"|\"\"Usher\"\"|\"\"Kendrick Lamar\"\"|\"\"God's Plan\"\"|\"\"90's Diva\"\"|\"\"Drake\"\"|\"\"Evanescence\"\"\"","Ariana Grande transforms Drake's God's Plan into an epic '90s diva hit and Kendrick Lamar's HUMBLE. into Evanescence-style goth-rock in the latest edition of Musical Genre Challenge.Subscribe NOW to The Tonight Show Starring Jimmy Fallon: http://bit.ly/1nwT1aNWatch The Tonight Show Starring Jimmy Fallon Weeknights 11:35/10:35cGet more Jimmy Fallon: Follow Jimmy: http://Twitter.com/JimmyFallonLike Jimmy: https://Facebook.com/JimmyFallonGet more The Tonight Show Starring Jimmy Fallon: Follow The Tonight Show: http://Twitter.com/FallonTonightLike The Tonight Show: https://Facebook.com/FallonTonightThe Tonight Show Tumblr: http://fallontonight.tumblr.com/Get more NBC: NBC YouTube: http://bit.ly/1dM1qBHLike NBC: http://Facebook.com/NBCFollow NBC: http://Twitter.com/NBCNBC Tumblr: http://nbctv.tumblr.com/NBC Google+: https://plus.google.com/+NBC/postsThe Tonight Show Starring Jimmy Fallon features hilarious highlights from the show including: comedy sketches, music parodies, celebrity interviews, ridiculous games, and, of course, Jimmy's Thank You Notes and hashtags! You'll also find behind the scenes videos and other great web exclusives.Musical Genre Challenge with Ariana Grandehttp://www.youtube.com/fallontonight",2018-05-02T04:15:27.000Z,7172963,265721,3950,14870
