country,title,channel_title,category,tags,description,publish_time,views,likes,dislikes,comment_count
MX,Jurassic World: Fallen Kingdom - Official Trailer [HD],Universal Pictures,Entertainment,"\"Jurassic World|\"\"Fallen Kingdom\"\"|\"\"Jurassic Park\"\"|\"\"T-Rex\"\"|\"\"Dinosaur\"\"|\"\"J.A. Bayona\"\"|\"\"Steven Spielberg\"\"|\"\"Colin Trevorrow\"\"|\"\"Chris Pratt\"\"|\"\"Bryce Dallas Howard\"\"|\"\"BD Wong\"\"|\"\"James Cromwell\"\"|\"\"Ted Levine\"\"|\"\"Justice Smith\"\"|\"\"Geraldine Chaplin\"\"|\"\"Daniella Pineda\"\"|\"\"Toby Jones\"\"|\"\"Jeff Goldblum\"\"|\"\"Rafe Spall\"\"|\"\"Derek Connolly\"\"|\"\"Isla Nublar\"\"|\"\"Raptor\"\"\"","Jurassic World: Fallen Kingdom\\nIn Theaters June 22, 2018 \\n\\nhttps://www.jurassicworld.com\\n\\nIt’s been four years since theme park and luxury resort Jurassic World was destroyed by dinosaurs out of containment.  Isla Nublar now sits abandoned by humans while the surviving dinosaurs fend for themselves in the jungles.\\n\\nWhen the island’s dormant volcano begins roaring to life, Owen (Chris Pratt) and Claire (Bryce Dallas Howard) mount a campaign to rescue the remaining dinosaurs from this extinction-level event.  Owen is driven to find Blue, his lead raptor who’s still missing in the wild, and Claire has grown a respect for these creatures she now makes her mission.  Arriving on the unstable island as lava begins raining down, their expedition uncovers a conspiracy that could return our entire planet to a perilous order not seen since prehistoric times.\\n\\nWith all of the wonder, adventure and thrills synonymous with one of the most popular and successful series in cinema history, this all-new motion-picture event sees the return of favorite characters and dinosaurs—along with new breeds more awe-inspiring and terrifying than ever before.  Welcome to Jurassic World: Fallen Kingdom.  \\n\\nStars Pratt and Howard return alongside executive producers Steven Spielberg and Colin Trevorrow for Jurassic World: Fallen Kingdom.  They are joined by co-stars James Cromwell, Ted Levine, Justice Smith, Geraldine Chaplin, Daniella Pineda, Toby Jones, Rafe Spall and Isabella Sermon, while BD Wong and Jeff Goldblum reprise their roles.\\n\\nDirected by J.A. Bayona (The Impossible), the epic action-adventure is written by Jurassic World’s director, Trevorrow, and its co-writer, Derek Connolly.  Producers Frank Marshall and Pat Crowley once again partner with Spielberg and Trevorrow in leading the filmmakers for this stunning installment.  Belén Atienza joins the team as a producer.",2017-12-08T01:44:25.000Z,29484180,502665,24722,67102
MX,Ozuna x Romeo Santos - El Farsante Remix,Ozuna,Music,"\"Ozuna|\"\"Reggaeton\"\"|\"\"Odisea\"\"|\"\"Odisea The Album\"\"|\"\"Romeo Santos\"\"|\"\"El Farsante Remix\"\"\"",DESCARGA Odisea Aqui: http://apple.co/2vX00sT\n\nDescarga Odisea The Game:\nApp Store: http://apple.co/2hSmZiO\nAndroid: http://bit.ly/2uwwJFb\n\nFollow Me / Sigueme en: \n\nINSTAGRAM: https://www.instagram.com/ozunapr/\nFACEBOOK: https://www.facebook.com/ozunapr\nTWITTER: https://twitter.com/ozunapr\nSPOTIFY: http://spoti.fi/2tzO4Zv\nAPPLE MUSIC: http://apple.co/2uu3phf\n\nManager: \nVicente Saavedra: Saavedrabooking@gmail.com | +1-787-444-5678,2018-01-30T15:00:05.000Z,27204402,663989,37636,35821
MX,Ariana Grande - No Tears Left To Cry,ArianaGrandeVevo,Music,"\"Ariana|\"\"Grande\"\"|\"\"No\"\"|\"\"Tears\"\"|\"\"Left\"\"|\"\"To\"\"|\"\"Cry\"\"|\"\"Universal\"\"|\"\"Records\"\"|\"\"Pop\"\"\"","No Tears Left To Cry (Official Video)\\nSong Available Here: https://arianagrande.lnk.to/notearsYD \\n\\nConnect with Ariana Grande:\\nhttps://www.arianagrande.com \\nhttps://www.instagram.com/arianagrande \\nhttps://twitter.com/arianagrande \\nhttps://www.facebook.com/arianagrande \\n\\nDirector - Dave Meyers\\nProducer - Nathan Scherrer\\nEditor - Nick Gilberg\\nDirector of Photography - Scott Cunningham\\nProduction Designer - Ethan Tobman\\nVisual Fx - Buf\\nColourist - Stefan Sonnenfeld\\nA FREENJOY PRODUCTION\\n\\nMusic video by Ariana Grande performing No Tears Left To Cry. © 2018 Republic Records, a Division of UMG Recordings, Inc.\\n\\nhttp://vevo.ly/zyztMq",2018-04-20T04:00:03.000Z,25066682,1689642,54936,164611
MX,Taylor Swift - Delicate,TaylorSwiftVEVO,Music,"\"Taylor Swift|\"\"Delicate\"\"|\"\"Big\"\"|\"\"Machine\"\"|\"\"Records\"\"|\"\"LLC\"\"|\"\"Pop\"\"\"",Taylor Swift reputation Stadium Tour Tickets are on sale now. Get tickets here: http://taylor.lk/repEvents\n\nMusic video by Taylor Swift performing Delicate. ©2018 Big Machine Label Group LLC\n\nhttp://vevo.ly/hIoRmf,2018-03-12T01:15:10.000Z,24262331,1249421,64943,121243
MX,Coachella 2018 LIVE Channel 1,Coachella,Music,[none],"For more cameras and VR180 immersive experience tune in @ https://yt.be/coachella and customize your schedule to make sure you don’t miss anything.\\n\\nDidn't make it out to the desert this weekend? Coachella Valley Music and Arts Festival live stream starts now on YouTube. Join us and experience Coachella live through your own eyes. Presented by T-Mobile #AreYouWithUs\\n\\nWEBCAST CHANNEL 1 SCHEDULE*   \\n*schedule is subject to changes\\n\\nSunday, April 15th *all times PDT\\n\\n3:40 PM - Lionbabe\\n4:40 PM - LANY\\n5:45 PM - Vance Joy\\n6:30 PM - Jessie Ware\\n7:25 PM - Cardi B\\n8:00 PM - Portugal. The Man\\n9:00 PM - Miguel\\n9:55 PM - ODESZA\\n11:05 PM - Migos\\n---- WEBCAST  REBROADCAST ----",2018-04-05T06:48:28.000Z,24004779,0,0,3
