country,title,channel_title,category,tags,description,publish_time,views,likes,dislikes,comment_count
FR,Falcon Heavy Test Flight,SpaceX,Science & Technology,[none],"When Falcon Heavy lifts off, it will be the most powerful operational rocket in the world by a factor of two. With the ability to lift into orbit nearly 64 metric tons (141,000 lb)---a mass greater than a 737 jetliner loaded with passengers, crew, luggage and fuel--Falcon Heavy can lift more than twice the payload of the next closest operational vehicle, the Delta IV Heavy, at one-third the cost. Falcon Heavy draws upon the proven heritage and reliability of Falcon 9. \\n\\nIts first stage is composed of three Falcon 9 nine-engine cores whose 27 Merlin engines together generate more than 5 million pounds of thrust at liftoff, equal to approximately eighteen 747 aircraft. Only the Saturn V moon rocket, last flown in 1973, delivered more payload to orbit. Falcon Heavy was designed from the outset to carry humans into space and restores the possibility of flying missions with crew to the Moon or Mars.",2018-02-06T21:03:04.000Z,16806832,338792,9761,36160
FR,Dhadak | Official Trailer | Janhvi & Ishaan | Shashank Khaitan | Karan Johar,Dharma Productions,Film & Animation,"\"Dharma\"|\"Dharma Productions\"|\"Dhadak\"|\"Janhvi Kapoor\"|\"Jhanvi Kapoor\"|\"Ishaan Khatter\"|\"Ishaan\"|\"Bollywood\"|\"Sairat\"|\"Marathi\"|\"Remake\"|\"Adaptation\"|\"Music\"|\"Zingaat\"|\"Zinghat\"|\"Karan Johar\"|\"Karan\"|\"Zee Studios\"","When two worlds collide, they become oneDhadak is a journey of young, pure, unconditional and a fierce first love that fights fate.Meet Madhukar and Parthavi, two young and passionate individuals who make a safe haven of their own when they fall in love. But as their love grew, so did their problems when their families reject their love. Torn between society and families, their fate becomes uncertain but their love stands strong.Presenting Janhvi & IshaanFrom the director of Humpty Sharma Ki Dulhania & Badrinath Ki Dulhania, presenting Dhadak, an adaptation of the Marathi blockbuster, Sairat.धड़क , एक  जवान , पवित्र  और  अनोखी  पहले  प्यार  की  कहानी  है  जो  अपने  प्यार  के  लिए  अपने  किस्मत  से  लड़ते  हैं |मिलिए  मधुकर  और पार्थवी  से , दो  जवान  और  बेफिक्र  प्रेमी  जो  अपने  पहले  प्यार  को  जन्नत  बना  लेते  हैं| लेकिन  जैसे  जैसे  इनका  प्यार  बढ़ता  है  वैसे  वैसे  कठिनाईयां  भी , जब  इनका  परिवार  इनके  प्यार  को  ठुकरा  देता  है| परिवार और समाज के हाथो में इनका प्यार अनिश्चित होने के बावजूद भी इनका प्यार अटूट है |Release Date: 20th July 2018Written and Directed by: Shashank KhaitanProduced by: Karan Johar, Zee Studios, Hiroo Yash Johar, Apoorva MehtaMusic by: Ajay-AtulMusic on: Zee Music CompanyJoin the conversation - #DhadakSubscribe for Regular Updateshttp://goo.gl/tBtxttLike us on http://www.facebook.com/DharmaMoviesFollow us onhttp://www.twitter.com/DharmaMovieshttps://www.instagram.com/dharmamoviesCircle us on Google+https://plus.google.com/+DharmaMovies",2018-06-11T06:50:41.000Z,15969920,308382,36675,33624
FR,BTS (방탄소년단) LOVE YOURSELF 轉 Tear 'Singularity' Comeback Trailer,ibighit,Music,"\"BIGHIT\"|\"빅히트\"|\"방탄소년단\"|\"BTS\"|\"BANGTAN\"|\"방탄\"","BTS (방탄소년단) LOVE YOURSELF 轉 Tear 'Singularity' Comeback TrailerCredits:Director : YongSeok Choi (Lumpens)Assistant Director : Wonju Lee, MinJe Jeong, HyeJeong Park (Lumpens)Director of Photography : HyunWoo Nam(GDW)Gaffer : HyunSuk Song (Real Lighting)Art Director : JinSil Park Bona Kim (MU:E)Editor : HyeJeong ParkBigHit Entertainment. All rights reserved. Unauthorized reproduction is a violation of applicable laws. Manufactured by BigHit Entertainment, Seoul, Korea.Connect with BTS:http://www.ibighit.com http://weibo.com/BTSbighit http://twitter.com/BTS_bighit http://twitter.com/BTS_twt https://www.facebook.com/ibighit/http://www.facebook.com/bangtan.officialhttp://instagram.com/BTS.bighitofficial",2018-05-06T15:00:02.000Z,15875379,2285431,19400,326719
FR,j-hope 'Daydream (백일몽)' MV,ibighit,Music,"\"BIGHIT\"\"|\"\"빅히트\"\"|\"\"방탄소년단\"\"|\"\"BTS\"\"|\"\"BANGTAN\"\"|\"\"방탄\"","j-hope 'Daydream (백일몽)'\\n\\n\\nj-hope's 'Daydream (백일몽)', the first mixtape album is out now.\\n\\n\\n\\nGet 'Daydream (백일몽)' on:\\nGoogle: https://bit.ly/2ovoi8m\\nMediaFire: https://bit.ly/2owaKcq\\nDropbox: https://bit.ly/2GPsNRB\\n\\n\\n\\nCredits:\\n\\n\\nDirector : YongSeok Choi (Lumpens)\\nAssistant Directors : WonJu Lee (Lumpens)\\nDirector of Photography : HyunWoo Nam(GDW)\\nGaffer : HyunSuk Song (Real Lighting)\\nArt Director : JinSil Park Bona Kim (MU:E)\\n\\nProduced by Pdogg\\n(Pdogg, j-hope)\\n\\n\\n\\nBigHit Entertainment. All rights reserved. \\nUnauthorized reproduction is a violation of applicable laws. \\nManufactured by BigHit Entertainment, Seoul, Korea.\\n\\n\\n\\n\\nConnect with BTS:\\nhttp://www.ibighit.com \\nhttp://twitter.com/BTS_bighit \\nhttp://twitter.com/BTS_twt \\nhttps://www.facebook.com/ibighit\\nhttp://www.facebook.com/bangtan.official\\nhttp://instagram.com/BTS.bighitofficial\\nhttp://weibo.com/BTSbighit",2018-03-01T15:00:02.000Z,15777624,2392595,21872,437036
FR,J. Balvin - Ahora,jbalvinVEVO,Music,"\"J Balvin\"\"|\"\"Ahora\"\"|\"\"J Balvin Ahora\"\"|\"\"Machika\"\"|\"\"Mi Gente\"\"|\"\"Ginza\"\"|\"\"La Familia\"\"|\"\"J.\"\"|\"\"Balvin\"\"|\"\"UMLE\"\"|\"\"Latino\"\"|\"\"Latin\"\"|\"\"Pop\"","“Ahora” disponible ya en todas las plataformas digitales: \\nhttps://umle.lnk.to/AHORAFp\\n\\nConnect with J Balvin: \\nFacebook | https://www.facebook.com/JBalvinOficial/ \\nInstagram | https://www.instagram.com/jbalvin/\\nTwitter | https://twitter.com/JBALVIN \\n\\nMusic video by J. Balvin performing Ahora. (C) 2018 UMG Recordings, Inc.\\n\\nhttp://vevo.ly/tLU7lu",2018-02-26T05:00:01.000Z,15474680,320810,7873,17685
