country,title,channel_title,category,tags,description,publish_time,views,likes,dislikes,comment_count
GB,"Becky G, Natti Natasha - Sin Pijama (Official Video)",BeckyGVEVO,Music,"\"Becky G\"|\"Natti Natasha\"|\"Natti Natasha Music\"|\"Natti Natasha Official Video\"|\"Natti Natasha Video\"|\"Natti Natasha Video Oficial\"|\"Natti Natasha Nuevo Video\"|\"Natti Natasha New Video\"|\"Sin Pijama Official Video\"|\"Official Video\"|\"Sin Pijama Official Remix Video\"|\"Sin Pijama Single\"|\"Single\"|\"Natti Natasha New Single\"|\"Natti Natasha Single\"|\"Natti Natasha Song\"|\"Sin Pijama new song\"|\"Sin Pijama nueva canción\"|\"Natti Natasha nueva cancion\"|\"Natti\"|\"Natasha\"|\"en\"","Becky G & Natti Natasha – “Sin Pijama”NUEVO SENCILLO “Sin Pijama” DISPONIBLE AHORA iTunes: http://smarturl.it/SinPijamaI   Apple Music: http://smarturl.it/SinPijamaA  Spotify: http://smarturl.it/SinPijamaSpot  Amazon Music: http://smarturl.it/SinPijamaAm  Google Play: http://smarturl.it/SinPijamaGPDeezer: http://smarturl.it/SinPijamaD ¡Elige tu plataforma de preferencia!: https://SML.lnk.to/SinPijama ESCÚCHA Sin Pijama EN LATINO VIBES ....¡SIGUE ESTE PLAYLIST AHORA PARA ESCÚCHAR NUEVA MÚSICA + LOS MEJORES PUNTOS LATINOS DE HOY!Apple Music: http://smarturl.it/LatinoVibesA   Spotify: http://smarturl.it/LatinoVibesS SIGUE A BECKY G EN: Página web oficial: http://iambeckyg.com Instagram: http://smarturl.it/BeckyGInstagram Facebook: http://smarturl.it/BeckyGFB Twitter: http://smarturl.it/BeckyGTWSIGUE A NATTI NATASHA EN: INSTAGRAM: https://www.instagram.com/nattinatasha/ FACEBOOK: https://www.facebook.com/NattiNatashaOfficial/ Official music video by Becky G, Natti Natasha performing Sin Pijama . (C) 2018 Sony Music Entertainment US Latin LLC",2018-04-20T10:40:51.000Z,99159833,1668418,99361,97826
GB,Taylor Swift - Delicate,TaylorSwiftVEVO,Music,"\"Taylor Swift\"|\"Delicate\"|\"Big\"|\"Machine\"|\"Records\"|\"LLC\"|\"Pop\"",Taylor Swift reputation Stadium Tour Tickets are on sale now. Get tickets here: http://taylor.lk/repEvents\n\nMusic video by Taylor Swift performing Delicate. ©2018 Big Machine Label Group LLC\n\nhttp://vevo.ly/hIoRmf,2018-03-12T01:15:10.000Z,99019402,2161260,97482,175635
GB,Childish Gambino - This Is America (Official Video),ChildishGambinoVEVO,Music,"\"Childish Gambino\"|\"Rap\"|\"This Is America\"|\"mcDJ Recording/RCA Records\"",“This is America” by Childish Gambino http://smarturl.it/TcIgADirector: Hiro MuraiProducer: Jason Cole of Doomsday with Ibra Ake and Fam Rothstein of Wolf + Rothsteintour tickets and merchandise available at childishgambino.com,2018-05-06T04:00:07.000Z,98938809,5444541,379862,553371
GB,Drake - Nice For What,DrakeVEVO,Music,"\"Drake\"|\"Nice\"|\"For\"|\"What\"|\"Young\"|\"Money\"|\"Hip\"|\"Hop\"",Music video by Drake performing Nice For What. © 2018 Young Money/Cash Money Records,2018-04-07T02:46:31.000Z,98733963,994986,52924,65066
GB,The Weeknd - Call Out My Name (Official Video),TheWeekndVEVO,Music,"\"The\"|\"Weeknd\"|\"Call\"|\"Out\"|\"My\"|\"Name\"","Call Out My Name (Official Video)Taken from the album My Dear Melancholy,http://theweeknd.co/mdmYD Connect with The Weeknd:http://www.facebook.com/theweeknd http://instagram.com/theweeknd https://soundcloud.com/theweeknd https://twitter.com/TheWeeknd https://www.theweeknd.com Directed by Grant SingerPRODUCER – Saul GermaineEXECUTIVE PRODUCER – Nina SorianoFor Anonymous ContentDIRECTOR OF PHOTOGRAPHY – Alexis ZabePRODUCTION DESIGNER – Page BucknerEDITOR – Nate Gross for Exile EditCOLORIST – Simon Bourne for FramestoreVFX – The Mill VFX SUPERVISOR – David LawsonVFX CREATIVE DIRECTOR – Becky Porter2D LEAD ARTIST – Jason Bergman3D LEAD ARTIST – David LawsonAUDIO MIXER – Adam Primack for Lime StudiosMusic video by The Weeknd performing Call Out My Name. © 2018 The Weeknd XO, Inc., Manufactured and Marketed by Republic Records, a Division of UMG Recordings, Inc.http://vevo.ly/wvSjbc",2018-04-12T16:00:04.000Z,98673203,1493942,44048,57119
