country,title,channel_title,category,tags,description,publish_time,views,likes,dislikes,comment_count
DE,"Тимати feat. Егор Крид - Гучи (премьера клипа, 2018)",Тимати,Music,"\"тимати\"|\"timati\"|\"black star\"|\"Егор Крид\"|\"где ты где я\"|\"гучи\"|\"гуччи\"|\"gucci\"|\"gucci gang\"|\"esskeetit\"|\"lil pump\"|\"69\"|\"tekashi\"|\"холостяк\"|\"роза\"|\"ТНТ\"|\"ПЕСНИ\"|\"Тимур Юнусов\"|\"Егор Булаткин\"|\"Крит\"|\"KREED\"|\"этого не может быть\"|\"6ix9ine\"|\"миллион алых роз\"|\"футбол\"|\"чемпионат мира\"|\"Блэк Стар\"|\"Блек Стар\"|\"BS\"|\"Блекстар\"|\"БлэкСтар\"|\"БС\"|\"дерзкая\"|\"баклажан\"|\"теймураз\"|\"что они знают\"|\"Тимати клипы\"|\"Крид клипы\"|\"премия ру тв\"|\"премия муз тв\"|\"скачать бесплатно\"|\"музыка\"|\"фрешмены\"|\"ВТРЕНДЕ\"|\"Tema Flex\"|\"Тренд\"","Слушай и скачивай трек «Гучи»: https://black-star.ru/guciПродюсер: Корнелия ПолякРежиссер-постановщик: Павел Худяков Оператор-постановщик: Петр Братерский1st AD: Заур ЗасеевДиректор съемочной группы: Владимир ОлефиренкоHead of production: Виталий ОрелPost production supervisor: Иван ХудолийPost production: HoodyFXMusic production by Djibril Gibson Kagni, Jordan HouyezОрганизация концертов Тимати:Тел.: +7 (916) 109-33-36 (Надежда)E-mail: timatibooking@black-star.ruGlobal Star Russia - интеграция брендов в проекты артистов / Product Placement / http://www.globalstarrussia.com / +7 (903) 181-4939 ========================Тимати в социальных сетях:INSTAGRAM: https://instagram.com/Timatiofficial VK.COM - http://vk.com/TimatiOfficialTWITTER - https://twitter.com/TimatiOfficialFACEBOOK - http://www.facebook.com/timatimusic========================Егор Крид в социальных сетях:ВКонтакте: https://vk.com/egorkreedInstagram: http://instagram.com/egorkreedTwitter: https://twitter.com/EgorKreeDFacebook: https://www.facebook.com/kreedmusicOK: http://ok.ru/egorkreed========================Фирменный магазин одежды Black Star Wear:Интернет-магазин: http://blackstarshop.ruInstagram: http://instagram.com/blackstarwearвКонтакте: https://vk.com/blackstarwearFacebook: https://www.facebook.com/blackstarwear==========================Слушай все хиты Тимати на Black Star Radio: http://bsradio.ru",2018-05-22T09:12:47.000Z,11026129,457218,216944,59106
DE,Red Velvet 레드벨벳 'Bad Boy' MV,SMTOWN,Music,"\"Red Velvet\"|\"레드벨벳\"|\"Bad Boy\"|\"The Perfect Red Velvet\"|\"IRENE\"|\"WENDY\"|\"SEULGI\"|\"JOY\"|\"YERI\"|\"아이린\"|\"웬디\"|\"슬기\"|\"조이\"|\"예리\"|\"배드보이\"|\"밷보이\"|\"kpop\"|\"k-pop\"|\"MV\"|\"music video\"","Red Velvet's 2nd Album Repackage The Perfect Red Velvet has been released.\\nListen and download on iTunes & Apple Music, Spotify, and Google Play Music http://smarturl.it/ThePerfectRedVelvet\\n\\n[Tracklist]\\n01 Bad Boy\\n02 All Right\\n03 피카부 (Peek-A-Boo)\\n04 봐 (Look)\\n05 I Just\\n06 Kingdom Come\\n07 Time To Love\\n08 두 번째 데이트 (My Second Date)\\n09 Attaboy\\n10 Perfect 10\\n11 About Love\\n12 달빛 소리 (Moonlight Melody)\\n\\nRed Velvet Official\\nhttp://redvelvet.smtown.com\\nhttp://www.youtube.com/redvelvet \\nhttp://www.facebook.com/RedVelvet\\nhttp://www.instagram.com/redvelvet.smtown\\nhttps://twitter.com/RVsmtown\\n\\nRed Velvet 레드벨벳 'Bad Boy' MV ℗ S.M.Entertainment",2018-01-29T09:00:02.000Z,10964492,859236,21765,107746
DE,j-hope 'Daydream (백일몽)' MV,ibighit,Music,"\"BIGHIT\"|\"빅히트\"|\"방탄소년단\"|\"BTS\"|\"BANGTAN\"|\"방탄\"","j-hope 'Daydream (백일몽)'\\n\\n\\nj-hope's 'Daydream (백일몽)', the first mixtape album is out now.\\n\\n\\n\\nGet 'Daydream (백일몽)' on:\\nGoogle: https://bit.ly/2ovoi8m\\nMediaFire: https://bit.ly/2owaKcq\\nDropbox: https://bit.ly/2GPsNRB\\n\\n\\n\\nCredits:\\n\\n\\nDirector : YongSeok Choi (Lumpens)\\nAssistant Directors : WonJu Lee (Lumpens)\\nDirector of Photography : HyunWoo Nam(GDW)\\nGaffer : HyunSuk Song (Real Lighting)\\nArt Director : JinSil Park Bona Kim (MU:E)\\n\\nProduced by Pdogg\\n(Pdogg, j-hope)\\n\\n\\n\\nBigHit Entertainment. All rights reserved. \\nUnauthorized reproduction is a violation of applicable laws. \\nManufactured by BigHit Entertainment, Seoul, Korea.\\n\\n\\n\\n\\nConnect with BTS:\\nhttp://www.ibighit.com \\nhttp://twitter.com/BTS_bighit \\nhttp://twitter.com/BTS_twt \\nhttps://www.facebook.com/ibighit\\nhttp://www.facebook.com/bangtan.official\\nhttp://instagram.com/BTS.bighitofficial\\nhttp://weibo.com/BTSbighit",2018-03-01T15:00:02.000Z,10695328,2050551,14714,387391
DE,Video from my phone part second New Watsapp Status,Whatsapp Status Videos,Entertainment,"\"new videos\"|\"latest videos\"|\"whatsapp videos\"|\"whatsapp status videos\"|\"latest whatsapp videos\"|\"whatsapp videos new\"",in this video we want to tell everyone that  not to trust anyone specially boyfriend,2018-04-15T15:16:30.000Z,10655105,15417,4877,1406
DE,Falcon Heavy Test Flight,SpaceX,Science & Technology,[none],"We have an updated version of this webcast that includes both side booster cameras and additional Starman views here: https://www.youtube.com/watch?v=bCc16uozHVE\\n\\nWhen Falcon Heavy lifts off, it will be the most powerful operational rocket in the world by a factor of two. With the ability to lift into orbit nearly 64 metric tons (141,000 lb)---a mass greater than a 737 jetliner loaded with passengers, crew, luggage and fuel--Falcon Heavy can lift more than twice the payload of the next closest operational vehicle, the Delta IV Heavy, at one-third the cost. Falcon Heavy draws upon the proven heritage and reliability of Falcon 9. \\n\\nIts first stage is composed of three Falcon 9 nine-engine cores whose 27 Merlin engines together generate more than 5 million pounds of thrust at liftoff, equal to approximately eighteen 747 aircraft. Only the Saturn V moon rocket, last flown in 1973, delivered more payload to orbit. Falcon Heavy was designed from the outset to carry humans into space and restores the possibility of flying missions with crew to the Moon or Mars.",2018-02-06T21:03:04.000Z,10582444,199459,2557,11392
