country,title,channel_title,category,tags,description,publish_time,views,likes,dislikes,comment_count
GB,"Te Bote Remix - Casper, Nio García, Darell, Nicky Jam, Bad Bunny, Ozuna | Video Oficial",Flow La Movie,Music,"\"Te Bote\"|\"Te Bote Remix\"|\"Flow La Movie\"|\"Ozuna\"|\"Nio Garcia\"|\"Casper\"|\"Nicky Jam\"|\"Bad Bunny\"|\"Darell\"",Flow La Movie Presenta - Te Boté Remix - Casper Nio García Darell Nicky Jam Bad Bunny OzunaDisponible aquí - https://glad.lnk.to/TeBoteRmx,2018-04-11T22:00:00.000Z,337621571,2581961,166549,113564
GB,"Luis Fonsi, Demi Lovato - Échame La Culpa",LuisFonsiVEVO,Music,"\"Luis\"|\"Fonsi\"|\"Demi\"|\"Lovato\"|\"Échame\"|\"La\"|\"Culpa\"|\"UMLE\"|\"Latino\"|\"Latin\"|\"Pop\"","“Échame La Culpa” disponible ya en todas las plataformas digitales: https://umle.lnk.to/ELCFp\\n”Échame La Culpa” available now on all digital platforms: https://umle.lnk.to/ELCFp\\n\\nMusic video by Luis Fonsi, Demi Lovato performing Échame La Culpa. (C) 2017 UMG Recordings, Inc.\\n\\nhttp://vevo.ly/FgY9ro",2017-11-17T05:00:01.000Z,143408235,2686169,137938,144217
GB,Marvel Studios' Avengers: Infinity War Official Trailer,Marvel Entertainment,Entertainment,"\"marvel\"|\"comics\"|\"comic books\"|\"nerdy\"|\"geeky\"|\"super hero\"|\"superhero\"|\"avengers: infinity war\"|\"avengers\"|\"infinity war\"|\"marvel studios\"","There was an idea… Avengers: Infinity War. In theaters May 4.\\n\\n► Subscribe to Marvel: http://bit.ly/WeO3YJ\\n\\nFollow Marvel on Twitter: ‪https://twitter.com/marvel\\nLike Marvel on FaceBook: ‪https://www.facebook.com/Marvel\\n\\nFor even more news, stay tuned to:\\nTumblr: ‪http://marvelentertainment.tumblr.com/\\nInstagram: https://www.instagram.com/marvel\\nGoogle+: ‪https://plus.google.com/+marvel\\nPinterest: ‪http://pinterest.com/marvelofficial",2017-11-29T13:26:24.000Z,99732510,2701353,56313,368739
GB,Ozuna - Única (Video Oficial) 🐻 A U R A,Ozuna,Music,"\"Ozuna\"|\"Reggaeton\"|\"Odisea\"|\"Odisea The Album\"|\"Unica\"|\"Única\"",DESCARGA Odisea Aqui: http://apple.co/2vX00sTDescarga Odisea The Game:App Store: http://apple.co/2hSmZiOAndroid: http://bit.ly/2uwwJFbFollow Me / Sigueme en: INSTAGRAM: https://www.instagram.com/ozunapr/FACEBOOK: https://www.facebook.com/ozunaprTWITTER: https://twitter.com/ozunaprSPOTIFY: http://spoti.fi/2tzO4ZvAPPLE MUSIC: http://apple.co/2uu3phfManager: Vicente Saavedra: Saavedrabooking@gmail.com | +1-787-444-5678,2018-04-26T17:52:13.000Z,99636747,824296,44012,27109
GB,"Calvin Harris, Dua Lipa - One Kiss (Official Video)",CalvinHarrisVEVO,Music,"\"calvin harris\"|\"calvin harris one kiss\"|\"calvin harris dua lipa\"|\"calvin harris dua lipa one kiss\"|\"one kiss\"|\"calvin harris dua lipa one kiss graham norton\"|\"calvin harris radio 1\"|\"calvin harris dua lipa one kiss live\"|\"dua lipa one kiss live\"|\"calvin harris dua lipa one kiss lyrics\"|\"calvin harris one kiss lyrics\"|\"calvin harris one kiss live\"|\"calvin harris feels\"|\"calvin harris summer\"|\"calvin harris nuh ready\"|\"calvin harris slide\"|\"calvin\"|\"harris\"|\"you\"",Calvin Harris & Dua Lipa – One Kiss (Official Video)Listen/download here: http://smarturl.it/One-Kiss Follow Calvin Harris Radio (playlist): http://smarturl.it/CalvinHarrisRadioSubscribe to Calvin's channel: http://smarturl.it/CHVevo?IQid=YT -------------- Follow Calvin online:  http://calvinharris.comSnapchat: http://smarturl.it/CHSnapchat?IQid=YTInstagram: http://smarturl.it/CHInstagram?IQid=YT        Facebook: http://smarturl.it/CHFacebook?IQid=YT    Twitter: http://smarturl.it/CHTwitter?IQid=YT     Spotify: http://smarturl.it/CHSptfy?IQid=YTSubscribe here: https://goo.gl/EVtTwdFollow Dua online:  http://dualipa.com Snapchat: https://www.snapchat.com/add/dualipaInstagram: https://www.instagram.com/dualipa Facebook: https://www.facebook.com/dualipaofficial Twitter: https://twitter.com/DUALIPA    Spotify: https://open.spotify.com/artist/6M2wZ9GZgrQXHCFfjv46weYouTube: https://www.youtube.com/user/DuaLipa1,2018-05-02T23:01:00.000Z,99282704,981517,46089,30620
