country,title,channel_title,category,tags,description,publish_time,views,likes,dislikes,comment_count
RU,BTS (방탄소년단) 'FAKE LOVE' Official MV (Extended ver.),ibighit,Music,"\"BIGHIT|\"\"빅히트\"\"|\"\"방탄소년단\"\"|\"\"BTS\"\"|\"\"BANGTAN\"\"|\"\"방탄\"\"|\"\"fake love\"\"|\"\"FAKE LOVE\"\"\"","BTS (방탄소년단) 'FAKE LOVE' Official MV (Extended ver.)Director : YongSeok Choi (Lumpens)Assistant Director : WonJu Lee, Guzza, HyeJeong Park, MinJe Jeong (Lumpens)Director of Photography : HyunWoo Nam(GDW)Gaffer : HyunSuk Song (Real Lighting)Art Director : JinSil Park Bona Kim (MU:E)Construction Manager : SukKi Song Special Effect : DemolitionBigHit Entertainment. Rights are reserved selectively in the video.Unauthorized reproduction is a violation of applicable laws. Manufactured by BigHit Entertainment, Seoul, KoreaConnect with BTS:http://www.ibighit.com http://twitter.com/BTS_bighit http://twitter.com/BTS_twt https://www.facebook.com/ibighit/http://www.facebook.com/bangtan.officialhttp://instagram.com/BTS.bighitofficialhttp://weibo.com/BTSbighitBU content certified by Big Hit Entertainment",2018-06-01T15:00:01.000Z,5884233,1437903,6390,134721
RU,[BadComedian] - Движение Вверх (Плагиат или великая правда?),BadComedian,Comedy,"\"BadComedian|\"\"Евген\"\"|\"\"Bad\"\"|\"\"Comedian\"\"|\"\"Фильмы\"\"|\"\"Кино\"\"|\"\"Трэш\"\"|\"\"Мнение\"\"|\"\"Юмор\"\"|\"\"Смех\"\"|\"\"Веселье\"\"|\"\"Видео\"\"|\"\"Обзор\"\"|\"\"Humor\"\"|\"\"Comedy\"\"|\"\"Funny\"\"|\"\"sketch\"\"|\"\"скетч\"\"|\"\"новинка\"\"|\"\"о\"\"|\"\"фильмах\"\"|\"\"обзор\"\"|\"\"на\"\"|\"\"треш\"\"|\"\"смешной\"\"|\"\"фильма\"\"|\"\"Кинематограф\"\"|\"\"Пародии\"\"|\"\"смешное\"\"|\"\"видео\"\"|\"\"[BadComedian]\"\"|\"\"Бэдкомидиан\"\"|\"\"Баженов\"\"|\"\"Движение Вверх\"\"|\"\"Олимпиада 1972\"\"|\"\"Михалков\"\"|\"\"3 секунды\"\"|\"\"Белов\"\"|\"\"Машков\"\"|\"\"Баскетбол\"\"|\"\"Олимпиада\"\"|\"\"Спорт\"\"|\"\"Бесогон\"\"|\"\"Мегердичев\"\"|\"\"СССР\"\"|\"\"США\"\"\"","#BadComedian обзор фильма Движение Вверх, который и великая правда, и плагиат. Поддержать создание обзоров - http://TheBadComedian.ru/========================Группа ВК - http://vk.com/badcomedian Фан-сайт - http://badcomedian.su/Страница FB - https://www.facebook.com/thebadcomedianТвиттер - http://twitter.com/EvgenComedianИнстаграм - http://instagram.com/evgenbadОсновной канал - http://www.youtube.com/TheBadComedianВторой Канал - http://www.youtube.com/EvgenComedian===========================",2018-05-30T18:20:48.000Z,5848428,465669,9070,50943
RU,First Look at Nintendo Labo,Nintendo,Gaming,"\"nintendo|\"\"play\"\"|\"\"play nintendo\"\"|\"\"game\"\"|\"\"gameplay\"\"|\"\"fun\"\"|\"\"video game\"\"|\"\"kids\"\"|\"\"action\"\"|\"\"adventure\"\"|\"\"rpg\"\"|\"\"DIY\"\"|\"\"Nintendo Switch\"\"|\"\"Switch\"\"|\"\"RC Car\"\"|\"\"Joy-Con\"\"|\"\"cardboard\"\"|\"\"creations\"\"|\"\"Make\"\"|\"\"Play\"\"|\"\"Discover\"\"|\"\"piano\"\"|\"\"robot\"\"|\"\"music\"\"|\"\"fishing\"\"|\"\"fishing pole\"\"|\"\"do it yourself\"\"|\"\"race car\"\"|\"\"kit\"\"|\"\"customize\"\"|\"\"robot kit\"\"|\"\"toy-con\"\"|\"\"motorcycle\"\"|\"\"build-and-play\"\"|\"\"stencil\"\"|\"\"sticker\"\"|\"\"tape\"\"|\"\"variety kit\"\"|\"\"craft\"\"|\"\"crafting\"\"\"","Get ready to Make, Play and Discover with Nintendo Labo! Nintendo Labo is a new line of interactive build-and-play experiences that combine DIY creations with the magic of Nintendo Switch. Available on April 20, 2018! \\n\\nLearn more about Nintendo Labo here: https://labo.nintendo.com\\n\\n#NintendoLabo #NintendoSwitch\\n\\nSubscribe for more Nintendo fun! https://goo.gl/09xFdP\\n\\nVisit Nintendo.com for all the latest! http://www.nintendo.com/\\n\\nLike Nintendo on Facebook: http://www.facebook.com/Nintendo\\nFollow us on Twitter: http://twitter.com/NintendoAmerica\\nFollow us on Instagram: http://instagram.com/Nintendo\\nFollow us on Pinterest: http://pinterest.com/Nintendo\\nFollow us on Google+: http://google.com/+Nintendo",2018-01-17T22:00:05.000Z,5817295,191113,22172,51219
RU,WALK IN THE WOODS WITH A LOGAN PAUL MEME,PewDiePie,Comedy,[none],Full song: https://www.youtube.com/watch?v=n38Qxi7TVWo\n\nShop and save on the HONOR 7X Lucky Bag promo: https://goo.gl/Kdhbwy  *AD\n\nHeadphones::\nhttp://rzr.to/edgar\n\nChair::\nUSA & Asia: https://usa.clutchchairz.com/product/pewdiepie-edition-throttle-series/\nEurope: https://europe.clutchchairz.com/en/product/throttle-series-pewdiepie-edition/\nCanada: https://canada.clutchchairz.com/product/throttle-series-pewdiepie-edition/ ‎,2018-01-02T17:12:39.000Z,5792100,367459,22386,35704
RU,Solo: A Star Wars Story Official Teaser,Star Wars,Entertainment,"\"solo|\"\"han solo\"\"|\"\"star wars\"\"|\"\"starwars\"\"|\"\"trailer\"\"|\"\"teaser\"\"|\"\"lando\"\"|\"\"chewbacca\"\"\"",Watch the new teaser trailer for Solo: A Star Wars Story and see it in theaters May 25.\n\nVisit Star Wars at http://www.starwars.com\nSubscribe to Star Wars on YouTube at http://www.youtube.com/starwars\nLike Star Wars on Facebook at http://www.facebook.com/starwars\nFollow Star Wars on Twitter at http://www.twitter.com/starwars\nFollow Star Wars on Instagram at http://www.instagram.com/starwars\nFollow Star Wars on Tumblr at http://starwars.tumblr.com/,2018-02-05T13:28:28.000Z,5563479,130770,13508,28522
