country,title,channel_title,category,tags,description,publish_time,views,likes,dislikes,comment_count
JP,$3 Fries Vs. $100 Fries,BuzzFeedVideo,People & Blogs,"\"steven lim|\"\"andrew ilnyckyj\"\"|\"\"adam bianchi\"\"|\"\"fries\"\"|\"\"top round\"\"|\"\"montreal\"\"|\"\"LOV\"\"|\"\"kimchi\"\"|\"\"fry challenge\"\"|\"\"food\"\"|\"\"$$\"\"|\"\"$$$\"\"|\"\"cheap vs. expensive\"\"|\"\"BuzzFeed\"\"|\"\"BuzzFeedVideo\"\"|\"\"BuzzFeedWorthIt\"\"|\"\"Worth It\"\"|\"\"foodie\"\"|\"\"BuzzFeedSteven\"\"|\"\"BuzzFeedAndrew\"\"|\"\"BuzzFeedAdam\"\"|\"\"travel\"\"|\"\"ben coleman\"\"|\"\"cheap vs expensive\"\"|\"\"lifestyle\"\"|\"\"experience\"\"\"","Follow us on Instagram: @BuzzFeedWorthIt https://www.instagram.com/buzzfeedworthit/?hl=en Friendship = Potato Watch on Hulu: https://hulu.tv/2DUZ20N Watch on Amazon Instant Video: http://amzn.to/2s4ggaA Check out our BuzzFeed Original Series Channel on Roku: http://bit.ly/2DUnOlEWorth It Food lovers Steven Lim and Andrew, along with their cameraman Adam, embark on the ultimate food adventure in BuzzFeed’s hit series, Worth It, trying delicious foods at three price points: affordable, middle tier, and luxury. At the end of the episode, the gang decides which item is the most “worth it” at its given price. Credits: https://www.buzzfeed.com/bfmp/videos/49768Check out more awesome videos at BuzzFeedVideo!https://bit.ly/YTbuzzfeedvideohttps://bit.ly/YTbuzzfeedblue1https://bit.ly/YTbuzzfeedvioletGET MORE BUZZFEED:https://www.buzzfeed.comhttps://www.buzzfeed.com/videoshttps://www.youtube.com/buzzfeedvideohttps://www.youtube.com/asishttps://www.youtube.com/buzzfeedbluehttps://www.youtube.com/buzzfeedviolethttps://www.youtube.com/perolikehttps://www.youtube.com/ladylikeBuzzFeedVideoBuzzFeed Motion Picture’s flagship channel. Sometimes funny, sometimes serious, always shareable. New videos posted daily!Love BuzzFeed? Get the merch! BUY NOW: https://goo.gl/gQKF8mMUSICLicensed via Audio NetworkSFX Provided By AudioBlocks(https://www.audioblocks.com)Only YouLicensed via Warner Chappell Production Music Inc.Get StickyLicensed via Warner Chappell Production Music Inc.Monkey Funk_30EditLicensed via Warner Chappell Production Music Inc.Monkey Funk_MainLicensed via Warner Chappell Production Music Inc.Savoir Faire_MainLicensed via Warner Chappell Production Music Inc.Genesis_MainLicensed via Warner Chappell Production Music Inc.STILLSDollar BillTetra Images/Getty ImagesEXTERNAL CREDITSCosta Andrianoswww.poutineville.com/en/home.html+Stephanie Audethttps://www.lov.com+Steven Fretzhttps://eattopround.com",2018-05-20T15:00:24.000Z,3920964,99067,3097,12835
JP,Zlatan is Back! God! Ibrahimovic! LA Galaxy 4-3 Los Angeles FC All goals Highlight(31/03/2018) 1080P,NIXBLACK,Sports,"\"todos los goles y resumen completo|\"\"全ゴール&実況ハイライト\"\"|\"\"Alle Tore & Highlights mit Kommentar\"\"|\"\"Tous les Buts et moments forts\"\"|\"\"جميع الأهداف و ملخص المباراة بالتعليق\"\"|\"\"所有入球及精華評述\"\"|\"\"Alle mål og høydepunkter kommentar\"\"|\"\"tutti i gol e gli highlights commentati\"\"|\"\"모든 골 하이라이트 해설\"\"|\"\"All goals & Highlights Commentary\"\"|\"\"LA Galaxy\"\"|\"\"Los Angeles FC\"\"|\"\"ibrahimovic\"\"|\"\"zlatan\"\"\"","Zlatan is Back! God is Back!! Ibrahimovic!! LA Galaxy 4-3 Los Angeles FC All goals & Highlight (31/03/2018) 1080P\\n신이 돌아왔다!! 미친 이브라히모비치!!! LA갤럭시 4-3 로스엔젤레스FC 하이라이트 \\nAll goals & Highlights Commentary, todos los goles y resumen completo, 全ゴール&実況ハイライト, Alle Tore & Highlights mit Kommentar, Tous les Buts et moments forts, جميع الأهداف و ملخص المباراة بالتعليق, 所有入球及精華評述, Alle mål og høydepunkter kommentar, tutti i gol e gli highlights commentati, 모든 골 하이라이트 해설\\n\\nAds Or Collaborations : nixblackdirector@gmail.com\\nDONATE  https://www.paypal.com/cgi-bin/webscr?cmd=_s-xclick&hosted_button_id=8BQ2KVC5KFQQ2\\nNIXBLACK https://www.facebook.com/chnixblack",2018-03-31T21:38:17.000Z,3911688,55004,1878,6930
JP,BRA 2-0 CRO - All Goals & Extended Highlights - 03/06/2018 HD,GOLAZO TV,Sports,[none],"",2018-06-03T16:21:41.000Z,3880517,30819,1875,3508
JP,Rеаl Маdrid vs Livеrрооl 3-1 Аll Goals & Full Нighlights 26/O5/2O18 HD,World Cup Free,Film & Animation,[none],Rеаl Маdrid vs Livеrрооl 3-1 Аll Goals & Full Нighlights 26/O5/2O18 HDRеаl Маdrid vs Livеrрооl 3-1 Аll Goals & Full Нighlights 26/O5/2O18 HDSubscribe & More Videos:  http://zipansion.com/nb14  Thank for watching! Please Help Me get 100K Subscribers on Youtube#,2018-05-26T20:53:41.000Z,3841044,17735,2966,2432
JP,Old School Trick Shots | Dude Perfect,Dude Perfect,Sports,"\"dude perfect|\"\"dude perfect stereotypes\"\"|\"\"dude perfect water bottle flip\"\"|\"\"bottle flip\"\"|\"\"water bottle flip\"\"|\"\"dude perfect bottle flip\"\"|\"\"dude perfect basketball\"\"|\"\"dp\"\"|\"\"dude perfect world record\"\"|\"\"edition\"\"|\"\"nerf\"\"|\"\"trick shots\"\"|\"\"trick shot\"\"|\"\"family\"\"|\"\"ping pong\"\"|\"\"bowling\"\"|\"\"clean\"\"|\"\"family friendly\"\"|\"\"bubble wrap\"\"|\"\"soccer\"\"|\"\"football\"\"|\"\"spinner\"\"|\"\"spinners\"\"|\"\"fidget spinners\"\"|\"\"dude\"\"|\"\"old\"\"|\"\"man\"\"|\"\"school\"\"|\"\"elder\"\"|\"\"uncle\"\"|\"\"drew\"\"|\"\"movie\"\"|\"\"kyrie\"\"|\"\"irving\"\"|\"\"shaq\"\"|\"\"85 year old\"\"|\"\"old man\"\"|\"\"UNT\"\"|\"\"north\"\"|\"\"texas\"\"|\"\"uncle drew\"\"\"","It’s time to look old! Special thanks to the Uncle Drew movie for sponsoring this video! Click here to get your tickets now: http://dudeperfect.com/UncleDrewMovieDon’t miss Kyrie, Shaq, and the rest of their crew of NBA all stars channel their old-man alter egos when Uncle Drew hits theaters on June 29th.► Click HERE to subscribe to Dude Perfect! http://bit.ly/SubDudePerfectMusic by Sam Tinnesz - Legends Are Made► Click HERE to download: http://dudeperfect.com/LegendsAreMade► Click HERE to watch our most recent videos! http://bit.ly/NewestDudePerfectVideoshttp://bit.ly/NewestDPVideos► SHOP our NEW Merchandise! - http://bit.ly/DPStore►Click HERE to join the exclusive Dude Perfect T-Shirt Club! http://bit.ly/DPTShirtClubPlay our NEW iPhone game!► PLAY Endless Ducker on iPhone -- http://smarturl.it/EndlessDucker► PLAY Endless Ducker on Android -- http://smarturl.it/EndlessDucker► VISIT our NEW STORE - http://bit.ly/DPStore► JOIN our NEWSLETTER - http://bit.ly/DPNewsletterEndCard► WATCH our STEREOTYPES - http://bit.ly/StereotypesPlaylistIn between videos we hang out with you guys on Instagram, Snapchat, Twitter, and Facebook so pick your favorite one and hang with us there too!http://Instagram.com/DudePerfecthttp://bit.ly/DudePerfectSnapchathttp://Twitter.com/DudePerfecthttp://Facebook.com/DudePerfectDo you have a GO BIG mindset? See for yourself in our book Go Big. ►http://amzn.to/OYdZ2sA special thanks to those of you who play our iPhone Games and read our book. You guys are amazing and all the great things you tell us about the game and the book make those projects so worthwhile for us! Dude Perfect GAME - http://smarturl.it/DPGameiPhoneDude Perfect BOOK - Go Big - http://amzn.to/OYdZ2sClick here if you want to learn more about Dude Perfect:http://www.dudeperfect.com/blog-2/Bonus points if you're still reading this! Comment: Do old school editor edition 2!As always...Go Big and God Bless!- Your friends at Dude PerfectBusiness or Media, please contact us at: Dude@DudePerfect.com------------5 Best Friends and a Panda.If you like Sports + Comedy, come join the Dude Perfect team!Best known for trick shots, stereotypes, battles, bottle flips, ping pong shots and all around competitive fun, Dude Perfect prides ourselves in making the absolute best family-friendly entertainment possible! Welcome to the crew! Pound it. Noggin. - Dude Perfect",2018-06-04T21:55:13.000Z,3828183,205249,3336,20893
