country,title,channel_title,category,tags,description,publish_time,views,likes,dislikes,comment_count
FR,Do you hear Yanny or Laurel?,ABC Television Stations,People & Blogs,"\"yanny\"|\"laurel\"|\"viral\"|\"audio\"|\"what do you hear\"",The internet is split on whether they hear Yanny or Laurel in a viral audio clip. What do you hear?https://abc7.la/2wKS1AF,2018-05-15T23:25:09.000Z,8910493,42597,7177,35790
FR,Solo: A Star Wars Story Official Teaser,Star Wars,Entertainment,"\"solo\"\"|\"\"han solo\"\"|\"\"star wars\"\"|\"\"starwars\"\"|\"\"trailer\"\"|\"\"teaser\"\"|\"\"lando\"\"|\"\"chewbacca\"",Watch the new teaser trailer for Solo: A Star Wars Story and see it in theaters May 25.\n\nVisit Star Wars at http://www.starwars.com\nSubscribe to Star Wars on YouTube at http://www.youtube.com/starwars\nLike Star Wars on Facebook at http://www.facebook.com/starwars\nFollow Star Wars on Twitter at http://www.twitter.com/starwars\nFollow Star Wars on Instagram at http://www.instagram.com/starwars\nFollow Star Wars on Tumblr at http://starwars.tumblr.com/,2018-02-05T13:28:28.000Z,8880884,181666,22246,39565
FR,Water Bottle Flip 2 | Dude Perfect,Dude Perfect,Sports,"\"dude perfect\"\"|\"\"dude perfect stereotypes\"\"|\"\"dude perfect water bottle flip\"\"|\"\"bottle flip\"\"|\"\"water bottle flip\"\"|\"\"dude perfect bottle flip\"\"|\"\"dude perfect basketball\"\"|\"\"dp\"\"|\"\"dude perfect world record\"\"|\"\"edition\"\"|\"\"nerf\"\"|\"\"trick shots\"\"|\"\"trick shot\"\"|\"\"family\"\"|\"\"ping pong\"\"|\"\"bowling\"\"|\"\"clean\"\"|\"\"family friendly\"\"|\"\"bubble wrap\"\"|\"\"soccer\"\"|\"\"football\"\"|\"\"spinner\"\"|\"\"spinners\"\"|\"\"fidget spinners\"\"|\"\"dude\"\"|\"\"flip\"\"|\"\"bottle\"\"|\"\"water\"\"|\"\"water bottle flip 2\"\"|\"\"water bottle marker flip\"\"|\"\"water bottle sequel\"","It's water bottle flipping time...again :)  \\n► Click HERE to subscribe to Dude Perfect! http://bit.ly/SubDudePerfect\\n\\n► Click HERE to watch our most recent videos! http://bit.ly/NewestDudePerfectVideos\\nhttp://bit.ly/NewestDPVideos\\n\\n► SHOP our NEW Merchandise! - http://bit.ly/DPStore\\n►Click HERE to join the exclusive Dude Perfect T-Shirt Club! http://bit.ly/DPTShirtClub\\n\\nMusic: Mona Lisa by OBB\\n►Click HERE to download: https://itunes.apple.com/us/album/mona-lisa/1270837322?i=1270837936\\n\\nPlay our NEW iPhone game!\\n► PLAY Endless Ducker on iPhone -- http://smarturl.it/EndlessDucker\\n► PLAY Endless Ducker on Android -- http://smarturl.it/EndlessDucker\\n\\n► VISIT our NEW STORE - http://bit.ly/DPStore\\n► JOIN our NEWSLETTER - http://bit.ly/DPNewsletterEndCard\\n► WATCH our STEREOTYPES - http://bit.ly/StereotypesPlaylist\\n\\nIn between videos we hang out with you guys on Instagram, Snapchat, Twitter, and Facebook so pick your favorite one and hang with us there too!\\n\\nhttp://Instagram.com/DudePerfect\\nhttp://bit.ly/DudePerfectSnapchat\\nhttp://Twitter.com/DudePerfect\\nhttp://Facebook.com/DudePerfect\\n\\nDo you have a GO BIG mindset? \\nSee for yourself in our book Go Big. \\n►http://amzn.to/OYdZ2s\\n\\nA special thanks to those of you who play our iPhone Games and read our book. You guys are amazing and all the great things you tell us about the game and the book make those projects so worthwhile for us! \\n\\nDude Perfect GAME - http://smarturl.it/DPGameiPhone\\nDude Perfect BOOK - Go Big - http://amzn.to/OYdZ2s\\n\\nClick here if you want to learn more about Dude Perfect:\\nhttp://www.dudeperfect.com/blog-2/\\n\\nBonus points if you're still reading this! \\nComment: SO excited for All Sports Battle next week! \\n\\nAs always...Go Big and God Bless!\\n- Your friends at Dude Perfect\\n\\nBusiness or Media, please contact us at: \\nDude@DudePerfect.com\\n\\n------------\\n\\n5 Best Friends and a Panda.\\nIf you like Sports + Comedy, come join the Dude Perfect team!\\n\\nBest known for trick shots, stereotypes, battles, bottle flips, ping pong shots and all around competitive fun, Dude Perfect prides ourselves in making the absolute best family-friendly entertainment possible! Welcome to the crew! \\n\\nPound it. Noggin. \\n- Dude Perfect",2017-11-20T23:00:24.000Z,8839267,438807,7340,30559
FR,The Weeknd - Call Out My Name (Official Audio),The Weeknd,Music,"\"The Weeknd\"\"|\"\"Call Out My Name\"\"|\"\"Official Audio\"\"|\"\"My Dear Melancholy\"\"|\"\"XO\"","My Dear Melancholy,\\nAvailable now from The Weeknd.\\nhttp://theweeknd.co/mdmYD\\n\\nConnect with The Weeknd\\nhttps://facebook.com/theweeknd\\nhttps://instagram.com/theweeknd\\nhttps://soundcloud.com/theweeknd\\nhttps://twitter.com/theweeknd\\nhttps://www.theweeknd.com",2018-03-30T03:07:19.000Z,8763592,341040,5632,18394
FR,Maluma - Marinero (Official Video),MalumaVEVO,Music,"\"Maluma Marinero\"|\"Maluma Marinero official video\"|\"Marinero video oficial\"|\"latin pop\"|\"Reggaeton\"|\"Marinero dance\"|\"Maluma Marinero karaoke\"|\"Maluma mix\"|\"Maluma exitos\"|\"Maluma Marinero lyrics\"|\"Marinero letra\"|\"Maluma best songs\"|\"music video\"|\"musica en espanol\"|\"latin music\"|\"Marinero remix\"|\"Reggaeton mix\"|\"Felices Los 4\"|\"El Prestamo\"|\"Chantaje\"|\"Cuatro Babys\"|\"Corazon\"|\"J.Balvin\"|\"Ozuna\"|\"Daddy Yankee\"|\"Nicky Jam\"|\"live\"|\"en vivo\"|\"Maluma Marinero english\"|\"Latin\"",Maluma  – “Marinero”¡NUEVO ÁLBUM “F.A.M.E” DISPONIBLE PARA PRE-ORDENAR AHORA!:iTunes: http://smarturl.it/FAMEi  Apple Music: http://smarturl.it/FAMEa  Spotify: http://smarturl.it/FAMEs  Amazon Music: http://smarturl.it/FAMEam  Google Play: http://smarturl.it/FAMEgpl¡Elige tu plataforma de preferencia!: https://SML.lnk.to/FAME ESCÚCHA Marinero EN LATINO VIBES ....¡SIGUE ESTE PLAYLIST AHORA PARA ESCÚCHAR NUEVA MÚSICA + LOS MEJORES PUNTOS LATINOS DE HOY!Apple Music: http://smarturl.it/LatinoVibesA   Spotify: http://smarturl.it/LatinoVibesS SIGUE A MALUMA EN: Página web oficial: http://www.malumamusik.com Facebook: http://www.facebook.com/MALUMAMUSIK Twitter: http://www.twitter.com/maluma Instagram: http://www.instagram.com/maluma Official  video by Maluma  performing Marinero. (C) 2018 Sony Music Entertainment US Latin LLC,2018-05-04T10:00:33.000Z,8753051,430210,28353,27405
