country,title,channel_title,category,tags,description,publish_time,views,likes,dislikes,comment_count
DE,Nicky Jam x J. Balvin - X (EQUIS) | Video Oficial | Prod. Afro Bros & Jeon,NickyJamTV,Music,"\"Bad Bunny\"|\"Amorfoda\"|\"Dura\"|\"Daddy Yankee\"|\"Ozuna\"|\"Romeo Santos\"|\"El Farsante Remix\"|\"Drake\"|\"God’s Plan\"|\"Luis Fonsi\"|\"Demi Lovato\"|\"Échame La Culpa\"|\"Sobredosis\"|\"Maluma\"|\"Corazón\"|\"Nego do Borel\"|\"Ed Sheeran\"|\"Perfect\"|\"Shape of You\"|\"Camila Cabello\"|\"Havana\"|\"Young Thug\"|\"Wisin\"|\"Yandel\"|\"Todo Comienza en la Disco\"|\"Piso 21\"|\"Déjala Que Vuelva\"|\"Manuel Turizo\"|\"Despacito\"|\"Síguelo Bailando\"|\"Reik\"|\"Me Niego\"|\"Bella Wolfine\"","Disponible en tu plataforma preferida:\\nhttps://goo.gl/b8TDFS \\n\\nNicky Jam y J. Balvin performing X \\nNuevo video de Nicky Jam 2018\\n\\nLetra de EQUIS X \\n\\nAquel día te vi y tu energia sentí\\nDesde eso no te quiero lejos de mi\\nSé que no sabes de mi y no te puedo mentir\\nLo que dicen en la calle sobre mi\\n\\nY no te voy a negar\\nEstamos claros y ya\\nNo te lo voy a negar (no te lo puedo negar)\\nEstamos claros y ya (estamos claros, estamos claros)\\n\\nSolo deja que yo te agarre baby\\nBesos en el cuello pa' calmar la sed\\nMi mano en tus caderas pa' empezar como es\\nNo le vamo' a bajar mas nunca mamá\\n\\nBa-Ba-Ba-Ba-Baila\\nPlacata Placata \\nComo ella lo mueve\\nSin parar, sin parar\\n\\nMis ganas de comerte\\nAhora son mas fuertes\\nQuiero tenerte\\n\\nY no te voy a negar\\nEstamos claros y ya\\nNo te lo voy a negar\\nEstamos claros y ya\\n\\nLo que he visto de ti mami no me es normal\\nPero no te preocupes que soy anormal\\nSé que tus amigas no les debo gustar\\n\\nPero ve y cuentale parte por parte\\nComo tenemos sex y te quito el estres\\nDale otra vez\\n\\nY no te voy a negar\\nEstamos claros y ya\\nNo te lo voy a negar\\nEstamos claros y ya\\n\\nBa-Ba-Ba-Ba- Baila\\nPlacata Placata \\nComo ella lo mueve\\nSin parar, sin parar\\n\\nMis ganas de comerte\\nAhora son mas fuertes\\nQuiero tenerte\\n\\nY no te voy a negar\\nEstamos claros y ya\\nNo te lo voy a negar\\nEstamos claros y ya\\n\\nLa Industria Inc\\nSony Music Latin\\n2018\\n\\nSkloziv Network",2018-03-02T05:00:19.000Z,50896717,550476,20865,23521
DE,VENOM - Official Trailer (HD),Sony Pictures Entertainment,Entertainment,"\"Venom\"|\"Venom Movie\"|\"Venom (2018)\"|\"Marvel\"|\"Marvel Comics\"|\"Planet of the Symbiotes\"|\"Eddie Brock\"|\"Tom Hardy\"|\"Ruben Fleischer\"|\"Spider-man\"|\"Spider-man: Homecoming\"|\"Michelle Williams\"|\"Jenny Slate\"|\"Riz Ahmed\"|\"Spider-man Spinoff\"|\"We Are Venom\"|\"Peter Parker\"|\"Sony Pictures Entertainment\"|\"film\"|\"movie\"|\"official\"|\"official venom movie trailer\"|\"official trailer\"|\"sony pictures venom\"","We Are #Venom. 10.5.18\\n\\nOne of Marvel's most enigmatic, complex and badass characters comes to the big screen, starring Academy Award® nominated actor Tom Hardy as the lethal protector Venom. \\n\\nSubscribe to Sony Pictures for exclusive content: http://bit.ly/SonyPicsSubscribe \\n\\nFollow VENOM on Social: \\nhttps://www.facebook.com/VenomMovie/ \\nhttps://twitter.com/VenomMovie \\nhttps://www.instagram.com/venommovie/\\n\\nCast:\\nTom Hardy\\nMichelle Williams\\nRiz Ahmed\\nScott Haze\\nReid Scott",2018-04-24T03:45:03.000Z,49185287,850370,5948,96767
DE,To Our Daughter,Kylie Jenner,People & Blogs,"\"Kylie Jenner\"|\"Kylie\"|\"Travis Scott\"|\"Baby\"|\"Annoucement\"",Directed by Tyler Ross @wttyler\nMusic by Jacob Wilkinson-Smith @mybestfriendjacob_,2018-02-04T20:27:38.000Z,48635732,0,0,0
DE,Maluma - El Préstamo (Official Video),MalumaVEVO,Music,"\"Maluma Music\"|\"Maluma Official Video\"|\"Maluma Video\"|\"Maluma Video Oficial\"|\"Maluma Nuevo Video\"|\"Maluma New Video\"|\"El Prestamo\"|\"El Prestamo Official Video\"|\"El Prestamo Official Remix Video\"|\"El Prestamo Single\"|\"Maluma New Single\"|\"Maluma Single\"|\"Maluma Song\"|\"El Prestamo new song\"|\"El Prestamo nueva canción\"|\"Maluma nueva cancion\"|\"Maluma sencillo\"|\"Maluma nuevo sencillo\"|\"Maluma El Prestamo\"|\"Maluma F.A.M.E\"|\"Maluma F.A.M.EF.A.M.E\"|\"El Prestamo BTS\"|\"El\"|\"the\"",Maluma - El Prestamo (Official Music Video)\nEl Prestamo is available on the digital platforms!\niTunes: http://smarturl.it/ElPrestamo \nSpotify: http://smarturl.it/ElPrestamoS \nApple Music: http://smarturl.it/ElPrestamoA \nAmazon Music: http://smarturl.it/ElPrestamoAm \nGoogle Play: http://smarturl.it/ElPrestamoGP \nChoose Your Platform!: https://SML.lnk.to/ElPrestamo\n\nFollow Maluma!\nOfficial site: http://www.malumamusik.com\nFacebook: http://www.facebook.com/MALUMAMUSIK\nTwitter: http://www.twitter.com/maluma\nInstagram: http://www.instagram.com/maluma\nYouTube: http://www.youtube.com/user/MalumaVEVO\nOfficial music video by Maluma performing El Prestamo (C) 2018 Sony Music Entertainment US Latin LLC,2018-03-09T11:00:01.000Z,44725448,575878,48583,28152
DE,Marvel Studios' Avengers: Infinity War - Official Trailer,Marvel Entertainment,Entertainment,"\"marvel\"|\"comics\"|\"comic books\"|\"nerd\"|\"geek\"|\"superhero\"|\"super hero\"|\"infinity war\"|\"avengers\"|\"captain america\"|\"black panther\"|\"iron man\"|\"hulk\"|\"black window\"|\"wakanda\"|\"winter soldier\"","In theaters April 27. Get your tickets now: http://www.fandango.com/infinitywar\\n\\nFind out more on Marvel.com - http://bit.ly/2Iv6ouB\\n\\nFollow Marvel on Twitter: ‪https://twitter.com/marvel\\nLike Marvel on Facebook: ‪https://www.facebook.com/Marvel\\n\\nFor even more news, stay tuned to:\\nTumblr: ‪http://marvelentertainment.tumblr.com/\\nInstagram: https://www.instagram.com/marvel\\nGoogle+: ‪https://plus.google.com/+marvel\\nPinterest: ‪http://pinterest.com/marvelofficial",2018-03-16T13:02:41.000Z,42862117,975741,9118,182514
