country,title,channel_title,category,tags,description,publish_time,views,likes,dislikes,comment_count
KR,Childish Gambino - This Is America (Official Video),ChildishGambinoVEVO,Music,"\"Childish Gambino|\"\"Rap\"\"|\"\"This Is America\"\"|\"\"mcDJ Recording/RCA Records\"\"\"",“This is America” by Childish Gambino http://smarturl.it/TcIgADirector: Hiro MuraiProducer: Doomsday with Ibra Ake and Fam Rothstein of Wolf + Rothsteintour tickets and merchandise available at childishgambino.com,2018-05-06T04:00:07.000Z,60776509,801878,79716,81156
KR,VENOM - Official Trailer (HD),Sony Pictures Entertainment,Entertainment,"\"Venom|\"\"Venom Movie\"\"|\"\"Venom (2018)\"\"|\"\"Marvel\"\"|\"\"Marvel Comics\"\"|\"\"Planet of the Symbiotes\"\"|\"\"Eddie Brock\"\"|\"\"Tom Hardy\"\"|\"\"Ruben Fleischer\"\"|\"\"Spider-man\"\"|\"\"Spider-man: Homecoming\"\"|\"\"Michelle Williams\"\"|\"\"Jenny Slate\"\"|\"\"Riz Ahmed\"\"|\"\"Spider-man Spinoff\"\"|\"\"We Are Venom\"\"|\"\"Peter Parker\"\"|\"\"Sony Pictures Entertainment\"\"|\"\"film\"\"|\"\"movie\"\"|\"\"official\"\"|\"\"official venom movie trailer\"\"|\"\"official trailer\"\"|\"\"sony pictures venom\"\"\"","We Are #Venom. 10.5.18\\n\\nOne of Marvel's most enigmatic, complex and badass characters comes to the big screen, starring Academy Award® nominated actor Tom Hardy as the lethal protector Venom. \\n\\nSubscribe to Sony Pictures for exclusive content: http://bit.ly/SonyPicsSubscribe \\n\\nFollow VENOM on Social: \\nhttps://www.facebook.com/VenomMovie/ \\nhttps://twitter.com/VenomMovie \\nhttps://www.instagram.com/venommovie/\\n\\nCast:\\nTom Hardy\\nMichelle Williams\\nRiz Ahmed\\nScott Haze\\nReid Scott",2018-04-24T03:45:03.000Z,49185287,850377,42254,96767
KR,Marvel Studios' Avengers: Infinity War - Official Trailer,Marvel Entertainment,Entertainment,"\"marvel|\"\"comics\"\"|\"\"comic books\"\"|\"\"nerd\"\"|\"\"geek\"\"|\"\"superhero\"\"|\"\"super hero\"\"|\"\"infinity war\"\"|\"\"avengers\"\"|\"\"captain america\"\"|\"\"black panther\"\"|\"\"iron man\"\"|\"\"hulk\"\"|\"\"black window\"\"|\"\"wakanda\"\"|\"\"winter soldier\"\"\"","In theaters April 27. Get your tickets now: http://www.fandango.com/infinitywar\\n\\nFind out more on Marvel.com - http://bit.ly/2Iv6ouB\\n\\nFollow Marvel on Twitter: ‪https://twitter.com/marvel\\nLike Marvel on Facebook: ‪https://www.facebook.com/Marvel\\n\\nFor even more news, stay tuned to:\\nTumblr: ‪http://marvelentertainment.tumblr.com/\\nInstagram: https://www.instagram.com/marvel\\nGoogle+: ‪https://plus.google.com/+marvel\\nPinterest: ‪http://pinterest.com/marvelofficial",2018-03-16T13:02:41.000Z,45064699,975766,9120,186005
KR,TWICE What is Love? M/V,jypentertainment,Music,"\"TWICE What is Love|\"\"TWICE What is Love?\"\"|\"\"TWICE 왓이즈러브\"\"|\"\"트와이스 왓이즈러브\"\"|\"\"트와이스 What is Love\"\"|\"\"What is Love?\"\"|\"\"What is Love\"\"|\"\"왓이즈러브\"\"|\"\"웟이즈러브\"\"|\"\"What's Love\"\"|\"\"왓츠러브\"\"|\"\"TWICE What's Love\"\"|\"\"트와이스 What's Love\"\"|\"\"트와이스 왓츠러브\"\"|\"\"TWICE\"\"|\"\"트와이스\"\"|\"\"What is Love M/V\"\"|\"\"What is Love MV\"\"|\"\"What is Love Music Video\"\"|\"\"What is Love 뮤비\"\"|\"\"What is Love 뮤직비디오\"\"|\"\"TWICE M/V\"\"|\"\"TWICE MV\"\"|\"\"TWICE Music Video\"\"|\"\"TWICE 뮤비\"\"|\"\"TWICE 뮤직비디오\"\"|\"\"트와이스 M/V\"\"|\"\"트와이스 MV\"\"|\"\"트와이스 Music Video\"\"|\"\"트와이스 뮤비\"\"|\"\"트와이스 뮤직비디오\"\"|\"\"박진영\"\"|\"\"JYP\"\"|\"\"트와이스 남장\"\"|\"\"트와이스 영화 패러디\"\"\"",TWICE(트와이스) What is Love? M/V\n\nSpotify https://goo.gl/jVLYYY\niTunes & Apple Music https://goo.gl/DKyKZf\n\nTWICE Official YouTube: http://www.youtube.com/c/TWICEonAir\nTWICE Official Facebook: http://www.facebook.com/JYPETWICE\nTWICE Official Twitter: http://www.twitter.com/JYPETWICE\nTWICE Official Instagram: http://www.instagram.com/TWICETAGRAM\nTWICE Official Homepage: http://TWICE.jype.com\nTWICE Official Fan's: http://fans.jype.com/TWICE\n\nⓒ 2018 JYP Entertainment. All Rights Reserved,2018-04-09T08:59:51.000Z,42267579,1141242,99548,212019
KR,TWICE Heart Shaker M/V,jypentertainment,Music,"\"TWICE Heart Shaker|\"\"TWICE 하트셰이커\"\"|\"\"트와이스 Heart Shaker\"\"|\"\"트와이스 하트셰이커\"\"|\"\"Heart Shaker\"\"|\"\"하트셰이커\"\"|\"\"TWICE\"\"|\"\"트와이스\"\"|\"\"Heart Shaker M/V\"\"|\"\"Heart Shaker MV\"\"|\"\"Heart Shaker Music Video\"\"|\"\"Heart Shaker 뮤직비디오\"\"|\"\"Heart Shaker 뮤비\"\"|\"\"하트셰이커 M/V\"\"|\"\"하트셰이커 MV\"\"|\"\"하트셰이커 뮤직비디오\"\"|\"\"하트셰이커 뮤비\"\"|\"\"하트셰이커 Music Video\"\"|\"\"TWICE M/V\"\"|\"\"TWICE MV\"\"|\"\"TWICE Music Video\"\"|\"\"TWICE 뮤직비디오\"\"|\"\"TWICE 뮤비\"\"|\"\"트와이스 M/V\"\"|\"\"트와이스 MV\"\"|\"\"트와이스 Music Video\"\"|\"\"트와이스 뮤직비디오\"\"|\"\"트와이스 뮤비\"\"|\"\"TWICE Merry Happy\"\"|\"\"트와이스 Merry Happy\"\"|\"\"트와이스 메리 해피\"\"|\"\"Merry Happy\"\"|\"\"Merry & Happy\"\"|\"\"메리해피\"\"\"",TWICE(트와이스) Heart Shaker M/V\n\nThe 1st Album : Repackage Merry & Happy\niTunes & Apple Music\nhttps://itunes.apple.com/album/merry-happy/1323890122\n\nTWICE Official YouTube: http://www.youtube.com/c/TWICEonAir\nTWICE Official Facebook: http://www.facebook.com/JYPETWICE\nTWICE Official Twitter: http://www.twitter.com/JYPETWICE\nTWICE Official Instagram: http://www.instagram.com/TWICETAGRAM\nTWICE Official Homepage: http://TWICE.jype.com\nTWICE Official Fan's: http://fans.jype.com/TWICE\n\nⓒ 2017 JYP Entertainment. All Rights Reserved,2017-12-11T08:59:59.000Z,41088994,956939,91900,157216
