country,title,channel_title,category,tags,description,publish_time,views,likes,dislikes,comment_count
GB,BTS (방탄소년단) LOVE YOURSELF 轉 Tear 'Singularity' Comeback Trailer,ibighit,Music,"\"BIGHIT\"|\"빅히트\"|\"방탄소년단\"|\"BTS\"|\"BANGTAN\"|\"방탄\"","BTS (방탄소년단) LOVE YOURSELF 轉 Tear 'Singularity' Comeback TrailerCredits:Director : YongSeok Choi (Lumpens)Assistant Director : Wonju Lee, MinJe Jeong, HyeJeong Park (Lumpens)Director of Photography : HyunWoo Nam(GDW)Gaffer : HyunSuk Song (Real Lighting)Art Director : JinSil Park Bona Kim (MU:E)Editor : HyeJeong ParkBigHit Entertainment. All rights reserved. Unauthorized reproduction is a violation of applicable laws. Manufactured by BigHit Entertainment, Seoul, Korea.Connect with BTS:http://www.ibighit.com http://weibo.com/BTSbighit http://twitter.com/BTS_bighit http://twitter.com/BTS_twt https://www.facebook.com/ibighit/http://www.facebook.com/bangtan.officialhttp://instagram.com/BTS.bighitofficial",2018-05-06T15:00:02.000Z,29742824,2700801,29341,371864
GB,Rich The Kid - Plug Walk,RichTheKidVEVO,Music,"\"Rich\"|\"The\"|\"Kid\"|\"Plug\"|\"Walk\"|\"(TDE/ISR\"|\"PS)\"|\"Rap\"",Pre-order Rich The Kid’s debut album “The World Is Yours”\nhttp://smarturl.it/TWIYRichTheKid\n\n\nFollow Rich The Kid:\nhttp://www.facebook.com/richforevermusic\nhttp://www.instagram.com/richthekid\nhttp://www.twitter.com/richthekid\n\nMusic video by Rich The Kid performing Plug Walk. © 2018 Interscope Records\n\nhttp://vevo.ly/PNtvbj,2018-03-05T05:00:00.000Z,29175631,383724,9787,16294
GB,"Jason Derulo, Maluma - Colors",MalumaVEVO,Music,"\"Jason Derulo\"|\"Maluma\"|\"Maluma Music\"|\"Maluma Official Video\"|\"Maluma Video\"|\"Maluma Video Oficial\"|\"Maluma Nuevo Video\"|\"Maluma New Video\"|\"Official Video\"|\"Colors Official Video\"|\"Official Remix Video\"|\"Single\"|\"Colors Single\"|\"Maluma New Single\"|\"Maluma Single\"|\"Maluma Song\"|\"new song\"|\"nueva canción\"|\"Maluma nueva cancion\"|\"Maluma sencillo\"|\"Maluma nuevo sencillo\"|\"Maluma Colors\"|\"BTS\"|\"Behind the scenes\"|\"Maluma BTS\"|\"Maluma Behind the scenes\"|\"en\"","Jason Derulo, Maluma  – “Colors”LISTEN TO “Colors” ON LATINO VIBES….FOLLOW NOW TO HEAR NEW MUSIC + TODAY’S HOTTEST LATIN HITS!!!Apple Music: http://smarturl.it/LatinoVibesA   Spotify: http://smarturl.it/LatinoVibesS                                                                 FOLLOW MALUMA !Official Site: http://www.malumamusik.com Facebook: http://www.facebook.com/MALUMAMUSIK Twitter: http://www.twitter.com/maluma Instagram: http://www.instagram.com/maluma Jason Derulo, Maluma  – “Colors”ESCÚCHA Colors EN LATINO VIBES ....¡SIGUE ESTE PLAYLIST AHORA PARA ESCÚCHAR NUEVA MÚSICA + LOS MEJORES PUNTOS LATINOS DE HOY!Apple Music: http://smarturl.it/LatinoVibesA    Spotify: http://smarturl.it/LatinoVibesS  SIGUE A MALUMA EN: Página web oficial: http://www.malumamusik.com Facebook: http://www.facebook.com/MALUMAMUSIK Twitter: http://www.twitter.com/maluma Instagram: http://www.instagram.com/maluma Official video by Jason Derulo, Maluma performing “Colors”. (C) 2018 Sony Music Entertainment US Latin LLC",2018-04-13T10:00:08.000Z,28817060,553450,149024,71164
GB,"Calvin Harris, Dua Lipa - One Kiss (Lyric Video)",CalvinHarrisVEVO,Music,"\"calvin harris\"|\"calvin harris one kiss\"|\"calvin harris dua lipa one kiss\"|\"dua lipa one kiss\"|\"one kiss\"|\"one kiss lyrics\"|\"calvin harris one kiss lyrics\"|\"calvin harris dua lipa one kiss live\"|\"calvin harris dua lipa one kiss lyrics\"|\"dua lipa one kiss lyrics\"|\"dua lipa one kiss live\"|\"calvin harris feels\"|\"calvin harris summer\"|\"calvin harris nuh ready\"|\"calvin harris thinking about you\"|\"calvin harris my way\"|\"calvin harris feel so close\"|\"calvin\"|\"harris\"",Calvin Harris & Dua Lipa – One Kiss (Official Lyric Video)\nListen/download here: http://smarturl.it/one-kiss\n \nFollow Calvin Harris Radio (playlist): http://smarturl.it/CalvinHarrisRadio\nSubscribe to Calvin's channel: http://smarturl.it/CHVevo?IQid=YT\n \n--------------\n\nFollow Calvin online: \n\nhttp://calvinharris.com\nSnapchat: http://smarturl.it/CHSnapchat?IQid=YT\nInstagram: http://smarturl.it/CHInstagram?IQid=YT      \nFacebook: http://smarturl.it/CHFacebook?IQid=YT   \nTwitter: http://smarturl.it/CHTwitter?IQid=YT    \nSpotify: http://smarturl.it/CHSptfy?IQid=YT\nSubscribe here: https://goo.gl/EVtTwd,2018-04-06T04:00:00.000Z,28352613,499345,14965,12002
GB,Justin Timberlake - Filthy (Official Video),justintimberlakeVEVO,Music,"\"Filthy\"|\"Justin Timberlake\"|\"Pop\"|\"RCA Records Label\"",Filthy from Man of the Woods \nOfficial Music Video directed by Mark Romanek\n \nMan Of The Woods – An Album By Justin Timberlake - February 2nd – Pre-Order Now:\niTunes - http://tmbr.lk/jMOTW_iTunes\nAmazon - http://tmbr.lk/jMOTW_Amazon\nSpotify Pre-Save - http://tmbr.lk/jMOTW_SpotifyPreSave\nTarget - http://tmbr.lk/MOTW_Target\nGoogle Play - http://tmbr.lk/jMOTW_GooglePlay\nMore Options - http://tmbr.lk/jMOTW\n\nStream “Filthy”:\nApple Music - http://tmbr.lk/jFILTHY_AppleMusic\nSpotify - http://tmbr.lk/jFILTHY_Spotify\nAmazon Music - http://tmbr.lk/jFILTHY_Amazon\nDeezer - http://tmbr.lk/jFILTHY_Deezer\n\nFollow Justin Timberlake:\nWebsite: https://www.justintimberlake.com/\nFacebook: https://www.facebook.com/justintimberlake\nTwitter: https://twitter.com/jtimberlake\nInstagram: https://www.instagram.com/justintimberlake/\nSpotify: http://tmbr.lk/Spotify,2018-01-05T05:00:01.000Z,27494161,356469,69469,35734
