country,title,channel_title,category,tags,description,publish_time,views,likes,dislikes,comment_count
US,Childish Gambino - This Is America (Official Video),ChildishGambinoVEVO,Music,"\"Childish Gambino\"|\"Rap\"|\"This Is America\"|\"mcDJ Recording/RCA Records\"",“This is America” by Childish Gambino http://smarturl.it/TcIgADirector: Hiro MuraiProducer: Doomsday with Ibra Ake and Fam Rothstein of Wolf + Rothsteintour tickets and merchandise available at childishgambino.com,2018-05-06T04:00:07.000Z,60776509,2183732,79717,232723
US,Drake - Nice For What,DrakeVEVO,Music,"\"Drake\"|\"Nice\"|\"For\"|\"What\"|\"Young\"|\"Money\"|\"Hip\"|\"Hop\"",Music video by Drake performing Nice For What. © 2018 Young Money/Cash Money Records,2018-04-07T02:46:31.000Z,60635812,994986,34165,55653
US,Maluma - Marinero (Official Video),MalumaVEVO,Music,"\"Maluma Marinero\"|\"Maluma Marinero official video\"|\"Marinero video oficial\"|\"latin pop\"|\"Reggaeton\"|\"Marinero dance\"|\"Maluma Marinero karaoke\"|\"Maluma mix\"|\"Maluma exitos\"|\"Maluma Marinero lyrics\"|\"Marinero letra\"|\"Maluma best songs\"|\"music video\"|\"musica en espanol\"|\"latin music\"|\"Marinero remix\"|\"Reggaeton mix\"|\"Felices Los 4\"|\"El Prestamo\"|\"Chantaje\"|\"Cuatro Babys\"|\"Corazon\"|\"J.Balvin\"|\"Ozuna\"|\"Daddy Yankee\"|\"Nicky Jam\"|\"live\"|\"en vivo\"|\"Maluma Marinero english\"|\"Latin\"",Maluma  – “Marinero”¡NUEVO ÁLBUM “F.A.M.E” DISPONIBLE PARA PRE-ORDENAR AHORA!:iTunes: http://smarturl.it/FAMEi  Apple Music: http://smarturl.it/FAMEa  Spotify: http://smarturl.it/FAMEs  Amazon Music: http://smarturl.it/FAMEam  Google Play: http://smarturl.it/FAMEgpl¡Elige tu plataforma de preferencia!: https://SML.lnk.to/FAME ESCÚCHA Marinero EN LATINO VIBES ....¡SIGUE ESTE PLAYLIST AHORA PARA ESCÚCHAR NUEVA MÚSICA + LOS MEJORES PUNTOS LATINOS DE HOY!Apple Music: http://smarturl.it/LatinoVibesA   Spotify: http://smarturl.it/LatinoVibesS SIGUE A MALUMA EN: Página web oficial: http://www.malumamusik.com Facebook: http://www.facebook.com/MALUMAMUSIK Twitter: http://www.twitter.com/maluma Instagram: http://www.instagram.com/maluma Official  video by Maluma  performing Marinero. (C) 2018 Sony Music Entertainment US Latin LLC,2018-05-04T10:00:33.000Z,59877217,853193,61049,48391
US,VENOM - Official Trailer (HD),Sony Pictures Entertainment,Entertainment,"\"Venom\"|\"Venom Movie\"|\"Venom (2018)\"|\"Marvel\"|\"Marvel Comics\"|\"Planet of the Symbiotes\"|\"Eddie Brock\"|\"Tom Hardy\"|\"Ruben Fleischer\"|\"Spider-man\"|\"Spider-man: Homecoming\"|\"Michelle Williams\"|\"Jenny Slate\"|\"Riz Ahmed\"|\"Spider-man Spinoff\"|\"We Are Venom\"|\"Peter Parker\"|\"Sony Pictures Entertainment\"|\"film\"|\"movie\"|\"official\"|\"official venom movie trailer\"|\"official trailer\"|\"sony pictures venom\"","We Are #Venom. 10.5.18One of Marvel's most enigmatic, complex and badass characters comes to the big screen, starring Academy Award® nominated actor Tom Hardy as the lethal protector Venom. Subscribe to Sony Pictures for exclusive content: http://bit.ly/SonyPicsSubscribe Follow VENOM on Social: https://www.facebook.com/VenomMovie/ https://twitter.com/VenomMovie https://www.instagram.com/venommovie/Cast:Tom HardyMichelle WilliamsRiz AhmedScott HazeReid Scott",2018-04-24T03:45:03.000Z,59254638,1295189,47162,139879
US,Bruno Mars - Finesse (Remix) [Feat. Cardi B] [Official Video],Bruno Mars,Music,"\"Bruno Mars\"|\"Finesse\"|\"Cardi B\"|\"Finesse Remix\"|\"Bruno\"|\"Mars\"|\"Cardi\"|\"official video\"|\"Pop\"|\"Hip hop\"|\"R&B\"|\"Atlantic Records\"|\"Atlantic\"|\"In Living Color\"",Finesse (Remix) Feat. Cardi B Available Now: https://Atlantic.lnk.to/FinesseRemixID\n\nDirected by Bruno Mars\nCo-Directed by Florent Dechard\nChoreography: Phil Tayag and Bruno Mars \nCreative Consultant: Phil Tayag\n\nDownload or stream 24k Magic: https://Atlantic.lnk.to/24K_MagicID\n\nSee Bruno on the ‘24K Magic World Tour’! Tickets on sale now. Visit http://brunomars.com for dates \n\nPick up the 24K Magic World Tour Collection in Bruno’s Official Webstore: https://brunom.rs/brunomarsstore\n\nConnect with Bruno:\nhttp://www.brunomars.com\nhttp://www.instagram.com/brunomars\nhttp://www.twitter.com/brunomars\nhttp://www.facebook.com/brunomars,2018-01-04T04:49:43.000Z,57951412,925651,73239,98177
