country,title,channel_title,category,tags,description,publish_time,views,likes,dislikes,comment_count
US,Marshmello & Anne-Marie - FRIENDS (Lyric Video) *OFFICIAL FRIENDZONE ANTHEM*,Marshmello,Music,"\"marshmello\"|\"marshmallow\"|\"anne-marie\"|\"anne\"|\"marie\"|\"friends\"|\"friends lyrics\"|\"marshmello friends lyrics\"|\"anne marie friends\"|\"marshmello friends\"|\"selena gomez wolves\"|\"alarm\"|\"ciao adios\"|\"new marshmello\"|\"justin bieber friends\"|\"calvin harris\"|\"pop\"|\"pop music\"|\"finesse\"|\"cardi b\"|\"havana\"|\"camila cabello\"|\"pray for me\"|\"finesse remix\"|\"the middle\"|\"Marshmello Anne-Marie - FRIENDS (Lyric Video)\"|\"friends lyric video\"|\"friends remix\"|\"wait\"|\"anne marie\"|\"silence\"|\"wolves\"|\"sick boy\"|\"musicas\"|\"friendzone\"|\"anthem\"",Download FRIENDS by Marshmello & Anne-Marie HERE ▶ http://au.gt/friends\n\nWatch Cooking with Marshmello HERE ▶ http://youtube.com/playlist?list=PLcYK4PlHbZQtXROf5fnrr4dO4ruWiv7ts\n\nGet your NEW Mello™️ by Marshmello gear HERE ▶ http://shop.marshmellomusic.com\n\nWATCH LOVE U MUSIC VIDEO ▶ https://youtu.be/D-pKeb6Wf4U\nWATCH TAKE IT BACK MUSIC VIDEO ▶ https://youtu.be/P9Ijqa_2eu0\nWATCH SILENCE MUSIC VIDEO ▶ https://youtu.be/Tx1sqYc3qas\nWATCH BLOCKS MUSIC VIDEO ▶ https://youtu.be/5E4ZBSInqUU\nWATCH YOU & ME MUSIC VIDEO ▶ https://youtu.be/fiusxyygqGk\nWATCH FIND ME MUSIC VIDEO ▶ https://youtu.be/ymq1WdGUcw8\nWATCH MOVING ON MUSIC VIDEO ▶ https://youtu.be/yU0tnrEk8H4\nWATCH SUMMER MUSIC VIDEO ▶ https://youtu.be/2vMH8lITTCE\nWATCH ALONE MUSIC VIDEO ▶ https://youtu.be/ALZHF5UqnU4\nWATCH KEEP IT MELLO MUSIC VIDEO ▶ https://youtu.be/_J_VpmXAzqg\n\nSUBSCRIBE HERE ▶ http://youtube.com/marshmellomusic?sub_confirmation=1\n\nMARSHMELLO: \nSpotify | http://spoti.fi/Marshmello\nSoundCloud | http://soundcloud.com/marshmellomusic\nInstagram | http://instagram.com/marshmellomusic\nTwitter | http://twitter.com/marshmellomusic\nFacebook | http://facebook.com/marshmellomusic\nMerch | http://shop.marshmellomusic.com/\n\nConnect with Anne-Marie:\nSubscribe- http://bit.ly/1FciNcA\nOfficial Website- http://iamannemarie.com\nFacebook- http://www.facebook.com/iamannemarie\nTwitter- http://twitter.com/AnneMarieIAm\nInstagram- https://instagram.com/annemarieiam\n\n\nProduced & Directed by Toon53 Productions | https://www.toon53productions.com\n\n\n\nMarshmello & Anne-Marie - FRIENDS (Lyric Video) *OFFICIAL FRIENDZONE ANTHEM*\n#FRIENDS\n#Marshmello\n#AnneMarie,2018-02-09T04:41:39.000Z,15208321,592538,7293,29404
US,"The Chainsmokers, Drew Love - Somebody (Official Video)",ChainsmokersVEVO,Music,"\"Dance\"|\"Disruptor Records/Columbia\"|\"Somebody\"|\"The Chainsmokers & Drew Love\"",The Chainsmokers - Somebody ft. Drew Love Somebody ft. Drew Love Out Now: http://smarturl.it/TCSsomebodyIllustrations by Molly CrabappleDirected by Jim Batt & Kim BoekbinderA Sharp As Knives ProductionFollow The Chainsmokers: http://www.youtube.com/thechainsmokers http://www.twitter.com/thechainsmokers http://www.facebook.com/thechainsmokers http://www.instagram.com/thechainsmokers http://www.soundcloud.com/thechainsmokersFollow Drew Love: https://www.instagram.com/trapbobbybrown/https://twitter.com/trapbobbybrownhttps://www.facebook.com/unofficialTHEY/https://twitter.com/unofficialtheyhttps://www.instagram.com/they/,2018-04-20T14:00:04.000Z,15042428,330679,6158,9174
US,How Michael B. Jordan's Black Panther Makeup Was Done — Exclusive Behind The Scenes,INSIDER,Entertainment,"\"INSIDER\"|\"marvel\"|\"black panther\"|\"movie makeup\"|\"FX artist\"|\"makeup artist\"|\"michael b jordan\"|\"killmonger\"|\"prosthetic\"|\"scar makeup\"|\"morphology\"|\"fx artist\"","To play Killmonger in Black Panther, Michael B. Jordan had to be covered in 3,000 prosthetic dots. Makeup artist Joel Harlow created Killmonger's hashmarks for the movie. The FX artist designed each in a mold, which was made from a glue-like material to stick to Jordan's skin.Correction: The photo of an actor being given a prosthetic lip plate at 1:54 in our video is incorrectly identified. It is not Isaach De Bankolé, but rather a different actor playing a tribal elder. We apologize for the error.See more from Joel Harlow Designs: http://morphologyfx.com/The INSIDER team believes that life is an adventure! Subscribe to our channel and visit us at: https://thisisinsider.comINSIDER on Facebook: https://www.facebook.com/thisisinsider/INSIDER on Instagram: https://www.instagram.com/thisisinsider/INSIDER on Twitter: https://twitter.com/thisisinsiderProduced by: Ian Phillips, Exa Zim",2018-05-04T13:00:03.000Z,14890847,142231,4647,6042
US,Taylor Swift - Delicate,TaylorSwiftVEVO,Music,"\"Taylor Swift\"|\"Delicate\"|\"Big\"|\"Machine\"|\"Records\"|\"LLC\"|\"Pop\"",Music video by Taylor Swift performing Delicate. ©2018 Big Machine Label Group LLC\n\nhttp://vevo.ly/hIoRmf,2018-03-12T01:15:10.000Z,14820746,983693,44254,97504
US,Jurassic World: Fallen Kingdom - Final Trailer [HD],Universal Pictures,Entertainment,[none],"Jurassic World: Fallen Kingdom In Theaters June 22, 2018 https://www.jurassicworld.com It’s been four years since theme park and luxury resort Jurassic World was destroyed by dinosaurs out of containment. Isla Nublar now sits abandoned by humans while the surviving dinosaurs fend for themselves in the jungles. When the island’s dormant volcano begins roaring to life, Owen (Chris Pratt) and Claire (Bryce Dallas Howard) mount a campaign to rescue the remaining dinosaurs from this extinction-level event. Owen is driven to find Blue, his lead raptor who’s still missing in the wild, and Claire has grown a respect for these creatures she now makes her mission. Arriving on the unstable island as lava begins raining down, their expedition uncovers a conspiracy that could return our entire planet to a perilous order not seen since prehistoric times.With all of the wonder, adventure and thrills synonymous with one of the most popular and successful series in cinema history, this all-new motion-picture event sees the return of favorite characters and dinosaurs—along with new breeds more awe-inspiring and terrifying than ever before. Welcome to Jurassic World: Fallen Kingdom. Stars Pratt and Howard return alongside executive producers Steven Spielberg and Colin Trevorrow for Jurassic World: Fallen Kingdom. They are joined by co-stars James Cromwell, Ted Levine, Justice Smith, Geraldine Chaplin, Daniella Pineda, Toby Jones, Rafe Spall and Isabella Sermon, while BD Wong and Jeff Goldblum reprise their roles. Directed by J.A. Bayona (The Impossible), the epic action-adventure is written by Jurassic World’s director, Trevorrow, and its co-writer, Derek Connolly. Producers Frank Marshall and Pat Crowley once again partner with Spielberg and Trevorrow in leading the filmmakers for this stunning installment. Belén Atienza joins the team as a producer.",2018-04-18T15:00:10.000Z,14723484,190948,7913,18386
