country,title,channel_title,category,tags,description,publish_time,views,likes,dislikes,comment_count
KR,"Hey Buddy, Can You Give Me a Hand?",BostonDynamics,Science & Technology,"\"SpotMini|\"\"Mobile Manipulation\"\"|\"\"Legged Robots\"\"|\"\"Boston Dynamics\"\"|\"\"Dynamic Robot\"\"|\"\"Robot\"\"|\"\"Robot manipulation\"\"\"","",2018-02-12T20:00:03.000Z,7313302,177124,5840,31751
KR,17 AWESOME CRAFTING LIFE HACKS & CREATIVE IDEAS,MR.ROMEO,Howto & Style,"\"things|\"\"craft ideas\"\"|\"\"diy\"\"|\"\"creative ideas\"\"|\"\"mr. romeo\"\"|\"\"how to\"\"|\"\"life hacks\"\"|\"\"tricks\"\"|\"\"friends\"\"|\"\"life hacks for kids\"\"|\"\"DIY Projects\"\"|\"\"diy activities\"\"|\"\"tutorial\"\"|\"\"easy life hacks\"\"|\"\"simple crafts\"\"\"","Hi friends. Wellcome to my channel. In this video diy you will see how to make this 17 AWESOME CRAFTING LIFE HACKS AND CREATIVE IDEAS Very simple tricks you can build in your house with easy things to find. Hope you like it.\\n\\n★ Please subscribe to get more interesting videos https://goo.gl/b33YHG\\n\\nMR. ROMEO is a channel that show Diy and Craft Ideas\\nThank you very much for support , like and share !\\n\\nWatch More MR. ROMEO\\nPopular Videos\\n|DIY| 3 Creative Ideas With Toilet paper roll | https://goo.gl/2GG45X\\n5 AWESOME HOT GLUE GUN LIFE HACKS https://goo.gl/psHBxp\\n10 AWESOME HOT GLUE GUN LIFE HACKS https://goo.gl/SKjz4Z\\nHow To Make a  Drinking Straw Fidget Spinner https://goo.gl/SHQ9yT\\nBEST LIFE HACKS FOR SMARTPHONE https://goo.gl/byNkZR\\n\\nPopular Playlists:\\nBEST Life Hacks  https://goo.gl/CyWNfP\\nHot Glue Life Hacks https://goo.gl/pvEpUq\\nFidget Spinner Life Hacks https://goo.gl/aSgrh6",2018-03-19T12:58:15.000Z,7310563,13577,5886,699
KR,"Ơn Giời Cậu Đây Rồi | Tập 7 Full: Quân Sư Trường Giang đổ mồ hôi, vật vã vì Đức Phúc",Ơn giời cậu đây rồi,Entertainment,"\"thank god you’re here|\"\"thank god you are here\"\"|\"\"satellite tv provider\"\"|\"\"cable television companies\"\"|\"\"cable providers\"\"|\"\"cable packages\"\"|\"\"cable company in my area\"\"|\"\"tv cable companies\"\"|\"\"cable tv provider\"\"|\"\"cable television providers\"\"|\"\"satellite tv providers\"\"|\"\"cable provider\"\"|\"\"cable service providers\"\"|\"\"ơn giời cậu đây rồi\"\"|\"\"on gioi cau day roi\"\"|\"\"ogcdr\"\"|\"\"hoài linh\"\"|\"\"chí tài\"\"|\"\"trường giang\"\"|\"\"xuân bắc\"\"|\"\"việt hương\"\"\"","Kênh YOUTUBE CHÍNH THỨC của chương trình Ơn Giời Câu Đây Rồi\\n\\nChương trình “Ơn giời! Cậu đây rồi!” (Thank God! You’re here) là một chương trình hài tình huống đầu tiên tại Việt Nam do công ty Đông Tây Promotion phối hợp với Đài Truyền hình Việt Nam thực hiện. Bản quyền thuộc Fremantle Media.\\n\\nĐây là chương trình giải trí hài chưa đựng nhiều yếu tố hấp dẫn, hào hứng trong từng phút, từng khoảnh khắc. Khán giả sẽ thấy các thí sinh (là những nghệ sĩ nổi tiếng) bị đẩy vào vào tình huống mà bản thân họ không biết trước mình là ai, diễn như thế nào và những gì sắp sửa diễn ra sau cánh cửa.\\n\\nThank God You're Here is an Australian television improvised comedy program created by Working Dog Productions, which premiered on Network Ten on 5 April 2006, and aired for the first three seasons and on Seven for the fourth season. Each episode involves performers walking through a door into an unknown situation, greeted by the line Thank God you're here!”. They then had to improvise their way through the scene. At the end of each episode a winner was announced. It was the most successful new show in Australia of 2006, attracting an average of 1.7 million viewers after the first few episodes.",2018-01-13T16:15:21.000Z,7299268,46775,2999,6889
KR,TWICE Heart Shaker M/V TEASER,jypentertainment,Music,"\"TWICE Heart Shaker|\"\"TWICE 하트셰이커\"\"|\"\"트와이스 Heart Shaker\"\"|\"\"트와이스 하트셰이커\"\"|\"\"Heart Shaker\"\"|\"\"하트셰이커\"\"|\"\"TWICE teaser\"\"|\"\"TWICE 티저\"\"|\"\"트와이스 teaser\"\"|\"\"트와이스 티저\"\"|\"\"Heart Shaker teaser\"\"|\"\"Heart Shaker 티저\"\"|\"\"하트셰이커 teaser\"\"|\"\"하트셰이커 티저\"\"|\"\"TWICE Merry Happy\"\"|\"\"트와이스 Merry Happy\"\"|\"\"트와이스 메리 해피\"\"|\"\"TWICE 리패키지\"\"|\"\"트와이스 리패키지\"\"|\"\"TWICE repackage\"\"|\"\"TWICE MV\"\"|\"\"TWICE Music Video\"\"|\"\"TWICE 뮤비\"\"|\"\"트와이스 MV\"\"|\"\"트와이스 뮤직비디오\"\"|\"\"트와이스 뮤비\"\"|\"\"Heart Shaker M/V\"\"|\"\"Heart Shaker MV\"\"|\"\"Heart Shaker Music Video\"\"|\"\"Heart Shaker 뮤직비디오\"\"|\"\"하트셰이커 뮤직비디오\"\"|\"\"하트셰이커 뮤비\"\"|\"\"JYP\"\"|\"\"TWICE\"\"|\"\"트와이스\"\"\"",TWICE(트와이스) Heart Shaker M/V TEASER\n\nTWICE Official YouTube: http://www.youtube.com/c/TWICEonAir\nTWICE Official Facebook: http://www.facebook.com/JYPETWICE\nTWICE Official Twitter: http://www.twitter.com/JYPETWICE\nTWICE Official Instagram: http://www.instagram.com/TWICETAGRAM\nTWICE Official Homepage: http://TWICE.jype.com\nTWICE Official Fan's: http://fans.jype.com/TWICE\n\nⓒ 2017 JYP Entertainment. All Rights Reserved,2017-12-04T03:00:09.000Z,7252254,235812,18025,30871
KR,Jurassic World: Fallen Kingdom - Trailer Thursday (Run) (HD),Universal Pictures,Entertainment,"\"Jurassic World|\"\"Fallen Kingdom\"\"|\"\"Jurassic Park\"\"|\"\"T-Rex\"\"|\"\"Dinosaur\"\"|\"\"J.A. Bayona\"\"|\"\"Steven Spielberg\"\"|\"\"Colin Trevorrow\"\"|\"\"Chris Pratt\"\"|\"\"Bryce Dallas Howard\"\"|\"\"BD Wong\"\"|\"\"James Cromwell\"\"|\"\"Ted Levine\"\"|\"\"Justice Smith\"\"|\"\"Geraldine Chaplin\"\"|\"\"Daniella Pineda\"\"|\"\"Toby Jones\"\"|\"\"Jeff Goldblum\"\"|\"\"Rafe Spall\"\"|\"\"Derek Connolly\"\"|\"\"Isla Nublar\"\"|\"\"Raptor\"\"\"","Jurassic World: Fallen Kingdom - See the trailer this Thursday.\\nIn Theaters June 22, 2018\\n\\nhttps://www.jurassicworld.com",2017-12-04T00:41:00.000Z,7080039,63371,5261,9196
