country,title,channel_title,category,tags,description,publish_time,views,likes,dislikes,comment_count
RU,BTS (방탄소년단) 'FAKE LOVE' Official MV,ibighit,Music,"\"BIGHIT|\"\"빅히트\"\"|\"\"방탄소년단\"\"|\"\"BTS\"\"|\"\"BANGTAN\"\"|\"\"방탄\"\"|\"\"FAKE LOVE\"\"|\"\"FAKE_LOVE\"\"\"","BTS (방탄소년단) 'FAKE LOVE' Official MVDirector : YongSeok Choi (Lumpens)Assistant Director : WonJu Lee, Guzza, HyeJeong Park, MinJe Jeong (Lumpens)Director of Photography : HyunWoo Nam(GDW)Gaffer : HyunSuk Song (Real Lighting)Art Director : JinSil Park Bona Kim (MU:E)Construction Manager : SukKi Song Special Effect : DemolitionBigHit Entertainment. Rights are reserved selectively in the video.Unauthorized reproduction is a violation of applicable laws. Manufactured by BigHit Entertainment, Seoul, KoreaConnect with BTS:http://www.ibighit.com http://twitter.com/BTS_bighit http://twitter.com/BTS_twt https://www.facebook.com/ibighit/http://www.facebook.com/bangtan.officialhttp://instagram.com/BTS.bighitofficialhttp://weibo.com/BTSbighitBU content certified by Big Hit Entertainment",2018-05-18T09:00:02.000Z,62796390,4470923,119053,905925
RU,YouTube Rewind: The Shape of 2017 | #YouTubeRewind,YouTube Spotlight,Entertainment,"\"Rewind|\"\"Rewind 2017\"\"|\"\"youtube rewind 2017\"\"|\"\"#YouTubeRewind\"\"|\"\"Rewind 2016\"\"|\"\"Dan and Phil\"\"|\"\"Grace Helbig\"\"|\"\"HolaSoyGerman\"\"|\"\"Lilly Singh\"\"|\"\"Markiplier\"\"|\"\"Swoozie\"\"|\"\"Rhett Link\"\"|\"\"Liza Koshy\"\"|\"\"Dolan Twins\"\"|\"\"Lele Pons\"\"|\"\"Jake Paul\"\"|\"\"Logan Paul\"\"|\"\"KSI\"\"|\"\"Joey Graceffa\"\"|\"\"Casey Neistat\"\"|\"\"Poppy\"\"|\"\"Niana Guerrero\"\"|\"\"Daddy Yankee\"\"|\"\"Luis Fonsi\"\"|\"\"Ed Sheeran\"\"|\"\"Kendrick Lamar\"\"|\"\"Stephen Colbert\"\"|\"\"Fidget Spinners\"\"|\"\"Slime\"\"|\"\"Backpack Kid\"\"|\"\"April the Giraffe\"\"|\"\"#Rewind\"\"|\"\"Despacito\"\"|\"\"Shape of you\"\"|\"\"YouTubeRewind\"\"|\"\"I’m the One\"\"|\"\"Humble\"\"\"","YouTube Rewind 2017. Celebrating the videos, people, music and memes that made 2017. #YouTubeRewind\\n\\nMeet the featured Creators in Rewind: https://rewind2017.withyoutube.com/creators\\nSpend more time with your favorite Creators, videos and trends from 2017: https://yt.be/rewind2017\\nTest your Rewind knowledge with our trivia game: http://yt.be/dejaview\\n\\nWatch trending videos from 2017: http://youtube.com/rewind\\nSee the trends as they happen: http://youtube.com/trending\\n\\nWatch the Behind the Scenes video: https://youtu.be/OIQQ8jmsbMM  \\nSee all the Easter Eggs: https://goo.gl/3U9otg\\n\\nMusic by The Hood Internet: https://www.youtube.com/thehoodinternet\\n\\nYouTube Rewind 2017 produced by Portal A",2017-12-06T17:58:51.000Z,52611730,1891836,884967,702790
RU,BTS (방탄소년단) 'FAKE LOVE' Official MV,ibighit,Music,"\"BIGHIT|\"\"빅히트\"\"|\"\"방탄소년단\"\"|\"\"BTS\"\"|\"\"BANGTAN\"\"|\"\"방탄\"\"\"","BTS (방탄소년단) 'FAKE LOVE' Official MVDirector : YongSeok Choi (Lumpens)Assistant Director : WonJu Lee, Guzza, HyeJeong Park, MinJe Jeong (Lumpens)Director of Photography : HyunWoo Nam(GDW)Gaffer : HyunSuk Song (Real Lighting)Art Director : JinSil Park Bona Kim (MU:E)Construction Manager : SukKi Song Special Effect : DemolitionBigHit Entertainment. Rights are reserved selectively in the video.Unauthorized reproduction is a violation of applicable laws. Manufactured by BigHit Entertainment, Seoul, KoreaConnect with BTS:http://www.ibighit.com http://twitter.com/BTS_bighit http://twitter.com/BTS_twt https://www.facebook.com/ibighit/http://www.facebook.com/bangtan.officialhttp://instagram.com/BTS.bighitofficialhttp://weibo.com/BTSbighitBU content certified by Big Hit Entertainment",2018-05-18T09:00:02.000Z,39349927,3880074,72707,692311
RU,To Our Daughter,Kylie Jenner,People & Blogs,"\"Kylie Jenner|\"\"Kylie\"\"|\"\"Travis Scott\"\"|\"\"Baby\"\"|\"\"Annoucement\"\"\"",Directed by Tyler Ross @wttyler\nMusic by Jacob Wilkinson-Smith @mybestfriendjacob_,2018-02-04T20:27:38.000Z,35832484,0,0,0
RU,VENOM - Official Trailer (HD),Sony Pictures Entertainment,Entertainment,"\"Venom|\"\"Venom Movie\"\"|\"\"Venom (2018)\"\"|\"\"Marvel\"\"|\"\"Marvel Comics\"\"|\"\"Planet of the Symbiotes\"\"|\"\"Eddie Brock\"\"|\"\"Tom Hardy\"\"|\"\"Ruben Fleischer\"\"|\"\"Spider-man\"\"|\"\"Spider-man: Homecoming\"\"|\"\"Michelle Williams\"\"|\"\"Jenny Slate\"\"|\"\"Riz Ahmed\"\"|\"\"Spider-man Spinoff\"\"|\"\"We Are Venom\"\"|\"\"Peter Parker\"\"|\"\"Sony Pictures Entertainment\"\"|\"\"film\"\"|\"\"movie\"\"|\"\"official\"\"|\"\"official venom movie trailer\"\"|\"\"official trailer\"\"|\"\"sony pictures venom\"\"\"","We Are #Venom. 10.5.18\\n\\nOne of Marvel's most enigmatic, complex and badass characters comes to the big screen, starring Academy Award® nominated actor Tom Hardy as the lethal protector Venom. \\n\\nSubscribe to Sony Pictures for exclusive content: http://bit.ly/SonyPicsSubscribe \\n\\nFollow VENOM on Social: \\nhttps://www.facebook.com/VenomMovie/ \\nhttps://twitter.com/VenomMovie \\nhttps://www.instagram.com/venommovie/\\n\\nCast:\\nTom Hardy\\nMichelle Williams\\nRiz Ahmed\\nScott Haze\\nReid Scott",2018-04-24T03:45:03.000Z,27973210,850378,5949,96767
