country,title,channel_title,category,tags,description,publish_time,views,likes,dislikes,comment_count
RU,Филипп Киркоров - Цвет настроения синий,StarPro,Music,"\"StarPro|\"\"старпро\"\"|\"\"музыка\"\"|\"\"премьера\"\"|\"\"клипа\"\"|\"\"2018\"\"|\"\"Филипп Киркоров\"\"|\"\"Цвет\"\"|\"\"настроения\"\"|\"\"синий\"\"|\"\"лепс\"\"|\"\"тимати\"\"|\"\"бузова\"\"|\"\"амиран\"\"|\"\"ургант\"\"|\"\"слава кпсс\"\"|\"\"рудковская\"\"|\"\"басков\"\"\"","Первое Музыкальное Издательство\\n\\nПродюсер:\\nИван Ургант \\n\\nИсполнительный продюсер:\\nАнна Колесникова \\n\\nЛинейный продюсер:\\nМайя Зарипова \\n\\nАссистент продюсера: \\nМарианна Шавкеро \\n\\nРежиссеры:\\nРоман Ким \\nМихаил Семичев\\n\\nВторой режиссер\\nНикита Миронов \\n\\nРежиссер монтажа:\\nДмитрий Пепеляев\\n\\nОператор-постановщик:\\nЕвгений Млюков \\n\\nГафер:\\nИльдар Низметдинов\\n\\nЦветокоррекция:\\nЕвгений Гвоздев \\n\\nКамера:\\nАлександр Чубукин \\n\\nИдея и сценарий:\\nАлександр Гудков \\nГригорий Шатохин \\nВадим Селезнев \\n\\nХудожник:\\nАлкаева Варвара\\nНиколай Наумов\\n\\nСтилист:\\nИгорь Ступников\\nЭмилия Микаелян\\n\\n\\nАктеры:\\nНиколай Басков\\nЯна Рудковская\\nАлександр Плющенко \\nОльга Бузова\\nГригорий Лепс\\nТимати\\nСлава КПСС\\nАмиран Сардаров\\nLeiomy Maldonado \\n\\nАндрей Мордовин\\nАртем Шатилович\\nДаниил Ломовцев\\nНикита Вариончик\\nНненна Римма Нвогвугву\\nАлександра Ким\\nЕлена Митинская\\nЩетникович Виктория \\nКуликова Наташа\\nЭвелина Товпеко\\nРуслан Завершинский\\n\\n Автор слов и музыки: Пустовой Антон Александрович\\n\\nStarPro Hit - Скачай прямо сейчас и начни выигрывать призы -  http://go.starproquiz.com\\n\\nЛучшие хиты StarPro - теперь ты услышишь их сам, при звонке кому угодно!\\nСледуй по ссылке! http://r.interakt.ru/starpro-mf/\\n\\nПодписывайся на лучшие клипы #StarPro :\\nYoutube http://bit.ly/joinstarpro\\nВКонтакте http://vk.com/starpro\\nTelegram https://telegram.me/starprotv",2018-04-28T06:02:44.000Z,8858460,422030,93605,47100
RU,Maroon 5 - Girls Like You ft. Cardi B,Maroon5VEVO,Music,"\"Maroon|\"\"Girls\"\"|\"\"Like\"\"|\"\"You\"\"|\"\"Interscope\"\"|\"\"Records*\"\"|\"\"Pop\"\"\"","Girls Like You” is out now.http://smarturl.it/GLY For more, visit: https://www.facebook.com/maroon5 https://twitter.com/maroon5 https://www.instagram.com/maroon5 Sign up for updates: http://smarturl.it/Maroon5.NewsMusic video by Maroon 5 performing Girls Like You. © 2018 Interscope Recordshttp://vevo.ly/51VylS",2018-05-31T04:00:00.000Z,8726087,740601,9907,80347
RU,Marvel Studios’ Avengers: Infinity War - Big Game Spot,Marvel Entertainment,Entertainment,"\"marvel|\"\"comics\"\"|\"\"comic books\"\"|\"\"nerdy\"\"|\"\"geeky\"\"|\"\"super hero\"\"|\"\"superhero\"\"|\"\"marvel studios\"\"|\"\"infinity war\"\"|\"\"super bowl\"\"|\"\"avengers: infinity war\"\"|\"\"chris evans\"\"|\"\"chadwick boseman\"\"|\"\"black panther\"\"|\"\"black widow\"\"|\"\"scarlett johansson\"\"|\"\"groot\"\"|\"\"thanos\"\"|\"\"winter solider\"\"|\"\"bucky barnes\"\"|\"\"guardians of the galaxy\"\"|\"\"thor\"\"|\"\"mcu\"\"|\"\"spider-man\"\"|\"\"spider man\"\"|\"\"benedict cumberbatch\"\"|\"\"dr. strange\"\"|\"\"doctor strange\"\"|\"\"peter parker\"\"|\"\"tom holland\"\"|\"\"tony stark\"\"|\"\"iron man\"\"|\"\"robert downey junior\"\"|\"\"robert downey jr\"\"|\"\"hulk\"\"|\"\"the incredible hulk\"\"\"",An entire universe. Once and for all. #InfinityWar\n\n► Subscribe to Marvel: http://bit.ly/WeO3YJ\n\nFollow Marvel on Twitter: ‪https://twitter.com/marvel\nLike Marvel on FaceBook: ‪https://www.facebook.com/Marvel,2018-02-05T02:12:09.000Z,8642998,290084,740,26854
RU,"What's new, Atlas?",BostonDynamics,Science & Technology,"\"Robotics|\"\"Humanoid Robots\"\"|\"\"Legged Locomotion\"\"|\"\"Dynamic robots\"\"|\"\"Boston Dynamics\"\"\"","What have you been up to lately, Atlas?",2017-11-16T21:12:25.000Z,8533826,65605,700,32468
RU,"Тимати feat. Егор Крид - Гучи (премьера клипа, 2018)",Тимати,Music,"\"тимати|\"\"timati\"\"|\"\"black star\"\"|\"\"Егор Крид\"\"|\"\"где ты где я\"\"|\"\"гучи\"\"|\"\"гуччи\"\"|\"\"gucci\"\"|\"\"gucci gang\"\"|\"\"esskeetit\"\"|\"\"lil pump\"\"|\"\"69\"\"|\"\"tekashi\"\"|\"\"холостяк\"\"|\"\"роза\"\"|\"\"ТНТ\"\"|\"\"ПЕСНИ\"\"|\"\"Тимур Юнусов\"\"|\"\"Егор Булаткин\"\"|\"\"Крит\"\"|\"\"KREED\"\"|\"\"этого не может быть\"\"|\"\"6ix9ine\"\"|\"\"миллион алых роз\"\"|\"\"футбол\"\"|\"\"чемпионат мира\"\"|\"\"Блэк Стар\"\"|\"\"Блек Стар\"\"|\"\"BS\"\"|\"\"Блекстар\"\"|\"\"БлэкСтар\"\"|\"\"БС\"\"|\"\"дерзкая\"\"|\"\"баклажан\"\"|\"\"теймураз\"\"|\"\"что они знают\"\"|\"\"Тимати клипы\"\"|\"\"Крид клипы\"\"|\"\"премия ру тв\"\"|\"\"премия муз тв\"\"|\"\"скачать бесплатно\"\"|\"\"музыка\"\"|\"\"фрешмены\"\"|\"\"ВТРЕНДЕ\"\"|\"\"Tema Flex\"\"|\"\"Тренд\"\"\"",Слушай и скачивай трек «Гучи»: https://black-star.ru/guciПродюсер: Корнелия ПолякРежиссер-постановщик: Павел Худяков Оператор-постановщик: Петр Братерский1st AD: Заур ЗасеевДиректор съемочной группы: Владимир ОлефиренкоHead of production: Виталий ОрелPost production supervisor: Иван ХудолийPost production: HoodyFXОрганизация концертов Тимати:Тел.: +7 (916) 109-33-36 (Надежда)E-mail: timatibooking@black-star.ruGlobal Star Russia - интеграция брендов в проекты артистов / Product Placement / http://www.globalstarrussia.com / +7 (903) 181-4939 ========================Тимати в социальных сетях:INSTAGRAM: https://instagram.com/Timatiofficial VK.COM - http://vk.com/TimatiOfficialTWITTER - https://twitter.com/TimatiOfficialFACEBOOK - http://www.facebook.com/timatimusic========================Егор Крид в социальных сетях:ВКонтакте: https://vk.com/egorkreedInstagram: http://instagram.com/egorkreedTwitter: https://twitter.com/EgorKreeDFacebook: https://www.facebook.com/kreedmusicOK: http://ok.ru/egorkreed========================Фирменный магазин одежды Black Star Wear:Интернет-магазин: http://blackstarshop.ruInstagram: http://instagram.com/blackstarwearвКонтакте: https://vk.com/blackstarwearFacebook: https://www.facebook.com/blackstarwear==========================Слушай все хиты Тимати на Black Star Radio: http://bsradio.ru,2018-05-22T09:12:47.000Z,8477454,392274,181382,47801
