country,title,channel_title,category,tags,description,publish_time,views,likes,dislikes,comment_count
KR,Bumblebee (2018) - Official Teaser Trailer - Paramount Pictures,Paramount Pictures,Film & Animation,[none],"Every adventure has a beginning. Watch the official teaser trailer for Bumblebee, starring Hailee Steinfeld and John Cena. Directed by Travis Knight. #BumblebeeMovie hits theatres this Christmas.Facebook: https://www.facebook.com/BumblebeeMovieTwitter: https://twitter.com/BumblebeeMovieInstagram: https://www.instagram.com/BumblebeeMovieParamount Pictures Corporation (PPC), a major global producer and distributor of filmed entertainment, is a unit of Viacom (NASDAQ: VIAB, VIA), home to premier global media brands that create compelling television programs, motion pictures, short-form content, apps, games, consumer products, social media experiences, and other entertainment content for audiences in more than 180 countries.Connect with Paramount Pictures Online:Official Site: http://www.paramount.com/Facebook: https://www.facebook.com/ParamountInstagram: http://www.instagram.com/ParamountPicsTwitter: https://twitter.com/paramountpicsYouTube: https://www.youtube.com/user/Paramount",2018-06-05T07:00:01.000Z,9988608,151354,10274,33131
KR,Mission: Impossible - Fallout (2018) - Official Trailer - Paramount Pictures,Paramount Pictures,Film & Animation,"\"Official Trailer|\"\"Movie\"\"|\"\"New Movie\"\"|\"\"Film\"\"|\"\"Official\"\"|\"\"Tom Cruise\"\"|\"\"Henry Cavill\"\"|\"\"Simon Pegg\"\"|\"\"Rebecca Ferguson\"\"|\"\"Ving Rhames\"\"|\"\"Sean Harris\"\"|\"\"Angela Bassett\"\"|\"\"Vanessa Kirby\"\"|\"\"Michelle Monaghan\"\"|\"\"Alec Baldwin\"\"|\"\"Release\"\"|\"\"Preview\"\"|\"\"Action\"\"|\"\"Mission Impossible\"\"|\"\"Fallout\"\"|\"\"Mission Impossible Fallout\"\"|\"\"Mission Impossible 6\"\"|\"\"Stunts\"\"|\"\"Christopher McQuarrie\"\"|\"\"J.J. Abrams\"\"|\"\"Bad Robot\"\"|\"\"Skydance\"\"|\"\"Paramount\"\"|\"\"MI6\"\"|\"\"Mission Impossible Movie\"\"|\"\"Mission Impossible New Movie\"\"\"","Some missions are not a choice. Watch the official trailer for Mission: Impossible - Fallout starring Tom Cruise. In theatres 7.27.18. Facebook: https://facebook.com/MissionImpossibleMovie Instagram: https://www.instagram.com/missionimpossibleTwitter: https://twitter.com/missionfilmHashtag: #MissionImpossible The best intentions often come back to haunt you. “MISSION: IMPOSSIBLE – FALLOUT” finds Ethan Hunt (Tom Cruise - “Top Gun,” “American Made,” “The Mummy”) and his IMF team (Alec Baldwin – “Saturday Night Live,” “The Boss Baby,” “Beetlejuice,” Simon Pegg – “Star Trek,” “Ready Player One,” Ving Rhames – “Pulp Fiction,” “Guardians of the Galaxy Vol. 2”) along with some familiar allies (Rebecca Ferguson – “The Greatest Showman,” ”The Girl on the Train,” Michelle Monaghan – “The Bourne Supremacy,” “The Heartbreak Kid”) in a race against time after a mission gone wrong.  Henry Cavill (“Justice League,” “Man of Steel”), Angela Bassett (“Black Panther,” “American Horror Story”), and Vanessa Kirby (“Me Before You,” “The Crown”) also join the dynamic cast with filmmaker Christopher McQuarrie (“Jack Reacher”) returning to the helm. Paramount Pictures Corporation (PPC), a major global producer and distributor of filmed entertainment, is a unit of Viacom (NASDAQ: VIAB, VIA), home to premier global media brands that create compelling television programs, motion pictures, short-form content, apps, games, consumer products, social media experiences, and other entertainment content for audiences in more than 180 countries. Connect with Paramount Pictures Online: Official Site: http://www.paramount.com/Facebook: https://www.facebook.com/ParamountInstagram: http://www.instagram.com/ParamountPicsTwitter: https://twitter.com/paramountpicsYouTube: https://www.youtube.com/user/Paramount",2018-05-16T06:59:59.000Z,9978294,90364,3645,9539
KR,Dua Lipa - IDGAF (Official Music Video),Dua Lipa,Music,"\"dua lipa|\"\"idgaf\"\"|\"\"dl1\"\"|\"\"I don't give a fuck\"\"|\"\"dua idgaf\"\"|\"\"dua lipa official\"\"|\"\"dua new video\"\"|\"\"dua lipa video\"\"|\"\"dua leepa\"\"|\"\"warner bros records\"\"|\"\"warner Bros\"\"|\"\"so i cut you off\"\"|\"\"dua lipa i dont give a fuck\"\"|\"\"Pop\"\"|\"\"Dance\"\"|\"\"2018\"\"|\"\"Debut Album\"\"|\"\"I Don't Give A F\"\"|\"\"Dueling Duas\"\"|\"\"Dueling Lipas\"\"|\"\"Double Dua\"\"|\"\"Double Lipa\"\"|\"\"Dueling Dua Lipas\"\"|\"\"Double Dua Lipas\"\"\"",Dua Lipa - IDGAF: https://wbr.ec/idgaf\n\nArtistic direction: Henry Scholfield & Mosaert (Paul Van Haver aka Stromae and Luc Junior Tam)\nDirector: Henry Scholfield\n\nMY DEBUT ALBUM #DL1 IS OUT NOW!!! A massive thank you to everyone buying and streaming it 🌹🌹🌹 THANK YOU MY LOVES 🚀💖 https://wbr.ec/dualipa-album\n\nFollow me online:\nhttps://wbr.ec/website_dualipa\nhttps://wbr.ec/facebook_dualipa\nhttps://wbr.ec/twitter_dualipa\nhttps://wbr.ec/instagram_dualipa,2018-01-12T12:00:07.000Z,9974517,915003,9357,48415
KR,"What's new, Atlas?",BostonDynamics,Science & Technology,"\"Robotics|\"\"Humanoid Robots\"\"|\"\"Legged Locomotion\"\"|\"\"Dynamic robots\"\"|\"\"Boston Dynamics\"\"\"","What have you been up to lately, Atlas?",2017-11-16T21:12:25.000Z,9964832,203961,4871,35108
KR,TWICE「Candy Pop」Music Video,TWICE JAPAN OFFICIAL YouTube Channel,Music,"\"TWICE|\"\"Candy Pop\"\"\"","TWICE JAPAN 2nd SINGLE『Candy Pop』\\n2018.02.07 Release！\\nhttps://twicejapan.lnk.to/cDBPDAY!D\\n\\n『Candy Pop』発売\\n○CD収録曲\\n01「Candy Pop」\\n02「BRAND NEW GIRL」　※LINE「Clova Friends 双子ダンス篇」CMソング\\n03「Candy Pop (Instrumental)」\\n04「BRAND NEW GIRL (Instrumental)」\\n\\n○初回限定盤A　WPZL-31403/4\\n価格￥1,852（＋税）\\nCD＋DVD＋24p歌詞ブックレット＋トレーディングカード(10種からランダムで1枚)\\nDVD収録内容： \\n「Candy Pop」Music Video\\n「Candy Pop」Music Video Making Movie\\n  \\n○初回限定盤B　WPZL-31405/6\\n価格￥1,713（＋税）\\nCD＋DVD＋トレーディングカード(10種からランダムで1枚)\\nDVD収録内容：\\n「Candy Pop」Music Video Dance ver.\\nJacket Shooting Making Movie\\n\\n○通常盤　WPCL-12820\\n価格￥1,204（＋税）\\nCD＋トレーディングカード(10種からランダムで1枚)\\n※トレーディングカードは初回プレス分のみ封入\\n\\n○ONCE JAPAN限定盤　WPCL-12821\\n価格￥1,389（＋税）\\nCD+チェンジングジャケット9枚+応募シリアルナンバー封入\\n※バレンタイン仕様チェンジングジャケット9枚 (ソロ写真ジャケット×9人分) 封入\\n※ONCE JAPAN限定盤はTWICEオフィシャルファンクラブ“ONCE JAPAN”会員、もしくは「ONCE JAPAN MOBILE」会員の方が購入できる会員限定商品です。\\n\\n○WARNER MUSIC DIRECT限定セット（特典BOX付きCD3形態セット）\\n価格￥4,769（＋税）\\n「Candy Pop」の【初回限定盤A】(WPZL-31403/04)、【初回限定盤B】(WPZL-31405/06)、【通常盤】(WPCL-12820)のCD3形態に、特製収納BOXを特典として付属した、WARNER MUSIC DIRECT限定のセット商品。\\n\\nhttp://www.twicejapan.com/",2018-01-11T15:00:03.000Z,9921324,365990,7785,47459
