country,title,channel_title,category,tags,description,publish_time,views,likes,dislikes,comment_count
US,Falcon Heavy Test Flight,SpaceX,Science & Technology,[none],"Following its first test launch, Falcon Heavy is now the most powerful operational rocket in the world by a factor of two. With the ability to lift into orbit nearly 64 metric tons (141,000 lb)---a mass greater than a 737 jetliner loaded with passengers, crew, luggage and fuel--Falcon Heavy can lift more than twice the payload of the next closest operational vehicle, the Delta IV Heavy, at one-third the cost. Falcon Heavy draws upon the proven heritage and reliability of Falcon 9. \\n\\nIts first stage is composed of three Falcon 9 nine-engine cores whose 27 Merlin engines together generate more than 5 million pounds of thrust at liftoff, equal to approximately eighteen 747 aircraft. Only the Saturn V moon rocket, last flown in 1973, delivered more payload to orbit. Falcon Heavy was designed from the outset to carry humans into space and restores the possibility of flying missions with crew to the Moon or Mars.",2018-02-06T21:03:04.000Z,20658640,384958,12623,38514
US,Marvel Studios' Ant-Man and The Wasp - Official Trailer,Marvel Entertainment,Entertainment,"\"marvel\"|\"comics\"|\"comic books\"|\"nerd\"|\"geek\"|\"superhero\"|\"super hero\"|\"marvel studios\"|\"ant-man\"|\"the wap\"|\"ant-man and the wasp\"|\"antman\"|\"ant man\"","Real heroes. Not actual size. Marvel Studios' Ant-Man and The Wasp is In theaters July 6.► Subscribe to Marvel: http://bit.ly/WeO3YJFollow Marvel on Twitter: ‪https://twitter.com/marvelLike Marvel on FaceBook: ‪https://www.facebook.com/MarvelFor even more news, stay tuned to:Tumblr: ‪http://marvelentertainment.tumblr.com/Instagram: https://www.instagram.com/marvelGoogle+: ‪https://plus.google.com/+marvelPinterest: ‪http://pinterest.com/marvelofficial",2018-05-01T14:02:27.000Z,19834563,446196,9293,32200
US,J. Balvin - Ahora,jbalvinVEVO,Music,"\"J Balvin\"|\"Ahora\"|\"J Balvin Ahora\"|\"Machika\"|\"Mi Gente\"|\"Ginza\"|\"La Familia\"|\"J.\"|\"Balvin\"|\"UMLE\"|\"Latino\"|\"Latin\"|\"Pop\"","“Ahora” disponible ya en todas las plataformas digitales: \\nhttps://umle.lnk.to/AHORAFp\\n\\nConnect with J Balvin: \\nFacebook | https://www.facebook.com/JBalvinOficial/ \\nInstagram | https://www.instagram.com/jbalvin/\\nTwitter | https://twitter.com/JBALVIN \\n\\nMusic video by J. Balvin performing Ahora. (C) 2018 UMG Recordings, Inc.\\n\\nhttp://vevo.ly/tLU7lu",2018-02-26T05:00:01.000Z,19177871,356298,7873,19735
US,Justin Timberlake - Filthy (Official Video),justintimberlakeVEVO,Music,"\"Filthy\"|\"Justin Timberlake\"|\"Pop\"|\"RCA Records Label\"",Filthy from Man of the Woods \nOfficial Music Video directed by Mark Romanek\n \nMan Of The Woods – An Album By Justin Timberlake - February 2nd – Pre-Order Now:\niTunes - http://tmbr.lk/jMOTW_iTunes\nAmazon - http://tmbr.lk/jMOTW_Amazon\nSpotify Pre-Save - http://tmbr.lk/jMOTW_SpotifyPreSave\nTarget - http://tmbr.lk/MOTW_Target\nGoogle Play - http://tmbr.lk/jMOTW_GooglePlay\nMore Options - http://tmbr.lk/jMOTW\n\nStream “Filthy”:\nApple Music - http://tmbr.lk/jFILTHY_AppleMusic\nSpotify - http://tmbr.lk/jFILTHY_Spotify\nAmazon Music - http://tmbr.lk/jFILTHY_Amazon\nDeezer - http://tmbr.lk/jFILTHY_Deezer\n\nFollow Justin Timberlake:\nWebsite: https://www.justintimberlake.com/\nFacebook: https://www.facebook.com/justintimberlake\nTwitter: https://twitter.com/jtimberlake\nInstagram: https://www.instagram.com/justintimberlake/\nSpotify: http://tmbr.lk/Spotify,2018-01-05T05:00:01.000Z,18871288,293244,61447,32777
US,Mirror-Polished Japanese Foil Ball Challenge Crushed in a Hydraulic Press-What's Inside?,The Action Lab,Entertainment,"\"polishing foil balls\"|\"foil balls\"|\"japanese trend\"|\"diy\"|\"mirror polishing\"|\"aluminum foil ball\"|\"threadbanger\"|\"japan trend\"|\"weird trend\"|\"the action lab\"|\"how to\"|\"diy projects\"|\"polishing foil ball\"|\"satisfying\"|\"diy ball\"|\"diy polish ball\"|\"diy ideas\"|\"foil\"|\"foil ball\"|\"polishing aluminum foil\"|\"foil ball challenge\"|\"aluminum foil ball challenge\"|\"japanese challenge\"|\"aluminum foil ball polishing\"|\"aluminum ball polishing\"|\"polishing balls\"|\"extreme polishing\"|\"vacuum\"|\"fly\"|\"insect\"|\"mass\"|\"action lab\"","In this video I make a Japanese polished foil ball by using aluminum foil and pounding with a hammer and then polishing until it becomes a solid metal polished ball! These polished foil balls started with a Japanese jeweler who made one that appeared to have no purpose, but the nation became obsessed with it and everyone started making them! You can see what's inside an aluminum foil ball when I crush it in my hydraulic press and see if the density increases or not.WARNING:This video is for entertainment purposes only. If you use the information from this video for your own projects then you assume complete responsibility for the results.My Other Channel:https://www.youtube.com/channel/UCA19mAJURyYHbJzhfpqhpCAMy Facebook Page:https://goo.gl/dSXx8uFor more awesome videos checkout:Can You Capture a Light Wave? Mind-Blowing Wave-Particle Duality Experiment!https://youtu.be/ny6fPSibyOoMixing the World's Blackest Paint With the World's Brightest Paint (Black 2.0 vs LIT)https://youtu.be/x5L4_GXePukIs it Possible to Unboil an Egg? The Amazing Uncooking Experiment!https://youtu.be/QNV4gHWZ9p4What if You Try To Lift a Negative Mass? Mind-Blowing Physical Impossibility!https://www.youtube.com/watch?v=uAJlg8MDAlUWhat Does a Giant Monster Neodymium Magnet do to a Mouse?https://www.youtube.com/watch?v=V8-JfSXPDp0The Worlds Blackest Black vs The Worlds Brightest Flashlight (32,000 lumen)—Which Will Win?https://www.youtube.com/watch?v=AaFdCvnV8PMHow Much Weight Can a Fly Actually Lift? Experiment—I Lassoed a Fly!https://www.youtube.com/watch?v=-xZoOUd172QIf You Fly a Drone in a Car, Does it Move With It? (Dangerous In-Car Flight Challenge)https://youtu.be/XjTj-tGPSWECan Flies Actually Fly in a Vacuum Chamber?https://www.youtube.com/watch?v=C4h-AS729JMI Let a Venus Flytrap Digest My Finger For a Day–Little Shop of Horrors Challenge!https://www.youtube.com/watch?v=tPLuWcOGBCEDrawing On Water-It is So Surreal!https://youtu.be/3NZ-cAf8Bbw Can Magic Sand Get Wet in a Vacuum Chamber? So Satisfying!https://youtu.be/9yaMexyXucAStretch Armstrong Crushed In A Hydraulic Presshttps://youtu.be/pmbWhYco4x8",2018-04-10T15:42:48.000Z,18726265,167255,27944,12883
