country,title,channel_title,category,tags,description,publish_time,views,likes,dislikes,comment_count
FR,Red Velvet 레드벨벳 'Bad Boy' MV,SMTOWN,Music,"\"Red Velvet\"\"|\"\"레드벨벳\"\"|\"\"Bad Boy\"\"|\"\"The Perfect Red Velvet\"\"|\"\"IRENE\"\"|\"\"WENDY\"\"|\"\"SEULGI\"\"|\"\"JOY\"\"|\"\"YERI\"\"|\"\"아이린\"\"|\"\"웬디\"\"|\"\"슬기\"\"|\"\"조이\"\"|\"\"예리\"\"|\"\"배드보이\"\"|\"\"밷보이\"\"|\"\"kpop\"\"|\"\"k-pop\"\"|\"\"MV\"\"|\"\"music video\"","Red Velvet's 2nd Album Repackage The Perfect Red Velvet has been released.\\nListen and download on iTunes & Apple Music, Spotify, and Google Play Music http://smarturl.it/ThePerfectRedVelvet\\n\\n[Tracklist]\\n01 Bad Boy\\n02 All Right\\n03 피카부 (Peek-A-Boo)\\n04 봐 (Look)\\n05 I Just\\n06 Kingdom Come\\n07 Time To Love\\n08 두 번째 데이트 (My Second Date)\\n09 Attaboy\\n10 Perfect 10\\n11 About Love\\n12 달빛 소리 (Moonlight Melody)\\n\\nRed Velvet Official\\nhttp://redvelvet.smtown.com\\nhttp://www.youtube.com/redvelvet \\nhttp://www.facebook.com/RedVelvet\\nhttp://www.instagram.com/redvelvet.smtown\\nhttps://twitter.com/RVsmtown\\n\\nRed Velvet 레드벨벳 'Bad Boy' MV ℗ S.M.Entertainment",2018-01-29T09:00:02.000Z,10964492,859237,21766,107746
FR,Westworld Season 2 | Official Super Bowl LII Ad | HBO,HBO,Film & Animation,"\"HBO\"\"|\"\"Westworld\"\"|\"\"Evan Rachel Wood\"\"|\"\"JJ Abrams\"\"|\"\"Lisa Joy\"\"|\"\"Jonathan Nolan\"\"|\"\"Drama\"\"|\"\"Mystery\"\"|\"\"Sci-Fi\"\"|\"\"original series\"\"|\"\"Jeffrey Wright\"\"|\"\"Ed Harris\"\"|\"\"Dolores Abernathy\"\"|\"\"Maeve Millay\"\"|\"\"James Marsden\"\"|\"\"Teddy Flood\"\"|\"\"Anthony Hopkins\"\"|\"\"Dr. Robert Ford\"\"|\"\"no limits\"\"|\"\"dream\"\"|\"\"future\"\"|\"\"futuristic\"\"|\"\"western\"\"|\"\"cowboys\"\"|\"\"war\"\"|\"\"season 2\"\"|\"\"new season\"\"|\"\"westworld season 2\"\"|\"\"superbowl\"\"|\"\"superbowl ad\"\"|\"\"Super Bowl LII\"\"|\"\"sports\"\"|\"\"american football\"\"|\"\"new chapter\"\"|\"\"hosts\"\"|\"\"patriots\"\"|\"\"eagles\"","A new chapter begins.\\n \\nWatch the official Super Bowl LII ad for Westworld Season 2, premiering April 22, 2018 at 9pm on HBO.\\n \\nMusic: Cover of Kanye West’s Runaway by series composer Ramin Djawadi in the official Super Bowl ad directed by Jonathan Nolan\\n\\nStarring Evan Rachel Wood, Thandie Newton, Ed Harris, Jeffrey Wright and James Marsden.\\n \\n#Westworld #HBO\\n \\nDon’t have HBO? Order Now: https://order.hbonow.com/    \\n \\nFor more on Westworld: http://www.hbo.com/westworld \\nWatch the first episode for free: https://www.hbo.com/watch-free-episodes \\nLike on Facebook: https://www.facebook.com/WestworldHBO/ \\nFollow on Twitter: https://twitter.com/westworldhbo \\n \\nLive without limits in a world where every human appetite can be indulged. Created for television by Jonathan Nolan and Lisa Joy, comes this dark odyssey about the dawn of artificial consciousness and the evolution of sin.",2018-02-05T02:01:07.000Z,10856602,35572,1232,2633
FR,Video from my phone part second New Watsapp Status,Whatsapp Status Videos,Entertainment,"\"new videos\"\"|\"\"latest videos\"\"|\"\"whatsapp videos\"\"|\"\"whatsapp status videos\"\"|\"\"latest whatsapp videos\"\"|\"\"whatsapp videos new\"",in this video we want to tell everyone that  not to trust anyone specially boyfriend,2018-04-15T15:16:30.000Z,10655105,15417,4877,1406
FR,Falcon Heavy Test Flight,SpaceX,Science & Technology,[none],"We have an updated version of this webcast that includes both side booster cameras and additional Starman views here: https://www.youtube.com/watch?v=bCc16uozHVE\\n\\nWhen Falcon Heavy lifts off, it will be the most powerful operational rocket in the world by a factor of two. With the ability to lift into orbit nearly 64 metric tons (141,000 lb)---a mass greater than a 737 jetliner loaded with passengers, crew, luggage and fuel--Falcon Heavy can lift more than twice the payload of the next closest operational vehicle, the Delta IV Heavy, at one-third the cost. Falcon Heavy draws upon the proven heritage and reliability of Falcon 9. \\n\\nIts first stage is composed of three Falcon 9 nine-engine cores whose 27 Merlin engines together generate more than 5 million pounds of thrust at liftoff, equal to approximately eighteen 747 aircraft. Only the Saturn V moon rocket, last flown in 1973, delivered more payload to orbit. Falcon Heavy was designed from the outset to carry humans into space and restores the possibility of flying missions with crew to the Moon or Mars.",2018-02-06T21:03:04.000Z,10582444,199462,2557,11392
FR,Arjun Kapoor's SHOCKING Refusal To Comment On Sridevi PASSING AWAY,Home Bollywud,Entertainment,"\"Bollywood updates\"\"|\"\"bollywood latest news\"\"|\"\"bollywood\"","Welcome to Home Bollywud, your one stop destination for everything and anything around Movies, Celebrities and Indian Television stars.",2018-02-25T12:30:28.000Z,10309281,35287,11699,4990
