country,title,channel_title,category,tags,description,publish_time,views,likes,dislikes,comment_count
CA,Boomerang Trick Shots | Dude Perfect,Dude Perfect,Sports,"\"dude perfect\"|\"dude perfect stereotypes\"|\"dude perfect water bottle flip\"|\"bottle flip\"|\"water bottle flip\"|\"dude perfect bottle flip\"|\"dude perfect basketball\"|\"dp\"|\"dude perfect world record\"|\"edition\"|\"nerf\"|\"trick shots\"|\"trick shot\"|\"family\"|\"ping pong\"|\"bowling\"|\"clean\"|\"family friendly\"|\"bubble wrap\"|\"soccer\"|\"football\"|\"spinner\"|\"spinners\"|\"fidget spinners\"|\"dude\"|\"boomerang\"|\"throw\"|\"thrower\"|\"logan\"|\"broadbent\"","Time to take boomerangs to the next level!\\n► Click HERE to subscribe to Dude Perfect! http://bit.ly/SubDudePerfect\\n\\n► Click HERE to watch our most recent videos! http://bit.ly/NewestDudePerfectVideos\\nhttp://bit.ly/NewestDPVideos\\n\\n►Click HERE to follow Logan on Instagram!\\nFollow @logan.broadbent: \\nhttps://www.instagram.com/logan.broadbent\\n\\n► SHOP our NEW Merchandise! - http://bit.ly/DPStore\\n►Click HERE to join the exclusive Dude Perfect T-Shirt Club! http://bit.ly/DPTShirtClub\\n\\nMusic: Army by Zayde Wolf\\n►Click HERE to download : http://smarturl.it/ZWGoldenAge\\n\\nPlay our NEW iPhone game!\\n► PLAY Endless Ducker on iPhone -- http://smarturl.it/EndlessDucker\\n► PLAY Endless Ducker on Android -- http://smarturl.it/EndlessDucker\\n\\n► VISIT our NEW STORE - http://bit.ly/DPStore\\n► JOIN our NEWSLETTER - http://bit.ly/DPNewsletterEndCard\\n► WATCH our STEREOTYPES - http://bit.ly/StereotypesPlaylist\\n\\nIn between videos we hang out with you guys on Instagram, Snapchat, Twitter, and Facebook so pick your favorite one and hang with us there too!\\n\\nhttp://Instagram.com/DudePerfect\\nhttp://bit.ly/DudePerfectSnapchat\\nhttp://Twitter.com/DudePerfect\\nhttp://Facebook.com/DudePerfect\\n\\nDo you have a GO BIG mindset? \\nSee for yourself in our book Go Big. \\n►http://amzn.to/OYdZ2s\\n\\nA special thanks to those of you who play our iPhone Games and read our book. You guys are amazing and all the great things you tell us about the game and the book make those projects so worthwhile for us! \\n\\nDude Perfect GAME - http://smarturl.it/DPGameiPhone\\nDude Perfect BOOK - Go Big - http://amzn.to/OYdZ2s\\n\\nClick here if you want to learn more about Dude Perfect:\\nhttp://www.dudeperfect.com/blog-2/\\n\\nBonus points if you're still reading this! \\nComment \\n\\nAs always...Go Big and God Bless!\\n- Your friends at Dude Perfect\\n\\nBusiness or Media, please contact us at: \\nDude@DudePerfect.com\\n\\n------------\\n\\n5 Best Friends and a Panda.\\nIf you like Sports + Comedy, come join the Dude Perfect team!\\n\\nBest known for trick shots, stereotypes, battles, bottle flips, ping pong shots and all around competitive fun, Dude Perfect prides ourselves in making the absolute best family-friendly entertainment possible! Welcome to the crew! \\n\\nPound it. Noggin. \\n- Dude Perfect",2018-03-26T22:01:01.000Z,18859050,774174,13302,33708
CA,Dil Diyan Gallan Song | Tiger Zinda Hai | Salman Khan | Katrina Kaif | Atif Aslam,YRF,Music,"\"Salman Khan\"|\"Katrina Kaif\"|\"Dil Diyan Gallam Song\"|\"Tiger Zinda Hai Song\"|\"Salman Khan New Song\"|\"Dil Diyan Gallan Tiger Zinda Hai\"|\"Tiger Zinda Hai New Song\"|\"Atif Aslam Song\"|\"Atif Aslam New Song 2017\"|\"Romantic Song\"|\"Bollywood Song\"|\"Salman Katrina Song\"|\"2017 Song\"|\"Best of 2017 Song\"|\"Dil Diya Galan Song\"|\"Tiger Zinda Hai Movie Song\"|\"Vishal and Shekhar song\"|\"Katrina Kaif New Song\"|\"dil diya gallan song\"|\"new song of tiger zinda hai\"|\"dil diya galla\"|\"Tiger Zinda Hai Trailer\"|\"YRF\"",► Subscribe Now: https://goo.gl/xs3mrY 🔔 Stay updated!\n► Swag Se Swagat Song: https://youtu.be/xmU0s2QtaEY \n► Tiger Zinda Hai Trailer: https://youtu.be/ePO5M5DE01I\n\nThey were each other's calm in a storm. \nWatch Tiger & Zoya sway their way through #DilDiyanGallan\n\n🎧 Song Credits:\nSong: Dil Diyan Gallan\nSinger: Atif Aslam\nMusic: Vishal and Shekhar\nLyrics: Irshad Kamil\nChoreography: Vaibhavi Merchant\n\nStay in the filmy loop:\n► Like us on Facebook: https://www.facebook.com/TigerZindaHai \n► Follow us on Twitter: https://twitter.com/TigerZindaHai\n► Follow us on Instagram: https://www.instagram.com/tigerzindahai\n\n🎬 Movie Credits:\nStarring: Salman Khan and Katrina Kaif\nDirected by: Ali Abbas Zafar\nProduced by: Aditya Chopra\nMusic: Vishal and Shekhar\nRelease Date: 22 December 2017,2017-12-02T16:39:58.000Z,18658794,540500,17496,41823
CA,BTS (방탄소년단) LOVE YOURSELF 轉 Tear 'Singularity' Comeback Trailer,ibighit,Music,"\"BIGHIT\"|\"빅히트\"|\"방탄소년단\"|\"BTS\"|\"BANGTAN\"|\"방탄\"","BTS (방탄소년단) LOVE YOURSELF 轉 Tear 'Singularity' Comeback TrailerCredits:Director : YongSeok Choi (Lumpens)Assistant Director : Wonju Lee, MinJe Jeong, HyeJeong Park (Lumpens)Director of Photography : HyunWoo Nam(GDW)Gaffer : HyunSuk Song (Real Lighting)Art Director : JinSil Park Bona Kim (MU:E)Editor : HyeJeong ParkBigHit Entertainment. All rights reserved. Unauthorized reproduction is a violation of applicable laws. Manufactured by BigHit Entertainment, Seoul, Korea.Connect with BTS:http://www.ibighit.com http://weibo.com/BTSbighit http://twitter.com/BTS_bighit http://twitter.com/BTS_twt https://www.facebook.com/ibighit/http://www.facebook.com/bangtan.officialhttp://instagram.com/BTS.bighitofficial",2018-05-06T15:00:02.000Z,18574625,2407419,21907,340125
CA,Arjun Kapoor's SHOCKING Refusal To Comment On Sridevi PASSING AWAY,Home Bollywud,Entertainment,"\"Bollywood updates\"|\"bollywood latest news\"|\"bollywood\"","Welcome to Home Bollywud, your one stop destination for everything and anything around Movies, Celebrities and Indian Television stars.",2018-02-25T12:30:28.000Z,18510658,48814,16501,6316
CA,Raid | Official Trailer | Ajay Devgn | Ileana D'Cruz | Raj Kumar Gupta | 16th March,T-Series,Music,"\"Raid\"|\"Official Trailer\"|\"Official Trailer 2018\"|\"iko uwais\"|\"the raid redemption\"|\"raid movie song sequence first look i ajay devgn i ileana d'cruz\"|\"raid movie\"|\"raid movie trailer\"|\"raid movie trailer ajay devgan\"|\"ajay devgan\"|\"raid trailer ajay devgn\"|\"raid 2018\"|\"raid ajay trailer\"|\"ajay devgn raid official trailer\"|\"ajay devgn 2018 movies trailer\"|\"ajay new movie raid\"|\"raid official trailer\"|\"raid ajay devgan movie trailer\"|\"indian songs\"|\"the raid trailer\"|\"the raid movie\"","Here's presenting the official trailer 2018 for the upcoming Bollywood Movie Raid starring Ajay Devgn, Ileana D'cruz and Saurabh Shukla in pivotal roles. \\n\\nSet in the 80s, Raid is based on one of the most high profile raids the country has ever known and is India's first film on income tax raids. \\nA fearless Income Tax officer Amay Patnaik carries out a non-stop raid at the mansion of Tauji the most powerful man in Lucknow. \\nWill Tauji manage to stop the raid or will the Amay Patnaik bring him down? \\nFind out on 16th March 2018.\\n\\nGulshan Kumar & Tseries present, A Panorama Studios Production, Produced by Bhushan Kumar, Krishan Kumar, Kumar Mangat Pathak and Abhishek Pathak, Raid is directed by Raj Kumar Gupta. The film releases on 16th March 2018. \\n\\n►To know more, connect with us on:\\nFacebook: https://www.facebook.com/RaidTheFilm/\\nTwitter: https://twitter.com/RaidTheFilm\\nInstagram: https://www.instagram.com/raidthefilm/\\n\\n\\n___\\nEnjoy & stay connected with us!\\n► Subscribe to T-Series: http://bit.ly/TSeriesYouTube\\n► Like us on Facebook: https://www.facebook.com/tseriesmusic\\n► Follow us on Twitter: https://twitter.com/tseries\\n► Follow us on Instagram: http://bit.ly/InstagramTseries",2018-02-06T06:13:02.000Z,18447084,232780,7178,11485
