country,title,channel_title,category,tags,description,publish_time,views,likes,dislikes,comment_count
RU,СОЛОВЬЕВ В БЕШЕНСТВЕ ОТ ЗЮГАНОВА,КРИМИНАЛЬНАЯ РОССИЯ,Comedy,"\"ВЫБОРЫ|\"\"ЗЮГАНОВ\"\"|\"\"ГРУДИНИН\"\"|\"\"СОЛОВЬЕВ\"\"|\"\"18 марта\"\"|\"\"Зюганов о\"\"|\"\"Соловьев о\"\"|\"\"СКАНДАЛ\"\"|\"\"ВЕСТИ FM\"\"\"",Сорви свой Куш на 1 000 000$ - http://bit.ly/2HrYuBL\nБонус по моей ссылке 100% на первый депозит!!!\n\n\nГРУДИНИН ПРОТИВ ПУТИНА\nГРУДИНИН ПРОТИВ ВЛАСТИ\nВЫБОРЫ 18 МАРТА 2018 ГОДА\nГРУДИНИН ПАВЕЛ О ПУТИНЕ\nГРУДИНИН ПРОТИВ ПУТИНА\nГРУДИНИН ПРОТИВ ВЛАСТИ\nВЫБОРЫ 18 МАРТА 2018 ГОДА\nГРУДИНИН ПАВЕЛ О ПУТИНЕ\nГРУДИНИН ПРОТИВ ПУТИНА\nГРУДИНИН ПРОТИВ ВЛАСТИ\nВЫБОРЫ 18 МАРТА 2018 ГОДА\nГРУДИНИН ПАВЕЛ О ПУТИНЕ\nГРУДИНИН ПРОТИВ ПУТИНА\nГРУДИНИН ПРОТИВ ВЛАСТИ\nВЫБОРЫ 18 МАРТА 2018 ГОДА\nГРУДИНИН ПАВЕЛ О ПУТИНЕ\nГРУДИНИН ПРОТИВ ПУТИНА\nГРУДИНИН ПРОТИВ ВЛАСТИ\nВЫБОРЫ 18 МАРТА 2018 ГОДА\nГРУДИНИН ПАВЕЛ О ПУТИНЕ\nГРУДИНИН ПРОТИВ ПУТИНА\nГРУДИНИН ПРОТИВ ВЛАСТИ\nВЫБОРЫ 18 МАРТА 2018 ГОДА\nГРУДИНИН ПАВЕЛ О ПУТИНЕ\nГРУДИНИН ПРОТИВ ПУТИНА\nГРУДИНИН ПРОТИВ ВЛАСТИ\nВЫБОРЫ 18 МАРТА 2018 ГОДА\nГРУДИНИН ПАВЕЛ О ПУТИНЕ\nГРУДИНИН ПРОТИВ ПУТИНА\nГРУДИНИН ПРОТИВ ВЛАСТИ\nВЫБОРЫ 18 МАРТА 2018 ГОДА\nГРУДИНИН ПАВЕЛ О ПУТИНЕ\nГРУДИНИН ПРОТИВ ПУТИНА\nГРУДИНИН ПРОТИВ ВЛАСТИ\nВЫБОРЫ 18 МАРТА 2018 ГОДА\nГРУДИНИН ПАВЕЛ О ПУТИНЕ,2018-02-24T17:08:13.000Z,104781,6542,17501,2086
RU,Тарасов и Костенко обвенчались. Тайна которую они пытались долго сохранить,ЗВЕЗДНЫЕ НОВОСТИ,People & Blogs,"\"Ольга Бузова|\"\"Бузова\"\"|\"\"Дмитрий Тарасов\"\"|\"\"Тарасов\"\"|\"\"Ольга Бузова и Дмитрий Тарасов\"\"|\"\"Анастасия Костенко\"\"|\"\"Дмитрий Тарасов и Анастасия Костенко\"\"|\"\"Тарасов и Костенко свадьба\"\"|\"\"Ольга Бузова в камеди клаб\"\"|\"\"Ольга Бузова опозорилась\"\"|\"\"Ольга Бузова новая пеня\"\"\"","",2018-01-29T19:41:17.000Z,10447,52,63,23
RU,Жириновский: Грудинин - капиталист и олигарх!,СМИ России 24,People & Blogs,"\"жириновский|\"\"грудинин\"\"|\"\"зюганов\"\"|\"\"выборы\"\"|\"\"офшоры\"\"|\"\"деньги\"\"|\"\"олигпрх\"\"|\"\"кпрф\"\"|\"\"лдпр\"\"\"","",2018-01-24T06:21:27.000Z,104463,412,746,269
RU,Кокаиновый след Кремля?,Радио Свобода,News & Politics,"\"Радио Свобода|\"\"Владимир Кара-Мурза\"\"|\"\"Георгий Кунадзе\"\"|\"\"Андрес Ландабасо\"\"|\"\"аргентина\"\"|\"\"кокаин\"\"|\"\"кремль\"\"|\"\"посольство в аргентине\"\"|\"\"наркотрафик\"\"|\"\"cocaine\"\"\"","Кто стоит за наркотрафиком из посольства РФ в Аргентине? Обсуждают Георгий Кунадзе, Андрес Ландабасо.\\nВедущий – Владимир Кара-Мурза–старший.",2018-03-01T19:58:12.000Z,10435,329,3032,0
RU,ЦАРСКАЯ ПОМОЙКА (прямой эфир),Sasha Sotnik,News & Politics,[none],Прямой эфир Sotnik-TV 24.03.2018\nДонаты и вопросы: http://www.donationalerts.ru/r/sotnik_tv,2018-03-24T17:49:31.000Z,104334,10643,14851,1842
RU,"Реалити шоу Игра за Престол, пилотная серия",Пирамида Козлоу,People & Blogs,"\"Выборы|\"\"Выборы Президента\"\"|\"\"Кредитная Амнистия\"\"|\"\"Михаил Козлов\"\"|\"\"Игра за Престол\"\"|\"\"Кредиты\"\"|\"\"Коллекторы\"\"\"",Кандидат в Президенты РФ психолог Михаил Козлов рассказывает о своем пути от идеи участвовать в выборах до получения разрешения ЦИК на сбор подписей. Путь был драматичным,2018-01-18T08:50:36.000Z,104173,84,3232,100
RU,"Пресс-конференция П.Н. Грудинина и  Г.А. Зюганова (Москва, 19.03.2018)",Красная Линия,News & Politics,"\"КПРФ|\"\"Грудинин\"\"|\"\"выборы президента РФ 2018\"\"|\"\"Зюганов\"\"\"","",2018-03-19T12:25:30.000Z,104172,5477,21952,1143
RU,Считаете ли вы победу Владимира Путина честной?,Радио Свобода,News & Politics,[none],Опрос прохожих на улицах Москвы,2018-03-23T14:16:07.000Z,104030,2259,6825,1810
RU,Пусть говорят - Бывших жен не бывает: битва за любовь Армена Джигарханяна. Выпуск от 06.02.2018,Пусть говорят,Shows,"\"Семья|\"\"Общество\"\"|\"\"Шоу-бизнес\"\"|\"\"Дмитрий Борисов\"\"|\"\"Виталина Цымбалюк-Романовская\"\"|\"\"Татьяна Власова\"\"|\"\"Армен Джигарханян\"\"|\"\"телеведущий\"\"|\"\"ведущий\"\"|\"\"дискуссия\"\"|\"\"ток-шоу\"\"|\"\"обсуждение\"\"|\"\"актер\"\"|\"\"жена\"\"|\"\"муж\"\"|\"\"развод\"\"|\"\"конфликт\"\"|\"\"имущество\"\"|\"\"Программы о звездах\"\"|\"\"Пусть говорят\"\"\"","Две женщины. Две соперницы. Две жены одного знаменитого мужа. Татьяна Власова и Виталина Цымбалюк-Романовская: они такие разные, но истории их любви очень схожи. Почему ни одна из жен не стала Джигарханяну верным другом? Почему после больницы артист не захотел вернуться ни к одной из них?",2018-02-06T19:58:29.000Z,104026,415,838,1613
RU,БОЙНЯ В ВОСТОЧНОЙ ГУТЕ: ВСЁ ИЗ-ЗА ВОДЫ? | сирия су 57 в гуте месть за вагнер чвк сша 2000 наёмников,РУСЬ ПРАВОСЛАВНАЯ,News & Politics,"\"сирия|\"\"сирия расстрел колонны\"\"|\"\"сирия новости\"\"|\"\"сирия су 57\"\"|\"\"восточная гута су 57\"\"|\"\"восточная гута сирия\"\"\"","Новый выпуск провокационно-аналитической программы Стратегия и тактика. Главный редактор интернет-канала День Андрей Фефелов и директор аналитического агентства Русь Православная Константин Душенов говорят о том, о чём молчат эксперты федеральных телеканалов, о чём не сообщают штатные политологи либеральных СМИ, о чём стесняются упоминать солидные аналитики международных информационных агентств.\\n\\nПоддержать программу: \\nЯндекс.Деньги: 410014815585255\\nСбербанк: 4274 2755 0005 7830\\nPayPal: sersavasin@icloud.com (назначение платежа: Отправить деньги друзьям и близким)\\nДругие платёжные системы: https://goo.gl/zmH3n6\\n\\nПОДПИСЫВАЙТЕСЬ НА КАНАЛ http://www.youtube.com/user/ruspravoslav?sub_confirmation=1 СТАВЬТЕ 👍 ПОД ВИДЕО, ПИШИТЕ КОММЕНТАРИИ, ДЕЛИТЕСЬ ВИДЕО В СОЦСЕТЯХ И ДОБАВЛЯЙТЕ К СЕБЕ! 😎\\nЗАДАТЬ ВОПРОС К.Ю. ДУШЕНОВУ - http://dushenov.org/задать-вопрос/\\n\\n«Исламское государство» (ИГ, ИГИЛ, ДАИШ), «Джебхат ан-нусра» (с июля 2016 года «Джебхат Фатах аш-Шам») — террористические организации, запрещенные на территории Российской Федерации.",2018-03-01T19:24:49.000Z,10386,343,4761,81
RU,Срочная Новость! Павел Грудинин всех напугал Путин блокирует Грудинина!,Волшебная Россия,People & Blogs,"\"Правда|\"\"Новости\"\"|\"\"Заговор\"\"|\"\"Крым\"\"|\"\"Россия\"\"|\"\"Украина\"\"|\"\"Смотреть всем\"\"|\"\"жесть\"\"|\"\"шок\"\"|\"\"Приколы\"\"|\"\"СМИ\"\"|\"\"блог\"\"|\"\"Смешно до слез\"\"|\"\"Лучшее\"\"|\"\"Павел Грудинин\"\"|\"\"Путин\"\"|\"\"Жириновский\"\"|\"\"Навальный\"\"|\"\"Собчак\"\"|\"\"Медведев\"\"|\"\"Кандидаты\"\"|\"\"Выборы 2018\"\"|\"\"Выборы в России\"\"|\"\"Власть\"\"|\"\"Госдума\"\"|\"\"Правительство\"\"|\"\"Политика\"\"|\"\"Аналитика\"\"|\"\"Вести\"\"|\"\"Треш\"\"|\"\"Соболев\"\"|\"\"Срочно\"\"|\"\"Сегодня\"\"\"","Как Грудинина начинают блокировать перед выборами!\\nПутин реально боится Грудинина!\\nВся правда о Грудинине и его предвыборной программе!\\nКто выиграет выборы 2018?!!!\\nДва кандидата на выборах 2018! Путин vs Грудинин!\\nГлавный соперник Путина на выборах 2018!!!\\nСрочно! Интервью Павла Грудинина и Зюганова!\\nКандидат Павел Грудинин 2018!\\nВыборы 2018!!!\\nВыборы - 2018!!! Вся правда о кандидатах.\\nПомощь каналу на развитие! WebMoney кошелек - WMR\\nR705718986248.\\nРЕПОСТ!!! В топ! =)\\nДрузья, не забываем подписываться на канал и делиться видео!\\nЭти деньги пойдут на социальные эксперименты!\\nhttp://www.donationalerts.ru/r/magic",2018-01-28T10:40:41.000Z,102985,5293,11308,2630
RU,Забастовка избирателей! Как это было,Нвлнй Хло 2.0,People & Blogs,#Навальный #Забастовка #Митинг #Россия,"",2018-01-31T06:12:44.000Z,102963,1255,5594,1823
RU,ЧМО в доме хозяин (прямой эфир),Sasha Sotnik,News & Politics,[none],Прямой эфир Sotnik-TV 14.04.2018\nДонаты и вопросы: http://www.donationalerts.ru/r/sotnik_tv\n\nПоддержать Sotnik-TV:\nСберкарта MasterCard 5469 3800 3483 8788\nЯндекс-кошелек (в рублях): 410012227172002\nPayPal – пользователь sashasotnik@gmail.com\nBitcoin - 3PdyHqZ7hiywP7u8FBDX2NyyLmmdRVp5dn\nBCH - 12tSwpuntbxqnk2sGP4gn7kzciu3Tg99Z4\nEth - 0x42c5046b70ac4401df3361440510ed896c8f6d24\nWebmoney: Z549114604634 (доллары)\nR556545412815 (рубли)\nAdvCash (доллары) U 9733 4690 8274\nAdvCash (евро) E 6450 1806 4606\n\nКанал Sotnik-TV приглашает к сотрудничеству информационных партнеров. По всем вопросам сотрудничества пишите на e-mail: prsotniktv@gmail.com,2018-04-14T17:55:49.000Z,102924,10179,15730,1153
RU,Эту встречу НЕ ПОКАЖУТ по федеральным каналам! Грудинин провёл ОТКРОВЕННУЮ беседу с избирателями,Политика сегодня: Россия США Украина,News & Politics,"\"соловьев|\"\"владимир\"\"|\"\"политика россии\"\"|\"\"политика\"\"|\"\"трамп\"\"|\"\"путин\"\"|\"\"трамп о россии\"\"|\"\"политическое обозрение\"\"|\"\"внешняя политика\"\"|\"\"геополитика\"\"|\"\"мид\"\"|\"\"восток\"\"|\"\"украина 2017\"\"|\"\"украина сегодня\"\"|\"\"вечер с соловьевым\"\"|\"\"последний выпуск\"\"|\"\"поединок\"\"|\"\"политологи\"\"|\"\"владимир соловьев\"\"|\"\"60 минут\"\"|\"\"вести фм\"\"|\"\"россия 24\"\"|\"\"путин инфо\"\"|\"\"канал\"\"|\"\"путина'\"\"|\"\"сатановский\"\"|\"\"захарова\"\"|\"\"михеев\"\"|\"\"грудинин\"\"|\"\"лавров\"\"|\"\"шойгу\"\"\"","ПОДПИСКА ЛУЧШЕ ДОНАТА - http://bit.ly/2nZJUXo\\n\\nДорогой зритель! \\nВы находитесь на одном из самых КРУПНЫХ и НЕЗАВИСИМЫХ каналов о политике в русскоязычном YouTube! Здесь Вы найдете свежую и актуальную информацию о последних событиях в мире политики и около политики! В день мы публикуем от 6 до 8 видео.\\n\\nПриятного просмотра, репостим, комментируем, ставим лайк/дизлайк и подписываемся на канал! Спасибо большое!",2018-01-17T15:45:00.000Z,102680,2737,14054,1844
RU,П. Грудинин нормальный человек!  Все остальное это нагнетание клеветы!  Ю Болдырев,НАРОДНОЕ ПРАВЛЕНИЕ,People & Blogs,П. Грудинин нормальный человек! Все остальное это нагнетание клеветы! Ю Ьолдырев,Ю Болдырев отвечает на вопросы студентов о кандидате в президенты РФ П Грудинине.\nБиография Ю Брлдырева : http://yuriboldyrev.ru/biografiya/\nБазовые програмные предложения Национально Патириотического Фронта России -\nhttps://pdsnpsr.ru/posts/programma/bazovye-programmnye-predlozheniya-pds-npsr-dlya-narodnykh-liderov_27092017\nГрудинин или Путин? Не дай себя обмануть! -\nhttp://krasvremya.ru/grudinin-ili-putin-ne-dajte-sebya-obmanut-i-na-etot-raz/\nВозврат к истинной форме правления - \nhttp://krasvremya.ru/vozvrat-k-istinnoj-forme-pravleniya/,2018-02-25T16:58:54.000Z,10216,379,5214,60
RU,Хоккей Россия Норвегия Видео Олимпиада 2018,Россия,News & Politics,"\"Хоккей Россия Норвегия|\"\"Россия Норвегия\"\"|\"\"Олимпиада 2018\"\"|\"\"Олимпийские игры 2018\"\"|\"\"Россия Норвегия 2018\"\"|\"\"Россия Норвегия Видео\"\"|\"\"Хоккей Россия\"\"|\"\"Хоккей\"\"|\"\"Олимпиада\"\"|\"\"Россия\"\"|\"\"Новости\"\"|\"\"Новости России\"\"|\"\"Новости Олимпиады\"\"|\"\"Хоккей 2018\"\"|\"\"Новости 2018\"\"|\"\"Новости сегодня\"\"\"",Хоккей Россия Норвегия Видео Олимпиада 2018. Россия Норвегия Счет 6:1. Россия в полуфинале Олимпийских игр 2018. Олимпиада 2018 Видео матча Россия Норвегия 2018.  УРА МЫ В ПОЛУФИНАЛЕ Олимпийские игры 2018 в Пхенчхане. \n0:01 Россия Норвегия Хоккей Олимпиада 2018\nВ ВК https://vk.com/alecseyrossia\n\nПодписывайся БУДЬ В КУРСЕ www.youtube.com/channel/UCLSUk_DwbnEj-69pJxCLSCQ?sub_confirmation=1 Дальше только интересней.,2018-02-21T11:30:20.000Z,102145,532,861,189
RU,Дмитрий Тарасов Про свадьбу с Костенко и Бузову,Планета Шоубиз,People & Blogs,"\"тарасов|\"\"костенко\"\"|\"\"дмитрий тарасов\"\"|\"\"анастасия костенко\"\"|\"\"дмитрий тарасов и анастасия косенко\"\"|\"\"шоубизнес\"\"|\"\"локомотив\"\"|\"\"футбольная команда локомотив\"\"|\"\"костенко анастасия\"\"|\"\"бывший муж бузовой\"\"|\"\"планета шоубиз\"\"\"",Дмитрий Тарасов Про свадьбу с Костенко и Бузову,2018-01-11T15:31:27.000Z,10211,30,60,14
RU,Аэропорт Жуковский временно не принимает самолеты из-за ЧП с Ил-38 - Москва 24,Москва 24,News & Politics,"\"м24|\"\"москва\"\"|\"\"московские новости\"\"|\"\"столица\"\"|\"\"новости столицы\"\"|\"\"собянин\"\"|\"\"последние новости\"\"|\"\"москва 24\"\"|\"\"m24\"\"|\"\"москвичи\"\"|\"\"новости\"\"|\"\"видео\"\"|\"\"происшествия\"\"|\"\"транспорт\"\"|\"\"Олег Шоммер\"\"|\"\"Общество люди москва происшествия дтп происшествия в москве\"\"|\"\"Аэропорт Жуковский временно не принимает самолеты из-за ЧП с Ил-38\"\"|\"\"Аэропорт Жуковский временно не принимает самолеты\"\"|\"\"из-за ЧП с Ил-38\"\"|\"\"Аэропорт Жуковский\"\"\"",Подписывайтесь на наш канал в YouTube: https://www.youtube.com/user/infomoscow24?sub_confirmation=1,2018-04-28T19:08:31.000Z,10196,7,14,0
RU,Траур по Кемерову,Навальный LIVE,News & Politics,"\"Навальный|\"\"Алексей Навальный\"\"|\"\"политика\"\"|\"\"коррупция\"\"|\"\"Россия\"\"|\"\"ФБК\"\"|\"\"Навальный Live\"\"|\"\"стрим\"\"|\"\"прямой эфир\"\"\"","Новости. 28 марта. Утро\\nМы следим за развитием событий и сообщаем вам самую актуальную и правдивую информацию.\\n\\nПодписывайтесь на Новости «Навальный LIVE» в соцсетях:\\nВК: https://vk.com/novostiNL\\nФейсбук: https://www.facebook.com/novostiNL\\nТвиттер:https://www.twitter.com/novostiNL\\nОК: https://ok.ru/novostiNL\\n\\nТрансляция акций в память о погибших в Кемерове: https://www.youtube.com/watch?v=bR3hpQmW4V4\\n\\nМы рассказываем о том, о чем не говорят по телевизору.",2018-03-28T09:08:03.000Z,101826,2758,12071,343
RU,Владивосток ВЫБОРЫ 2018....УИК № 519,YouMAX TUBE,News & Politics,"\"выборы 2018|\"\"владивосток\"\"|\"\"россия\"\"|\"\"утро\"\"|\"\"сегодня\"\"|\"\"новости\"\"|\"\"голос\"\"|\"\"путин\"\"|\"\"собчак\"\"|\"\"жириновский\"\"|\"\"яблоко\"\"\"","Начинаются вбросы,будем смотреть)",2018-03-17T23:13:08.000Z,10170,98,1098,60
RU,УРОКИ БАБЧЕНКО (прямой эфир),Sasha Sotnik,News & Politics,[none],Поддержать Sotnik-TV:Сберкарта MasterCard 5469 3800 3483 8788 Яндекс-кошелек (в рублях): 410012227172002 Payeer - P98076236 Bitcoin - 3PdyHqZ7hiywP7u8FBDX2NyyLmmdRVp5dn BCH - 12tSwpuntbxqnk2sGP4gn7kzciu3Tg99Z4 Eth - 0x42c5046b70ac4401df3361440510ed896c8f6d24 Webmoney: Z549114604634 (доллары) R556545412815 (рубли) AdvCash (доллары) U 9733 4690 8274 AdvCash (евро) E 6450 1806 4606Канал Sotnik-TV приглашает к сотрудничеству информационных партнеров. По всем вопросам сотрудничества пишите на e-mail: prsotniktv@gmail.comПрямой эфир Sotnik-TV 30.05.2018Донаты и вопросы: http://www.donationalerts.ru/r/sotnik_tv,2018-05-30T18:38:14.000Z,101668,11867,29452,1625
