country,title,channel_title,category,tags,description,publish_time,views,likes,dislikes,comment_count
RU,Снос телебашни. Отмена выборов мэра. О хороших людях | Ройзман,Евгений Ройзман,People & Blogs,"\"Евгений Ройзман|\"\"снос телебашни\"\"|\"\"екатеринбург башня\"\"|\"\"отмены выборов мэра\"\"|\"\"екатеринбург\"\"|\"\"евгений куйвашев\"\"|\"\"губернатор свердловской области\"\"|\"\"снос телевизионной башни екатеринбург\"\"\"",Благотворительный фонд Ройзмана - https://roizmanfond.ru\n\nСоцсети:\nВК - https://vk.com/evgeniy_roizman \nИнстраграм - https://www.instagram.com/evgeniyroizman/\nТвиттер - https://twitter.com/roizmangbn\nФейсбук - https://www.facebook.com/roizmangbn?fref=ts\nОдноклассники - https://ok.ru/roizman,2018-03-23T17:19:53.000Z,180405,22240,49440,4679
RU,«Больше не могу врать»: Руслана раскрыла тайну Майдана,О главном,News & Politics,[none],Товарищи не забывайте подписаться на канал\nБольше видео https://www.youtube.com/channel/UCAuoiSODZzg7rkupnEG4aXA/videos?disable_polymer=1\nhttps://newinform.com/99578-pevica-ruslana-zayavila-chto-aktivistov-maidana-poili-otravlennoi-vodoi?,2018-02-07T14:00:04.000Z,18040,49,54,38
RU,60 минут по горячим следам от 22.01.2018,Россия 24,Entertainment,"\"последние новости|\"\"Россия 24\"\"|\"\"онлайн\"\"|\"\"новости дня\"\"|\"\"мировые новости\"\"|\"\"новости России\"\"|\"\"новости мира\"\"|\"\"в прямом эфире\"\"|\"\"вести\"\"|\"\"вести 24\"\"|\"\"Russia24\"\"|\"\"политика\"\"|\"\"экономика\"\"|\"\"бизнес\"\"|\"\"интервью\"\"|\"\"специальный репортаж\"\"|\"\"происшествия\"\"|\"\"ВГТРК\"\"|\"\"информационный канал\"\"|\"\"24 часа\"\"|\"\"новости регионов\"\"|\"\"путин\"\"|\"\"ольга скабеева\"\"|\"\"скабеева\"\"|\"\"попов\"\"|\"\"евгений попов\"\"|\"\"скабеева и попов\"\"|\"\"ток-шоу\"\"|\"\"новое ток-шоу\"\"|\"\"токшоу\"\"|\"\"ток шоу\"\"|\"\"Право голоса\"\"|\"\"место встречи\"\"|\"\"время покажет\"\"|\"\"право знать\"\"|\"\"первая студия\"\"\"",Подпишитесь на канал 60 минут: https://www.youtube.com/channel/UCR16nHT1nkmG7g9AkE9tGeQ?sub_confirmation=1,2018-01-22T11:04:50.000Z,179563,887,950,680
RU,Youtubede İlk Videom :),Yazgı ZagroS,People & Blogs,"\"oyun|\"\"ilginç\"\"|\"\"bilgiler\"\"|\"\"youtube\"\"|\"\"enesbatur\"\"|\"\"orkun\"\"|\"\"damla\"\"|\"\"danla\"\"\"",Merhaba Arkadaşlar :) \nYoutubedeki İlk Videom Biraz Amatörce Olmuş Olabilir Şimdiden Kusura Bakmayın \nHa Bu Arada ;\nKanalımıza Abone Olup Yorum Atmayı Unutmayınız\n\nFacebook Hesabımız: https://www.facebook.com/zagrosyazgi/\nİnstagram Hesabımız:https://www.instagram.com/yazgi.zagros/,2017-12-09T17:17:49.000Z,178362,364,733,223
RU,КЕМЕРОВО НЕ ХОДИТЕ НА МИТИНГ!!!,Splend PRO,Gaming,"\"КЕМЕРОВО|\"\"ТЦ\"\"|\"\"Трагедия\"\"|\"\"Зиняя Вишня\"\"|\"\"ТРЦ\"\"\"","Информация не подтвержденная. Видео выложено в информационных целях, без какого либо умысла.",2018-03-26T19:48:20.000Z,17813,55,494,124
RU,Как вбрасывают голоса на выборах 2018,Ржач под столом,Comedy,"\"выборы|\"\"вбросы\"\"|\"\"путин\"\"|\"\"президент\"\"|\"\"2018\"\"|\"\"вброс\"\"|\"\"вбрасывают голоса\"\"|\"\"вброс голосов\"\"|\"\"вброс бюллютений\"\"\"","Как только представители оппозиции и независимые наблюдатели начнут показывать доказательства нарушений на выборах, просто вспомните это видео. Смонтировать подобное можно менее чем за 10 минут.",2018-03-18T04:41:43.000Z,1764443,20810,50001,5649
RU,Дарить радость – руководство к действию #ятожедоброволец,PutinTeam,People & Blogs,"\"Жить|\"\"Команда Путина\"\"|\"\"Putin Team\"\"|\"\"PT\"\"\"","Многие известные и просто неравнодушные люди откликнулись на призыв делать добрые дела перед Новым годом и отправились с подарками в детские дома. \\n\\nМы не раз рассказывали об этой акции, а сейчас собрали самые яркие моменты в одном ролике — посмотрите, как было здорово!\\n\\nИ, конечно, добрые дела продолжаются в наступившем году. Если вы хотите помочь кому-то, подарить подарки или внимание — пишите нам на почту help@putinteam.ru. Мы поможем организовать вашу встречу с теми, кому ваша помощь.\\n\\n#PutinTeam #PT #КомандаПутина #ЯтожеДоброволец #Жить",2018-01-19T05:55:18.000Z,175542,1609,6533,0
RU,хоккей: Россия - Чехия прямая трансляция олимпиада 2018,Fight Night1,Sports,"\"россия чехия хоккей 2018|\"\"премая трансляция\"\"|\"\"хоккей россия чехия смотреть онлайн\"\"|\"\"хоккей россия чехия счет\"\"|\"\"хоккей россия чехия смотреть онлайн россия 1\"\"|\"\"хоккей россия чехия евроспорт\"\"|\"\"хоккей россия чехия 2018\"\"|\"\"олимпиада 2018 хоккей\"\"|\"\"олимпиада 2018 россия чехия\"\"|\"\"россия чехия голы\"\"|\"\"спорт\"\"|\"\"хоккей 2018 олимпиада\"\"|\"\"Fight Night1\"\"|\"\"fight night1\"\"|\"\"сборная россии\"\"|\"\"хоккей сборная россии\"\"|\"\"россия чехия хоккей смотреть\"\"|\"\"олимпиада 2018 смотреть\"\"|\"\"хоккей\"\"|\"\"россия чехия 2018\"\"|\"\"Олимпиада 2018\"\"|\"\"Хоккей\"\"\"","Россия – Чехия: онлайн-трансляция хоккейного полуфинала на Олимпиаде 2018\\nМатч начнется в 10:40 по московскому времени\\n\\nНа Олимпийских Играх 2018 начинается самое интересное, особенно в хоккее. 23 февраля стартуют полуфиналы, а значит в дело вновь вступает сборная России, которой предстоит выявить сильнейшего в матче против Чехии. Мы не пройдем мимо такого события и начнем нашу прямую онлайн-трансляцию ровно в 10:40 по московскому времени.\\n\\nНациональная команда России не очень удачно начала выступление на Олимпиаде-2018, проиграв Словакии, однако затем своих болельщиков только радовала, разгромив Словению, США и Норвегию, напрямую выйдя в полуфинал турнира.\\n\\nЧехия же уже провела матч в 1/4 накануне ей пришлось обыграть Сборную Сша.Где в основное время был счёт 2:2.Итог встречи решил послематчевые буллиты.Где сильнее оказалась сборная Чехии.\\n\\nКонечно, фаворитом этого противостояния являются подопечные Олега Знарка, однако, ни в коем случае нельзя терять концентрацию. Во-первых, сильный соперник, во-вторых – терять ему есть что и вратарь Француоз будет стоять как Гашек. Необходимо выходить на площадку и показывать свой хоккей, которого от «Красной машины» все и ждут.",2018-02-23T06:04:45.000Z,175111,264,1003,173
RU,В Сети появилось видео с камер видеонаблюдения в Зимней вишне,Телеканал 360,News & Politics,"\"360|\"\"360tv\"\"|\"\"360 тв\"\"|\"\"вертолет 360\"\"|\"\"подмосковье\"\"|\"\"360 подмосковье\"\"|\"\"новости\"\"|\"\"последние новости\"\"|\"\"новости подмосковья\"\"|\"\"Зимняя вишня\"\"|\"\"кемерово\"\"\"",Подпишись на канал https://goo.gl/8OlLNK,2018-03-31T10:00:59.000Z,174834,482,1041,294
RU,Ozodbek Nazarbekovning Qizini Nikox To'yi Ko'rishni Tafsiya Qilaman,UZBEK_VIDEO,Film & Animation,"\"Ummon guruhi 2017|\"\"Yulduz usmonova\"\"|\"\"yangi uzbek kino 2017\"\"|\"\"uzbek film 2017\"\"|\"\"o'z kino 2017\"\"|\"\"yangi uzbek kliplar\"\"|\"\"uzbek klip 2017\"\"|\"\"yangi uzbek prikol 2017\"\"|\"\"uzb prikol 2017\"\"|\"\"ozodbek nazarbekov\"\"|\"\"Lola yuldasheva\"\"|\"\"shahzoda chicco\"\"|\"\"Shahzoda Chiccita\"\"|\"\"2017 klip\"\"|\"\"hind 2017\"\"|\"\"uzbekiston 2017\"\"|\"\"sotqin yangi Uzbek kino 2017\"\"|\"\"ishdagi ishq uz kino 2017\"\"\"",SIZXAM PUL ISHLAMOQCHIMISIZ KANALIZNI PARTNYORKAGA ULEN http://bit.ly/2yxwH21\n\nПодпишитесь новый видео\nhttp://bit.ly/NovinkiVideo,2017-11-28T13:45:25.000Z,174755,891,954,0
RU,Кандидат: Самое главное из недели участников предвыборной гонки,ФЕДЕРАЛЬНОЕ АГЕНТСТВО НОВОСТЕЙ,Science & Technology,[none],"",2018-02-04T20:00:01.000Z,174647,57,860,422
RU,✅ Путин знает что-то очень важное,Суть Вещей,News & Politics,"\"Суть вещей|\"\"cenm dtotq\"\"|\"\"SutiVeshey\"\"|\"\"Путин знает что-то очень важное\"\"|\"\"Путин\"\"|\"\"Россия Запад\"\"|\"\"главные новости\"\"|\"\"Россия\"\"|\"\"трамп\"\"\"","✅ Путин знает что-то очень важное\\nИсточник: http://inosmi.info/putin-znaet-chto-to-ochen-vazhnoe.html\\nСсылка на оригинал видео: https://www.youtube.com/watch?v=WU8t31JDelU\\n═══════════════════════════════════\\n* Уважаемые коллеги и дорогие друзья! Все, кому интересно помочь каналу, теперь могут отправить любую сумму в нашу копилку  https://qiwi.me/sutiveshey  . Комментарий к платежу не обязателен, но желателен - чтобы мы знали - от кого и за что.! Заранее благодарим ) *\\n════════════════════════════\\nМузыка была взята из бесплатной библиотеки ютуб.",2018-03-04T09:01:09.000Z,174355,2047,4867,2640
RU,Enerstar  High School Wrestling Sponsor,Pa Sports Live,Sports,"\"pasportslive|\"\"webbweeklylive\"\"\"",Enerstar,2017-12-27T15:44:32.000Z,17351,0,2,0
RU,Бузова Я этого не хотела. Гриценко покидает Дом2❤️,insta News,People & Blogs,"\"бузова|\"\"бузова плачет\"\"|\"\"бузова целуется с гриценко\"\"|\"\"бузова без макияжа\"\"|\"\"бузова бородина\"\"|\"\"бузова в живую\"\"|\"\"бузова выступление\"\"|\"\"бузова и тарасов\"\"|\"\"бузова клип\"\"|\"\"бузова клипы\"\"|\"\"бузова и гриценко\"\"|\"\"бузова песни\"\"|\"\"бузова позор\"\"|\"\"бузова привыкаю\"\"|\"\"бузова танцы\"\"|\"\"бузова тупит\"\"|\"\"бузова равновесие\"\"|\"\"бузова альбом\"\"|\"\"бузова сама по себе\"\"|\"\"бузова без фонограммы\"\"|\"\"бузова новая песня\"\"|\"\"бузова неправильная\"\"|\"\"бузова сольник\"\"|\"\"бузова сольный концерт\"\"|\"\"бузова мои люди всегда со мной\"\"\"","",2017-11-23T19:16:06.000Z,17336,73,88,15
RU,СВАДЬБА ДОЛЖАНСКОГО (ondom2.com),Последние новости дома 2,People & Blogs,"\"дом 2|\"\"ТНТ\"\"|\"\"Последние новости дома 2\"\"|\"\"ondom2.com\"\"|\"\"ondom2\"\"|\"\"слухи\"\"|\"\"сплетни\"\"|\"\"участники дома 2\"\"|\"\"Сейшелы\"\"|\"\"эфир\"\"|\"\"Николай Должанский\"\"|\"\"Катя\"\"\"",Подписывайтесь на наш Ютуб канал: http://ondom2.com/youtubeПодписывайтесь на нашу страницу вконтакте: http://vk.com/ondom2Читайте последние слухи о доме 2: http://ondom2.comВ этом выпуске новости и слухи  про Николая Должанского и его свадьбу с Катей Морозовой.,2018-05-06T10:00:05.000Z,17278,22,27,15
RU,Холостяк. Россия 6 сезон 8 выпуск 29.04.2018 - АНОНС | ДАТА ВЫХОДА,SERIALS,Entertainment,[none],Анонс выпуска смотрите на сайте - https://allua.net/ukrainskie-teleperedachi/1366-holostyak-rossiya-6-sezon-7-vypusk-ot-22042018-smotret-onlayn.html,2018-04-22T20:16:13.000Z,17271,5,148,2
RU,60 минут по горячим следам от 31.01.18,Россия 24,Entertainment,"\"последние новости|\"\"Россия 24\"\"|\"\"онлайн\"\"|\"\"новости дня\"\"|\"\"мировые новости\"\"|\"\"новости России\"\"|\"\"новости мира\"\"|\"\"в прямом эфире\"\"|\"\"вести\"\"|\"\"вести 24\"\"|\"\"Russia24\"\"|\"\"политика\"\"|\"\"экономика\"\"|\"\"бизнес\"\"|\"\"интервью\"\"|\"\"специальный репортаж\"\"|\"\"происшествия\"\"|\"\"ВГТРК\"\"|\"\"информационный канал\"\"|\"\"24 часа\"\"|\"\"новости регионов\"\"|\"\"путин\"\"|\"\"ольга скабеева\"\"|\"\"скабеева\"\"|\"\"попов\"\"|\"\"евгений попов\"\"|\"\"скабеева и попов\"\"|\"\"ток-шоу\"\"|\"\"новое ток-шоу\"\"|\"\"токшоу\"\"|\"\"ток шоу\"\"|\"\"Право голоса\"\"|\"\"место встречи\"\"|\"\"время покажет\"\"|\"\"право знать\"\"|\"\"первая студия\"\"\"",Подпишитесь на канал 60 минут: https://www.youtube.com/channel/UCR16nHT1nkmG7g9AkE9tGeQ?sub_confirmation=1,2018-01-31T11:04:58.000Z,172442,871,900,814
RU,ДОМ 2 НОВОСТИ ЭФИР 12 ДЕКАБРЯ 2017 (12.12.2017),Дом-2 Новости с Джулией,People & Blogs,"\"дом 2|\"\"дом 2 новости\"\"|\"\"дом 2 последняя серия\"\"|\"\"ольга бузова\"\"|\"\"ксения бородина\"\"|\"\"ольга рапунцель\"\"|\"\"дом 2 свежие серии\"\"|\"\"реалити шоу\"\"|\"\"шоу\"\"|\"\"обзоры\"\"|\"\"обзоры новостей\"\"|\"\"дом 2 новости и слухи\"\"|\"\"дом 2 день\"\"|\"\"дом 2 вечерний выпуск\"\"|\"\"дом 2 ночной выпуск\"\"|\"\"дом 2 эфиры\"\"|\"\"дом 2 лайт\"\"|\"\"серия дом 2\"\"|\"\"дом 2 слухи\"\"|\"\"дом 2 на 6 дней раньше\"\"|\"\"дом 2 участники\"\"|\"\"новости дом 2\"\"|\"\"дом 2 анонс на завтра\"\"|\"\"дом 2 последние новости\"\"|\"\"дом 2 город любви\"\"|\"\"дом 2 после заката\"\"|\"\"дом 2 свежие\"\"|\"\"dom 2\"\"|\"\"звезды шоу бизнеса\"\"\"","ДОМ 2 НОВОСТИ И СЛУХИ 7 ДЕКАБРЯ 2017 (Эфир 12.12.2017)\\nЕсли вы смотрите Дом 2 свежие серии, то и дом 2 Свежие новости на моём канале будут вам интересны. Серии телепроекта можно посмотреть на официальном сайте дом2ру. На этом сайте вы найдёте сегодняшние эфиры, а именно: Дом 2 Город любви - вечерний эфир, Дом 2 lite - дневной эфир и Дом 2 После заката - ночной эфир программы. А на моём канале вы так же можете посмотреть Дом 2 новости и слухи и сплетни за сегодня.\\nМой канал не является официальным. В видео использован Товарный знак Дом 2 (для информационных целей), принадлежащий АО ТНТ-Телесеть. Логотип Дом 2 не имеет отношения к моему каналу!\\nОфициальный сайт дома 2 http://dom2.ru/",2017-12-07T07:53:46.000Z,17242,54,99,14
RU,Столото представляет | Русское лото тираж №1222 от 11.03.18,Столото,Entertainment,"\"русское лото|\"\"русское лото 1222\"\"|\"\"столото\"\"|\"\"отзывы\"\"|\"\"обман\"\"|\"\"развод\"\"|\"\"русское лото проверить билет\"\"|\"\"русское лото тираж 1222\"\"|\"\"результаты тиража 1222 русское лото\"\"|\"\"проверка билета русское лото\"\"|\"\"лото\"\"|\"\"лотерея\"\"|\"\"как выиграть в лотерею\"\"|\"\"как заработать денег\"\"|\"\"первый канал\"\"|\"\"нтв\"\"|\"\"победитель\"\"|\"\"Москва\"\"|\"\"последние новости\"\"|\"\"социальные сети\"\"|\"\"лотереи\"\"|\"\"как заработать много денег\"\"|\"\"гослото\"\"|\"\"столото проверить билет\"\"|\"\"stoloto\"\"\"",Проверить билет лотереи Русское лото 1222 тираж: http://www.stoloto.ru/ruslotto/check_bulletin\nВ новом выпуске программы  У нас выигрывают  на НТВ Михаил Борисов провел очередной розыгрыш самой народной лотереи - Русское лото. Пропустили эфир? Узнайте о результатах розыгрыша прямо сейчас!\n\nПроверить билет лотереи Русское лото 1222 тираж: http://www.stoloto.ru/ruslotto/check_bulletin\n\nОфициальный сайт Столото и покупка лотерейных билетов онлайн: http://www.stoloto.ru/\n\nСтолото в социальных сетях:\n\nВКонтакте: http://vk.com/stoloto \nFacebook: https://www.facebook.com/stoloto.ru\nОдноклассники: https://ok.ru/stoloto \nTwitter: https://twitter.com/stoloto,2018-03-11T03:42:50.000Z,172292,76,2243,674
RU,КАК ЛУЧШЕ ПОДДЕРЖАТЬ ПУТИНА?,kamikadzedead,Comedy,"\"камикадзе|\"\"kamikadzedead\"\"|\"\"камикадзе ди\"\"|\"\"kamikadze\"\"|\"\"kamikadze_d\"\"\"","Как самые способные дети могут поддержать Путина на выборах? Как самые способные чиновники этому помешают?\\nDoogee – неубиваемые смартфоны! http://goo.gl/KhN3Jw Мощный китаец с полной защитой от ударов, воды и грязи. 7 тысяч рублей!  \\nПомощь денежкой http://www.donationalerts.ru/r/kamikadzedead\\nРеклама, сотрудничество https://goo.gl/ddnKhN\\nСообщить о багах YouTube https://goo.gl/6Mf5GV\\nПомощь денежкой http://www.donationalerts.ru/r/kamikadzedead\\nРеклама, сотрудничество https://goo.gl/ddnKhN\\nСообщить о багах YouTube https://goo.gl/6Mf5GV\\nЧудесные дороги в нижнем https://youtu.be/W8swgQpZXSY\\nОчередь за просрочкой https://youtu.be/lWijATVjCVI\\nЖительницу Смоленска обласкали полицейские https://readovka.ru/news/28058\\nПутин поможет очередным россиянам https://lenta.ru/news/2017/12/18/care/\\nНаши новости в телеграме https://telegram.me/satirabezpozitiva\\nПаблик Сатира без Позитива- https://vk.com/satyrabezsortyra\\nРоссийский YouTube закрывает мой канал, подробности:\\n1) https://youtu.be/DZwAVsAgsLQ\\n2) https://youtu.be/5V5lLXtRtCg\\n3) https://youtu.be/0Olt1eF4AGM\\nИмена и фамилии руководства кремлеботов https://yadi.sk/i/UoAsIIeb3LosjS\\nНаши новости в твиттере https://twitter.com/SatiraBezP\\nОбращение к сторонникам Путина в 2-х частях\\nhttps://youtu.be/GRl-Y8cN1UY\\nhttps://youtu.be/lvdUzBfsusA\\nВидео, отвечающие на вопросы А ЧТО ТЫ ПРЕДЛАГАЕШЬ?\\n1) https://youtu.be/upmD373wH-c\\n2) https://youtu.be/NHM02-pRDuk\\n3) https://youtu.be/T8sOB2NkIhA\\n4) https://youtu.be/odS7Lo8csyc\\n5) https://youtu.be/Vg0tAcn5FFY\\nПаблик Сатира без Позитива в ОК https://ok.ru/satirabezp\\nЯ в Ватноклассниках - http://www.ok.ru/profile/566798658882\\nЯ в контакте - http://vkontakte.ru/kamikadzedead\\nПаблик #Эксперты #Знатоки https://vk.com/realproblemsrussia\\nЛетсплеи - http://www.twitch.tv/kamikadzeplay\\nМой Twitter - http://twitter.com/kamikadze_d\\nЯ на ФБ http://www.facebook.com/dmitry.ivanov.9634?ref=tn_tnmn\\nGoogle+ https://plus.google.com/u/0/103614022894261388839/posts\\nЖЖ - http://kamikadze-d.livejournal.com\\nЛайв канал http://www.youtube.com/kamikadzelive",2017-12-21T08:55:33.000Z,172137,47370,49920,12459
RU,ЭКСТРЕННОЕ ЗАЯВЛЕНИЕ! ГРУДИНИН 21.01.2018,Архитектор Муравей,News & Politics,"\"павел грудинин|\"\"совхоз ленина\"\"|\"\"выборы президента\"\"|\"\"коррупция\"\"|\"\"владимир путин\"\"|\"\"олигархи\"\"|\"\"экономика\"\"|\"\"оппозиция\"\"|\"\"владимир жириновсвкий\"\"|\"\"грудинин\"\"|\"\"россия\"\"|\"\"либералы\"\"\"","Павел Грудинин о предвыборной гонке, своих шансах на победу, доходах и то, какой должна быть Россия.",2018-01-21T12:34:20.000Z,171939,3070,19718,2177
RU,В0Т это П0В0Р0Т для Р0ССИИ!!! 23.01.2018 - ЗЮГАН0В ВЫЗВАЛ ПУТИНА на ДУЭЛЬ!!! Это ЖАРА!!!,Е. М. Реальная Оппозиция,News & Politics,"\"новое|\"\"новости\"\"|\"\"последние новости\"\"|\"\"новости дня\"\"|\"\"зюганов\"\"|\"\"путин\"\"|\"\"россия\"\"|\"\"новости россии\"\"|\"\"россия 2018\"\"|\"\"россия последнее\"\"\"","",2018-01-21T15:59:34.000Z,171892,3776,13639,2547
