country,title,channel_title,category,tags,description,publish_time,views,likes,dislikes,comment_count
FR,Le Bret Du Faux sur RFM / Jeudi 22 Février 2018,RFM France,People & Blogs,"\"Marc Antoine Le Bret\"\"|\"\"TPMP\"\"|\"\"On n’est pas couché\"\"|\"\"Laurent Ruquier\"\"|\"\"Albert Spano\"\"|\"\"Elodie Gossuin\"\"|\"\"Miss France\"\"|\"\"The Voice\"\"|\"\"TF1\"\"|\"\"D8\"\"|\"\"France 2\"\"|\"\"buzz\"\"|\"\"Canteloup\"\"|\"\"Laurent Gerra\"\"|\"\"RFM\"\"|\"\"Le meilleur de la musique\"\"|\"\"Cyril Hanouna\"\"|\"\"RFM Matin\"\"|\"\"Jean Lassalle\"\"|\"\"Emmanuel Macron\"\"|\"\"Motus\"\"|\"\"Gérard Collomb\"\"|\"\"doudou de Némo\"\"|\"\"BLANQUER\"\"|\"\"Thierry Beccaro\"\"|\"\"Laurent Wauquiez\"","Du lundi au vendredi, Marc Antoine Le Bret est dans le Meilleur des Réveils sur RFM. A 08h15 dans « Le Bret du faux » Marc Antoine Le Bret passe en revue l’actualité de la semaine sur un ton décalé. Découvrez la chronique d’aujourd’hui !",2018-02-22T07:27:08.000Z,4655,33,39,16
FR,Restaurant in Japan serves sushi that's still alive,Rumble Viral,Entertainment,"\"viral videos\"\"|\"\"funny videos\"\"|\"\"weird videos\"\"|\"\"funny and weird\"\"|\"\"entertainment life\"\"|\"\"sushi restaurant\"\"|\"\"live sushi\"","People can't decide what to make of the wriggling sushi that was served at a restaurant in Japan. Weird!\\n\\nSource & embed code: https://rumble.com/v4f66z-sushi-was-still-moving-when-it-was-served-in-restaurant.html.\\n\\nFor licensing, please email licensing@rumble.com.",2018-02-16T15:20:59.000Z,46465,50,95,41
FR,"David Hallyday   qui est son épouse, Alexandra Pastor",サイモン サイモン,Entertainment,"\"David Hallyday\"\"|\"\"bfmactu\"\"|\"\"culture\"\"|\"\"musique\"\"|\"\"société\"\"|\"\"nouvelles star\"\"|\"\"johnny hally­day : le message poignant de david hally­day et laura smet après à johnny hally­day\"\"|\"\"interview entretien\"\"|\"\"variétés\"\"|\"\"humour\"\"|\"\"relation parent enfant\"\"|\"\"album\"\"|\"\"thierry ardisson\"\"|\"\"institut national de l'audiovisuel\"\"|\"\"lesnew\"\"|\"\"line renaud\"\"|\"\"line renaud laeticia hallyday\"\"|\"\"champs elysees\"\"|\"\"johnny hallyday elysees\"\"|\"\"#youtube\"\"|\"\"cameron smet\"","David Hallyday - sylvie vartan  puis david hallyday et laura smet  lors de leur arrivée à l‘église de la madeleine  ce samedi à paris  quelques minutes avant l’arrivée du cortège funéraire transportant la dépouille de johnny hallyday.  laeti­cia y a apposé un baiser avec ses filles jade et joy  avant de lancer la place à laura smet et david hally­day  effon­drés.. johnny hallyday : le message poignant de david hallyday et laura smet après à johnny hallyday _ [ pr. music video by david hallyday performing comme avant.\\nhommage à johnny hally­day : les adieux boule­ver­sants de sa famille.\\nla grande céré­mo­nie en hommage à johnny hally­day a eu lieu ce samedi en l’église de la made­leine  en présence de la plupart des proches du rocker et de sa famille.\\n\\nsylvie vartan, laura smet: arrivée du clan hallyday à l’église de la madeleine. l’hom­mage à johnny hally­day au sein de l’église de la made­leine s’est terminé ce samedi par la béné­dic­tion du cercueil de la star. photos – came­ron le fils de david hally­day, le sosie de johnny enfant.\\njohnny hallyday mort : qui sont ses petits-enfants ilona, emma et cameron smet ? music video by david hallyday performing tu ne m'as pas laissé le temps.\\n\\ndavid hallyday - high (1988).\\n\\nfils de david hally­day et alexan­dra pastor  came­ron smet a grandi à l'abri des regards indis­crets.\\njohnny hallyday est mort et tout un clan se retrouve orphelin.\\nmusic video by david hallyday performing un homme libre.",2017-12-11T17:49:34.000Z,4631,2,6,0
FR,Maroc : Pourquoi Lalla Salma a quitté Mohammed VI,ٍVideo World,People & Blogs,"\"Lalla Salma\"\"|\"\"Maroc\"","Le roi du Maroc, Mohammed VI, 54 ans, et la princesse Lalla Salma, 39 ans, seraient séparés depuis plusieurs mois, a révélé le magazine espagnol Hola. Cette information, qui proviendrait de sources proches du palais royal, trouverait son explication.",2018-03-27T22:27:13.000Z,45966,49,77,97
FR,Les 12 coups de midi : qui se cache derrière l'Étoile mystérieuse ?,Télé Star,Entertainment,"\"telestar\"\"|\"\"yt\"\"|\"\"série tv\"","L'intégralité de la photo de l'étoile mystérieuse a été dévoilée ce samedi 13 janvier dans les Douze coups de midi .\\nAprès avoir cité Michel Polnareff, la jeune femme a dû se résoudre à abandonner, ne trouvant",2018-01-15T10:32:17.000Z,45135,38,69,5
FR,L'AFFAIRE JEREMSTAR et BABYBEL VS AQABABE !  😱,Eliném II life,People & Blogs,"\"jeremstar\"\"|\"\"jeremy\"\"|\"\"sex tape\"\"|\"\"jerem star\"\"|\"\"tele realité\"\"|\"\"snap\"\"|\"\"nouveauté\"\"|\"\"LE SCANDALE\"\"|\"\"L'AFFAIRE JEREMSTAR\"\"|\"\"BABYBEL\"\"|\"\"AQABABE\"\"|\"\"CHOQUANT\"",#JEREMSTARGATE\n\nL’affaire agite les réseaux sociaux depuis quelques heures ! Des accusations graves sur Jeremstar et celui qui se fait appeler Babybel sont tombées.,2018-01-18T16:47:50.000Z,44831,337,918,48
FR,Laura Smet « une menteuse » selon Johnny Hallyday,Actualités 24h,News & Politics,"\"Johnny Hallyday\"\"|\"\"Laura Smet.\"","Laura Smet était une ado menteuse affirme son père, Johnny Hallyday dans les pages de son autobiographie « Dans mes yeux », écrit en collaboration avec Amanda Sthers. \\n\\n\\nMerci beaucoup d'avoir regardé! \\nSi vous aimez les vidéos, accédez-y et partagez-les avec vos amis. \\nSi vous souhaitez plus de nouvelles, abonnez-vous à la chaîne! \\nCLIQUEZ ICI POUR INSCRIRE: https://goo.gl/FNgJct \\n==================================================",2017-12-31T07:18:13.000Z,44780,52,81,23
FR,Choc : Les invités vendent à prix d'or sur EBAY les cadeaux donnés au mariage de Harry et Meghan,LeGossipTube,News & Politics,"\"EBay\"|\"Mariage\"|\"Prix\"|\"David Beckham\"|\"Megan\"|\"mariage prince harry\"|\"prince harry\"|\"kate middleton\"|\"megane markle\"|\"harry prince\"|\"prince charles\"|\"harry et meghan\"|\"lady diana\"|\"harry\"|\"#youtube\"|\"legossiptube\"|\"kate\"|\"prince harry et meghan\"|\"mariage royal\"|\"mariage\"|\"joyal wedding\"|\"prince william\"|\"mere du prince harry\"|\"mariage harry et meghan\"|\"mariage harry meghan\"|\"mariage du prince harry\"",#LeGossipTube - Choc : Les invités vendent à prix d'or sur EBAY les cadeaux donnés au mariage de #Harry et #Meghan,2018-05-22T09:50:31.000Z,44637,67,68,24
FR,JeremstarGate : Jeremstar sort de son silence et répond à la polémique !,LMDLT Le Meilleur de la télévison,Entertainment,"\"zap tv\"\"|\"\"zapping tv\"\"|\"\"zap télé\"\"|\"\"zapping télé\"\"|\"\"malaise tv\"\"|\"\"best of\"\"|\"\"best of 2018\"","Au lendemain du JeremstarGate qui a enflammé Twitter mardi, le youtubeur et chroniqueur Jeremstar a pris la plume pour nier en bloc toutes les accusations faites contre lui. \\n\\nSuite à un différend avec un internaute surnommé Aqababe au sujet d'un scoop volé et non crédité, JeremStar était au cœur d'un scandale sur le réseau social Twitter. Après la publication d'une sextape par son nouvel ennemi, des accusations à l'encontre de son proche Pascal Cardonna (Babybel) mentionnait son nom : il aurait selon des témoignages servi d'appât à son ami, qui promettait à des jeunes hommes de le rencontrer en échange de relations sexuelles.\\n\\nJeremstar a pris ce mercredi la plume sur les réseaux sociaux pour nier en bloc toutes ces accusations, qui l'ont profondément bouleversé. L'émotion qui m'a envahi m'a jusque-là réduit au silence, confie-t-il. Concernant sa sextape, il assure avoir pris les mesures nécessaires pour qu'Aqababe, internaute manifestement en quête de notoriété, soit puni en vertu de la loi. \\n\\nCependant, il clame avoir pris connaissance des témoignages de jeunes hommes contre son ami Pascal Cardonna grâce au JeremstarGate : J'en ignorais absolument l'existence. Et nie en bloc avoir servi de faire-valoir, de son plein gré. Je tiens à préciser que j'ai absolument rien à voir avec sa vie intime et que je suis totalement étranger aux imputations dont il fait l'objet, à supposer qu'elles soient démontrées, continue-t-il. \\n\\nBonjour a tous nous vous souhaitons un bon visionnage !\\nN’hésiter pas a liker et partager si vous avez kiffé la vidéo !\\nToute la tv la chaine numéro 1 sur la télé et l'actualité en générale le zap les zaping etc",2018-01-17T21:18:28.000Z,44548,112,214,54
FR,AYII KEN MPIANA ATUMBI ZAMBA AKEBISI CARINE M.PONA AFY NA JAEL PE ASABILI ADAMS,MA MISSION TV,People & Blogs,"\"Ntanga Nsongi\"\"|\"\"EYINDA KITOKOLILE\"\"|\"\"congomikiliMTL m\"\"|\"\"MUKELENGE\"\"|\"\"Asso Brady\"\"|\"\"+243Londres\"\"|\"\"TheVoiceOfCongo\"\"|\"\"congonumber1.com\"\"|\"\"OPQNews\"\"|\"\"AgenceCongoPresse\"\"|\"\"MediaPress InternationalRDC\"\"|\"\"Le Prix Nsango\"\"|\"\"CONGO ELENGI officiel\"\"|\"\"CN1NEWS congonumber1 TV\"\"|\"\"RDCongoInfos.com\"\"|\"\"Prince Mpata\"\"|\"\"caferume\"\"|\"\"congofrance\"\"|\"\"Succé de Stars Africa\"\"|\"\"sangoyacongotv\"\"|\"\"24HeureNews\"\"|\"\"Chaîne de Stars Médias People\"\"|\"\"b-one CongoTV\"\"|\"\"Lingala Facile Direktv\"","Conscient du brouillard et du ravin qu'il y'a entre vous et la source de la vraie information, nous nous portons volontaire d'être vos yeux afin de voir à votre place ce que vous désirez voir.                                                                      \\nNous sommes vos oreilles pour entendre ce que vous souhaitez vraiment entendre.                             \\nVos pieds et vos mains pour palper la réalité en face comme si vous y étiez car informer c'est notre champ d'actions et notre devoir.                    \\nNous sommes un boeuf accoutumé à la charrue. \\n\\nNotre passion c'est d'en découdre avec l'information socioculturelle 24h/24. \\n\\nD'aller au coeur de l'actualité et de vous transmettre minutieusement tous les détails en temps réel.  \\n\\nNous sommes MA MISSION TV. \\n\\nMiroir de la RDC et de l'AFRIQUE! \\n\\nUne chaîne simplement autrement!  \\n\\nMa Mission Tv\\nChez nous, c'est l'excellence dans l'humilité",2018-02-27T20:44:39.000Z,4445,41,94,68
FR,"AQABABE REAGIT AU TACLE DE JAZZ ET THIBAULT SUR TPMP, BALANCE DES DOSSIERS SUR THIBAULT",Snapchat YELLOW,People & Blogs,"\"jazz\"|\"choc\"|\"craque\"|\"direct\"|\"snapchat\"|\"clash\"|\"TPMP\"|\"cyril hanouna\"|\"touche pas à mon poste\"|\"C8\"|\"Dubaï\"|\"Déménagement\"|\"jazz enceinte\"|\"jazz en pleurs\"|\"jazz clash\"|\"jazz et laurent\"|\"jazz cambriolage\"|\"laurent billionaire\"|\"billionaire pronos\"|\"jazz et laurent cambriolage\"|\"jazz et sa fille\"|\"tv\"|\"les anges\"|\"jazz les anges\"|\"TPMP C8\"|\"les anges 10\"|\"interview\"|\"jazz tpmp\"|\"tpmp jazz\"|\"les anges 10 episode\"|\"replay\"|\"snapchat red\"|\"sam zirah\"|\"Thibault TPMP\"|\"jessica et Thibault\"|\"benjamin\"|\"aqababe\"|\"tacle\"|\"dossiers\"","AQABABE REAGIT AU TACLE DE JAZZ ET THIBAULT SUR TPMP, BALANCE DES DOSSIERS SUR THIBAULT➡️ ACTIVE la 🔔 pour RECEVOIR une NOTIFICATION lorsque je sort une nouvelle VIDEO !✅ Pour s'abonner c'est par ICI : https://goo.gl/sxRm8P➡️ N'oubliez pas de donner votre avis, cela peut permettre      d'améliorer mes futurs vidéos. Cela ne prend pas beaucoup de  temps et à une grande importance alors n'attendez plus. ⚜↓↓ INFO ↓↓⚜ ∞∞∞∞∞∞∞∞∞∞∞∞∞∞∞∞∞∞∞∞∞∞∞∞∞∞∞∞∞∞∞∞∞∞∞∞ 🍀 AJOUTE MOI SUR SNAPCHAT 🍀✨ S N A P C H A T : abdelouahed13✨ T W I T T E R   : SnapchatYEOW******************************************************",2018-05-04T17:57:59.000Z,4432,35,58,28
FR,"André Boudou, le père de Laeticia, dévoile ses tensions avec Johnny Hallyday",LeGossipTube,People & Blogs,"\"Ilona Smet\"\"|\"\"johnny hallyday‬\"\"|\"\"‪laura smet‬\"\"|\"\"‪david hallyday‬\"\"|\"\"laeticia hallyday‬‪\"\"|\"\"laeticia\"\"|\"\"laura\"\"|\"\"testament de johnny hallyday\"\"|\"\"david\"\"|\"\"johnny\"\"|\"\"#youtube\"\"|\"\"laeticia hallyday johnny\"\"|\"\"david et laura\"\"|\"\"pourquoi laeticia\"\"|\"\"pourquoi laura\"\"|\"\"heritage de johnny\"\"|\"\"nathalie baye\"\"|\"\"sylvie vartan\"\"|\"\"Succession de Johnny Hallyday\"\"|\"\"#LaeticiaHallyday\"\"|\"\"#Johnnyhallyday\"\"|\"\"Laeticia Hallyday\"\"|\"\"hallyday\"\"|\"\"Laura Hallyday\"\"|\"\"legossiptube\"\"|\"\"justice\"\"|\"\"AUDIENCE\"\"|\"\"André Boudou\"","LeGossipTube - Mauvais choix en affaires, divergences d'opinions... Le père de la veuve du chanteur est sorti du silence dans les pages de L'Express.",2018-03-27T18:30:02.000Z,4415,28,32,47
FR,Inondation: le ras-le-bol d'une restauratrice,Thomas Lanier,News & Politics,[none],"Le restaurant de la Bièvre de Françoise Negro, à Saint-Didier-d'Aoste a été inondé pour la deuxième fois en 15 jours. Vidéo Le DL/ Thomas LANIER",2018-01-23T17:41:21.000Z,4409,3,6,3
FR,OVNI : Ces OVNI Furtifs sont une réalité !  2017 (A voir & partager!),OVNIPRESENT,Science & Technology,"\"ovni\"\"|\"\"vidéo\"\"|\"\"france\"\"|\"\"meilleur\"\"|\"\"documentaire\"\"|\"\"reportage\"\"|\"\"émission\"\"|\"\"fr\"\"|\"\"vf\"\"|\"\"vostfr\"\"|\"\"top\"\"|\"\"ciel\"\"|\"\"compilation\"\"|\"\"lune\"\"|\"\"espace\"\"|\"\"live\"\"|\"\"direct\"\"|\"\"triangle\"\"|\"\"cigare\"\"|\"\"roswell\"\"|\"\"zone51\"\"|\"\"no fake\"\"|\"\"réel\"\"|\"\"témoignage\"\"|\"\"extraterrestre\"\"|\"\"alien\"\"|\"\"nucléaire\"\"|\"\"armée\"\"|\"\"américaine\"\"|\"\"déclassifie\"\"|\"\"muamua\"\"|\"\"astéroide\"\"|\"\"ufologie\"\"|\"\"drone\"\"|\"\"révélation\"\"|\"\"preuves\"\"|\"\"divulgation\"\"|\"\"nasa\"\"|\"\"iss\"\"|\"\"mars\"\"|\"\"enlèvement\"\"|\"\"antarctique\"\"|\"\"abduction\"\"|\"\"pyramide\"\"|\"\"cia\"\"|\"\"base\"\"|\"\"gris\"\"|\"\"trump\"\"|\"\"2018\"\"|\"\"top secret\"\"|\"\"google earth\"\"|\"\"avion militaire\"\"|\"\"pentagone\"\"|\"\"nibiru\"\"|\"\"voyageur du temps\"\"|\"\"planète x\"\"|\"\"chemtrail\"\"|\"\"vrai\"","Video Originale1: https://www.youtube.com/watch?v=CNoFOSfFlAk\\nVideo Originale2: https://www.youtube.com/watch?v=JJpSYozvasc\\nVideo Originale3: https://www.youtube.com/watch?v=w4c1bsIQxsg\\nVideo Originale4: https://www.youtube.com/watch?v=d3ajks8OHCo\\nVideo Originale5: https://www.youtube.com/watch?v=vhgPajw2SOY\\n\\n►Pensez à laisser un pouce bleu et  à partager la vidéo pour soutenir la chaîne ! Merci ; )\\n\\nOVNIPRESENT vous propose des vidéos récentes et sérieuses sur les phénomènes OVNIS observés à travers le Monde. \\n\\n►Faire un don pour soutenir OVNIPRESENT (Paypal) : https://www.paypal.com/cgi-bin/webscr?cmd=_s-xclick&hosted_button_id=DMJXADHU4FGKS\\n\\n►Page Facebook OVNIPRESENT : https://www.facebook.com/Ovnipresent-1869130756657027/\\n\\nVidéo du 19/12/2017\\n\\nUFO: These Stealth UFOs are a reality! 2017 (To see & share!)\\n\\n►S'abonner : https://www.youtube.com/channel/UCwt--VQuw1WX3_RL9Qwq4fA/?sub_confirmation=1\\n\\n►Twitter: https://twitter.com/ovnipresent1\\n\\nALL footage used is either done under the express permission of the original owner, or is public domain and falls under Fair Use for commentary/research/news reporting purposes under current copyright rules",2017-12-19T15:00:51.000Z,4408,217,400,37
FR,PSG vs Lille 3-1 - Résumé Complet & Buts - 09/12/2017| TMSASD FOOT,TMSASD FOOT,Sports,"\"PSG vs Lille 3-1 - Résumé Complet & Buts - 09/12/2017| TMSASD FOOT\"\"|\"\"TMSASD FOOT\"\"|\"\"PSG vs Lille 3-1 - Résumé Complet & Buts - 09/12/2017\"\"|\"\"09/12/2017\"\"|\"\"PSG vs Lille 3-1 - Résumé Complet & Buts\"\"|\"\"Résumé Complet & Buts\"\"|\"\"PSG vs Lille 3-1\"\"|\"\"PSG vs Lille\"\"|\"\"PSG\"\"|\"\"Lille\"\"|\"\"3-1\"",PSG vs Lille 3-1 - Résumé Complet & Buts - 09/12/2017| TMSASD FOOT,2017-12-09T18:19:04.000Z,43317,134,279,15
FR,Coquerel réagit sèchement à l'interview de Macron,Carlo Pillois,News & Politics,[none],"",2017-12-17T20:36:10.000Z,4308,24,35,91
FR,[Beur FM - Live / Exclu] Allyson Glado - Ma promesse,Beur FM,Music,"\"Allyson Glado\"\"|\"\"Live\"\"|\"\"Exclu\"\"|\"\"Radio\"\"|\"\"Cover\"\"|\"\"Beur FM\"",Abonne-toi à la chaîne Beur FM 👉 http://bit.ly/2tLLJOP\n\nSite 👉 http://beurfm.net/\nFacebook 👉 https://www.facebook.com/BeurFMOfficiel/ \nTwitter 👉 https://twitter.com/beurfm \nInstagram 👉 https://www.instagram.com/beurfm_officiel/ \nSnapchat 👉 beurfm,2017-11-15T07:48:24.000Z,4301,6,15,2
FR,أخنوش يصدم الصحافة بتصريحه حول المقاطعة : لي بغا يلعب يمشي يبعد منا حنا كاين غير المعقول,Hibapress,News & Politics,"\"هبة برس\"\"|\"\"قناة إخبارية\"\"|\"\"أخبار\"\"|\"\"سياسة\"\"|\"\"اقتصاد\"\"|\"\"فن\"\"|\"\"رياضة\"\"|\"\"مجتمع\"\"|\"\"قضايا\"\"|\"\"حوادث\"\"|\"\"شاهد\"\"|\"\"تابع\"\"|\"\"المغرب\"\"|\"\"المملكة\"\"|\"\"hibapress\"\"|\"\"politics\"\"|\"\"economy\"\"|\"\"arts\"\"|\"\"cinema\"\"|\"\"sports\"",اشترك في قناة هبة بريس ليصلك كل جديد:\nhttps://goo.gl/HRLkNU\n\n\nقناة هبة بريس على يوتيوب قناة إخبارية تهتم بالشأن السياسي والاقتصادي والاجتماعي والفني والرياضي المغربي، تنقل الخبر بشفافية ومهنية ومصداقية، ولا تهدف إلا إلى إرضاء متابعيها في كافة أنحاء المملكة المغربية.\n\nـــــــــــــــــــــــــ\nتابعوا قناة هبة بريس على مواقع التواصل الاجتماعي:\nيوتيوب:https://goo.gl/D8BU4a\nفيسبوك: http://bit.ly/2k0OTKM,2018-04-25T18:23:26.000Z,42989,74,579,273
FR,Laeti­cia Hally­day : une ancienne amie balance sur la double person­na­lité de la veuve de Johnny,Les News,News & Politics,"\"avocat de laeti­cia\"\"|\"\"laeticia et laura\"\"|\"\"johnny hallyday‬\"\"|\"\"‪laura smet‬\"\"|\"\"‪david hallyday‬\"\"|\"\"‪laeticia hallyday‬\"\"|\"\"jade hallyday\"\"|\"\"laeticia\"\"|\"\"laura\"\"|\"\"testament de johnny hallyday\"\"|\"\"david\"\"|\"\"johnny\"\"|\"\"#youtube\"\"|\"\"lesnews\"\"|\"\"laura et david\"\"|\"\"david et laura\"\"|\"\"pourquoi laeticia\"\"|\"\"pourquoi laura\"\"|\"\"heritage de johnny\"\"|\"\"pourquoi johnny\"\"|\"\"laeticia hallyday et laura\"\"|\"\"al­bum post­hume de johnny\"\"|\"\"johnny hallyday laeticia\"\"|\"\"hommage johnny hallyday\"\"|\"\"johnny hallyday david\"\"|\"\"laeticia hallyday johnny\"\"|\"\"sylvie vartan\"","Laeti­cia Hally­day : une ancienne amie balance sur la double person­na­lité de la veuve de Johnny\\n#laura , #johnny ,#nathalie , #david , #laeticia #johnnyhallyday , #sylvie \\nSous sa douceur et sa dévo­tion pour sa famille, Laeti­cia Hally­day cache­rait une part beau­coup plus sombre. Une ancienne proche du clan Hally­day dévoile sa person­na­lité très complexe.\\nQui est réel­le­ment Laeti­cia Hally­day ? Depuis la contre-attaque de Laura Smet et David Hally­day, bien déci­dés à faire valoir leurs droits après avoir appris qu’ils étaient déshé­ri­tés par leur père, la person­na­lité de la dernière épouse de Johnny semble de plus en plus trouble et complexe. Celle qui avait ému des millions de Français en appa­rais­sant avec ses filles Jade et Joy lors de l’hom­mage popu­laire du 9 décembre à l’église de la Made­leine est dépeinte comme une veuve noire par l’en­tou­rage des deux aînés.Merci beaucoup d'avoir regardé!\\nSi vous aimez les vidéos, accédez-y et partagez-les avec vos amis.\\nSi vous souhaitez plus de nouvelles, abonnez-vous à la chaîne!\\nCLIQUEZ ICI POUR INSCRIRE: https://goo.gl/58uDJL",2018-03-20T18:15:29.000Z,42832,76,81,138
FR,"Laeticia Hallyday s’installe avec Sébastien Farran, la folle rumeur de Oops",Promi 24h,People & Blogs,"\"Promi24h\"\"|\"\"Laeticia Hallyday s’installe avec Sébastien Farran\"\"|\"\"la folle rumeur de Oops\"\"|\"\"Laeticia Hallyday\"\"|\"\"Sébastien Farran\"\"|\"\"Laeticia Hallyday et Sébastien Farran\"","Laeticia Hallyday s’installe avec Sébastien Farran, la folle rumeur de Oops  Oops va loin en affirmant Laeticia Hallyday installé avec Sébastien Farran, le dernier manager de Johnny Hallyday.     « Ils s’installent ensemble », commente le magazine people, qui laisse ainsi entendre que leur relation est loin d’être professionnelle.Mais ce n’est pas le cas.Si finalement, Laeticia Hallyday a pris la décision de sortir de chez elle, et d’en finir de son isolement après la mort de Johnny, c’est suite aux recommandations de Sébastien Farran, révélait «Closer».La jolie blonde s’était laissée convaincre « d’une sortie dans les rues de Los Angeles aux côtés de Sébastien Farran », qui a spécialement mis le cap sur la Californie, la veille de l’arrivée de la tribu.Le dernier manager de Johnny Hallyday avait à coeur d’aider le trio, à savoir Laeticia Hallyday et ses filles, à retrouver « un rythme de vie ».« Nul doute que les deux amis ont pu discuter de leur nouveau quotidien, et de comment ils s’apprêtent à prépa­rer la sortie de l’album post­hume de Johnny », a fait savoir Closer, qui dévoile des photos prises lors d’une sortie au restaurant.",2018-02-18T07:27:28.000Z,42676,33,96,47
FR,Klem Ennes S06 Episode 25 28-02-2018 Partie 02,Elhiwar Ettounsi,Entertainment,"\"hkayet tounsia\"\"|\"\"elhiwar ettounsi\"\"|\"\"denya okhra\"\"|\"\"oumour jedia\"\"|\"\"andi mankolek\"\"|\"\"hkeyet tounsia\"\"|\"\"oumour jeddya\"\"|\"\"karim el gharbi\"\"|\"\"dari deco\"\"|\"\"360 degrees\"\"|\"\"klem ennes\"\"|\"\"ma binetna\"\"|\"\"liman yajroo fakat\"\"|\"\"labes\"\"|\"\"labas\"\"|\"\"roufiaat al jalssa\"\"|\"\"happy nes\"\"|\"\"wled mofida\"\"|\"\"awled mofida\"\"|\"\"maktoub\"\"|\"\"el hak maak\"\"|\"\"wled moufida\"\"|\"\"awled moufida\"\"|\"\"لا بــــاس\"\"|\"\"اليوم الثامن\"\"|\"\"عندي ما نقلك\"\"|\"\"مكتوب\"\"|\"\"أمور جدّية\"\"|\"\"أولاد مفيده\"\"|\"\"nhar lahad ma hemek fi had\"\"|\"\"sami fehri\"\"|\"\"نهار الأحد ما يهمّك في حدّ\"\"|\"\"نهار الأحد\"",► Découvrez ElhiwarEttounsi : https://goo.gl/gxtCTu\n► Abonnez-vous à la chaîne : https://goo.gl/v5Nz1p\n► Rejoignez-nous sur Facebook: https://goo.gl/sfjrWb\n► Abonnez-vous sur instagram : https://goo.gl/mTJlTL,2018-02-28T23:01:25.000Z,41950,539,762,676
FR,كل مالم تراه من التبهديل  في كواليس زيارة الرئيس الفرنسي إيمانويل ماكرون الي الجزائر,هنا الجزائر / kalid,News & Politics,"\"هذا كل ما حدث في زيارة الرئيس الفرنسي للجزائر\"\"|\"\"كل ما حدث في زيارة الرئيس الفرنسي امانويل ماكرون الي الجزائر التبهديل الذل\"\"|\"\"زيارة الرئيس الفرنسي إيمانويل ماكرون الي الجزائر\"\"|\"\"Emmanuel Macron\"\"|\"\"ماكرون بالجزائر في أول زيارة\"\"|\"\"كواليس زيارة الرئيس الفرنسي إيمانويل ماكرون\"\"|\"\"التبهديل\"",هذا كل ما حدث في زيارة الرئيس الفرنسي للجزائر,2017-12-07T00:49:04.000Z,41522,121,130,318
