country,title,channel_title,category,tags,description,publish_time,views,likes,dislikes,comment_count
KR,방송 출연해 후원받은 중랑구 면목동 12남매 근황,이슈잼,Entertainment,"\"이슈|\"\"꿀잼\"\"|\"\"약빤영상\"\"|\"\"2017\"\"|\"\"감동\"\"|\"\"웃긴영상\"\"|\"\"약\"\"|\"\"sns\"\"|\"\"소셜\"\"|\"\"웃음참기\"\"|\"\"빵터지는\"\"\"",좋아요와 구독은 제작자에게 큰 힘이 됩니다 :)\n\n인트로 : AllttA - STS X LII Freestyle,2017-12-02T01:16:29.000Z,963410,745,858,744
KR,썰전 E251 171228 | 썰전 E251 171228 HD,J Entertainment,Entertainment,"\"썰전|\"\"썰전 E251\"\"\"",썰전 E251 171228 | 썰전 E251 171228 HD\n썰전 E251 171228 | 썰전 E251 171228 HD,2017-12-28T16:35:08.000Z,95413,56,78,58
KR,'김보름 눈물' 여자 스피드스케이팅 팀추월 논란 긴급 기자회견 노선영 불참 [씨브라더],TVCHOSUN 뉴스,News & Politics,"\"TV조선|\"\"티비조선\"\"|\"\"조선일보\"\"|\"\"종편\"\"|\"\"종합편성\"\"|\"\"티브이조선\"\"|\"\"방송사\"\"|\"\"TV조선뉴스\"\"|\"\"뉴스\"\"|\"\"뉴스프로그램\"\"|\"\"NEWS\"\"|\"\"채널19\"\"|\"\"CH19\"\"|\"\"노선영\"\"|\"\"김보름\"\"|\"\"스피드스케이팅\"\"|\"\"김보름 기자회견\"\"|\"\"노선영 기자회견\"\"|\"\"장수지 선수\"\"|\"\"팀 추월\"\"|\"\"스피드스케이팅선수\"\"|\"\"여자 팀 추월\"\"|\"\"국가대표\"\"|\"\"평창올림픽\"\"|\"\"평창올림픽 스피드스케이팅\"\"|\"\"메달\"\"|\"\"노선영 인터뷰\"\"\"","'김보름 눈물' 여자 스피드스케이팅 팀추월 논란 긴급 기자회견 노선영 불참 [C브라더]\\n\\n기획: 박관우 글,구성 : 박주영 편집: 류영복\\n\\n***구독 및 친구 추가해주세요***\\n\\n네이버TV (씨브라더)\\nhttp://tv.naver.com/cbrother\\n\\n페이스북 (C브라더)\\nhttps://www.facebook.com/CbrotherTV/\\n\\n* 뉴스제보 : 이메일(tvchosun@chosun.com), 카카오톡(tv조선제보), 전화(1661-0190)",2018-02-20T09:13:32.000Z,95076,138,548,1212
KR,조미료 넣는 거 아니냐 국숫집 사장 도발에 분노한 백종원 | NO.1 NEWS CHANNEL,NO.1 NEWS CHANNEL,Entertainment,"\"조미료|\"\"넣는\"\"|\"\"거\"\"|\"\"아니냐\"\"|\"\"국숫집\"\"|\"\"사장\"\"|\"\"도발에\"\"|\"\"분노한\"\"|\"\"백종원\"\"|\"\"KPOP\"\"|\"\"NEWS\"\"|\"\"NO.1\"\"|\"\"NO.1 NEWS\"\"\"",조미료 넣는 거 아니냐 국숫집 사장 도발에 분노한 백종원 \n\nThanks for watching don't forget subscriber. \n\nhttps://goo.gl/kMR414,2018-02-24T03:18:26.000Z,93468,54,184,74
KR,"고현정 드라마현장서 욕설,폭행..녹취있다.. 제작진이 촬영거부/ 소속사 오늘 입장 발표 하차결정",시사임당,News & Politics,"\"고현정폭행|\"\"고현정PD폭행\"\"|\"\"고현정하차\"\"|\"\"고현정리턴하차\"\"\"","고현정 드라마현장서 욕설,폭행..녹취있다.. 제작진이 촬영거부/ 소속사 오늘입장 발표 하차결정",2018-02-08T01:53:00.000Z,93283,91,135,200
KR,복길이 김지영 천국에 가다???그건 엄청난 손실!!! ♥ 뉴스 속보,8.386.589회조회수,Entertainment,"\"복길이|\"\"김지영\"\"|\"\"뉴스공장\"\"|\"\"뉴스\"\"|\"\"생방송\"\"|\"\"24 시간 뉴스\"\"|\"\"핫 뉴스\"\"\"","뉴스공장 : 복길이 김지영 천국에 가다???그건 엄청난 손실!!! . \\nWatch Hot video in Korea, click here: https://goo.gl/XJqNuJ \\n+ 100.000 Subscribe, please. I really appreciate it! Please Click Subscribe or Click here: https://goo.gl/1FetSz for Korean start channel. \\nFan page: https://goo.gl/Du8JWc \\n+I do not own any images. For information on copyright infringement, please contact: cammy2017123@gmai.com",2018-04-24T11:19:43.000Z,93237,149,470,53
KR,김지은 정무비서 나이 학력 결혼 6급 사진 텔레그램 안희정 가족 아들 성폭행 미투 정리,SKY KOREA,People & Blogs,"\"김지은|\"\"안희정\"\"|\"\"정무비서\"\"|\"\"나이\"\"|\"\"학력\"\"|\"\"프로필\"\"|\"\"부인\"\"|\"\"뉴스\"\"|\"\"최신 뉴스\"\"|\"\"김지은 비서\"\"|\"\"24시간\"\"|\"\"성폭행\"\"|\"\"민주원\"\"|\"\"살펴보니\"\"|\"\"남편\"\"|\"\"결혼\"\"|\"\"#youtube\"\"|\"\"생방송\"\"|\"\"아침뉴스\"\"|\"\"정오뉴스\"\"|\"\"24 시간 뉴스\"\"|\"\"247 핫 뉴스\"\"|\"\"UCbuxMVbgtXHg_KSWS8icTdg\"\"\"","김지은 정무비서 나이 학력 결혼 6급 사진 텔레그램 안희정 가족 아들 성폭행 미투 정리 \\n결국 정치권에도 미투운동이 일어났습니다. \\n그동안 깨끗한 이미지와 차기 대권 유력후보로 뽑힐만큼 젊은 층의 지지도가 높았던 \\n안희정 충남도지사의 비서인 김지은씨가 jtbc 뉴스룸에 출연해 자신의 얼굴과 이름을 알리고 \\n큰 용기를 내며 안희정 지사의 성추행, 성폭행에 대한 모든것을 밝혔다고 합니다. \\n+Help me 1OO OOO Subscribe, please. I really appreciate it! Please Click Subscribe or Click here: https://goo.gl/8UnTdU \\nfor Korean start channel. \\n+I do not own any images. For information on copyright infringement, please contact: nguyenbathanh1990@gmai.com \\nI will always pu",2018-03-08T11:16:02.000Z,92792,81,82,63
KR,BJ윰댕 김이브님 사건 정리,YVD TV,People & Blogs,"\"김이브 윰댕|\"\"윰댕 김이브\"\"|\"\"꽃빈\"\"|\"\"윰꽃\"\"|\"\"김이브 윰댕 사건정리\"\"|\"\"윰댕 김이브 갈등\"\"|\"\"윰댕 김이브 사건\"\"|\"\"윰댕 김이브 논란\"\"|\"\"윰댕 김이브 디스공방전\"\"|\"\"김이브 윰댕 논란\"\"|\"\"김이브 윰댕 디스\"\"|\"\"김이브 윰댕 디스공방전\"\"|\"\"윰댕 꽃빈\"\"|\"\"대도서관\"\"|\"\"대도서관 김이브\"\"|\"\"이슈왕 김이브\"\"|\"\"이슈왕 윰댕\"\"|\"\"윰댕 김이브 싸움\"\"|\"\"김이브 윰댕 싸움\"\"|\"\"윰댕 김이브 디스\"\"\"",지난밤 새벽을 달구었던 유튜버 윰댕 김이브님에 대한 사건을 정리해보았습니다,2017-12-10T02:16:09.000Z,91991,79,97,528
KR,12.18] 12.19] 스크림팀 갓건배 오늘 11시 시작합니다!!!!  오버워치 데바데(안함) 배그 프로게이머 갓건배,갓건배,Gaming,[none],"",2017-12-19T18:51:12.000Z,9056,320,387,21
KR,조현아 채진 사생활 사진 유출?,뉴스 명성,People & Blogs,[none],조현아 채진 사생활 사진 유출?,2018-04-17T03:20:28.000Z,90469,42,62,5
KR,혜리 리포팅 연기,d d,People & Blogs,혜리,설명,2017-11-28T16:40:03.000Z,90386,44,79,39
KR,이케아 매장에 등장했다는 완벽 하의 실종女,일일뉴스,News & Politics,"\"이케아 매장에 등장했다는 완벽 하의 실종女|\"\"이케아\"\"|\"\"매장에\"\"|\"\"등장했다는\"\"|\"\"완벽\"\"|\"\"하의\"\"|\"\"실종女\"\"\"",이케아 매장에 등장했다는 완벽 하의 실종女,2018-04-03T16:25:37.000Z,88402,37,64,62
KR,"[충격] 안희정 비서... 안희정 부인 민주원 아내 사진, 이혼 재혼 젊은시절 학력 고향 재산 군대 약력 혈액형 종교 프로필 근황 [뉴스 속보]",Kim Tae-hee,Entertainment,"\"안희정 비서|\"\"안희정 부인 민주원 아내 사진\"\"|\"\"이혼 재혼 젊은시절 학력 고향 재산 군대 약력 혈액형 종교 프로필 근황\"\"|\"\"안희정\"\"|\"\"김지은\"\"|\"\"김지은 비서\"\"|\"\"안희정 김지은\"\"|\"\"김지은 정무비서\"\"|\"\"UCqgfhFh_S9CqDOKO-x3PJaw\"\"|\"\"Kim tae Hee\"\"|\"\"뉴스 속보\"\"\"","KIM TAE HEE: [충격] 안희정 비서... 안희정 부인 민주원 아내 사진, 이혼 재혼 젊은시절 학력 고향 재산 군대 약력 혈액형 종교 프로필 근황 \\n+++++++++++++++++++++++++++++++++++++++++++ \\n구독 신청 박근혜 여기 채널 : https://goo.gl/pJPj6R \\n+++++++++++++++++++++++++++++++++++++++++++ \\ncontact us : manhtruongnews90@gmail.com \\n내 동영상을 시청 해 주셔서 감사합니다.",2018-03-05T21:00:04.000Z,881009,607,778,887
KR,"신은경 아들 사망 전남편 김정수 아이(뇌수종, 거인증) | 뉴스공장",AU GR Entertaiment,People & Blogs,"\"AU GR Entertaiment|\"\"신은경\"\"|\"\"신은경 거인증\"\"|\"\"신은경 아들\"\"|\"\"신은경 아들 뇌수종\"\"|\"\"신은경 아이\"\"|\"\"신은경 전남편\"\"|\"\"신은경 전남편 김정수\"\"|\"\"핫이슈\"\"|\"\"스타\"\"|\"\"TV 드라마\"\"|\"\"결혼과 가족\"\"|\"\"스토리\"\"|\"\"연애\"\"|\"\"뉴스공장\"\"|\"\"24시간\"\"|\"\"뉴스\"\"|\"\"생방송\"\"|\"\"아침뉴스\"\"|\"\"정오뉴스\"\"|\"\"24 시간 뉴스\"\"|\"\"247 핫 뉴스\"\"\"","신은경 아들 사망 전남편 김정수 아이(뇌수종, 거인증) \\nThank for watching my channel \\nIf you like this video, please Subscribe my channel: https://goo.gl/kqDkhu \\n\\n================================ \\n#재혼 남편과 #재혼 남편과 이혼이유 # 식사망 #박찬호 #박 \\n#리혜 #박찬호아내 박리혜 #인생역전",2017-11-20T08:05:48.000Z,87902,69,74,9
KR,김이브 윰댕 사건의 내막,매거진 탑 뉴우스,People & Blogs,"\"김이브|\"\"꽃빈\"\"|\"\"유튜브\"\"|\"\"동물\"\"|\"\"고양이\"\"|\"\"개\"\"|\"\"강아지\"\"|\"\"남순\"\"|\"\"철구\"\"|\"\"박가린\"\"|\"\"악어\"\"|\"\"양띵\"\"|\"\"미스테리\"\"|\"\"나무\"\"\"",선빵 즙 윰댕 10시 20분 방종 \n아무것도 모르고 정방 10시 30분 방송 킨 김이브\n그 날의 방송,2017-12-11T14:09:09.000Z,8717,58,73,97
KR,북한 삼지연관현악단이 부르는 'J에게',NocutV,News & Politics,"\"nocutV|\"\"노컷V\"\"|\"\"CBS\"\"|\"\"스마트뉴스\"\"|\"\"j에게\"\"|\"\"반갑습니다\"\"|\"\"흰눈아 내려라\"\"|\"\"삼지연관현악단\"\"|\"\"북한예술단\"\"|\"\"평창올림픽\"\"|\"\"평창동계올림픽\"\"|\"\"동계올림픽\"\"|\"\"강릉아트센터\"\"|\"\"강릉\"\"|\"\"평창\"\"\"",2018 평창 동계올림픽 개막을 하루 앞둔 지난 8일 북한 삼지연관현악단이 강릉아트센터에서 공연을 펼쳤습니다.\n북한 예술단 남한 공연은 2002년 8·15 민족통일대회 이후 15년 6개월 만에 처음이었는데요.\n\n이날 삼지연관현악단은 남한과 북한에서 사랑받는 노래들을 부르고 수준급 연주를 선보이며 남한 관객들의 갈채를 받았습니다.\n특히 북한 가수들이 남한 가요 'J에게'를 열창할 때는 흥겨운 분위기가 정점으로 치달았습니다.\n평창 동계올림픽 개막 전야를 화려하게 수놓은 북한 예술단 공연 주요 장면을 모아 봤습니다.,2018-02-09T05:25:53.000Z,871175,2002,2278,2515
KR,속보) 포항 5 6지진 피해 영상,썰구라,News & Politics,"\"포항 지진|\"\"포항 지진피해\"\"|\"\"포항 지진5.5\"\"|\"\"포항 날씨\"\"|\"\"포항 맛집\"\"|\"\"지진 5.5\"\"|\"\"지진 규모 지진 관련주\"\"|\"\"지진 꿈\"\"|\"\"지진 대피\"\"|\"\"경북 포항 지진\"\"|\"\"경북 지진\"\"|\"\"지진\"\"|\"\"지진 대피요령\"\"|\"\"지진 강도 단위 지진 대피훈련\"\"|\"\"경주 지진\"\"|\"\"지진 관련주\"\"|\"\"일본 지진\"\"|\"\"지진 피해 사례\"\"|\"\"지진 갤러리\"\"|\"\"원전\"\"|\"\"재난문자 설정\"\"|\"\"속보\"\"|\"\"포항지진 원전\"\"|\"\"경북 포항시\"\"|\"\"기상청\"\"|\"\"지진 피해 영상\"\"|\"\"한동대학교\"\"|\"\"경주 월성원자력발전소\"\"|\"\"한수원\"\"\"","기상청은 15일 오후 2시 29분께 경북 포항시 북구 북쪽 9㎞ \\n\\n지역에서 규모 5.4의 지진이 발생했다고 밝혔다\\n\\n진앙은 북위 36.10도, 동경 129.37도다\\n\\n경북과 경남은 물론 서울 지역에서도 건물 흔들림이 \\n\\n느껴지는 등 전국 곳곳에서 진동이 감지되었습니다\\n\\n오후 2시 22분 32초 포항시 북구 북쪽 7km 지역에서 \\n\\n규모 2.2의 지진이 난 후 2시 22분 44초에는 \\n\\n비슷한 지점에서 규모 2.6의 지진이 발생했습니다",2017-11-15T07:24:53.000Z,87006,147,157,138
KR,철구VS지혜 같이 못산다..오늘 끝장본다!! 결국 파국행..? (17.11.25-5) ::ChulGu,철구형 (CHULTUBE),Comedy,"\"철구|\"\"BJ철구\"\"|\"\"아프리카철구\"\"|\"\"afreecaTV\"\"|\"\"아프리카TV\"\"|\"\"BJ\"\"|\"\"비제이\"\"|\"\"인터넷방송\"\"|\"\"인터넷방송BJ유머방송\"\"|\"\"개그방송\"\"|\"\"유머영상\"\"|\"\"개그영상\"\"|\"\"게임영상\"\"|\"\"게임방송\"\"|\"\"꿀잼\"\"|\"\"웃긴영상\"\"|\"\"웃긴방송\"\"\"",▶구독+좋아요+공유! 앙♥기모띠\n\n철구 유튜브 ▶  http://goo.gl/ewip1K\n철구 아프리카 ▶  http://Afreecatv.com/y1026\n철구 페이스북 ▶ http://goo.gl/4DC1hG\n지혜 유튜브 ▶  http://goo.gl/AYZPOl\n지혜 아프리카 ▶  http://Afreecatv.com/xwx1541\n지혜 인스타 ▶ http://goo.gl/xrWZmi,2017-11-25T19:17:30.000Z,86980,212,289,818
KR,[레알영상] 지진마저 정쟁 소재로... 자유한국당 류여해의 막무가내 주장,OhmynewsTV,News & Politics,"\"이승만|\"\"박정희\"\"|\"\"김영삼\"\"|\"\"이명박\"\"|\"\"박근혜\"\"|\"\"자유한국당\"\"|\"\"류여해\"\"|\"\"문재인\"\"|\"\"포항\"\"|\"\"지진\"\"\"","자유한국당이 17일 서울 여의도 당사 회의실 벽에 이승만-박정희-김영삼 전 대통령 사진을 걸었습니다.\\n\\n이날 오전 열린 최고위원회의에서 홍준표 자유한국당 대표는 벽에 걸린 전직 대통령 사진을 보고 저 사진을 국회 대표실과 원내대표실에도 붙이고, 전국 시·도당은 반드시 붙이도록 하라고 지시했습니다. \\n\\n이날 회의에서는 또 포항 지진에 대해 막무가내 주장도 나왔는데요. 류여해 자유한국당 최고위원은 이번 포항 지진은 문재인 정부에 대해 하늘이 주는 준엄한 경고이자 천심이라는 지적들이 나오고 있다고 주장했습니다.\\n\\n(영상취재 : 이승열 기자)",2017-11-17T07:43:37.000Z,86895,183,653,1444
KR,긴급 속보:손연재의 만행✧평창올림픽 AD카드 논란 【최신 뉴스】,8.966.808 한국 오락,People & Blogs,"\"손연재의|\"\"만행\"\"|\"\"평창올림픽\"\"|\"\"AD카드\"\"|\"\"논란\"\"|\"\"8.966.808 한국 오락\"\"|\"\"UCAa4R8aSMngM-MChyhnZX3Q\"\"|\"\"#breaking news\"\"\"",손연재의 만행 평창올림픽 AD카드 논란,2018-02-22T00:38:45.000Z,86539,373,398,429
KR,대물 변강쇠 (2017) - 영화 다시보기 - 한국 최고의 영화 리뷰 채널 FangCao channel,FangCao Channel,Entertainment,"\"FangCao|\"\"channel\"\"|\"\"대물 변강쇠 (2017) 영화 다시보기\"\"|\"\"대물 변강쇠 (2017)\"\"|\"\"영화 다시보기\"\"|\"\"한국 최고의 영화 리뷰 채널\"\"|\"\"FangCao channel\"\"|\"\"전범준\"\"|\"\"한국 영화\"\"|\"\"한국 드라마\"\"|\"\"영화 평론\"\"|\"\"로맨스\"\"\"",Subscribe for more: https://goo.gl/8j6QVJ\n대물 변강쇠 (2017) 영화 다시보기: https://goo.gl/mTwMWv\n이 비디오는 오락 목적으로 만 제공됩니다. 저작권 침해가 의도되지 않았습니다.\nThis video is for entertainment purposes only. No copyright infringement intended.\nThanks for watching!!!\n대물 변강쇠 (2017) 영화 다시보기\n대물 변강쇠 (2017) 영화 다시보기,2017-12-28T18:20:59.000Z,858683,682,741,38
KR,대.전 둔.산동 동.영상 술.집 룸.소주.방 술.집 동.영.상 좌**표 | KRVBA TV,연예인,People & Blogs,"\"KRVBA TV|\"\"연예인\"\"|\"\"연예계\"\"|\"\"스캔들\"\"|\"\"#youtube\"\"|\"\"breaking news\"\"|\"\"korea news\"\"|\"\"#breaking news\"\"|\"\"#showbiz\"\"|\"\"#koreanew 247\"\"|\"\"#breaking news 247\"\"|\"\"#korea news 247\"\"\"",잼있는 연예전문 종합 채널 KRVBA TV. 입니다 :) 동영상에 맘에 드시면 '추천' + '구독' + '공유' 부탁 드립니다. \n구독 신청 여기 채널: https://goo.gl/z7hKob,2018-03-02T01:00:00.000Z,85066,23,93,9
