country,title,channel_title,category,tags,description,publish_time,views,likes,dislikes,comment_count
JP,エンゼルス 大谷翔平 初ホームラン,マザパンたなよう,Sports,"\"大谷翔平|\"\"初ヒット\"\"|\"\"エンゼルス\"\"|\"\"メジャーリーグ\"\"|\"\"HIKAKIN\"\"\"",エンゼルス\n大谷翔平\n初ヒット,2018-02-27T12:51:30.000Z,4697,11,712,35
JP,【ご報告】歌舞伎町にラファエルのホストクラブ出店します！,Raphaelラファエル,Comedy,"\"YouTuber|\"\"japanese\"\"|\"\"japan\"\"|\"\"コメディ\"\"|\"\"仮面\"\"|\"\"マスク\"\"|\"\"白いマスク\"\"|\"\"面白い\"\"\"",⬇撮影協力してくれたNGGで働く事に興味がある方はこちらから\nhttp://ngg-r.com/lp/\n\n新チャンネル⇩（個人のファンクラブ始めました）\nhttps://fanicon.net/fancommunities/177\n\nいいなと思っていただけたら高評価押してください！\n再生数よりもこちらを参考にして動画を作りたい！！\nそして少しでも面白いなと思っていただけたら是非【チャンネル登録】お願いします！\n\nファンクラブ会員登録はこちら↓\nhttp://id.vaz.tokyo/account/join\n\nラファエルクッキングこちらです⇩レシピは最後に載ってます\nhttps://www.youtube.com/channel/UCgQgMOBZOJ1ZDtCZ4hwP1uQ?view_as=subscriber\n\n炎上軍の休日⇩ヒカル・シバター・ラファエルのチャンネル\nhttps://www.youtube.com/results?search_query=%E7%82%8E%E4%B8%8A%E8%BB%8D\n\n・インスタグラム\nhttps://www.instagram.com/raphaelangel8183/?hl=ja\n\n・新ツイッターアカウント\nアカウントは現在コレのみです⇩\nhttps://twitter.com/R48352790\n\n・ラファエルゲームチャンネル\nhttps://www.youtube.com/channel/UCy2LfS0YNOOj5SRFjCrbIXA\n\n・企業案件、お仕事の依頼は️⇓\nhttp://vaz.co.jp/contact/\n\n・VAZ公式HP\nhttp://vaz.tokyo/\n\n・クリエーター募集は️\nhttps://goo.gl/r0z6mQ\n\n・ラファエル２サブチャンネル　\nhttps://www.youtube.com/channel/UCgQgMOBZOJ1ZDtCZ4hwP1uQ\n\n・フェイスブック\nhttps://www.facebook.com/profile.php?id=100008447140381,2018-02-24T10:00:02.000Z,469484,4177,6040,1367
JP,【七原くん】1円でも払ってれば誠意は伝わる,ニコニコ動画特集,Entertainment,[none],2018/05/08(火) 23：30開場  23：30開演 病み上がり原くん,2018-05-08T22:26:52.000Z,4624,10,23,36
JP,海外の反応 衝撃!!英BBC「日本は韓国を超えられない！」東京五輪のマスコット!!平昌の方が良かった?!【すごい日本】,世界から見た日本ch 感動大国Japan,People & Blogs,"\"世界から見た日本ch感動大国Japan|\"\"http://urx3.nu/CEmN\"\"\"",ご視聴頂きありがとうございます。\nチャンネル登録お願いします→http://urx3.nu/CEmN\n\n\n海外の反応 衝撃!!英BBC「日本は韓国を超えられない！」東京五輪のマスコット!!平昌の方が良かった?!【すごい日本】\n\n\n詳細は動画を御覧ください。\n\n\n《おすすめ動画・関連動画》\n\n\n海外の反応 衝撃!!「札幌だと?!冗談だろ！勘弁してくれ！」2026年の冬季オリンピック候補地!!【すごい日本】\nhttps://youtu.be/LRnnyqBhXtE\n\n\n海外の反応 衝撃!!ある外国人が日本で出会った忘れられない光景に世界中が感動!!「人生で最高の体験だったよ！」【すごい日本】\nhttps://youtu.be/8no-4c6bSmE\n\n\n海外の反応 衝撃!!日本に対し今度は国連で韓国が問題発言!?「韓国はおかしいよ」世界中から非難が殺到!!【すごい日本】\nhttps://youtu.be/gE7Tn4sDOxM\n\n\n海外の反応 衝撃!!「特殊すぎる！」空港の日常風景に日本の凄さが隠されていると世界が注目!!ある光景に外国人驚愕!?【すごい日本】\nhttps://youtu.be/Dnh1qXKzTX4\n\n\n海外の反応 衝撃!!「米国と大違い！」外国人驚愕?!日本の〇〇の生活風景が日本一厳しいのに快適すぎると話題に!!【すごい日本】\nhttps://youtu.be/z64V_g4sn2s\n\n\n\n引用 http://moudamepo.com/18/\n\nBGM https://www.youtube.com/audiolibrary/music,2018-03-03T05:27:03.000Z,45727,48,322,288
JP,【４キロ】すき家！裏メニュー！エンペラー牛丼食べてみた！,Raphaelラファエル,Comedy,"\"コメディ|\"\"仮面\"\"|\"\"マスク\"\"|\"\"白いマスク\"\"|\"\"面白い\"\"|\"\"お笑い\"\"|\"\"ラファエル\"\"|\"\"ムキムキ\"\"|\"\"マッチョ\"\"|\"\"筋肉\"\"|\"\"牛丼\"\"|\"\"エンペラー\"\"\"",ラファエルゲームチャンネル\nhttps://www.youtube.com/channel/UCy2LfS0YNOOj5SRFjCrbIXA\n\nアメブロ\nhttps://ameblo.jp/raphael-13/\n\n新チャンネル⇩（個人のファンクラブ始めました）\nhttps://fanicon.net/fancommunities/177\n\nファンクラブ会員登録はこちら↓\nhttp://id.vaz.tokyo/account/join\n\nラファエルクッキングこちらです⇩レシピは最後に載ってます\nhttps://www.youtube.com/channel/UCgQgMOBZOJ1ZDtCZ4hwP1uQ?view_as=subscriber\n\n炎上軍の休日⇩ヒカル・シバター・ラファエルのチャンネル\nhttps://www.youtube.com/results?search_query=%E7%82%8E%E4%B8%8A%E8%BB%8D\n\n・インスタグラム\nhttps://www.instagram.com/raphaelangel8183/?hl=ja\n\n・新ツイッターアカウント\nアカウントは現在コレのみです⇩\nhttps://twitter.com/R48352790\n\nいいなと思っていただけたら高評価押してください！\n再生数よりもこちらを参考にして動画を作りたい！！\nそして少しでも面白いなと思っていただけたら是非【チャンネル登録】お願いします！\n\n・企業案件、お仕事の依頼は️⇓\nhttp://vaz.co.jp/contact/\n\n・VAZ公式HP\nhttp://vaz.tokyo/\n\n・クリエーター募集は️\nhttps://goo.gl/r0z6mQ\n\n・ラファエル２サブチャンネル　\nhttps://www.youtube.com/channel/UCgQgMOBZOJ1ZDtCZ4hwP1uQ\n\n・フェイスブック\nhttps://www.facebook.com/profile.php?id=100008447140381,2018-04-22T09:00:02.000Z,457086,4031,4790,817
JP,宮原知子が平昌五輪でも嫌われる“理由”に涙がとまらない…フィギュアスケート女子の隠された裏事情とは…,ゴシップモンスター,People & Blogs,"\"ゴシップモンスター|\"\"宮原知子\"\"|\"\"平昌五輪\"\"|\"\"フィギュアスケート\"\"|\"\"宮原知子 涙\"\"\"",▼チャンネル登録お願いします↓↓↓↓↓\nhttp://www.youtube.com/channel/UCXvJ3XGZECEwoR4G_WVIo2A?sub_confirmation=1\n\n\n【おすすめ・関連動画】\n\n\n宮原知子出身大学と両親の職業と年収は？\nhttps://youtu.be/X8PJ7t1cSdU\n\n\n宇野昌磨が隠し続けてきた病気に一同驚愕…羽生結弦のフォローに浅田真央、本田真凛とファン称賛の嵐‼\nhttps://youtu.be/X1IcqAaqj30\n\n\n羽生結弦も心配する宇野昌磨の”ある状態の変化”がヤバかった…\nhttps://youtu.be/UYxS8jF4zWI\n\n\n宇野昌磨 実家の父や祖父の衝撃の職業‼浅田真央も引くほどの金持ち‼\nhttps://youtu.be/U7zi8pmspuI\n\n\n【免責事項】\n動画に掲載している画像の著作権・肖像権等は\n各権利所有者に帰属致します。\n権利を侵害する目的ではありません。\n記事の内容や掲載画像等に問題がありましたら、\n各権利所有者様本人が直接メールでご連絡下さい。\n確認後、迅速に対応させて頂きます。\n\n\n【問い合わせ】\ngossipmonster.ch@gmail.com\n\n\n【音楽引用（フリー音源）】\nMusic is VFR   http://musicisvfr.com/free/index.html,2018-02-20T09:16:40.000Z,45635,96,102,13
JP,2018年4月25日 朝のニュース解説 二木啓孝,保守ラジオ,News & Politics,"\"2018年4月25日|\"\"二木啓孝\"\"|\"\"くにまるジャパン極\"\"\"",くにまるジャパン極\n\n13:04 深読みジャパン\n\n前回の 二木啓孝 は\nhttps://youtu.be/CL5Y5tKmm_4,2018-04-25T00:38:54.000Z,4532,7,25,7
JP,悪質タックルの日大アメフト部・宮川泰介の本性がガチでヤバい…,GOSSIPY,Entertainment,"\"UCPMb7k6NziJ1ecrB-fpZXlw|\"\"gossipy\"\"|\"\"日大 アメフト 反則\"\"|\"\"アメフト 日大 反則\"\"|\"\"アメフト 日大 関学 反則\"\"|\"\"アメフト\"\"|\"\"日大\"\"|\"\"関学\"\"|\"\"ラフプレー 日大\"\"|\"\"ラフプレー 日大選手\"\"|\"\"宮川泰介\"\"|\"\"内田正人\"\"|\"\"アメリカンフットボール\"\"|\"\"関西学院大学\"\"|\"\"日本大学\"\"|\"\"タックル\"\"|\"\"american football game\"\"|\"\"フットボール\"\"|\"\"日大アメフト\"\"|\"\"反則\"\"|\"\"関学、日大、関西学院、日本大学、アメフト、フットボール\"\"|\"\"日大、関学、日本大学、関西学院大学、アメフト、フットボール\"\"|\"\"関東大会\"\"|\"\"甲子園ボウル\"\"|\"\"football\"\"|\"\"phoenix\"\"|\"\"fighters\"\"|\"\"kg\"\"|\"\"2018\"\"\"",チャンネル登録はコチラhttps://goo.gl/My3b9a日本大学アメフト部の殺人タックル(5月6日vs関西学院大学)https://www.youtube.com/watch?v=dknEe3i13HI【殺人タックル】アメフト関東大会 日本大学vs関西学院大学【全治３週間で足にしびれ】https://www.youtube.com/watch?v=AJCklhW5Ul0日大アメフト選手のタックルで関西学院大学QBの背骨が曲がるシーンまとめ！なぜ審判はすぐに注意しないの？https://www.youtube.com/watch?v=oqxiUSFkiog【関東学生アメリカンフットボール】180506.日本大学vs関西学院大学１https://www.youtube.com/watch?v=1j7PKW-PWEM【関東学生アメリカンフットボール】180506.日本大学vs関西学院大学８https://www.youtube.com/watch?v=gLXnZgr3EYU出典元http://amachamusic.chagasi.com/index.html,2018-05-13T07:50:19.000Z,448121,801,1040,634
JP,Ep5 I can’t stop | BTS: Burn the Stage,BANGTANTV,Music,"\"방탄소년단|\"\"슈가\"\"|\"\"지민\"\"|\"\"랩몬스터\"\"|\"\"진\"\"|\"\"정국\"\"|\"\"제이홉\"\"|\"\"뷔\"\"|\"\"빅히트\"\"|\"\"방탄\"\"|\"\"민윤기\"\"|\"\"김남준\"\"|\"\"정호석\"\"|\"\"박지민\"\"|\"\"김석진\"\"|\"\"김태형\"\"|\"\"케이팝\"\"|\"\"음악\"\"|\"\"윙스 투어\"\"|\"\"윙즈 투어\"\"|\"\"월드 투어\"\"|\"\"콘서트\"\"|\"\"성장다큐\"\"|\"\"음악다큐\"\"|\"\"리얼리티\"\"|\"\"유튜브\"\"|\"\"유튜브 레드\"\"|\"\"유튜브 레드 오리지널\"\"|\"\"유튜브 레드 시리즈\"\"|\"\"유튜브 오리지널\"\"|\"\"유튜브 오리지널 시리즈\"\"|\"\"아티스트\"\"|\"\"BTS\"\"|\"\"K-pop\"\"|\"\"Music\"\"|\"\"Suga\"\"|\"\"RM\"\"|\"\"Rap Monster\"\"|\"\"Jimin\"\"|\"\"Jin\"\"|\"\"Jungkook\"\"|\"\"J-Hope\"\"|\"\"Bangtan TV\"\"|\"\"Bangtan\"\"|\"\"Music Documentary\"\"|\"\"Documentary\"\"|\"\"Concert\"\"|\"\"Wings Tour\"\"|\"\"World Tour\"\"|\"\"YouTube\"\"|\"\"YouTube Red\"\"|\"\"YouTube Red Originals\"\"|\"\"Original Series\"\"|\"\"YouTube Red Series\"\"|\"\"YouTube Original Series\"\"|\"\"artist\"\"|\"\"musician\"\"\"","Translations by YouTube. These are currently being updated. \\n\\nThis is why BTS are everlasting.\\n\\nAfter over a month, BTS’s South America tour comes to an end. The members take this moment to recharge and personally reflect, to rejuvenate their bodies and minds after this period of intense work. The members of BTS can always rely on each other for support and encouragement; see how time together helps strengthen their bonds, and makes them grow to become better artists and better people to each other.\\n\\n--\\n\\n유튜브에서 자막 번역했으며, 현재 업데이트 중입니다. \\n\\n남미 투어도 어느덕 끝에 이르렀다. 오랜만에 휴식과 자유시간을 갖게된 멤버들은 지친 몸과 마음을 달래고, 공연장 밖에서 함께 보내는 시간을 통해 BTS는 상상할 수 없을 정도로 커진 서로의 존재를 확인한다. 아티스트로서, 뮤지션으로서 성장해 나가는 BTS는 함께 하기 때문에 더 소중하고, 더 감사하다. 멤버들의 끈끈한 가족애를 확인해보자.",2018-04-18T15:30:14.000Z,44762,22,42,0
JP,Live - Day5 JPSA2018 ショート第1戦 バリ島 クラマス,JPSA OFFICIAL,Sports,"\"JPSA|\"\"SURF\"\"|\"\"サーフィン\"\"|\"\"BALI\"\"\"",JPSAジャパンプロサーフィンツアー 2018 ショートボード第1戦\n\nガルーダ・インドネシア／旅工房\nムラサキプロ\n期　　日／4月16日（月）～20日（金）※プロトライアル同時開催\n会　　場／バリ島クラマス\n特別協賛／株式会社ムラサキスポーツ\n　　　　　株式会社旅工房\n　　　　　ガルーダ・インドネシア航空,2018-04-18T07:43:50.000Z,44762,22,42,0
JP,【市川海老蔵】レイカの待ちわびているのは　2015/02/27,よいチャン,Entertainment,"\"れいかちゃん|\"\"麗禾ちゃん\"\"|\"\"かんげんくん\"\"|\"\"カンカン\"\"|\"\"海老蔵 子供\"\"|\"\"小林麻耶\"\"|\"\"小林麻央\"\"\"",【ブログ】YouTube　市川海老蔵ブログ子供ネタ動画まとめ　http://fanblogs.jp/yoiyoiww/【引用元】https://ameblo.jp/ebizo-ichikawa/entry-11995074934.htmlABKAI　市川海老蔵ブログ【関連・おすすめ動画】  8z9x0c3v0b0n4【市川海老蔵】話題の人みっけ　2014/04/27https://youtu.be/_xF1ySUAssY【市川海老蔵】かくれんぼ 勸玄祭 (動画)　2015/02/02https://youtu.be/hFsH-WXXlw8【市川海老蔵】ふらふら（動画）2015/06/24（麻央さんも…）https://youtu.be/zMbbBUV8DZ0【市川海老蔵】ホテルついたらマオから (動画)　2015/05/04https://youtu.be/12byNGaJfCI【市川海老蔵】勸玄トレーニング（動画付）2015/06/10https://youtu.be/Y5Ig0KWrWWM【市川海老蔵】おにさん　(動画)　2015/08/21https://youtu.be/Obv3rkosIQo【市川海老蔵】昨日のふたり（動画）2015/07/20https://youtu.be/FA3cWxffrf0【市川海老蔵】はだか… たんぽぽたんぽぽ（動画付）2015/07/22https://youtu.be/Es0C1a1PqMc【市川海老蔵】元気出ちゃったカンカンダンシィング（動画）2016/07/28　https://youtu.be/qDHjlvcIQ8s【市川海老蔵】嬉しいカンカンからのプレゼント（動画）2016/10/24　https://youtu.be/6rq2hlRKOzE【市川海老蔵】うーんいい！もういちど（動画）2016/11/14https://youtu.be/pDeYkuuCEAE【市川海老蔵】感動したそうです！（動画・麻央さんの音声あり）2015/10/24　https://youtu.be/gW6QfETEmfE【市川海老蔵】かんかんと黒にんにく（動画付）2016/09/27https://youtu.be/Zvr-7LjAv10【市川海老蔵】お茶の飲み終わりが（動画）2015/09/28https://youtu.be/9SBUjp5YVxQ【市川海老蔵】さぁ帰ろ！（動画付）2015/11/22（後ろに麻央さん）　https://youtu.be/kyqkQb50h1A【市川海老蔵】お！おきてた（動画付）2015/01/30（可愛面白っす笑❤♪）　https://youtu.be/CqQlw0Hu8PU【市川海老蔵】たべるの？最高！！！！（動画）2015/06/25https://youtu.be/9w9R_3xFU8Q【市川海老蔵】あちゅい（動画付）2015/06/21（かわいい訴え✨）　https://youtu.be/1yqDh6VbqGA【市川海老蔵】ただいまーごはん よそう勸玄（動画付）2015/04/11（勸玄、ありがとう）　https://youtu.be/6DuZP-vE7gM【市川海老蔵】パパラッチ（動画）2015/07/09（今日はじっくり撮れました🎶）　https://youtu.be/rxVcAQbWxWM【市川海老蔵】いい関係（動画付）2017/10/01（愛犬ラブとカンカン💕）　https://youtu.be/E8FXOhSxMO0【市川海老蔵】勸玄（動画付）2015/01/06（なにしてるかわからないっす笑）　https://youtu.be/d89dgepZBC8【市川海老蔵】正月の準備（動画）2016/12/30https://youtu.be/vrFnXDvnwrc【市川海老蔵】勸玄2（動画）2015/03/15（天使すぎる✨）https://youtu.be/nSLq9aJawrw【市川海老蔵】おはようございます言えない（動画付）2015/06/10　https://youtu.be/G9NvkxJ2UZY【市川海老蔵】以前に（動画）2016/06/16（完全無視された日でした笑）　https://youtu.be/PWvlSJBMiJc【市川海老蔵】勸玄くんのうた（動画付）2015/01/29（海老蔵さんの歌声がステキ✨）　https://youtu.be/kr_Ce8sgMY4【市川海老蔵】2015/01/10（動画付）2015/01/10（食べ方がかわいい❤）　https://youtu.be/P46_-Rky-0o【市川海老蔵】鑑賞中（動画）2015/01/12https://youtu.be/1CI2e_pmFVg【市川海老蔵】勸玄（動画付）2015/01/18https://youtu.be/HpdVlN9F9eI【市川海老蔵】朝ごはん（動画付）2015/01/26https://youtu.be/RvOnzpgEsnQ【市川海老蔵】れいか先生の指導のもと（動画）2015/03/09https://youtu.be/TpCbd6s9pHg【市川海老蔵】結果発表（動画付）2017/11/04https://youtu.be/2CCDO7_Kmhc【市川海老蔵】2015/05/24さいど（動画）2015/05/25https://youtu.be/tFTfQV7VbjY【市川海老蔵】あつい（動画付）2015/07/27https://youtu.be/oIx16Hos9Hg【市川海老蔵】朝のひと時（動画付）2016/07/07https://youtu.be/fJl9BmqHfog【市川海老蔵】ママに会えたのね　2016/10/13https://youtu.be/AxYEJA0gZs8【市川海老蔵】天下御免の大泥棒 第二弾！！！（動画）2016/11/06　https://youtu.be/k7AhqrEIWOY【市川海老蔵】炭酸ブドウジュースにシビれる（動画付）2016/12/24　https://youtu.be/s5okBHUH7pI【市川海老蔵　小林麻央】一年と三カ月ぶりにマオが　2017/02/18　https://youtu.be/A4NV0yJWCjc【市川海老蔵】インタビュー（動画）2017/12/04https://youtu.be/W0ocfPAhLWA【市川海老蔵】寝かしつけ（動画付）2018/04/09https://youtu.be/1-XO0cELr1A【市川海老蔵】誕生日　2017/12/07https://youtu.be/jP4IDKt6wpY【市川海老蔵】お正月。2017/12/11https://youtu.be/uy3rLElPb-E【市川海老蔵】貝とクリスマスツリー（動画付）2017/12/16https://youtu.be/Y_8wQY1VYsg【市川海老蔵】細かく見るとうける（動画）2017/12/22（すげー顔しとる笑、）　https://youtu.be/GpKBZlsNxG4【市川海老蔵】ははは（動画付）2015/05/15（麻央さんが横切る）　https://youtu.be/-XK5y3PJAbc【市川海老蔵】麗禾に勸玄が拍手してたの少し再現（動画）2018/01/03　https://youtu.be/7gMQ-Mq-8VA【市川海老蔵】麗禾も好きですが（動画）2018/01/04https://youtu.be/kd6Qtwvr_wI【市川海老蔵】帰ってる途中です　2017/05/29https://youtu.be/jPMWjOI3hUw【市川海老蔵】祈ってます。2018/02/08（麻央と同じだね）https://youtu.be/gka2DPhzqfA　【市川海老蔵】せんし　2018/02/14　https://youtu.be/XFp0j8W24I8【市川海老蔵】ハッピープレゼント（動画付）2018/02/27（黒柳徹子さんからだよ💕💕💕🎶）　https://youtu.be/ahu7Bdy-ex8【市川海老蔵】感動。2018/02/28https://youtu.be/YYHpWUrT5bc【市川海老蔵】一度はくれたのに…（動画）2018/03/02https://youtu.be/UrkBmvVrE7s【市川海老蔵】勸玄くんの将来なりたい職業に衝撃「当然、歌舞伎役者と思って…」　https://youtu.be/eNpudYE8cYA【市川海老蔵】おぉー（動画）2018/03/11https://youtu.be/S3vI110UicI【市川海老蔵】やっつけないで❤️（動画付）2018/03/11https://youtu.be/8cgju0VIuPY【市川海老蔵】なんともいえない（動画）2018/03/16https://youtu.be/bQ27Q4MSJZI【市川海老蔵】もうすぐ誕生日/宝を聞いてわかったよ！/笑笑。（動画）2018/03/19　https://youtu.be/6zf89bqPcNs【市川海老蔵】勸玄の今年の抱負（動画）2018/03/22https://youtu.be/PTmE1FSSL84【市川海老蔵】昨日の夜ですが（動画）2018/03/29https://youtu.be/eyp7OFgz21Y【市川海老蔵】姉弟　2018/04/03https://youtu.be/S4WPhWIVDPg【市川海老蔵】寝たふりからの　2018/04/05https://youtu.be/OyD937u8avg【市川海老蔵】普通の日曜日。2018/04/08https://youtu.be/qhs7B94568I【市川海老蔵】突然抹茶飲みたいと/… 二杯目　2018/04/10https://youtu.be/nc5J0zvNoE0【市川海老蔵　小林麻央】まおが　2014/06/30https://youtu.be/-0rIFXzqpxY【市川海老蔵】記念日　2014/07/25https://youtu.be/R6s6EtWWDF0【市川海老蔵　小林麻央】バスケットタイム　2014/08/03　まお…　https://youtu.be/kJBue_uHIpE【市川海老蔵】カコカン（動画）2016/06/23https://youtu.be/wn7CVfc0vnE【市川海老蔵】テレビで誕生日とみてくれて さっき（動画）2016/03/22　https://youtu.be/yF2Na-zi4m4【市川海老蔵】寝る前に　2018/04/22https://youtu.be/49hn9kAsbsg【市川海老蔵】ごめん！我慢できなくて…　2018/04/30https://youtu.be/95crLLcuhp0【市川海老蔵】兄弟喧嘩　2015/01/18https://youtu.be/2rJYy4K9tV8【市川海老蔵】きのかん2.（動画付）2015/02/12https://youtu.be/bX6S7xoahwc【市川海老蔵】帰りましたー（動画付）2018/05/07https://youtu.be/F1ZZi88J1_Q【市川海老蔵】ばーばと　2015/03/02https://youtu.be/XEw1ZCXla-s,2018-05-10T01:04:21.000Z,44713,49,71,6
JP,土曜プレミアム・IPPONグランプリ 2018年3月10日 180310【松本人志も絶賛の大喜利王は誰？】,TIME NEWS NEWS,People & Blogs,[none],土曜プレミアム\nIPPONグランプリ \n\n2018年3月10日 180310\n\n【松本人志も絶賛の大喜利王は誰？】,2018-03-10T17:33:55.000Z,44537,223,623,1288
JP,【イチロー】頭部に死球受けて倒れる MLB,仙人亀,Sports,[none],2018.03.24の試合で起きました。\n無事かどうかは情報が入って来てないので分かりません。\n相手のクソピッチャーは野球辞めて欲しいです。,2018-03-23T22:06:18.000Z,44189,7,13,12
JP,Yura Min Wardrobe Malfunction South Korea Olympic Ice Skating,DtoTheK,People & Blogs,"\"Wardrobe Malfunction|\"\"Wardrobe Malfunction Olympics\"\"|\"\"South Korea Olympic Ice Skating\"\"|\"\"Wardrobe Malfunction South Korea Olympic Ice Skating\"\"|\"\"Yura Min\"\"|\"\"Yura Min Wardrobe Malfunction\"\"|\"\"South Korea Wardrobe Malfunction\"\"|\"\"Yura Min South Korea Wardrobe\"\"|\"\"Yura Min South Korea Ice Skating Wardrobe Malfunction\"\"|\"\"Wardrobe Malfunction Olympic Ice Skating\"\"|\"\"Olympic Wardrobe Malfunction\"\"|\"\"Yura Min Ice Skating\"\"\"","",2018-02-11T19:36:27.000Z,438960,89,438,83
JP,【七原くん】派遣の面接で落ちた！ （ニコ生）,ニコ生TV,Entertainment,"\"七原くん|\"\"七原浩平\"\"|\"\"ニコ生TV\"\"\"",【2018年2月26日放送】\n\n■七原くん（ニコ生）\nhttp://com.nicovideo.jp/community/co3313757\n\n■七原くん公式ツイッター\nhttps://twitter.com/nanahara2525 \n\n\n■ニコ生TV（YouTube）高画質フルHD 1080p\nhttp://www.youtube.com/nicoTV1\n\n■ニコ生TV（Twitter）\nhttps://twitter.com/nico25TV,2018-02-26T16:36:37.000Z,4367,17,31,14
JP,【文春】追加情報！志田愛佳と長濱ねるの相手は近所でも評判の問題児だった！？,逆襲のトカゲぶちょー,Entertainment,"\"UC0obbAxYyIaGkStImmJm8jA|\"\"逆襲のトカゲぶちょー\"\"|\"\"ひらがな推し\"\"|\"\"欅坂46\"\"|\"\"ひらがなけやき\"\"|\"\"欅って書けない\"\"|\"\"KEYABINGO\"\"|\"\"NOGIBINGO\"\"|\"\"志田愛佳\"\"|\"\"長濱ねる\"\"\"",【文春】追加情報！志田愛佳が長濱ねるの相手は近所でも評判の問題児だった！？\n\n【超おすすめ】\n\n乃木坂情報なら「カッパ先輩！」\n\n【乃木坂46】おぎやはぎ、ラジオで能條愛未の文春砲について語る\nhttps://www.youtube.com/watch?v=WR4AT64Cqq8\n\n【関連動画】\n\n【欅坂46】志田愛佳さん…\nhttps://www.youtube.com/watch?v=sMHz-IUdqI0\n\n欅坂46平手友梨奈 アニラ以降､顔にある違いが見え大反響! ずーみんやゆいぽんもこれには感動｡\nhttps://www.youtube.com/watch?v=Ti_W_CqffLg\n\n【けやき坂46】破壊力抜群！あのメンバーがメイド姿を初披露！「けやきのメイド喫茶企画やらないかなぁ・・」\nhttps://www.youtube.com/watch?v=aNvQE8UTn24,2018-04-25T04:00:02.000Z,43487,84,123,232
JP,衝撃！動物の体内から見つかった異常な物体８選,THE PLAKO,People & Blogs,"\"衝撃|\"\"動物\"\"|\"\"動物の体\"\"|\"\"異物\"\"|\"\"衝撃の事実\"\"\"",衝撃！動物の体内から見つかった異常な物体８選チャンネル登録お願いします：　https://goo.gl/DSYP3Z★人気動画はこちらから…https://www.youtube.com/channel/UCatRgQjKtRKv_qYETRpZk_w/videos?sort=p&flow=grid&view=0HJU★IQテスト、性格診断、クイズ問題https://www.youtube.com/playlist?list=PLj_cWlGptIlTyLEfw81QTl7lDc-QwZHw8★女性ボディビルダー＆フィットネスビキニ　安井友梨のトレーニング＆食事まとめhttps://www.youtube.com/playlist?list=PLj_cWlGptIlShAcc0ZP_Wami7B1KE2qhR★海外美人フィットネスモデルのトレーニング＆食事や人生成功するコツhttps://www.youtube.com/playlist?list=PLj_cWlGptIlSxELjdx38dzfMdfRHw_syf★女性ボディビルダー日本＆世界★目からうろこの驚きの女性ボディビルダーたち　拒食症、超美人など衝撃のビフォーアフターも！https://www.youtube.com/playlist?list=PLj_cWlGptIlRaaebpWoakKYmmHA-XGUuh,2018-05-07T11:30:32.000Z,43484,92,190,66
JP,とんねるずみなさんのおかげでした最終回でマジギレ「フジテレビをおちょくるなよ」,山田正,People & Blogs,"\"とんねるず|\"\"なさけねえ\"\"|\"\"みなさんのおかげでした\"\"|\"\"最終回\"\"\"",とんねるずが、2018年3月22日放送の「とんねるずのみなさんのおかげでした」最終回で、なさけねえの中で、「フジテレビをおちょくるなよ」とネット民にマジギレしました。,2018-03-22T13:11:24.000Z,43113,16,95,6
JP,井上コーチのLINE流出キタ───(ﾟ∀ﾟ)────,GOSSIPY,News & Politics,"\"UCPMb7k6NziJ1ecrB-fpZXlw|\"\"gossipy\"\"|\"\"日大 アメフト 会見\"\"|\"\"日大\"\"|\"\"日大 アメフト\"\"|\"\"日大 司会\"\"|\"\"日大 司会者\"\"|\"\"日大 悪質タックル\"\"|\"\"日大 記者会見\"\"|\"\"日大 アメフト 会見 司会\"\"|\"\"日大 監督 会見\"\"|\"\"日大 緊急 会見\"\"|\"\"宮川泰介\"\"|\"\"内田正人\"\"|\"\"井上奨\"\"|\"\"井上コーチ\"\"\"",＊サムネイルのLINE画像はイメージです。チャンネル登録はコチラhttps://goo.gl/My3b9a【日大アメフト反則タックル問題】史上最悪の謎の司会者のブチギレに報道陣も応酬でコメントも大荒れの面白い記者会見https://www.youtube.com/watch?v=mh-eXPp5FTI【会見全編】アメフト反則タックル問題　日大の内田前監督らが会見（2018年5月23日）https://www.youtube.com/watch?v=Fn2lgjqusks【ノーカット】「私からの指示ではない」反則の指示否定　日大アメフト部の内田前監督と井上コーチが会見https://www.youtube.com/watch?v=0BU_Zo_75vE🏈【日大アメフト 反則タックル問題】内田正人前監督と井上奨コーチ 記者会見https://www.youtube.com/watch?v=479jzUo0CmE【ぶちギレ】宮川会見で日大が激怒＆直後にとった行動に一同唖然…【アメフト反則タックル】5月22日https://www.youtube.com/watch?v=ddyCOxEUWRkBGM煉獄庭園,2018-05-26T04:38:27.000Z,42578,45,303,52
JP,グラビアアイドル稲村亜美が始球式に出たら興奮した1000人の中学生球児が襲いかかる映像が話題に,衝撃的なチャンネル,People & Blogs,"\"稲村亜美|\"\"グラビアアイドル\"\"|\"\"水着\"\"|\"\"性犯罪\"\"|\"\"中学生\"\"|\"\"痴漢\"\"|\"\"集団痴漢\"\"|\"\"集団レイプ\"\"|\"\"高校野球\"\"|\"\"甲子園\"\"|\"\"プロ野球\"\"\"",日本リトルシニア中学硬式野球協会関東連盟の開会式が10日に神宮球場で開催された。\n\n・始球式には「神スイング」「神ピッチング」で有名なタレントの稲村亜美が務め、\nグラウンドに整列した選手たちがマウンドを空け、ピッチングする稲村を360度囲うような形となった。\n\n・始球式終了後は歓声が上がったが、興奮冷めやらないのか、中学生たちは稲村を囲んだまま大騒ぎ状態。\nそして、戸惑っている稲村を囲う円が徐々に小さく......最後は中学生がなだれ込んでもみくちゃ状態、\n稲村もどこにいるのかわからない状態になってしまった。\n\n・アナウンスの「選手は元の位置にお戻りください」の声もむなしく響くのみ、\nまさに無法地帯と化してしまった。,2018-03-12T01:34:51.000Z,425690,391,1848,1694
JP,ホームレス生活最終日？　心臓バクバクの結末。,ホームレス君,People & Blogs,"\"西武園競輪|\"\"ホームレス君\"\"\"",はじめまして！２０１８年１月あたりからホームレスになってしまった男ホームレス君です\n少しでも見てくださる方が増えますよう\n毎日悪戦苦闘しております！\nバイトとたまに夜勤のバイト！なんでも頑張ります！\n　　　　　　　　　　　　　\n毎週土曜日みんなで競輪参加募集！\n毎週日曜日「みんなで競輪」開催\nホームレス君のtwitter↓\nhttp://Twitter.com/@homelessyoutu\n\nメリー\n\nＬＩＮＥスタンプ\n\nhttps://line.me/S/sticker/3101722\n\nパート２\n\nhttps://line.me/S/sticker/3195565\n\n動画編集している間\nお店を貸していただけました！一回作り終えたところで消えてしまったので長いこと時間がかかってしまいましたが\nとても助かりました！\nありがとうございました！,2018-04-22T15:49:19.000Z,4243,21,24,16
JP,vs.埼玉西武ライオンズ 9回戦 監督会見,東北楽天ゴールデンイーグルス,Sports,"\"東北楽天ゴールデンイーグルス|\"\"楽天\"\"|\"\"楽天イーグルス\"\"|\"\"埼玉西武ライオンズ\"\"\"",2018年5月6日の埼玉西武ライオンズ 9回戦、監督会見。,2018-05-06T07:30:04.000Z,4233,10,81,88
