country,title,channel_title,category,tags,description,publish_time,views,likes,dislikes,comment_count
FR,Laeticia Hallyday et Sébastien Farran ensemble depuis trois ans. La Une choc de Oops,Actualités 24h,News & Politics,"\"Laeticia Hallyday\"\"|\"\"Sébastien Farran.\"","Tout comme il y a une quinzaine de jours, le magazine Oops continue d’alimenter la relation plus que professionnelle entre Laeticia Hallyday et le dernier manager de Johnny, Sébastien Farran. \\n\\n\\n\\n\\n\\nMerci beaucoup d'avoir regardé! \\nSi vous aimez les vidéos, accédez-y et partagez-les avec vos amis. \\nSi vous souhaitez plus de nouvelles, abonnez-vous à la chaîne! \\n\\n==================================================",2018-04-15T09:33:17.000Z,10873,19,37,29
FR,UN EVEQUE CONGOLAIS ABOMI NDEKO SANS RIVAL YA KOTALA PE AKEBISI BA MISUSU DOSSIER GRAVE,les nazareens Kinshasa,Howto & Style,WWW.NAZAREENSTV.COM,UN EVEQUE CONGOLAIS ABOMI NDEKO SANS RIVAL YA KOTALA PE AKEBISI BA MISUSU DOSSIER GRAVE,2018-01-06T13:57:53.000Z,10827,22,60,121
FR,Bagarre incroyable joueurs (Marcelo-Rami) à la fin du match OM VS OL 18/03/2018,MatSch,News & Politics,[none],Bagarre Amazing incident adil rami clash incroyable horrible scène de violence stade velodrome Marseille OM incroyable Amazing shirt Pierre menés ménès\nSTEVE MANDANDA Thauvin fight \nCLASH attitude provocation #omol Rolando Lyon olympique de Marseille lyonnais\nMaillot marcelo fekir aouar Anthony lopes Lopez Luis gustavo \nAll goals and highlights Tous les buts\nMarseille vs Lyon 2-3 Marcelo à l'origine d'une bagarre incroyable à la fin du match 18/03/2018,2018-03-18T22:12:27.000Z,10799,8,42,3
FR,Macron / Mélenchon : le ton monte #cdanslair 05.05.2018,C dans l'air,Entertainment,"\"Macron\"|\"Mélenchon\"|\"LREM\"|\"LFI\"|\"Manifestation\"|\"5 mai\"|\"La fête à Macron\"|\"Gauche\"|\"Ruffin\"","Sur les réseaux sociaux et les affiches, le ton est donné : aujourd’hui les militants ont prévu de faire la fête à Macron. Le rendez-vous est fixé entre la place de l’Opéra et Bastille pour lancer les festivités de la Manif pot-au-feu : un cortège qui veut rassembler le plus grand nombre de manifestants pour créer un mouvement populaire contre la politique du gouvernement. Organisé par François Ruffin, député La France Insoumise (LFI), l'économiste Frédéric Lordon et d’anciens membres de Nuit Debout, cet événement est placé sous haute surveillance, après les débordements du 1er mai. Jean-Luc Mélenchon a promis un moment de fraternité tranquille pour adresser un message à Emmanuel Macron, avec qui le ton est monté cette semaine, s’accusant mutuellement de remettre en cause la démocratie.Fédérer les luttes et mobiliser les manifestants face au gouvernement : c’est l’objectif de la génération des Insoumis. Dans un mouvement qui ne se veut ni vertical, ni horizontal, de nouvelles voix se distinguent tout de même. Organisateur de la fête à Macron et député LFI, François Ruffin est très populaire auprès des Insoumis. Son profil original séduit autant sur les réseaux sociaux que sur le terrain. Autre figure montante du parti, Adrien Quatennens se démarque par ses talents d’orateur à l’Assemblée et son parcours militant à 27 ans. Si elle n’est pas toujours d’accord avec Jean-Luc Mélenchon, la députée Danièle Obono est une militante de la première heure, projetée sur le devant de la scène grâce à LFI. C dans l’Air dresse le portrait de cette génération d’Insoumis.Alors que les voix s’élèvent dans les rues contre la politique du gouvernement, Edouard Philippe vient de terminer sa délocalisation dans le Cher. Pendant trois jours, le Premier ministre est parti à la rencontre des élus locaux. Dans une France qui se sent parfois délaissée par l’Etat, ce séjour était l’occasion de comprendre les difficultés du territoire et de dévoiler un panel de nouvelles mesures. Une immersion en zone rurale difficile pour le ministre, dans un contexte de tensions sociales.Après la fête à Macron, que doit-on attendre du gouvernement ? La France Insoumise peut-elle rendre possible cette convergence des luttes ? Les manifestations de mai auront-elles un poids sur la politique et les nouvelles réformes d’Emmanuel Macron ?Invités :Bruno JEUDY - Rédacteur en chef du service politique de Paris MatchBrice TEINTURIER - Directeur Délégué de l’institut de sondages IPSOSCécile CORNUDET - Editorialiste politique aux EchosPaul QUINIO - Directeur délégué de la rédaction de LibérationRetrouvez-nous sur :| Notre site : http://www.france5.fr/emissions/c-dan...| Facebook : https://www.facebook.com/Cdanslairf5/| Twitter : https://twitter.com/CdanslairPas un événement important qui ne soit évoqué, expliqué et analysé dans C dans l’air. Tout au long de la semaine, les deux journalistes donnent les clés pour comprendre dans sa globalité un événement ou un sujet de première importance, en permettant aux téléspectateurs d'intervenir dans le débat ou de poser des questions par SMS ou Internet. Caroline Roux est aux commandes de l'émission du lundi au jeudi et Bruce Toussaint prend le relais le vendredi et le samedi.Diffusion : tous les jours de la semaine à 17 h 45Rediffusion : tous les jours de la semaine à 22 h 30Format : 65 minutesPrésentation : Bruce Toussaint, Caroline Roux et Axel TarléRéalisation : Pascal Hendrick, Jean-François Verzele et Jacques WehrlinProduction : France Télévisions/Maximal Productions",2018-05-05T18:13:58.000Z,10740,50,86,0
FR,Laeticia Hallyday : Johnny lui a reproché de ne pas avoir d'enfant biologique,Top 10 World,People & Blogs,"\"Laeticia Hallyday : Johnny lui a reproché de ne pas avoir d'enfant biologique\"\"|\"\"actu\"\"|\"\"nouvelle star\"\"|\"\"nouvelles chaudes\"\"|\"\"président de la République\"\"|\"\"Le président français Emmanuel Macron\"\"|\"\"présidence de la République\"\"|\"\"Emmanuel Macron\"\"|\"\"céline dion\"\"|\"\"divorce\"",Laeticia Hallyday : Johnny lui a reproché de ne pas avoir d'enfant biologique,2018-04-16T15:00:14.000Z,10722,24,31,14
FR,Jackson 5 Best Christmas Songs 2018 - Jackson 5 Greatest Hits Playlist Christmas Songs 2018 |,Merry Christmas,People & Blogs,"\"Jackson 5\"\"|\"\"Jackson 5 Greatest Hits\"\"|\"\"Jackson 5 Greatest Hits Christmas\"\"|\"\"Jackson 5 Best Playlist Christmas Songs\"\"|\"\"jackson 5 best songs\"\"|\"\"jackson 5 christmas album\"\"|\"\"jackson 5 album\"\"|\"\"jackson 5 christmas songs\"\"|\"\"jackson 5 christmas album 2018\"\"|\"\"jackson 5 christmas medley\"\"|\"\"jackson 5 top 10 songs\"\"|\"\"Who's Lovin' You\"\"|\"\"I Want You Back\"\"|\"\"I'll Be There\"\"|\"\"jackson 5 merry christmas to you\"\"|\"\"jackson 5 i want you back\"\"|\"\"jackson 5 i'll be th\"",Jackson 5 Best Christmas Songs 2018 - Jackson 5 Greatest Hits Playlist Christmas Songs 2018 |\nJackson 5 Best Christmas Songs 2018 - Jackson 5 Greatest Hits Playlist Christmas Songs 2018 |\nJackson 5 Best Christmas Songs 2018 - Jackson 5 Greatest Hits Playlist Christmas Songs 2018 |,2017-12-21T01:27:45.000Z,106552,46,56,1
FR,Exclusif : Kiriku A longwe Chez Koffi Olomide Andimi Ferre Gola Atiki Ko Finga Na 2018,Elengi Ya CongoTV Officiel,People & Blogs,[none],Exclusif : Kiriku A longwe Chez Koffi Olomide Andimi Ferre Gola Atiki Ko Finga Na 2018,2018-01-13T11:20:42.000Z,10559,37,66,50
FR,Laeticia Hallyday et Sébastien Farran s’éclatent à L.A selon Ici Paris (photo,Actualités 24h,News & Politics,"\"Laeticia Hallyday\"\"|\"\"Sébastien Farran.\"","Ici Paris met aussi à l’honneur Laeticia Hallyday et le dernier manager de son Johnny, Sébastien Farran. \\n\\n\\nMerci beaucoup d'avoir regardé! \\nSi vous aimez les vidéos, accédez-y et partagez-les avec vos amis. \\nSi vous souhaitez plus de nouvelles, abonnez-vous à la chaîne! \\n\\n==================================================",2018-04-04T10:48:13.000Z,10527,18,28,46
FR,Rachid Birbach se converti au christianisme,Islam France TV,News & Politics,"\"Rachid\"\"|\"\"Birbach\"\"|\"\"converti\"\"|\"\"christianisme\"\"|\"\"chrétien\"",l'imam Birbach peu ou pas aimé de la communauté musulmane change de religion. \n\nNous souhaitons bonne chance aux chrétiens avec leur nouvelle recrue. \n\nhttps://islamfrancetvblog.wordpress.com/2017/11/27/le-faux-imam-birbach-se-converti-au-christianisme-et-chalgoumi-le-felicite/\n\nAllah guide qui il veut.,2017-11-27T18:14:09.000Z,10480,21,129,166
FR,"Johnny Hallyday, son argent « planqué » en Uruguay",Frank channel,People & Blogs,Johnny Hallyday,"Johnny Hallyday, son argent « planqué » en Uruguay, Source: https://www.legossip.net/johnny-hallyday-argent-uruguay/315338/",2018-03-14T15:45:21.000Z,10469,11,14,0
FR,Émeute nutella intermarche Avignon,D-M clip clap,People & Blogs,[none],Promo-70% sur nutella c'est le k.o,2018-01-25T14:29:45.000Z,10410,10,12,12
FR,L'Heure des Pros (2e débat) du 09/05/2018,CNEWS,News & Politics,#HDPros,"Du lundi au vendredi, Pascal Praud et ses invités débattent sur les grands thèmes de l'actualité dans #HDPros",2018-05-09T08:37:22.000Z,10032,18,24,43
DE,Fergie Performs The U.S. National Anthem / 2018 NBA All-Star Game,MLG Highlights,Sports,"\"mlg highlights\"|\"mlg\"|\"basketball\"|\"highlights\"|\"sports\"|\"plays\"|\"nba\"|\"game\"|\"team\"|\"nba highlights\"|\"game highlights\"|\"team lebron\"|\"team stephen\"|\"lebron\"|\"stephen\"|\"all star game\"|\"nba all star game\"|\"team stephen vs team lebron\"|\"team lebron vs team stephen\"|\"team lebron vs team stephen full game highlights\"|\"team stephen vs team lebron highlights\"|\"Fergie\"|\"Fergie Performs The U S National Anthem\"","🏀Fergie Performs The U.S. National Anthem / 2018 NBA All-Star Game\\n\\n👍Follow Us on Twitter: https://twitter.com/stayhls\\n\\n👍Like Us on Facebook: https://www.facebook.com/stayhls\\n\\n👀Subscribe To Me On Social Networks To Keep Up To Date With Updates On My Channel :)\\n\\n⚠️Disclaimer:\\n➡️ Monetization is disabled.\\n➡️ Companies that claim rights to my videos are entitled to the \\nmonetisations and will earn a profit from my videos if they \\ndecide to monetize them. This is not my decision.\\n➡️ If you want the video removed, I'd appreciate if you request the\\nvideo to be globally blocked or muted, since it's hassle to deal \\nwith copyright strikes.\\n\\n📕Copyright Disclaimer Under Section 107 of the Copyright Act 1976,\\nallowance is made for fair use for purposes such as criticism,\\ncomment, news reporting, teaching, scholarship, and research.\\nFair use is a use permitted by copyright statute that might otherwise be infringing.\\nNon-profit, educational or personal use tips the balance in favor of fair use.",2018-02-19T01:37:11.000Z,9994516,41743,67317,53209
DE,Best Old English Love Songs♥♥♥♥Love Songs 80's 90's Collection♥♥♥♥Greatest Old Love Songs,Love Romatic,Music,"\"Old English Love Songs\"|\"Best Old English Love Songs\"|\"Love Songs\"|\"Love Songs 80's 90's\"|\"Love Songs 80's 90's Collection\"|\"Old Love Songs\"|\"Greatest Old Love Songs\"|\"old english songs\"|\"old english songs classics\"|\"old english love songs collection\"|\"greatest old love songs of all time\"|\"old but gold love songs\"|\"love songs playlist\"|\"old love songs english\"|\"best old love songs of all time\"|\"classic love songs of all time\"|\"class\"","Best Old English Love Songs♥♥♥♥Love Songs 80's 90's Collection♥♥♥♥Greatest Old Love Songs \\nBest Old English Love Songs♥♥♥♥Love Songs 80's 90's Collection♥♥♥♥Greatest Old Love Songs \\nBest Old English Love Songs♥♥♥♥Love Songs 80's 90's Collection♥♥♥♥Greatest Old Love Songs \\n**Thanks Fan's OPM Love Songs for timing this Share, comment, Subscribe **\\n\\n\\n☞ Follow facebook : https://goo.gl/ebZJzS\\n☞ Subscribe : https://goo.gl/xv7CV1\\n☞ Twitter : https://goo.gl/ZiIjo9\\n♫ Love Songs playlist : https://goo.gl/hbDwWp\\n♫ Nonstop OPM playlist : https://goo.gl/ewUj7A\\n\\n\\n* None of these images, music & video clips were created/owned by us. \\n* This video is purely fan-made, if you (owners) want to remove this video, please CONTACT US DIRECTLY before doing anything. We will respectfully remove it.\\n\\nTags :\\n\\nopm,opm songsnonstop,love songs,opm 2017,best opm,hugot,nonstop love songs,opm romantic,opm love songs collection,opm songs romantic,pilipino,opm nonstop,opm love songs,opm collection,english songs,\\ninspirational,opm lovesongs,opm playlist,opm album,opm nonstop 2017,opm video,opm nonstop love songs,love songs collection,top opm songs,top opm,opm love songs playlist,lovesongs,love songs opm",2017-12-28T02:41:00.000Z,991246,604,884,29
DE,The FCC repeals its net neutrality rules,Washington Post,News & Politics,"\"fcc net neutrality\"|\"breaking news video\"|\"video updates\"|\"live video\"|\"live updates\"|\"breaking news\"|\"press conference\"|\"live speeches\"|\"real time coverage\"|\"FCC\"|\"fcc live\"|\"net neutrality\"|\"fcc vote\"|\"net neutrality vote\"|\"AT&T\"|\"Verizon\"|\"ajit pai\"|\"ajit pai fcc\"","Federal regulators vote to allow Internet providers to speed up service for some apps and websites — and block or slow down others — in a decision repealing landmark, Obama-era regulations for broadband companies such as AT&T and Verizon. Read the story: http://wapo.st/2CcV0jT. Subscribe to The Washington Post on YouTube: http://bit.ly/2qiJ4dy\\n\\nFollow us:\\n\\nTwitter: https://twitter.com/washingtonpost\\nInstagram: https://www.instagram.com/washingtonpost/\\nFacebook: https://www.facebook.com/washingtonpost/",2017-12-14T18:49:06.000Z,985179,4870,110709,19843
DE,Bundestagsdebatte zum Familiennachzug von subsidiär Schutzberechtigten am 01.02.18,phoenix,News & Politics,"\"phoenix\"|\"Politik\"|\"Bundestag\"|\"Nachrichten\"|\"Information\"|\"TV\"|\"Fernsehen\"|\"Familiennachzug\"|\"Schutzberechtigten\"|\"Bundestagsdebatte\"|\"Maizière\"|\"AfD\"|\"SPD\"|\"Högl\"|\"Linke\"|\"FDP\"|\"Eckardt\"|\"Thomae\"|\"Bartsch\"|\"Petry\"|\"Ruppert\"|\"Mayer\"|\"CDU\"|\"CSU\"|\"Lindholz\"",Bundestagsdebatte zum Familiennachzug von subsidiär Schutzberechtigten\n\n00:00:40 Thomas de Maizière (Bundesminister des Innern) \n00:10:00 Eva Högl (SPD)\n00:18:25 Christian Wirth (AfD)\n00:27:20 Stephan Thomae (FDP)\n00:35:17 Dietmar Bartsch (Die Linke)\n00:43:45 Katrin Göring-Eckardt (B'90/Grüne)\n00:54:50 Stephan Harbarth (CDU/CSU)\n01:05:46 Burkhard Lischka (SPD)\n01:12:30 Frauke Petry (fraktionslos)\n01:15:20 Stefan Ruppert (FDP)\n01:18:33 Stephan Mayer (CDU/CSU)\n01:29:46 Andrea Lindholz (CDU/CSU).,2018-02-01T11:13:55.000Z,9845,50,63,0
DE,Beyaz Show Da Verilen Firikikler,Karişik Videolar,People & Blogs,"\"Beyaz Show Da Verilen Firikikler\"|\"Beyaz Show\"|\"beyaz show\"|\"komedi\"|\"eglence\"|\"komik anlar\"|\"komedi anları\"|\"firikik\"|\"18+\"|\"yeni\"|\"new\"|\"2018\"|\"funny\"|\"beyaz show fragman\"|\"beyaz show gülme krizi\"|\"beyaz\"|\"hdise\"|\"hadise firikik\"|\"canli yayin 18+\"|\"beyaz show komik sahneler\"|\"Firikikler\"|\"seksi unluler\"|\"bacaq firikiki\"|\"talk show\"|\"unluler\"|\"beyaz ve acun\"|\"skec\"|\"filim\"|\"yeni bolum\"|\"tek part\"|\"hd\"|\"beyaz show yeni bolum\"|\"sicak anlar\"|\"beyaz show firikik\"|\"720p\"|\"hart\"|\"trend\"|\"komedyen\"|\"top\"|\"aa\"|\"beyazit ozturk\"",firikik\nbeyaz\nBeyaz Show Da Verilen Firikikler,2018-03-15T20:36:28.000Z,981188,1394,1471,339
DE,Yılmaz Özdil - Tayyip Erdoğan'ı Rezil Etti Çipras Karşısında Sesi Bile Çıkmadı,Sol Haber,News & Politics,"\"yılmaz özdil\"|\"sözcü yazarı yılmaz özdil\"|\"erdoğan\"|\"tayyip erdoğan\"|\"recep tayyip erdoğan\"|\"cumhurbaşkanı erdoğan\"|\"akp\"|\"ak parti\"|\"chp\"|\"chp tv\"|\"yılmaz özdil erdoğan\"|\"yılmaz özdil tayyip\"|\"yılmaz özdil tayyip erdoğan\"|\"yılmaz özdil komik\"|\"halk arenası\"|\"uğur dündar\"|\"yılmaz özdil akp\"|\"8 Aralik 2017\"|\"2017\"","İKİNCİ KANALIMIZ TAKİP EDELİM DOSTLAR\\n\\nhttp://bit.ly/2B1hB59\\n\\nSözcü Yazarı Yılmaz Özdil,Cumhurbaşkanı Erdoğan'ı Rezil Etti Çipras Karşısında Sesi Bile Çıkmadı",2017-12-08T19:30:13.000Z,97886,689,753,754
DE,Kusturmalı Boşnak Saksosu Diyen Rasim Ozan Kütahyalı Kör Kütük Sarhoştu,Mim Mehmet Karaman,Sports,"\"rok\"|\"beyaz tv\"|\"beyaz tivi\"|\"rasim\"|\"rasim ozan kütahyalı\"|\"melih gökçek\"|\"boşnak\"|\"nagehan alçı\"|\"kusturmalı boşnak\"|\"kusturmalı boşnak saksosu\"|\"sakso\"|\"saksafon\"|\"içkili\"|\"içki\"",İçip İçip Canlı Yayına Çıkan Rasim Ozan Kütahyalı Bütün Boşnaklardan Özür Dilemeli,2017-11-20T04:52:44.000Z,972744,376,665,707
DE,Herzogin Kate: Royal-Baby-Name enthüllt!,focus nachrichten,News & Politics,"\"Herzogin Kate\"|\"Royal Baby Name enthüllt\"|\"Prinz William\"|\"Nachrichten\"|\"Promi News\"|\"Focus Online\"|\"Nachrichten Deutschland\"|\"Focus Nachrichten\"|\"Focus De\"|\"Focus\"",Herzogin Kate: Royal-Baby-Name enthüllt! \n- Quelle :https://intouch.wunderweib.de/herzogin-kate-baby-name-enthuellt-81919.html,2018-04-26T17:42:30.000Z,9648,19,40,1
DE,ich verbrenne meine BRAIDS 🔥 (feuer),Alec,Entertainment,"\"Alec\"|\"Lil Lano\"|\"ZARBEX\"",Der Neue Hit: https://www.youtube.com/watch?v=0HDH9...\nSupreme auf Amazon:http://amzn.to/2k3CmGr\nInstagram: https://www.instagram.com/alecvalestra/\n\nLil Lano Tracks:\n\nLil Lano - FALSCHEN SUPREM\nhttps://www.youtube.com/watch?v=R0oK5...\n\nLil Lano - Louis Vuittons x Supreme \nhttps://www.youtube.com/watch?v=Dmst3...\n\n\nLil Lano - 200 \nhttps://www.youtube.com/watch?v=2WauS...\n\nLil Lano - Bitch in Supreme \nhttps://www.youtube.com/watch?v=TI-cZ...\n\nAmazon Prime: http://amzn.to/2ssduY1\n\nSnapchat: alecvalestra\nInstagram: https://www.instagram.com/alecvalestra/\n\nEpidemic Sound - epidemicsound.com\nBensound - bensound.com\nStreetclassicx Beats - youtube.com/streetclassicx\n\nBEATS:\nhttps://www.youtube.com/watch?v=AFxkp...\nhttps://www.youtube.com/watch?v=AFxkp...\nhttps://www.youtube.com/watch?v=GnFIo...\n\nFamilyfriendly,2018-01-24T20:33:19.000Z,96285,836,7925,598
DE,Die 10 plötzlich aufgetauchte Monster,Interesting Facts DE,People & Blogs,"\"Die 10 plötzlich aufgetauchte Monster\"|\"die 10\"|\"die 5\"|\"monster\"|\"plötzlich\"|\"aufgetauchte\"|\"top 10\"|\"top 5\"|\"interesting facts\"|\"interesting\"|\"facts\"|\"de\"|\"deustch\"|\"fakten\"|\"gesund\"|\"unterhaltung\"|\"tipps\"|\"jeriko\"|\"doku\"|\"bildung\"|\"wissen\"|\"essen\"|\"besten\"|\"fernsehen\"|\"#mentale zuflucht\"|\"technik\"|\"mentale zuflucht\"|\"nize\"|\"dokumentation\"|\"tier\"|\"bestes\"|\"tiere\"|\"spiele\"|\"schule\"|\"kochen\"|\"web trends\"|\"die welt\"|\"erklärung\"|\"wissenschaft\"|\"psychologie\"|\"interessant\"|\"apokalypse\"|\"leichtathletik\"","10 plötzlich aufgetauchte Monster\\n► Hier ABONNIEREN: https://goo.gl/FDFpDo\\n\\n45 Meilen südlich von Long Beach NY stieß eine Gruppe von Tauchern auf einen über 40 Fuß langen toten Wal mit vielen Haien, darunter einem großen Weißen Hai, der die Größe von 3 oder 4 durchschnittlichen Haien hatte. \\n\\nEiner der Taucher beschloss, diese Vorstellung mit einer GoPro-Kamera aufzunehmen. Er riskierte sein Leben, aber er fing ein unglaublich extremes Video ein und hielt die Kamera fast zwischen die Kiefer des Hais. Stellen Sie sich Adrenalin in ihren Adern vor, diese Jungs sind wirklich mutig.\\n\\nWährend des Tauchens am Souza Rock an der Central California Coast, haben Taucher eine knappe Situation mit Buckelwalen. Zwei der Taucher waren im Wasser. Der eine fing die Unterwasserwelt ein, der andere die Robben. Aber plötzlich fingen die Fische an, sich aufzuregen, und dann sprangen zwei große Wale aus dem Wasser und schluckten alles, was um sie herum war, außer den glücklichen Tauchern. \\n\\nIn diesem Video versucht eine Gruppe von Menschen aus Costa Rica, gute Bilder von Krokodilen zu machen. Fotograf Antonio fotografierte ein Krokodil, während andere das Tier fütterten. Als sie sich auf das Krokodil konzentrierten, griff ein anderer Vertreter dieser Art plötzlich den Fotografen an. Zum Glück schrien andere Antonio an, so dass er den Angriff des Krokodils bemerkte.\\n\\nEin Taucher jagte Löwenfische vor den CAYMAN ISLANDS, um das Riff vor der Zerstörung zu schützen, die sie verursachen, als er plötzlich auf einen Karibischen Riffhai traf. Der Hai kam aus dem Nichts, also war der Taucher sehr verängstigt. Glücklicherweise beschützte er sich mit seinem Stock, obwohl der Hai sehr stur war. Der Taucher sagt jedoch, dass er dorthin zurückkehren wird, um seinen Löwenfisch zurück zu holen.\\n\\nEin glücklicher Taucher hat von dem Moment gesprochen, als er von einem Wal fast VERSCHLUCKT wurde. Rainer Schimpf beobachtete den jährlichen Sardinenzug, als ein 15 Meter langer Brydewal nur wenige Meter entfernt einen Fischschwarm angriff. Glücklicherweise wich das riesige Säugetier im letzten Moment aus, um nicht direkt auf ihn zu treffen - aber es ließ ihn immer noch fliegen, als es auftauchte. Der Vorfall wurde vor der Küste von Port Elizabeth, Südafrika, aufgenommen.\\n\\nEin Radfahrer hatte Angst vor plötzlichem Auftauchen des Elefanten. Das passierte im Wald von Sipchu in Indien. Ein Elefant ging nicht gut gelaunt auf die Straße, er war in höchster Alarmbereitschaft. Der Radfahrer war jedoch tapfer und zog sich langsam zurück, wollte aber nicht weggehen. Es scheint eine normale Situation in Indien zu sein.\\n\\nAber manchmal sind plötzliche Erscheinungen nicht so schrecklich. Zum Beispiel nähern sich die Grauwale in der San Ignacio Lagune häufig kleinen Touristenbooten und suchen die menschliche Interaktion. Während sie den Menschen, deren kleine Boote nicht nah an Wale heranfahren dürfen, leicht aus dem Weg gehen könnten, scheinen sie tatsächlich gerne Kontakt aufzunehmen.\\n\\nDanke fürs Zuschauen. Drück den Like-Button und vergiss nicht für mehr interessante Fakten-Videos auf YouTube zu abonnieren. Wenn du abonniert und geliket hast, gib einen Kommentar mit „I subscribed!!!“ ab und ich beantworte jeden einzelnen.\\nTschüss und schau dir mehr an!",2017-11-24T14:15:51.000Z,96179,590,896,69
