country,title,channel_title,category,tags,description,publish_time,views,likes,dislikes,comment_count
DE,Fulminante Rede von Alice Weidel im Bundestag: AfD fordert Klage gegen EZB-Programm (21.11.2017),Hello World,People & Blogs,"\"Alice Weidel\"|\"AfD\"|\"Bundestag\"","*Schaut euch Amazon Echo Dot (2. Generation), Schwarz von Amazon mal an! http://amzn.to/2B8gcX3\\n\\nFulminante Rede von Alice Weidel (AfD) im Bundestag: AfD fordert Klage gegen EZB-Programm zum Ankauf von Anleihen (21.11.2017)\\n\\n*Die Amazon-Links hängen mit dem Partnerprogramm von Amazon zusammen. Sie dienen dem potentiellen Käufer als Orientierung und verweisen explizit auf bestimmte Produkte. Sofern diese Links genutzt werden, kann im Falle einer Kaufentscheidung eine Provision ausgeschüttet werden.",2017-11-21T16:31:03.000Z,110001,1772,2451,995
DE,Carmen & Robert Geiss: Traurige Trennung! Es ist offiziell,focus nachrichten,News & Politics,"\"Carmen\"|\"Robert Geiss\"|\"Traurige Trennung\"|\"Nachrichten\"|\"Deutschland\"|\"Promi News\"|\"Star\"|\"Tag24\"|\"Promiflash\"|\"Nachrichten Deutschland\"|\"Focus Nachrichten\"",Carmen & Robert Geiss: Traurige Trennung! Es ist offiziell source : https://intouch.wunderweib.de/carmen-robert-geiss-traurige-trennung-es-ist-offiziell-81371.html,2018-04-05T19:50:35.000Z,10993,12,51,5
DE,Fürstin Charlène von Monaco: Traurige Nachrichten um ihre Zwillinge,focus nachrichten,News & Politics,"\"Charlène\"|\"Fürstin Charlène von Monaco\"|\"Traurige Nachrichten um ihre Zwillinge\"|\"Nachrichten\"|\"Deutschland\"|\"Promi News\"|\"Star\"|\"Tag24\"|\"Promiflash\"|\"Nachrichten Deutschland\"|\"Focus Nachrichten\"",Fürstin Charlène von Monaco: Traurige Nachrichten um ihre Zwillinge source : https://intouch.wunderweib.de/fuerstin-charlene-von-monaco-traurige-nachrichten-um-ihre-zwillinge-77918.html,2017-12-30T14:51:09.000Z,10961,9,25,3
DE,Anne Will 22.04.2018: Attacke auf Kippa-Träger- Verliert Deutschland den Kampf gegen Antisemitismus?,Deutschland Talk Show,News & Politics,"\"Talkshow\"|\"Talk\"|\"Flüchtlinge\"|\"Asyl\"|\"Islam\"|\"Politik\"|\"Muslime\"|\"Angela Merkel\"|\"Obergrenze\"|\"Fluchtursache\"|\"Familiennachzug\"|\"CSU\"|\"CDU\"|\"Terror\"|\"Islamismus\"|\"Islamisten\"|\"Übergriffe\"|\"AfD\"|\"Alternative für Deutschland\"|\"Österreich\"|\"Flüchtlingskrise\"|\"Türkei\"|\"Kriminalität\"|\"Maghreb\"|\"Marokko\"|\"Terrorismus\"|\"Mazedonien\"|\"Deutschland Talk Show\"|\"Anne Will\"|\"Anne Will 2018\"|\"Anne Will April\"|\"Anne Will Das Erste\"|\"Anne Will vom 22. April\"|\"Anne Will vom 22. April 2018\"|\"Anne Will 22.04.2018\"",Anne Will 22.04.2018: Attacke auf Kippa-Träger- Verliert Deutschland den Kampf gegen Antisemitismus?\nHelfen Sie mir 100.000 registriert: https://goo.gl/aRP4nq\nDanke schön,2018-04-23T00:07:39.000Z,10549,41,92,301
DE,Zusammen mit Gillette Venus räumt Christina von Germany's next Topmodel mit Rasurmythen auf!,Gillette Venus Deutschland,Howto & Style,"\"Venus\"|\"Gillette\"|\"Gillette Venus\"|\"Mythen\"|\"Mythbusting\"|\"Topmodel\"|\"GNTM\"|\"Germanys next Topmodel\"|\"Christina\"|\"Peno\"|\"Christina Peno\"|\"Christina Topmodel 2018\"|\"Topmodel 2018\"",Christina verrät die besten Tipps und Tricks für seidig glatte Haut und räumt mit den gängigsten Rasurmythen auf. Mit dem Gillette Venus Swirl erreicht sie auch schwierige Stellen spielend leicht! Dank der FlexiBall™ Technologie und den flexiblen 5-Contour™Klingen passt sich der Venus Swirl den Kurven und Konturen des weiblichen Körpers perfekt an und lässt praktisch kein Haar zurück.,2018-04-19T19:54:19.000Z,10230,100,369,0
DE,JBB 2018 | STAYZEE B vs. GOTCHA | 16tel-Finale,JuliensBlogBattle,Entertainment,"\"JBB 2018 JuliensBlogBattle JMC JuliensMusicCypher JULIEN SEWERING Jäääy\"|\"haiblubbblubb\"","Stayzee B Facebook: https://www.facebook.com/stayzee420/Youtube: https://www.youtube.com/channel/UCYEQaLyo0ZcewqPb4k6Gf-w/feedInstagram: https://www.instagram.com/stayzee_official420/Clash ParkerFacebook: https://www.facebook.com/ClashParkerOfficial/Youtube: https://www.youtube.com/channel/UCaCaodZuV3WM8e-ypRwKqVwVideo by Venom PicturesFacebook: https://www.facebook.com/VenomPictures/?ref=br_rsRecording, Mix und Mastering by KI2LAFacebook: https://www.facebook.com/KI2LA.ORIGINAL/",2018-05-06T16:00:08.000Z,101909,3469,9578,1818
DE,Fulminante Rede von Alice Weidel im Bundestag: AfD fordert Klage gegen EZB-Programm (21.11.2017),Hello World,People & Blogs,"\"Alice Weidel\"|\"AfD\"|\"Bundestag\"","*Schaut euch Bose ® SoundLink Revolve Bluetooth Lautsprecher schwarz von Bose mal an! http://amzn.to/2ArcUSz\\n\\nFulminante Rede von Alice Weidel (AfD) im Bundestag: AfD fordert Klage gegen EZB-Programm zum Ankauf von Anleihen (21.11.2017)\\n\\n*Die Amazon-Links hängen mit dem Partnerprogramm von Amazon zusammen. Sie dienen dem potentiellen Käufer als Orientierung und verweisen explizit auf bestimmte Produkte. Sofern diese Links genutzt werden, kann im Falle einer Kaufentscheidung eine Provision ausgeschüttet werden.",2017-11-21T16:31:03.000Z,101746,1674,2274,1399
DE,Charlene von Monaco: Das Aus ist besiegelt!,focus nachrichten,News & Politics,"\"Charlene von Monaco\"|\"Das Aus ist besiegelt\"|\"Charlene von Monaco Das Aus ist besiegelt\"|\"Nachrichten\"|\"Deutschland\"|\"Promi News\"|\"Star\"|\"Tag24\"|\"Promiflash\"|\"Nachrichten Deutschland\"|\"Focus Nachrichten\"",Charlene von Monaco: Das Aus ist besiegelt! source : https://intouch.wunderweib.de/charlene-von-monaco-das-aus-ist-besiegelt-78611.html,2018-01-21T18:32:15.000Z,10042,17,27,2
DE,Maite Kelly: Gefährliche neue Liebe,Top News,News & Politics,Maite Kelly,"Zärtliche Umarmungen, Liebesgeflüster: Es ist nicht zu übersehen, dass Maite Kelly schon wieder auf Flirtkurs ist. Es herrscht starke,top news \\nVerfolgung: https://goo.gl/Bdx5yh \\nTwitter: https://goo.gl/GJDbnw \\nGoogle + : https://goo.gl/aMV5VG \\nFacebook : https://goo.gl/1k32k8",2018-01-22T13:59:54.000Z,10025,15,26,0
CA,Fergie Performs The U.S. National Anthem / 2018 NBA All-Star Game,MLG Highlights,Sports,"\"mlg highlights\"|\"mlg\"|\"basketball\"|\"highlights\"|\"sports\"|\"plays\"|\"nba\"|\"game\"|\"team\"|\"nba highlights\"|\"game highlights\"|\"team lebron\"|\"team stephen\"|\"lebron\"|\"stephen\"|\"all star game\"|\"nba all star game\"|\"team stephen vs team lebron\"|\"team lebron vs team stephen\"|\"team lebron vs team stephen full game highlights\"|\"team stephen vs team lebron highlights\"|\"Fergie\"|\"Fergie Performs The U S National Anthem\"","🏀Fergie Performs The U.S. National Anthem / 2018 NBA All-Star Game\\n\\n👍Follow Us on Twitter: https://twitter.com/stayhls\\n\\n👍Like Us on Facebook: https://www.facebook.com/stayhls\\n\\n👀Subscribe To Me On Social Networks To Keep Up To Date With Updates On My Channel :)\\n\\n⚠️Disclaimer:\\n➡️ Monetization is disabled.\\n➡️ Companies that claim rights to my videos are entitled to the \\nmonetisations and will earn a profit from my videos if they \\ndecide to monetize them. This is not my decision.\\n➡️ If you want the video removed, I'd appreciate if you request the\\nvideo to be globally blocked or muted, since it's hassle to deal \\nwith copyright strikes.\\n\\n📕Copyright Disclaimer Under Section 107 of the Copyright Act 1976,\\nallowance is made for fair use for purposes such as criticism,\\ncomment, news reporting, teaching, scholarship, and research.\\nFair use is a use permitted by copyright statute that might otherwise be infringing.\\nNon-profit, educational or personal use tips the balance in favor of fair use.",2018-02-19T01:37:11.000Z,9994516,53817,67317,8338
CA,WEEI: Alex Reimer calls Tom Brady’s daughter an “Annoying Little Pissant” 1/25/18,Nick Ramos,Sports,"\"WEEI\"|\"Sports Radio\"|\"Alex Reimer\"|\"Mike Mutnansky\"|\"Mut\"|\"New England Patriots\"|\"Pats\"|\"Tom Brady\"|\"Facebook\"|\"Doc\"|\"Documentary\"|\"Tom vs. Time\"|\"Daughter\"|\"Pissant\"|\"Vulgar\"|\"Language\"|\"Idiot\"|\"Moron\"|\"Dumb\"|\"Stupid\"|\"Vivian\"|\"Kid\"|\"Child\"|\"Girl\"|\"Stupidity\"|\"Children\"|\"Family\"|\"Mut at Night\"|\"Boston\"","Here’s Alex Reimer on WEEI’s Mut at Night with Mike Mutnansky discussing Tom Brady’s Facebook documentary series that just came out called “Tom vs. Time” and coming out of a break, Alex decided to while describing a scene in the doc at Tom Brady’s house & decides to call his 5-year old daughter an “annoying little pissant”. SMH, what an idiot!!",2018-01-27T04:20:20.000Z,994747,446,677,857
CA,Best Old English Love Songs♥♥♥♥Love Songs 80's 90's Collection♥♥♥♥Greatest Old Love Songs,Love Romatic,Music,"\"Old English Love Songs\"|\"Best Old English Love Songs\"|\"Love Songs\"|\"Love Songs 80's 90's\"|\"Love Songs 80's 90's Collection\"|\"Old Love Songs\"|\"Greatest Old Love Songs\"|\"old english songs\"|\"old english songs classics\"|\"old english love songs collection\"|\"greatest old love songs of all time\"|\"old but gold love songs\"|\"love songs playlist\"|\"old love songs english\"|\"best old love songs of all time\"|\"classic love songs of all time\"|\"class\"","Best Old English Love Songs♥♥♥♥Love Songs 80's 90's Collection♥♥♥♥Greatest Old Love Songs \\nBest Old English Love Songs♥♥♥♥Love Songs 80's 90's Collection♥♥♥♥Greatest Old Love Songs \\nBest Old English Love Songs♥♥♥♥Love Songs 80's 90's Collection♥♥♥♥Greatest Old Love Songs \\n**Thanks Fan's OPM Love Songs for timing this Share, comment, Subscribe **\\n\\n\\n☞ Follow facebook : https://goo.gl/ebZJzS\\n☞ Subscribe : https://goo.gl/xv7CV1\\n☞ Twitter : https://goo.gl/ZiIjo9\\n♫ Love Songs playlist : https://goo.gl/hbDwWp\\n♫ Nonstop OPM playlist : https://goo.gl/ewUj7A\\n\\n\\n* None of these images, music & video clips were created/owned by us. \\n* This video is purely fan-made, if you (owners) want to remove this video, please CONTACT US DIRECTLY before doing anything. We will respectfully remove it.\\n\\nTags :\\n\\nopm,opm songsnonstop,love songs,opm 2017,best opm,hugot,nonstop love songs,opm romantic,opm love songs collection,opm songs romantic,pilipino,opm nonstop,opm love songs,opm collection,english songs,\\ninspirational,opm lovesongs,opm playlist,opm album,opm nonstop 2017,opm video,opm nonstop love songs,love songs collection,top opm songs,top opm,opm love songs playlist,lovesongs,love songs opm",2017-12-28T02:41:00.000Z,991246,604,884,29
CA,"Logan Paul's SAD Life After The Controversial Video (BANNED, WANTED By Police)",TheTalko,Entertainment,"\"List\"|\"Top10\"|\"Top5\"|\"Facts\"|\"Viral\"|\"Logan Paul\"|\"maverick\"|\"jake paul\"|\"vlog dad\"|\"japan\"|\"japanese forest\"|\"logan paul japan\"|\"the end of logan paul\"|\"youtube\"|\"youtube red\"|\"the thinning\"|\"sophie turner\"|\"logang\"|\"lucy hale\"","All the consequences of Logan Paul's Japanese forest video.\\nSubscribe: https://goo.gl/Hnoaw3\\n-----------------------------------------------------------------------------------------\\n\\nPresented by Saphia\\nhttps://www.instagram.com/saphiahall/\\nhttps://twitter.com/saphiahall\\n\\n-----------------------------------------------------------------------------------------\\nOther Videos you might like:\\n\\nThis Is The End Of The Paul Brothers. Here's Why\\nhttps://youtu.be/YDO_tINv1U0\\n\\nAll The Kardashian Reactions To Kylie Jenner's Pregnancy\\nhttps://youtu.be/hz6GiJcH9Lo\\n\\n\\nDescription:\\n\\nLogan Paul is under fire for his controversial Japanese forest video. The video was also was seen over 6 million times before Paul removed it from YouTube and issued an apology. Celebs and fans alike have been criticizing his poor decision to publish the video, and the Japanese police are even getting involved. YouTube has removed Logan as a preferred Google creator and put all his YouTube Red projects on hold. But are there more consequences to come? Watch our video to find out!\\n\\n-----------------------------------------------------------------------------------------\\nOur Social Media:\\nFacebook: https://www.facebook.com/TheTalko\\nTwitter: https://twitter.com/thetalko\\nInstagram: https://instagram.com/the_talko\\n\\n-----------------------------------------------------------------------------------------\\nFor more videos and articles visit:\\nhttp://www.thetalko.com/",2018-01-12T01:00:01.000Z,987910,5711,9561,6213
CA,The FCC repeals its net neutrality rules,Washington Post,News & Politics,"\"fcc net neutrality\"|\"breaking news video\"|\"video updates\"|\"live video\"|\"live updates\"|\"breaking news\"|\"press conference\"|\"live speeches\"|\"real time coverage\"|\"FCC\"|\"fcc live\"|\"net neutrality\"|\"fcc vote\"|\"net neutrality vote\"|\"AT&T\"|\"Verizon\"|\"ajit pai\"|\"ajit pai fcc\"","Federal regulators vote to allow Internet providers to speed up service for some apps and websites — and block or slow down others — in a decision repealing landmark, Obama-era regulations for broadband companies such as AT&T and Verizon. Read the story: http://wapo.st/2CcV0jT. Subscribe to The Washington Post on YouTube: http://bit.ly/2qiJ4dy\\n\\nFollow us:\\n\\nTwitter: https://twitter.com/washingtonpost\\nInstagram: https://www.instagram.com/washingtonpost/\\nFacebook: https://www.facebook.com/washingtonpost/",2017-12-14T18:49:06.000Z,985179,5707,126649,23426
CA,Bruins’ Marchand gets away with elbow that drops Devils’ Johansson,SPORTSNET,Sports,"\"youtube\"|\"hockey\"|\"boston bruins\"|\"nhl\"|\"new jersey devils\"",Marcus Johansson would head to the locker room after receiving an elbow to the head from Brad Marchand.,2018-01-24T03:15:38.000Z,97622,174,209,699
CA,Top 10 Insanely Racist Moments In Disney Movies That You Totally Forgot About,WatchMojo.com,Entertainment,"\"Top 10\"|\"list\"|\"top 5\"|\"watchmojo\"|\"top ten\"|\"best\"|\"worst\"|\"racist disney scenes\"|\"racist disney moments\"|\"racist disney songs\"|\"disney\"|\"racism\"|\"stereotypes\"|\"offensive stereotypes\"|\"fantasia\"|\"sunflower\"|\"mammy\"|\"santa's workshop\"|\"donald duck\"|\"yellow face\"|\"japanese soldiers\"|\"world war ii\"|\"the jungle book\"|\"king louie\"|\"i wanna be like you\"|\"what makes the red man red\"|\"tiger lily\"|\"peter pan\"|\"arabian nights\"","Top 10 Insanely Racist Moments In Disney Movies That You Totally Forgot About\\nSubscribe: http://goo.gl/Q2kKrD // \\nHave a Top 10 idea? Submit it to us here! http://watchmojo.com/my/suggest.php\\n\\nLooking back, these Disney scenes were pretty racist. From Fantasia to The Aristocats to Peter Pan, even wholesome Mouse House movies aren't completely free of racism, casual or otherwise. WatchMojo counts down the top racist moments in disney movies that you totally forgot about.\\n\\nLooking for more positive Disney content? Check out our other videos of the Top 10 Animated Disney Songs: https://www.youtube.com/watch?v=m9D3hKHS9K0, Top 10 Best Straight to DVD Disney Sequels: https://www.youtube.com/watch?v=wCUdaQXrjzg, and Top 10 Greatest Disney Princesses: https://www.youtube.com/watch?v=a2i9nfVFHrI.\\n\\n#10. Sunflower \\n#9. Japanese Soldier Caricatures \\n#8. Conveyor Belt Mammy Doll \\n#7. King Louie \\n#6. Arabian Nights \\n#5. Native American Stereotypes \\n#4. We Are Siamese (If You Please) \\n#3, #2, #1???\\n\\nWatch on WatchMojo: http://www.WatchMojo.com\\n\\nSpecial thanks to our user Amathist1998 for suggesting this idea! Check out the voting page at https://www.watchmojo.com/suggest/Top+10+Painfully+Racist+Moments+in+Disney+Movies+That+They+Want+You+to+Forget\\n\\nOur Magazine!! Learn the inner workings of WatchMojo and meet the voices behind the videos, articles by our specialists from gaming, film, tv, anime and more. VIEW INSTANTLY: http://goo.gl/SivjcX\\n\\nWatchMojo's Social Media Pages\\nhttp://www.Facebook.com/WatchMojo\\nhttp://www.Twitter.com/WatchMojo \\nhttp://instagram.com/watchmojo \\n\\nGet WatchMojo merchandise at shop.watchmojo.com\\n\\nWatchMojo’s ten thousand videos on Top 10 lists, Origins, Biographies, Tips, How To’s, Reviews, Commentary and more on Pop Culture, Celebrity, Movies, Music, TV, Film, Video Games, Politics, News, Comics, Superheroes. Your trusted authority on ranking Pop Culture.",2018-04-22T14:30:01.000Z,968378,5625,9835,7302
CA,PSA from Chairman of the FCC Ajit Pai,Daily Caller,People & Blogs,"\"thedc\"|\"dc\"|\"washington dc\"|\"washington\"|\"the district of columbia\"|\"swamp\"|\"drain the swamp\"|\"trump\"|\"ajit pai\"|\"FCC\"|\"federal communications commision\"|\"net neutrality\"|\"net\"|\"neutrality\"|\"news\"|\"politics\"|\"commentary\"|\"meme\"|\"viral\"|\"republican\"|\"democrat\"|\"cable companies\"|\"fiber optic\"|\"free internet\"|\"free speech\"|\"media\"|\"daily caller\"|\"The Daily Caller\"","Ajit Pai has been at the heart of the net neutrality debate and he would like to take this time to address all of the internet trolls with a PSA.\\n\\nSubscribe to our channel! https://goo.gl/UGHkXA\\n\\nWant to see more? visit: https://goo.gl/3gcbEL\\n\\nDailyCaller.com is a news website that cuts through the liberal bias of the mainstream media and brings you the unadulterated truth. If you want to hear the scoop that they're afraid to utter on the over censored, corporatized cable news, tune into https://www.dailycaller.com\\n\\nCheck out our twitter: https://goo.gl/fnYe4v\\n\\nAnd Facebook: https://goo.gl/W5junb\\n\\nOr follow Instagram: https://goo.gl/mhVr1Y\\n\\nAnd don't forget to subscribe here: https://goo.gl/sjqhR7",2017-12-13T22:52:57.000Z,961961,7955,190227,24116
CA,【FULL】陈可辛吴君如惊喜亮相会带来什么点评？凌潇肃惊喜复活对战周一围柳岩彭昱畅《演员的诞生》第8期 20171216 [浙江卫视官方HD],中国浙江卫视官方频道 Zhejiang TV Official Channel - 欢迎订阅 -,Entertainment,"\"演员的诞生\"|\"演员的诞生 8\"|\"演员的诞生8\"|\"演员的诞生第八期\"|\"演员的诞生 第八期\"|\"演员的诞生第8期\"|\"演员的诞生 第8期\"|\"演员的诞生20171216\"|\"20171216 演员的诞生\"|\"演员的诞生 整片\"|\"演员的诞生 正片\"|\"吴君如\"|\"陈可辛\"|\"冯雷\"|\"于毅\"|\"章子怡\"|\"宋丹丹\"|\"刘烨\"|\"周一围\"|\"彭昱畅\"|\"凌潇肃\"|\"柳岩\"|\"王俊凯\"|\"郑爽\"|\"任嘉伦\"|\"演员的诞生 周一围\"|\"演员的诞生 陈可辛\"|\"演员的诞生 吴君如\"|\"演员的诞生 于毅\"|\"演员的诞生 冯雷\"|\"演员的诞生 章子怡\"|\"演员的诞生 宋丹丹\"|\"演员的诞生 刘烨\"|\"演员的诞生 王俊凯\"|\"演员的诞生 张国立\"|\"演员的诞生 郑爽\"|\"章子怡 一代宗师\"|\"章子怡 电影\"|\"刘烨 特种兵\"|\"刘烨电视剧\"|\"宋丹丹 小品\"|\"浙江卫视 演员的诞生\"|\"跑男\"|\"奔跑吧\"|\"中国新歌声\"|\"浙江卫视\"",本期看点：于毅与冯雷上演的终极飚戏令人心惊胆战 章子怡扮演“老年人”“机械姬”接连上演两场好戏 \n◘ 浙江卫视 YouTube：http://bitly.com/zhejiangtv\n◘ 奔跑吧 YouTube：http://bitly.com/runningmanchina\n◘ 浙江音乐 YouTube：http://bit.ly/singchina\n\n◘ Our Social Medias\n  浙江卫视 Facebook：http://bit.ly/zjstvfb\n  浙江卫视 Twitter：http://bit.ly/zjstvtwi\n  奔跑吧 Facebook：http://bit.ly/rmchinafb\n  梦想的声音 Facebook：http://bit.ly/soundofmydream\n  中国新歌声 Facebook：http://bit.ly/singchinafacebook\n\n◘ 演员的诞生：http://bit.ly/2y9qpEl\n\n【FULL】陈可辛吴君如惊喜亮相会带来什么点评？凌潇肃惊喜复活对战周一围柳岩彭昱畅《演员的诞生》第8期 20171216 [浙江卫视官方HD]\n\n《演员的诞生》以演技为唯一视角，邀请章子怡、宋丹丹、刘烨一线影帝影后坐镇演技之神，为有演技实力的平凡人搭建了一个与顶级影帝影后面对面切磋演技的真实平台。\n\n◘ More Shows\n梦想的声音：http://bit.ly/2f7cxP9\n演员的诞生：http://bit.ly/2y9qpEl\n漂亮的房子：http://bit.ly/2frBdpZ\n你好生活家：http://bit.ly/2iSfoS9\n中国新歌声：http://bit.ly/singchina2\n奔跑吧：http://bit.ly/2oZuarH\n开心剧乐部：http://bit.ly/2stCs92,2017-12-16T17:47:56.000Z,95997,453,509,658
CA,Ryan Shazier Injury | Steelers vs. Bengals NFL Highlights,Sam Echols,Sports,[none],"Pray for Ryan Shazier, horrible injury. \\n\\nAll subscribers get a FREE $25 wager from this week's sponsor, the BetDSI Sportsbook. Simply follow the link below and use promo code SAM25 to redeem your free $25 credit, which can be used to place any wager on the site at no cost to you!\\n\\nLink: https://www.betdsi.com\\n\\n\\nBe sure to like, subscribe, and share if you enjoyed. Thanks!\\n\\n(All rights go to XOSDigitalSports, Disney Enterprises Inc, ACCDN, the NCAA, & its broadcasters. I do not own the music and the footage used in this video. No copyright infringement intended. I do not gain any profit from my videos. For entertainment purposes only)\\n\\nMusic ♫ -\\n\\nPanda, don't let me down, amazing catches, one-handed catches, black beatles, mannequin challenge, biggest hits, biggest hits ever, heisman, dark horse, high school highlights, freshman highlights, top 10, top 10 plays, top 5 plays, showtime, levitate, my moment, really really, nfl, cfb, highlight, i mean it, highlights, mix, highlights mix, sail, pump up, 2016-17, ultimate highlights, highlight reel, 2015, turnover chain, rockstar, silence",2017-12-05T01:46:47.000Z,945424,1470,1751,2090
CA,"#MeToo Backlash | January 17, 2018 Act 1 | Full Frontal on TBS",Full Frontal with Samantha Bee,People & Blogs,"\"Full Frontal with Samantha Bee\"|\"Full Frontal\"|\"Samantha Bee\"|\"Sam Bee\"|\"TBS\"|\"#MeToo\"",Women speaking out has finally led to men speaking about how unfair it was that the women got to speak in the first place.\n\nWatch Full Frontal with Samantha Bee all new Wednesdays at 10:30/ 9:30c on TBS!,2018-01-18T07:00:01.000Z,940904,17062,25278,9336
CA,WHAT WOULD YOU CHOOSE TO SURVIVE? HARDEST VIDEO TEST,#Mind Warehouse,Education,"\"Top 10 10 Most #Mind Warehouse mind warehouse mindwarehouse\"|\"your mind is my wearhouse\"|\"your mind is my warehouse\"|\"mind warehouse\"|\"#mind warehouse\"|\"top 10\"|\"10 most\"|\"top 5\"|\"mindwarehouse\"|\"VIDEO TEST\"|\"test\"|\"топ 5\"|\"what would\"|\"you choose to\"|\"mind\"|\"iq test\"|\"genius test\"|\"iq\"|\"test your personality\"|\"personality test\"|\"tests\"|\"video\"","JELLY GUMMY BEAR ► https://goo.gl/TmjSDa\\n\\nWe thought that for a long time we didn’t make any riddle videos. You probably already used to relax and watch only funny ones, but today we offer you to put on your thinking cap. And these puzzles aren’t at all simple, they’ll teach you to make the right decisions and even perhaps one day they’ll be useful to you in an emergency situation. So, these are 5 puzzles, you’ll need to make the right choice and stay alive.",2017-11-26T18:00:04.000Z,938088,6087,7594,7662
