country,title,channel_title,category,tags,description,publish_time,views,likes,dislikes,comment_count
DE,Helene Fischer - Unten ohne! Dieses Bild ist ganz schön freizügig,BUNTE TV,Film & Animation,[none],Oben offen mit XXL-Ausschnitt oder schulterfreien Outfits kennen wir Helene Fischer bereits. Jetzt zeigt sich die Schlagersängerin zum gewohnt tiefen Einblick ins Dekolleté noch freizügiger. Und zwar unten ohne!,2018-05-23T16:00:02.000Z,122949,272,431,16
DE,Dschungelcamp 2018: Trauriges Aus für Sonja Zietlow & Daniel Hartwich,Top News,News & Politics,"\"Dschungelcamp 2018\"|\"Sonja Zietlow\"|\"Daniel Hartwich\"","Die Zuschauer haben sich bereits daran gewöhnt, Sonja Zietlow und Daniel Hartwich gemeinsam vor der Kamera zu sehen. Beim „Dschungelcamp“,top news \\nVerfolgung: https://goo.gl/Bdx5yh \\nTwitter: https://goo.gl/GJDbnw \\nGoogle + : https://goo.gl/aMV5VG \\nFacebook : https://goo.gl/1k32k8",2018-01-20T13:55:32.000Z,12185,22,40,2
DE,Andre Poggenburg Politischer Aschermittwoch der AfD in Pirna / SOE / Sachsen,AfD und Pegida in Dresden - Die Dokumentation,News & Politics,"\"Pegida;\"|\"Demo;\"|\"Montagsdemo;\"|\"Jens\"|\"Maier;\"|\"Dresden;\"|\"Afd;\"|\"SeiSchlauWählBlau;\"|\"SOE;\"|\"Meißen;\"|\"AfD\"|\"Fraktion;\"|\"Dresden\"","Andre Poggenburg Politischer Aschermittwoch der AfD in Pirna / SOE / Sachsen\\n\\n(c) by afdberichte.de #AfDberichte #Pegida #AfD #Dresden #SeiSchlauWählBlau\\n\\nWenn ihr uns unterstützen wollt, teilt es und/oder hinterlasst einen Kommentar",2018-02-15T03:39:25.000Z,12082,462,543,920
DE,Freilassung von Deniz Yücel: „Das war überfällig“,faz,News & Politics,[none],Unser Redakteur Klaus-Dieter Frankenberger im Interview zur Freilassung von Deniz Yücel und mit einer Einschätzung zum Verhältnis der Regierungen der Türkei und Deutschlands. © FAZ.NET,2018-02-16T15:25:37.000Z,12024,12,49,181
DE,Daniela Katzenberger: Bittere Tränen an Silvester,Vinist News,Entertainment,"\"Daniela Katzenberger\"|\"Bittere Tränen an Silvester\"|\"Daniela Katzenberger Bittere Tränen an Silvester\"|\"Promiflash\"|\"Nachrichten Deutschland\"|\"Focus Nachrichten\"|\"Nachrichten\"|\"Deutschland\"|\"Promi News\"|\"Star\"|\"Tag24\"|\"Vinist News\"",Daniela Katzenberger: Bittere Tränen an Silvester source : https://intouch.wunderweib.de/daniela-katzenberger-bittere-traenen-silvester-77914.html,2018-01-01T17:30:04.000Z,12003,16,26,5
DE,Immerather Dom in Erkelenz: Abriss der Kirche hat begonnen,RP ONLINE – Wir sind NRW!,News & Politics,"\"Immerath\"|\"Dom\"|\"Immerather Dom\"|\"Kirche\"|\"Erkelenz\"|\"Tagebau\"|\"Tagebau Garzweiler\"|\"Garzweiler\"|\"RWE Power\"|\"RWE\"|\"Abriss\"|\"Braunkohle\"|\"Greenpeace\"|\"Umweltschützer\"|\"Umweltaktivisten\"|\"besetzt\"|\"Aktion\"|\"Plakat\"|\"Tattoo\"","Der Abriss des Immerather Doms in Erkelenz für den Tagebau Garzweiler startet am Montagnachmittag mit fünf Stunden Verspätung. Umweltaktivisten von Greenpeace hatten die Kirche zuvor besetzt. Tagebaubetreiber RWE Power hatte angekündigt, am Vormittag mit den Abrissarbeiten an der früheren Kirche beginnen zu wollen. Das Gebäude ist ein Wahrzeichen in der Region und wird wegen seiner imposanten Erscheinung im Volksmund Immerather Dom genannt. Am Nachmittag gegen 14 Uhr konnte der Abriss dann mit fünf Stunden Verspätung beginnen.",2018-01-08T16:00:27.000Z,11994,24,63,31
DE,Helene Fischer: Trauriges Aus nach den Schock-Fotos,Top News,News & Politics,Helene Fischer,"Er war viele Jahre an ihrer Seite. Stand ihr in schönen und schweren Momenten bei. Ist jetzt alles aus?Helene Fischer (33) übertrifft sich,top news \\nVerfolgung: https://goo.gl/Bdx5yh \\nTwitter: https://goo.gl/GJDbnw \\nGoogle + : https://goo.gl/aMV5VG \\nFacebook : https://goo.gl/1k32k8",2018-01-13T15:24:43.000Z,11841,22,36,2
DE,"Markus Lanz (05.12.2017) - Frauke Petry (Ex-AfD): Bin gegangen, solange ich noch gehen konnte",Hello World,People & Blogs,"\"Markus Lanz\"|\"AfD\"|\"Frauke Petry\"","*Noch kein Weihnachtsgeschenk? Schaut euch Amazon.de Gutschein zum Drucken von Amazon mal an! http://amzn.to/2B2CRYG\\n*Mehr als 40 Millionen Songs mit Amazon Music Unlimited. http://amzn.to/2yOoW3O\\n\\nMarkus Lanz (05.12.2017) - Frauke Petry (Ex-AfD): Bin gegangen, solange ich noch gehen konnte\\n\\nZu Gast sind Journalist Nikolaus Blome, Politikerin Frauke Petry. \\nQuelle ZDF\\n\\n*Die Amazon-Links hängen mit dem Partnerprogramm von Amazon zusammen. Sie dienen dem potentiellen Käufer als Orientierung und verweisen explizit auf bestimmte Produkte. Sofern diese Links genutzt werden, kann im Falle einer Kaufentscheidung eine Provision ausgeschüttet werden.",2017-12-06T06:48:27.000Z,11821,21,112,74
DE,Michael Schumacher: Dramatischer Appell seiner Tochter,Top News,News & Politics,michael-schumacher,"Eines ist nach dem dramatischen Skiunfall von Michael Schumacher gnz offensichtlich geworden: Seine Familie hält zusammen. Seit rund vier,top news \\nVerfolgung: https://goo.gl/Bdx5yh \\nTwitter: https://goo.gl/GJDbnw \\nGoogle + : https://goo.gl/aMV5VG \\nFacebook : https://goo.gl/1k32k8",2017-11-23T12:39:24.000Z,11800,32,47,2
DE,Merkel SAUER über Scheitern von Jamaika,DEUS,People & Blogs,"\"fdp\"|\"cdu\"|\"gründe\"|\"freie\"|\"liberale\"|\"christlich\"|\"demokratische\"|\"union\"|\"bündniss\"|\"90\"|\"jamaika\"|\"scheitert\"|\"beendet\"|\"gescheitert\"|\"christian\"|\"lindner\"|\"katrin\"|\"göring\"|\"eckhardt\"|\"eckhard\"|\"eckhart\"|\"cem\"|\"özdemir\"|\"bundestag\"|\"wahl\"|\"2017\"|\"bundestagswahl\"|\"election\"|\"germany\"|\"detuschland\"|\"deutschland\"|\"trump\"|\"china\"|\"schröder\"|\"bundespräsident\"|\"neuwahlen\"|\"plan\"","Merkel SAUER über Scheitern von Jamaika\\nLindner BEENDET Jamaika | Es ist besser NICHT zu egieren als FALSCH zu regieren\\n\\nJamaika GESCHEITERT | Chronik des Scheiterns \\nDeutschland\\nFDP lässt Jamaika-Traum zerplatzen\\n\\nAm Schluss hat es doch nicht gereicht: Die Sondierungsgespräche über ein Regierungsbündnis aus CDU, CSU, FDP und Grünen sind gescheitert. Was FDP-Chef Lindner verkündet, ist ein Paukenschlag für Deutschland.\\nDeutschland Christian Lindner bei Sondierungsgesprächen in Berlin (Reuters/H. Hanschke)\\n\\nVerkündete den Abbruch der Gespräche: Christian Lindner (M.)\\n\\nEs sei den vier Parteien nicht gelungen, eine Vertrauensbasis oder eine gemeinsame Idee für die Modernisierung des Landes zu finden, teilte der FDP-Vorsitzende Christian Lindner in der Nacht zum Montag in Berlin mit. Dies wäre aber eine Voraussetzung für eine stabile Regierung gewesen. Nach Wochen liegt heute Papier mit zahllosen Widersprüchen, offenen Fragen und Zielkonflikten vor, betonte der Chef der Liberalen. Wo es Übereinkünfte gebe, seien diese mit viel Geld der Bürger oder Formelkompromissen erkauft worden.\\n\\nGegenseitige Schuldzuweisungen\\n\\nDie Unterschiede zwischen CDU, CSU und FDP seien überbrückbar gewesen, sagte Lindner - womit er indirekt die Grünen für das Scheitern der Gespräche verantwortlich machte. Im Laufe des Sonntags seien bei den Sondierungen sogar Rückschritte gemacht worden, weil erzielte Kompromisslinien in Frage gestellt worden seien. Wir werfen niemanden vor, dass er für seine Prinzipien einsteht. Wir tun es aber auch, so Lindner weiter. Es ist besser, nicht zu regieren, als falsch zu regieren.\\n\\nDie Grünen gaben ihrerseits der FDP die Hauptschuld für das Scheitern. Wir waren zu dieser Verständigung bis zur letzten Sekunde bereit, beteuerte Grünen-Chef Cem Özdemir. \\n\\nChefunterhändlerin Katrin Göring-Eckardt meinte, das Bündnis hätte zustande kommen können. Dies wäre auch ein Signal gewesen für ein Land, das so gespalten sei.\\n\\nDeutschland vor schwierigen Wochen\\n\\nAuch Bundeskanzlerin und CDU-Chefin Angela Merkel bedauerte den Abbruch der Gespräche und betonte, dass sie sich weiterhin um Stabilität in Deutschland bemühen werde. Sie werde alles tun, dass dieses Land durch diese schwierigen Wochen gut geführt wird, sagte Merkel. Noch an diesem Montag werde sie Bundespräsident Frank-Walter Steinmeier über die Entwicklung informieren. Man müsse jetzt sehen, wie sich die Dinge weiterentwickelten. Man sei auf einem Pfad gewesen, auf dem man eine Einigung in den Sondierungen zwischen CDU, CSU, FDP und Grünen hätte erreichen können - auch beim Streitthema Zuwanderung. \\n\\nCSU-Chef Horst Seehofer ergänzte: Es ist schade, dass es am Ende nicht gelungen ist, dies zum Ende zu führen, was zum Greifen nahe war.\\nHorst Seehofer und Angela Merkel an Mikrofonen (picture alliance/dpa/B. von Jutrczenka)\\n\\nErklärungen - mitten in der Nacht: Angela Merkel und Horst Seehofer (l.)\\n\\nNeuwahlen in Sicht?\\n\\nTrotz des Scheiters der Jamaika-Sondierungen wird die SPD nach Einschätzung ihres Vize-Vorsitzenden Ralf Stegner nicht für eine Neuauflage der großen Koalition mit CDU und CSU zur Verfügung stehen. Die Ausgangslage für die SPD hat sich nicht verändert, sagte Stegner. Er könne sich nicht vorstellen, dass seine Partei ihre Entscheidung überdenken könnte, in der Oppositionsrolle zu bleiben. Und Stegner betonte, er sehe für Kanzlerin Merkel keine Zukunft mehr. Sie ist definitiv gescheitert.\\n\\nSollte die SPD auf ihrer Position beharren, könnte es zu einer Minderheitsregierung kommen - oder, was wohl wahrscheinlicher ist, schon bald zu Neuwahlen",2017-11-20T11:02:46.000Z,11663,43,69,140
DE,Merkels neue Mannschaft - sieht so Erneuerung aus? | Hart aber fair 27.02.2018,Minotheras,News & Politics,"\"Talkshow\"|\"Talk\"|\"Flüchtlinge\"|\"Asyl\"|\"Islam\"|\"Politik\"|\"Muslime\"|\"Angela Merkel\"|\"Obergrenze\"|\"Fluchtursache\"|\"Familiennachzug\"|\"CSU\"|\"CDU\"|\"Terror\"|\"Islamismus\"|\"Islamisten\"|\"Übergriffe\"|\"AfD\"|\"Alternative für Deutschland\"|\"Österreich\"|\"Flüchtlingskrise\"|\"Türkei\"|\"Kriminalität\"|\"Maghreb\"|\"Marokko\"|\"Terrorismus\"|\"Mazedonien\"|\"Merkel\"|\"Angela\"|\"Mannschaft\"|\"Aufbruch\"|\"Minister\"|\"Ministerposten\"|\"Koalition\"|\"Koalitionsverhandlungen\"|\"Volksparteien\"|\"Groko\"|\"große Koalition\"",Merkels neue Mannschaft - sieht so Erneuerung aus? | Hart aber fair 27.02.2018\nHart aber fair vom 27.02.2018\n\nGäste:\n-Thomas Oppermann (SPD)\n-Paul Ziemiak (CDU)\n-Nicola Beer (FDP)\n-Markus Feldenkirchen\n-Thomas M. Stein\n\nDie Kanzlerin benennt ihr Team - und bereitet ihr Erbe vor. Schafft diese GroKo noch einmal einen neuen Aufbruch? Mit frischen Köpfen und Ideen für die müden Volksparteien? Oder heißt es weiter: Politik von Alten - für die Alten?,2018-02-27T09:11:17.000Z,11580,36,64,60
DE,Das Joshua-Profil | Nach dem Bestseller von Sebastian Fitzek | Karfreitag bei RTL,RTL,Entertainment,"\"Trailer\"|\"Fernsehen\"|\"Television\"|\"RTL\"|\"RTL Television\"|\"RTLTelevisionGmbH\"|\"Sebastian Fitzek\"|\"Armin Rohde\"|\"Arnd Klawitter\"|\"Das Joshua-Profil\"|\"Torben Liebrecht\"|\"Lina Hüesker\"|\"Franziska Weisz\"|\"Inez Bjørg David\"|\"Max Hopp\"|\"Katy Karrenbauer\"|\"Nadine Petry\"|\"Bestseller\"","https://www.rtl.de/cms/sendungen/spezial/das-joshua-profil.html\\nhttp://www.tvnow.de/rtl/das-joshua-profil\\nDas Joshua-Profil | Karfreitag 30.03.2018 um 20:15 Uhr bei RTL und online schon 7 Tage vor TV Ausstrahlung bei TV NOW\\nDer erfolglose Schriftsteller Max Rhode ist ein gesetzestreuer Bürger. Doch was Max noch nicht weiß: Er wird in ein paar Tagen ein Verbrechen begehen, so entsetzlich, dass es für einen Menschen kaum vorstellbar ist. Andere allerdings wissen es schon. Weil er einen irren Bruder hat? Weil er sich ständig brutale Verbrechen ausdenkt? Oder aus ganz anderen Gründen? Jedenfalls wissen es diese anderen - und wollen Max töten. Bevor es zu spät ist. \\n\\nSchriftsteller Max Rhode ist ein gesetzestreuer Bürger, verlässlicher Ehemann und liebevoller Vater, der noch auf den großen literarischen Durchbruch wartet. Vor kurzem erschien sein neues Buch Die Blutschule: Ein Thriller über einen Vater, der seinen Söhnen das Töten beibringt. Was Max nicht ahnt: Er selbst wird in ein paar Tagen in ein Verbrechen verwickelt sein.\\n\\nEin mysteriöser Anrufer, den er zunächst zu ignorieren versucht, lockt Max schließlich mit einer perfiden Drohung aus seiner Wohnung. Pflegetochter Jola lässt er kurz alleine zu Hause - ein fataler Fehler! Als er zurückkommt, liegt Jola bewusstlos in ihrem Bett. Max und seine Frau Kim bringen ihre Tochter sofort ins Krankenhaus. Dort wird festgestellt, dass Jola mit K.O.-Tropfen sediert wurde. Der Verdacht fällt sofort auf Max, der langsam zu begreifen beginnt, dass hier irgendetwas Seltsames vor sich geht. Es spricht einiges gegen ihn, so finden sich u.a. kompromittierende Fotos von Jola in seiner Schreibtischschublade. Die Polizei geht nunmehr davon aus, dass er sich an seiner Tochter vergehen wollte. Max ist fassungslos. Als sich dann auch noch das Jugendamt einschaltet, brennen bei ihm alle Sicherungen durch und er flüchtet mit seiner Tochter. Der verzweifelte Vater ist sich sicher, dass ihm hier jemand etwas anhängen will.\\n\\nUnd es kommt noch schlimmer: Auf der Flucht wird plötzlich sein Auto fremdgesteuert, die Fahrt endet in einem dramatischen Unfall. Erst im Krankenhaus kommt Max, nunmehr Hauptverdächtiger, wieder zu sich, aber Jola ist verschwunden! Krank vor Sorge gelingt es ihm, aus dem Krankenhaus zu entkommen und sich auf die Suche nach seiner Tochter zu machen. Allmählich zweifelt selbst Kim an der Glaubwürdigkeit ihres Mannes. Als die Polizei dann auch noch gelöschte Kinderpornos auf Max' Laptop findet, scheint der Fall für die Ermittler eindeutig. Wer sind diese Leute, die alles manipulieren, seine Tochter entführen, sein Leben ruinieren?\\n\\nMax kommt dem Precrime-Softwareprogramm namens Joshua auf die Spur: Joshua kann angeblich mithilfe von Datengewinnung und Überwachungsmethoden Verbrechen vorhersehen, bevor sie geschehen. Und genau dieses Programm hat Max' vermeintliche Vergehen vorausgesagt. Doch warum ausgerechnet er? Die Entwickler der Software sind offenbar zu allem bereit, damit ihr System am Ende auch Recht behält.\\n\\nNur noch ein paar wenige Vertraute stehen Max zur Seite: die Kurierfahrerin Frida (Inez Bjørg David), sein Anwalt Christoph Toffi Marx und sein Bruder Cosmo. Max riskiert alles, um die Verschwörung aufzudecken und seine Tochter zu retten - dabei kommt er einem verstörenden Ereignis aus der eigenen Vergangenheit auf die Spur.",2018-03-16T13:44:23.000Z,115504,64,65,49
DE,MasterChefGR – 2ος Κύκλος – Επεισόδιο 34,MasterChef Greece,People & Blogs,"\"MasterChef\"|\"MasterChefGR\"|\"MasterChefGreece\"|\"MasterChef GR\"|\"MasterChef Greece\"|\"Master Chef\"|\"master\"|\"chef\"|\"μαστερ\"|\"ψεφ\"|\"ΜαστερΨεφ\"|\"star\"|\"σταρ\"|\"skarmoutsos\"|\"σκαρμουτσος\"|\"Πάνος Ιωαννίδης\"|\"Σωτήρης Κοντιζάς\"|\"μαγειρική\"|\"συνταγή\"|\"σεφ\"|\"μάγειρας\"|\"διαγωνισμός μαγειρικής\"",-----------------------------------------------------------------------------------------------------------\n#MasterchefGR\nTρίτη έως Σάββατο στις 21:00 και Κυριακή 18:15 Masterclass\nFacebook: https://goo.gl/xuGs8C\nTwitter: https://goo.gl/LTtZSG\nInstagram: https://goo.gl/tNopkn,2018-02-22T21:00:01.000Z,114548,463,2632,1260
DE,Das sagt Bachelor Daniel Völz zur Ohrfeige,Nachrichten Promi,People & Blogs,"\"Nacht der Rosen\"|\"der\"|\"Die Ohrfeige\"|\"Yeliz die Ohrfeige\"|\"nicht\"|\"Bachelor Daniel\"|\"sich\"|\"wieder\"|\"nicht wieder\"|\"beiden\"|\"Ohrfeige\"|\"Daniel\"|\"Die\"|\"Kandidatin Yeliz\"|\"Yeliz\"|\"sie\"|\"eine\"|\"Das\"|\"sagt\"|\"Bachelor\"|\"zur\"|\"Daniel zur\"|\"Bachelor Daniel zur\"|\"zur Ohrfeige\"",Das sagt Bachelor Daniel Völz zur Ohrfeige\nDanke! abonnieren Kanal für die neuesten Nachrichten Videos: https://goo.gl/vTMpZ6\n Please Subcriber !,2018-02-08T15:45:09.000Z,11404,7,59,0
DE,猎场 | Game Of Hunting 58（大結局）【TV版】（胡歌、張嘉譯、祖峰等主演）,大劇獨播,Film & Animation,"\"電視劇\"|\"大陸電視劇\"|\"猎场\"|\"职场\"|\"商战\"|\"爱情\"|\"都市\"|\"胡歌\"|\"陈龙\"|\"孙红雷\"|\"张嘉译\"|\"祖峰\"|\"李强\"|\"胡兵\"|\"菅纫姿\"|\"万茜\"|\"章龄之\"|\"徐阁\"|\"柯蓝\"|\"罗海琼\"|\"王茜\"|\"董勇\"|\"赵立新\"|\"huge\"|\"chenlong\"|\"sunhonglei\"|\"zhangjiayi\"|\"zufeng\"|\"liqiang\"|\"hubing\"|\"wanqian\"|\"zhanglingzhi\"|\"zhaolixin\"",Thanks for watching the drama! Help more people watch [Game Of Hunting] by contributing subtitles. Details here: https://goo.gl/q8oOgq 喜歡 [獵場] 嗎？幫助我們上字幕，讓更多觀眾可以欣賞這部好劇！\n\n【歡迎訂閱大劇獨播官方頻道YouTube頻道】\nhttps://goo.gl/bXGIIs\n\n該劇講述了一個高級獵頭在商界中縱橫捭闔、在情感上命運多舛的故事。\n\n★《獵場》——胡歌領銜演繹狼性職場悍將 與孫紅雷、張嘉譯同臺飆戲【歡迎訂閱】\nhttps://goo.gl/8PkYmN\n\n★《那年花開月正圓》 —— 孫儷變身女首富 聯手陳曉上演虐心催淚大戲【歡迎訂閱】\nhttps://goo.gl/9cFiDv\n\n★《我們的愛》—— 靳東顛覆首演“鳳凰男” 和童蕾陷入感情糾葛【歡迎訂閱】\nhttps://goo.gl/a1bkPp\n\n★《無心法師2》 —— 韓東君、陳瑤亦敵亦友 王彥霖不忘初心迴歸【歡迎訂閱】\nhttps://goo.gl/ZiGH7M\n\n★《宮鎖珠帘》—— 杜淳袁姍姍虐戀升級 陳曉趙麗穎再續前緣【歡迎訂閱】\nhttps://goo.gl/Vy6qzA\n\n★《跨界喜剧王第二季》——葛优领衔喜剧三巨头 “吐槽”新模式引期待【欢迎订阅】\nhttps://goo.gl/BTmsPB\n\n★《龍珠傳奇之無間道》——秦俊傑雙面康熙 楊紫戲裏戲外甜虐眾人【歡迎訂閱】\nhttps://goo.gl/1MBDKO\n\n★《雞毛飛上天》——張譯殷桃一同斬獲白玉蘭視帝視後【歡迎訂閱】\nhttps://goo.gl/4wiaLB,2017-12-09T16:00:03.000Z,113996,137,419,531
DE,Anne Will vom 6. Mai 2018: 200 Jahre Karl Marx – wie sozial ist der Kapitalismus heute?,Deutschland Talk Show,News & Politics,"\"Talkshow\"|\"Talk\"|\"Flüchtlinge\"|\"Asyl\"|\"Islam\"|\"Politik\"|\"Muslime\"|\"Angela Merkel\"|\"Obergrenze\"|\"Fluchtursache\"|\"Familiennachzug\"|\"CSU\"|\"CDU\"|\"Terror\"|\"Islamismus\"|\"Islamisten\"|\"Übergriffe\"|\"AfD\"|\"Alternative für Deutschland\"|\"Österreich\"|\"Flüchtlingskrise\"|\"Türkei\"|\"Kriminalität\"|\"Maghreb\"|\"Marokko\"|\"Terrorismus\"|\"Mazedonien\"|\"Deutschland Talk Show\"|\"Anne Will\"|\"Anne Will 2018\"|\"Anne Will Mai\"|\"Anne Will Das Erste\"|\"Anne Will vom 6. Mai 2018\"|\"Anne Will 06.05.2018\"",Anne Will vom 6. Mai 2018: 200 Jahre Karl Marx – wie sozial ist der Kapitalismus heute?Helfen Sie mir 100.000 registriert: https://goo.gl/aRP4nqDanke schön,2018-05-07T02:30:27.000Z,11398,44,47,158
DE,Inka Bause: Traurige Beichte vor Weihnachten!,Top News,News & Politics,Inka Bause,"Arme Inka Bause! Die Moderatorin ist eigentlich bekannt für ihre lockere und fröhliche Art. Besonders bei der Kuppel-Show Bauer sucht,top news \\nVerfolgung: https://goo.gl/Bdx5yh \\nTwitter: https://goo.gl/GJDbnw \\nGoogle + : https://goo.gl/aMV5VG \\nFacebook : https://goo.gl/1k32k8",2017-12-21T17:04:54.000Z,11357,30,57,1
DE,Markus Lanz vom 2. Mai 2018,Deutschland Talk Show,News & Politics,"\"Talkshow\"|\"Talk\"|\"Flüchtlinge\"|\"Asyl\"|\"Islam\"|\"Politik\"|\"Muslime\"|\"Angela Merkel\"|\"Obergrenze\"|\"Fluchtursache\"|\"Familiennachzug\"|\"CSU\"|\"CDU\"|\"Terror\"|\"Islamismus\"|\"Islamisten\"|\"Übergriffe\"|\"AfD\"|\"Alternative für Deutschland\"|\"Österreich\"|\"Flüchtlingskrise\"|\"Türkei\"|\"Kriminalität\"|\"Maghreb\"|\"Marokko\"|\"Terrorismus\"|\"Mazedonien\"|\"Deutschland Talk Show\"|\"Markus Lanz\"|\"Markus Lanz 2018\"|\"Markus Lanz Mai\"|\"Markus Lanz ZDF\"|\"Markus Lanz vom 2. Mai 2018\"|\"Markus Lanz 02.05.2018\"",Markus Lanz vom 2. Mai 2018Helfen Sie mir 100.000 registriert: https://goo.gl/aRP4nqDanke schön,2018-05-03T01:40:11.000Z,11213,32,36,30
DE,Böses Weihnachtsgeschenk an Katze,NickiTV,Autos & Vehicles,[none],"",2017-12-26T12:28:53.000Z,11165,95,133,28
DE,Echo: Farid Bang und Kollegah werden ausgebuht,BILD,News & Politics,"\"Bild\"|\"Bild Zeitung\"|\"Nachrichten\"|\"Unterhaltung\"|\"Stars\"|\"Sport\"|\"News\"|\"Live\"|\"Video\"|\"2018\"|\"180412\"|\"Echo\"|\"Kollegah\"|\"Farid Bang\"|\"Campino\"|\"Preisverleihung\"|\"all eyes on us\"|\"jbg\"|\"rap\"|\"hiphop\"|\"campino\"|\"die toten hosen\"","Schande beim Echo, Deutschlands wichtigstem Musikpreis! In Berlin bekamen die Rapper Kollegah und Farid Bang den Preis verliehen – obwohl ihre Texte Antisemitismus über Auschwitz enthalten! Zwischen Campino und seinen Kollegen kam es zum Eklat.\\nBILD jetzt abonnieren: \\nhttp://on.bild.de/bild_abo",2018-04-12T21:41:45.000Z,111330,604,6216,1122
DE,Reaktionen auf Polizeischutz für Özdemir: „Die Drähte sind dünn“,faz,News & Politics,"\"Cem Özdemir\"|\"Binali Yildirim\"|\"Polizei\"|\"WamS\"|\"Jamaika-Koalition\"|\"Personenschutz\"|\"Sicherheitskonferenz\"|\"Münchner Sicherheitskonferenz\"","Der Grünen-Politiker Cem Özdemir brauchte in München Polizeischutz. Bundestagsabgeordnete äußerten sich am Rande der Sicherheitskonferenz gegenüber FAZ.NET entsetzt. Der Vorfall zeige, dass „noch lange nicht alles gut ist“ zwischen der Türkei und Deutschland.  © FAZ.NET, REUTERS\\n\\nLink zum Video: http://www.faz.net/-gpf-979mw\\nLink zur Homepage: http://www.faz.net",2018-02-18T14:34:44.000Z,11073,11,16,49
DE,#NA ŻYWO #DYMY ! NOCNE SPANIE !!!!,DanielMagical,Gaming,"\"daniel magical\"|\"danielmagical\"|\"stream\"|\"streaming\"|\"live\"|\"na żywo\"|\"śmieszne telefony\"|\"szkoła\"|\"szpital\"|\"daniel magical remont\"|\"daniel magical dymy\"|\"dymy\"|\"#dymy\"|\"#telefony\"|\"#śmieszne telefony\"|\"śmieszne\"|\"rozrywka\"|\"ludzie i blogi\"|\"vlogi\"|\"vlog\"|\"kociołek\"|\"gural\"|\"sex telefony\"|\"omegle\"|\"medusa\"|\"rafonix rafonix\"|\"Rafonix\"|\"rafonix\"|\"nitro\"|\"Gural\"|\"Boxdel\"|\"DRAMA\"|\"fortnite\"|\"Popek\"|\"Bystrzak\"","Podoba się? Zostaw ŁAPKĘ W GÓRĘ i Suba ! 👍i DZWONA 🔔 aby być na bieżąco 💪\\n\\ne-mail: danielmagic234@wp.pl - zapraszam do współpracy biznesowej! \\nDotacje za każdą złotówkę dziękuje bardzo :)\\nDonate / sms/ paypal / zagranica / Kochani dziękuje wam !\\nhttps://tipanddonation.com/danielmagical\\n\\n► PayPal, paysafecard, Sofort, iDEAL:  https://www.tipeeestream.com/danielmagicaltv/donation\\n\\nUWAGA ruszyła już strona serwera Tibii i można się już rejestrować https://www.magicala.net/\\nStart serwera 15 MARCA 18:00\\n\\n► Fanpage: https://www.facebook.com/DanielMagical\\n► Grupa na FB: https://www.magicaledaniela.pl\\n► YouTube: https://www.youtube.com/danielmagical\\n► Instagram: https://www.instagram.com/danielmagical\\n\\nRegulamin kanału :\\n1. Nie wyrażam zgody na używanie tagu w nazwie innych streamów danielmagical \\nNa podstawie Ustawy o prawie autorskim i prawach pokrewnych z dnia 4 lutego 1994 r., publikator: Dz. U. 1994, nr 24, poz. 83, Dz. U. 2006, nr 90, poz. 631 oświadczam, że wszelkie prawa do publikowanych przeze mnie materiałów należą wyłącznie do mnie i nie udzielam zgody na wykorzystywanie moich materiałów do jakichkolwiek celów bez mojej zgody",2018-03-10T06:41:15.000Z,1100790,15725,50832,38
