country,title,channel_title,category,tags,description,publish_time,views,likes,dislikes,comment_count
JP,ZIPが山口達也について報道,りんかっち/Rin katchi,People & Blogs,[none],消えてたわw,2018-04-26T10:41:26.000Z,22727,20,37,36
JP,【韓国ドラマ】次見るならコレ！おすすめドラマ紹介します【ラブコメ】,芸能watcher,Entertainment,"\"芸能Watcher|\"\"https://goo.gl/3Cnc0P\"\"|\"\"ランキング\"\"|\"\"韓流\"\"|\"\"韓国ドラマ\"\"|\"\"韓流ドラマ\"\"|\"\"おすすめ\"\"\"",大好評企画！おすすめドラマ紹介です＾＾\n\nどうしても見て欲しいものや大好きなドラマは\n何度もご紹介しておりますw\n\nぜひ参考に韓流ドラマライフをお楽しみください！\n\n\n【韓国ドラマ】次見るならコレ！おすすめドラマ紹介します【ラブコメ】\n\n\n\n\n----------------------------------------------------------------\nその他注目の芸能ネタも続々更新中！！\n----------------------------------------------------------------\n\n★人気おすすめ関連動画★\n\n【韓流】韓国ドラマ 見逃し厳禁！至極のラブコメ１０選っ！\nhttps://www.youtube.com/watch?v=w6BYF8DjYb0\n\n【韓流】韓国ドラマ 共演きっかけで結ばれた素敵すぎる夫婦！！\nhttps://www.youtube.com/watch?v=xR-62PLIkqU&t=2s\n\n【あなたはどの曲が好き？】韓国ドラマ主題歌人気ランキング！！\nhttps://www.youtube.com/watch?v=3fnk1oM2ri8&t=20s\n\n【日本で人気の韓国ドラマ】2017年上半期 レンタルランキング top10！\nhttps://www.youtube.com/watch?v=l3Qcicr5-HM\n\n見たら絶対にハマる!韓流ドラマ2017【泣ける編】\nhttps://www.youtube.com/watch?v=wDiTmnojRG4\n\n\n--------------------------------------------------------\n★チャンネル登録お願いします★\n      　https://goo.gl/3Cnc0P\n   ☆高評価頂けると嬉しいです☆\n--------------------------------------------------------,2018-04-14T09:00:00.000Z,22666,63,86,13
JP,和田アキ子がモデルKOKIへ語った一言に一同驚愕…中尾彬も木村拓哉と工藤静香を含めた発言も,エンタメをあなたに,People & Blogs,"\"エンタメをあなたに|\"\"UCirgCsHeWslw_bsPk0Y98oA\"\"|\"\"Koki\"\"|\"\"木村拓哉\"\"|\"\"和田アキ子\"\"|\"\"工藤静香\"\"|\"\"次女\"\"|\"\"モデル\"\"|\"\"中尾彬\"\"\"",和田アキ子がモデルKOKIへ語った一言に一同驚愕…中尾彬も木村拓哉と工藤静香を含めた発言もチャンネル登録⇒ https://www.youtube.com/channel/UCirgCsHeWslw_bsPk0Y98oA?sub_confirmation=1○関連動画木村拓哉と工藤静香の次女モデルKoki(光希)の病気の真相がヤバい！https://www.youtube.com/watch?v=U4ZxkYIS4JQ木村拓哉の長女心美が芸能界デビューしない理由に一同驚愕…次女KOKIとの関係と工藤静香の子育て論もhttps://www.youtube.com/watch?v=-hXqd6Dy-ZE&t=25sKOKIに藤田ニコルが放った一言に一度衝撃…木村拓哉の次女へのRIKACOや国分太一のコメントもhttps://www.youtube.com/watch?v=8g4tqKuB3eIKoki 木村拓哉の次女の語学力が凄すぎる！https://www.youtube.com/watch?v=HMpF-VWDP7U木村拓哉が次女KOKIのデビューを禁止した理由に涙が止まらない…工藤静香の芸能界報道リーク疑惑もhttps://www.youtube.com/watch?v=hCbX-lT0Z58&t=26s○フリーBGMhttp://amachamusic.chagasi.com/,2018-06-04T10:00:03.000Z,22559,70,81,5
JP,【公式】完全なる変貌！復讐の幕が開く！4月26日（木）「モンテ・クリスト伯」第2話30秒予告,フジテレビ番組動画,Entertainment,"\"フジテレビ|\"\"モンテ・クリスト伯\"\"|\"\"華麗なる復讐\"\"|\"\"ディーン・フジオカ\"\"|\"\"大倉忠義\"\"|\"\"山本美月\"\"|\"\"高杉真宙\"\"|\"\"葉山奨之\"\"|\"\"岸井ゆきの\"\"|\"\"桜井ユキ\"\"|\"\"三浦誠己\"\"|\"\"渋川清彦\"\"|\"\"新井浩文\"\"|\"\"田中泯\"\"|\"\"風吹ジュン\"\"|\"\"木下ほうか\"\"|\"\"山口紗弥加\"\"|\"\"伊武雅刀\"\"|\"\"稲森いずみ\"\"|\"\"高橋克典\"\"\"",「モンテ・クリスト伯ー華麗なる復讐ー」\nついに復讐の幕が開く！4月26日（木）よる10時放送！\n冤罪の罪で投獄された青年が、自らを陥れた犯人を突き止める！\n廃人のような牢獄時代を経て、生まれ変わったのは別人のような完璧な紳士。\nしかし、その目は、永遠に笑うことはない…。\nディーン・フジオカの変貌ぶりにご注目ください！\n\n＜出演＞ディーン・フジオカ　大倉忠義　山本美月　高杉真宙　葉山奨之　岸井ゆきの　桜井ユキ　三浦誠己　渋川清彦 ・ 新井浩文 ／ 田中泯 ・ 風吹ジュン ・ 木下ほうか ／ 山口紗弥加　伊武雅刀　稲森いずみ　高橋克典\n番組公式HP http://www.fujitv.co.jp/MONTE-CRISTO/\n番組公式Twitter http://www.fujitv.co.jp/MONTE-CRISTO/\n番組公式Instagram https://www.instagram.com/monte_cristo_cx/,2018-04-19T14:15:01.000Z,22544,132,184,0
JP,ホンマでっか⁉TV カトパン本番にも関わらず胸の谷間を楽屋に忘れてきた(￣ー￣)ﾆﾔﾘ,XYZ ABC,Entertainment,[none],Created by VideoShow:https://goo.gl/U4tzFG,2018-05-09T12:58:57.000Z,22540,6,151,34
JP,サンデー・ジャポン 2018年4月22日 180422,Salvage Hunters,Film & Animation,"\"サンデー・ジャポン|\"\"2018年4月22日\"\"|\"\"gstdf\"\"\"",#サンデー・ジャポン セクハラ騒動…辞任の事務次官 テレ朝が反論会見!! 2018年4月22日,2018-04-22T11:35:26.000Z,22532,27,42,13
JP,【お弁当】高校男子のお弁当つくり４日目☆,あっちゃん☆ねる,People & Blogs,"\"あっちゃん☆|\"\"あっちゃん☆ねる\"\"|\"\"あっちゃん\"\"|\"\"あっちゃんねる\"\"|\"\"弁当\"\"|\"\"キッチン\"\"|\"\"高校\"\"|\"\"男子\"\"|\"\"作ってみた\"\"|\"\"常備菜\"\"\"",チャンネル登録、よろしくお願いします☆\nhttps://www.youtube.com/c/Achannel\n\nご意見ご要望はメールで\nachannel.main@gmail.com\n\nあっちゃん☆げーむずはじめました☆\nhttps://www.youtube.com/channel/UCk2Edj0fELiVf28p3Asmp2Q\nゲーム動画もよろしくねｖ\n\nあっちゃん☆ねるのTwitterはじめました☆\nフォローしてねｖ\nhttps://twitter.com/achan_nel\nご意見、ご要望は↑のTwitterによろしくネ☆\n\nあっちゃん☆のブログ\nhttp://blog.livedoor.jp/a_rs/\n\nあっちゃん☆のfacebook\n\nhttps://www.facebook.com/atsushi.nakamura.3133\n\nあっちゃん☆のTwitter\nhttps://twitter.com/ARS_diablo,2018-04-19T21:00:01.000Z,2253,61,244,72
JP,ワンピース895話ー日本語,Play Manga,Film & Animation,[none],"",2018-02-16T11:33:13.000Z,22265,10,11,9
JP,コトメ｢双子が生まれるし家狭いから､3ヶ月だけトメ､ 私､子供をそっちに置かせて｣ 私｢無理です｣コトメ｢じゃあどうすれば? 手伝いなしで乗り切れってこと?｣ 私｢は?」（スカッと祭り）,スカッと祭り,People & Blogs,"\"スカッとする話|\"\"コトメ\"\"|\"\"トメ\"\"|\"\"双子\"\"|\"\"子供\"\"|\"\"生まれる\"\"|\"\"スカッと祭り\"\"\"",☆動画のあらすじ コトメ｢双子が生まれるし家狭いから､3ヶ月だけトメ､ 私､子供をそっちに置かせて｣ 私｢無理です｣コトメ｢じゃあどうすれば? 手伝いなしで乗り切れってこと?｣ 私｢は?」***********************************************************日常のスカッとする等の話を厳選して紹介しています。毎日更新していきます！お楽しみいただけましたら、Good評価やコメント、チャンネル登録をお願いします！チャンネル登録はこちらからhttps://goo.gl/bKWwfy☆おすすめ動画スカッとする話　娘の名付けで｡夫｢ん？反対するの？だったら俺､離婚する｡嫁ちゃんより美人を捕まえるしwどうする？｣ 私(離婚しよ､実家に帰えろ)→夫｢俺は寂しいよ…｣https://youtu.be/sQmx2LqTQNsスカッとする話　出産後､病院からトメと帰宅したら実母が待っててくれた! →トメは私から赤を取り上げ｢嫁子さん､お母さんにお茶入れてあげて～｣私｢はぁい｣→すると母が…https://youtu.be/NvJHPal1jcYスカッとする話  ｢なんとかなってるから｣と､稼ぎの7割を義実家に援助してる夫｡同様に金を出しまくる夫兄弟たち…｡→嫁同士で結束して､離婚を突きつけてやったwhttps://youtu.be/mVrjMYfaM-Aスカッとする話　嫁から離婚を切り出され､仕方なく了承した｡離婚届提出待ち状態のある日→何故か嫁友が｢嫁を許してあげて!｣→泣きながら土下座する嫁･･･→結果!https://youtu.be/arY1YFwHWTEスカッとする話　夫｢何がそんな嫌なのか理解出来ない､俺の家族がそんな嫌いか？｣→私の両親と兄に協力してもらい､夫に私の辛さを体験してもらったら…https://youtu.be/OKDhPHrKdgc***********************************************************,2018-05-26T02:00:01.000Z,22249,68,79,17
JP,ワイドナショー 2018年3月4日 18.03.04 FULL,Hello English,Film & Animation,"\"ワイドナショー|\"\"ワイドナショー 2018\"\"|\"\"ワイドナショー 2018年3月4日\"\"\"",ワイドナショー 2018年3月4日 180304,2018-03-05T04:04:49.000Z,22140,18,23,2
JP,西城秀樹の告別式に山口百恵が参列しなかった”ある衝撃の理由”に一同驚愕！【郷ひろみ 野口五郎】,激白！！スーパー芸能チャンネル！！,Entertainment,"\"激白！！スーパー芸能チャンネル！！|\"\"郷ひろみ\"\"|\"\"野口五郎\"\"|\"\"西城秀樹\"\"|\"\"ヤングマン\"\"\"",Twitter始めました！登録よろしくお願いします＾＾https://twitter.com/gekihakusuperチャンネル登録よろしくお願いしますね（＾＾）/https://www.youtube.com/channel/UCWkKj0d-Xfk2MohPberHPOw/videos?sort=dd&view=0&shelf_id=0【関連動画】「ヒデキ　安らかに」野口五郎と郷ひろみが弔辞　1(18/05/26)https://www.youtube.com/watch?v=RyrScnDQ41w西城秀樹 告別式 郷ひろみ 野口五郎https://www.youtube.com/watch?v=DQmW7oirA14「ヒデキ　安らかに」野口五郎と郷ひろみが弔辞　2(18/05/26)https://www.youtube.com/watch?v=1oDo8MM_Etc,2018-05-26T09:43:21.000Z,22101,48,61,5
JP,カメラで捕らえたTOP8勝手に動いた人形たち！,AndykunTOP,Entertainment,"\"カメラで捕らえたTOP8勝手に動いた人形たち！|\"\"カメラで捕らえたTOP8勝手に動いた人形\"\"|\"\"ＵＭＡの動画\"\"|\"\"ＵＦＯの動画\"\"|\"\"ミステリー\"\"|\"\"ミステリー動画\"\"|\"\"ＴＯＰ１０恐ろしい動画\"\"|\"\"怖い\"\"|\"\"怖い動画\"\"|\"\"お化け\"\"|\"\"ゴースト\"\"|\"\"ＴＯＰ１０ミステリー動画\"\"\"",ANDYKUN GAMES : http://goo.gl/7V8xFY\nANDYKUNTOP : http://goo.gl/B8bdSt\nTWITTER : https://twitter.com/Andykun721\nTWITCH : https://www.twitch.tv/andykun7\nPATREON: https://www.patreon.com/andykun\nMy Dailymotion:goo.gl/m534mD\n\n\nFor copyright matters please contact us:gameforyou21@gmail.com\n\nLicensed under Creative Commons: By Attribution 3.0 License\nhttp://creativecommons.org/licenses/by/3.0/,2018-03-12T09:00:01.000Z,22043,80,87,96
JP,【テラスハウス・軽井沢編】突然の卒業発表で号泣＜TERRACE HOUSE OPENING  NEW DOORS＞,雑誌 JP,People & Blogs,"\"小室安未|\"\"中村貴之\"\"|\"\"佐藤つば冴\"\"|\"\"岡本至恩\"\"|\"\"島袋聖南\"\"|\"\"上村翔平\"\"|\"\"テラスハウス\"\"|\"\"TERRACE HOUSE OPENING NEW DOORS\"\"|\"\"テラスハウス軽井沢編あらすじ\"\"\"",人気リアリティーショー『テラスハウス』の新シーズン『TERRACE HOUSE OPENING NEW DOORS』（テラスハウス オープニング ニュー ドアーズ）の第16話が24日よりNetflixにて先行配信スタート。新シーズンの舞台は軽井沢。第16話では、メンバーが卒業を発表した。,2018-04-24T07:03:09.000Z,22009,8,23,0
JP,磐田DFギレルメが暴力行為で退場,オフサイドトラップ,Entertainment,ジュビロ磐田 ギレルメ 暴力 キック 退場,"",2018-05-02T15:09:38.000Z,22005,4,15,17
JP,芸人が今までで一番スベった瞑間逆に面白い説(木)4/5 『水曜日のダウンタウン』,Chip Color,Gaming,"\"水曜日|\"\"水曜日の\"\"|\"\"ダウンタウン\"\"|\"\"水曜日のダウンタウン\"\"\"",2018年4月5日 \n(木)4/5 『水曜日のダウンタウン』,2018-04-05T01:46:58.000Z,21971,49,255,23
JP,【海外の反応】驚愕！女子団体パシュート「待って、待って、待って！」で減速しても２位突破！,海外の反応！ LOVE JAPAN,News & Politics,"\"女子団体パシュート|\"\"平昌五輪\"\"|\"\"オリンピック\"\"|\"\"海外の反応！ LOVE JAPAN\"\"|\"\"UCxas7PbKUid7Vddf_Axk71w\"\"|\"\"海外の反応\"\"|\"\"海外\"\"|\"\"Android\"\"|\"\"Apple\"\"|\"\"Google\"\"|\"\"iPhone\"\"|\"\"スマートフォン\"\"|\"\"動画\"\"|\"\"ビデオ\"\"|\"\"YouTube\"\"|\"\"ユーチューブ\"\"\"","【海外の反応】驚愕！女子団体パシュート「待って、待って、待って！」で減速しても２位突破！\\n\\n※タイトルはあくまで個人的主観です。\\n\\n\\n※この度は動画をご視聴頂き有難うございます。\\nよろしければチャンネル登録お願いします。\\n\\n海外の反応！ LOVE JAPAN\\nhttps://goo.gl/ElcSRo\\n\\n\\nおすすめ動画\\n\\n\\n『平昌オリンピック』（注目速報）女子団体パシュート２１日（水）／女子新種目のビッグエア・２３日（金）メダル期待大? - YouTube\\nhttps://www.youtube.com/watch?v=GNerGchkrf8\\n\\nスピードスケート女子団体パシュート　準決勝進出 - YouTube\\nhttps://www.youtube.com/watch?v=Dj1WH_xoLvo\\n\\n女子団体パシュート 日本vsオランダまとめ(2015,2016) スピードスケート 団体追い抜き - YouTube\\nhttps://www.youtube.com/watch?v=48jfvdxFqm4\\n\\nパシュート 女子団体スケート 高木美帆 やらかす「待って！」新記録２位突破！オランダと0 48秒差 - YouTube\\nhttps://www.youtube.com/watch?v=Jwl2SoA6UO8\\n\\n日本、２位で準決勝へ…女子団体追い抜き - YouTube\\nhttps://www.youtube.com/watch?v=i0gM69zxQ64\\n\\n\\n\\n※著作権に関して\\n本動画を投稿する際に、\\n著作権に関しては細心の注意をはらい\\n作成しておりますが、万が一、\\n引用違反等ございましたら、 \\n下記のアドレスまでご連絡をお願いします。\\n確認次第、早急に対応させて頂きます。 \\nshop@za2.so-net.ne.jp\\n\\n\\n\\n記事元\\nhttps://news.infoseek.co.jp/article/20180219jcast20182321525/\\n\\n甘茶の音楽工房\\nhttp://amachamusic.chagasi.com\\n\\n画像：フリー写真素材　photo AC / \\nGATAG / Flickr",2018-02-20T03:50:18.000Z,21818,16,27,11
JP,YURA MIN & GAMELIN ALEXANDER 민유라 & 알렉산더 겜린 @ 2018년 피겨 종합선수권 아댄시니어 SD #01,Icescape Rasu,Sports,"\"라수|\"\"얼음풍경\"\"|\"\"피겨스케이팅\"\"|\"\"Figureskating\"\"|\"\"직캠\"\"|\"\"fancam\"\"\"","2018/01/05, 목동 아이스링크, 2018년 제72회 전국남녀 피겨스케이팅 종합선수권 1일차\\n\\n* 본 영상을 캡처해서 만든 사진이나 움짤을 인터넷에 올리는 행위와 타사이트로 영상을 재업로드하는 행위를 금지합니다.",2018-01-05T12:02:46.000Z,217989,208,212,45
JP,▼裁量労働審議の問題は官邸主導の労働政策審議会！戦争屋は中東、北朝鮮で戦争煽るがトランプは裏で対話模索！パチンコ屋をなくせない本当の理由！犯行理由も見当たらない福岡母子殺害事件は冤罪？…2/22(木),TweetTV JP,News & Politics,[none],裁量労働制審議の根本問題は官邸の働き方改革実現会議主導の労働政策審議会で例え意見を言っても資料を出さない厚労省！戦争屋は中東、北朝鮮で戦争煽るがトランプは裏で対話模索！パチンコ屋をなくせない本当の理由：朝鮮国連軍地位協定！犯行理由も見当たらず自供もしてない福岡母子殺害事件は冤罪？フィリピンにイスラム国を送り込んでいたグループ10人をマレーシアで逮捕！…\nモーニング宇宙ニュース2018/2/22(木)\n▼のライブ版は録画版と比較し画質が悪い\n\nーーー\n今日の話題の参考ツイート\nhttps://twitter.com/JunjiHattori/status/965578921461694464\n服部順治(脱戦争/脱原発)\n@JunjiHattori\n今日も #NHK #NW9 はほぼ平昌五輪！国会崩壊を伝えていない！加藤厚労相が隠蔽してた事は国会ネット中継を見てても明らか！もう国会が審議の場でない！【労働調査、厚労相7日に不備把握　裁量制で野党「隠蔽」と批判\nhttps://this.kiji.is/338269203260032097 …\n#衆議院 予算委員会で黒岩氏追及\nhttps://www.youtube.com/watch?time_continue=13140&v=fcryxy-DMXU\n\nhttps://twitter.com/Kozen_Sato/status/965657761424982016\n佐藤鴻全（佐藤総研 代表）\n@Kozen_Sato\n11時間前\nエルドアン大統領、ロシアのプーチン大統領と電話協議 | TRT  日本語 \nhttp://www.trt.net.tr/japanese/toruko/2018/02/19/erudoanda-tong-ling-rosianoputinda-tong-ling-todian-hua-xie-yi-913768#.WosafJWfMbU.twitter\n\n\nhttps://twitter.com/_yanocchi0519/status/965590443491655685\nやのっち(｡･ɜ･)d\n@_yanocchi0519\nハリスがやんわり処分されたってことは、日本に巣食う戦争屋エージェントたちも近々やんわり処分されるのかな。トランプは本気で北朝鮮ネタの茶番劇に終止符を打ちにいくつもりかもしれない。\n\nhttps://twitter.com/_yanocchi0519/status/954656327350960128\nやのっち(｡･ɜ･)d\n@_yanocchi0519\n 1月20日\n9.11直後のトランプ「あんなに頑丈なビルを崩壊させることができるのは、予めビル内部に仕掛けられた強力な爆弾しかありえない」\nhttps://youtu.be/0STS7HBi5Cw \n\n世界一の不動産王トランプは、航空機燃料火災で超高層ビルが粉々になると信じるほど馬鹿ではない。全て知っている。\nhttps://richardkoshimizu.wordpress.com/2018/01/19/%E3%83%88%E3%83%A9%E3%83%B3%E3%83%97%E3%81%95%E3%82%93%E3%80%81%EF%BC%99%EF%BC%91%EF%BC%91%E7%9C%9F%E7%9B%B8%E6%9B%9D%E9%9C%B2%E3%80%81%E3%82%84%E3%81%A3%E3%81%A1%E3%82%83%E3%81%84%E3%81%BE%E3%81%97/\n\nhttps://twitter.com/JunjiHattori/status/965355652347453440\n服部順治(脱戦争/脱原発)\n@JunjiHattori\nどひゃー、Save the childrenって表向きの名目で、子どもの人身売買組織の可能性！日本のこの団体もクリントン財団と関わり、トップがCIAスパイの可能性も？オックスファムやセーブザチルドレンの一連の辞任劇も性的虐待やセクハラは表面的な理由に過ぎない？\nhttps://twitter.com/search?src=typd&q=save%20the%20children …\n\nーーーー\n下記は「世界の話題」ツイートリンク\nhttps://twitter.com/JunjiHattori/status/963067601092882432\n服部順治(脱戦争/脱原発)‏ \n@JunjiHattori\n\nおっ、いよいよヒラリーの本丸に！このブログいいね！トランプの敵ディープステートがよくわかる！\n【「本物のロシア疑惑」ウラニウム・ワンＦＢＩ情報提供者が議会証言】\nhttp://lovetrumpjapan.oops.jp/2018/02/09/fbi-informant-on-uranium-one-breaks-silence/ …\n米下院情報委員会がＦＩＳＡメモ公開、次の捜査対象は国務省（日本の外務省）\nhttp://lovetrumpjapan.oops.jp/2018/02/03/house-intelligence-memo-released/ …\n\nあれっ、トランプ政権が韓国寄りに！日本のメディアは嘘の解説ばかり！安倍、天皇財閥が戦争したいだけ！～五輪からの帰途インタビューに応じ「最大限の圧力は続き、強まる。だが対話を望めば話をするだろう」と…【米国は北朝鮮と対話の用意－ペンス副大統領がＷＰ紙に語る\nhttps://www.bloomberg.co.jp/news/articles/2018-02-12/P40MYY6TTDSA01 …\n\n\nーーーー\n※ 下記は「国内の話題」ツイートリンク\nhttps://twitter.com/JunjiHattori/status/965197564529143813\n服部順治(脱戦争/脱原発)\n@JunjiHattori\nどひゃー、いいコマーシャルと思ったら日本財団のTVCM！日本財団＝防衛団体、統一教会、競艇ギャンブル、ヤクザのCM！同じ様に何気に創価学会のCMも！創価学会＝チッソ原爆原発開発、宝くじギャンブル、麻薬ネット、マネロンも！不幸な子供たちを作り出す天皇の金庫番たち！\nhttps://youtu.be/n8O1aUBLVTY \n\nふー、安倍首相は小学生でもわかる嘘データで裁量労働制にすると労働時間が少なくなる、と！～一般労働者の１週間の平均残業時間が２時間４７分なのに１日平均残業時間は１時間３７分【安倍首相のウソ露呈 裁量労働で「労働時間短縮」根拠ナシ\nhttps://www.nikkan-gendai.com/articles/view/news/223024 …\n裁量…\nhttp://www.tokyo-np.co.jp/article/politics/list/201802/CK2018021602000120.html \n\nどひゃー、NHKが原爆地上起爆を間接的に立証！原爆投下爆心地の真下では志願将校5人はずっと原爆中継を楽しんでた！皆ガンで死亡したが60歳以上まで生存！http://www4.nhk.or.jp/P4235/x/2018-02-10/10/22849/2899065/ …\n衝撃的な広島、長崎の原爆地上起爆と北朝鮮における日本チッソの原爆開発：アトランタ紙の記事\nhttp://rakusen.exblog.jp/26284880/ \n\nーーーー\n原発関連\nhttps://twitter.com/JunjiHattori/status/929042223206842368\n\n服部順治(脱戦争/脱原発)‏ \n@JunjiHattori\n\nあっ、やっぱり福島放射能安全デマの大元は天皇の使うヤクザ日本財団の笹川やロバート・ゲールら国連科学委員会(UNSCEAR)の連中だった！おっ、希望の党の玄葉も！http://blog.goo.ne.jp/beingtt/e/c434e271ab268e42106af2ac3e730fc5?fm=rss …\nえっ、チェルノブイリ原発事故もソ連崩壊目的の人工地震による米側の攻撃だった？\nhttp://blog.goo.ne.jp/princeofwales1941/e/c7341d558d69674cbd9e5e4a41c62071 …\n\nーーー\n※医療大麻関連\nhttps://twitter.com/JunjiHattori/status/878792698844467201\n\nーーーー\n歴史\nhttps://twitter.com/JunjiHattori/status/964883778136023041\n服部順治(脱戦争/脱原発)‏ @JunjiHattori\nあっ、NHK荒神って土御門上皇（御所神社の吹越天王）で福島原発を象徴\nhttps://blogs.yahoo.co.jp/senkoin2002/30088626.html …\n２封印された眉山の秘密：ヒトラー青年団来日後、戻された荒ぶる神の魂？新羅秦王国の聖地！スサノオの命を祀る八坂神社の元社が眉山の縦走路に！熔造皇（ヨウゾウノスメラ）神社\nhttps://youtu.be/q-SCw3JaS7c \n\nあっ、やっぱりネ！荒神（天皇の土御門上皇）の暴走を止められるのは「丸の内に二つ引き」の家紋をもつ足利尊氏ら一族！畠山氏、斯波氏、吉良氏、細川氏、織田氏らにも！NHK宮部みゆきの荒神の時代劇を見て　\nhttp://kisetsumimiyori.com/asikagatakauji \n後醍醐天皇と足利尊氏との関係など\nhttp://nihonshimuseum.com/emperor-go-daigo/ …\nーーー\n｢西郷どん」歴史ツイート\nhttps://twitter.com/JunjiHattori/status/950173964453666817\n服部順治(脱戦争/脱原発)\n‏@JunjiHattori\n 1月8日\nふー、今だに明治維新は日本人が行った、と洗脳するNHK～日本の現代化の基礎を築いたのは、 われわれ外国人！【｢西郷どん｣は本当に立派な人物だったのか？｢がっかりな実像｣\nhttp://toyokeizai.net/articles/-/202622 …\n明治維新で誰が活躍 ?（英字紙）\nhttp://asait.world.coocan.jp/kuiper_belt/section4B/kuiper_section4B.htm …\n謎が解けた\nhttp://rakusen.exblog.jp/22711505/ \n\nhttps://twitter.com/JunjiHattori/status/960125839730909185\nーーーー\n服部和枝のツイート\nhttps://twitter.com/wajuntei\n服部順治のツイート\nhttps://twitter.com/JunjiHattori\n第4メディア\nhttp://www.4thmedia.org/\nスプートニク\nhttp://jp.sputniknews.com/\nリテラ\nhttp://lite-ra.com/\n櫻井ジャーナル\nhttp://plaza.rakuten.co.jp/condor33/\nマスコミに載らない海外記事\nhttp://eigokiji.cocolog-nifty.com/blog/\nーーーーーーーーー\nツイートテレビ～TVに騙されないために\nhttp://tweettvjp.blog.fc2.com/,2018-02-22T02:05:13.000Z,2179,68,98,0
JP,バイキング 2018年2月7日 180207,バイキング 2018,Comedy,[none],バイキング 2018年2月7日 180207\nhttps://youtu.be/_vXYt1zQLqA,2018-02-07T07:18:24.000Z,21744,27,38,6
JP,TOKIO４人での謝罪会見,バイキング,People & Blogs,"\"tokio|\"\"TOKIO\"\"|\"\"会見\"\"\"","",2018-05-02T05:10:34.000Z,21634,8,14,0
JP,バイキング 2018年2月8日 180208,バイキング 2018,Comedy,[none],バイキング 2018年2月8日 180208\nhttps://youtu.be/0DRGuDnJTyo,2018-02-08T06:30:25.000Z,21481,20,41,4
JP,専門学校でクラス全員から無視されるようになった。私『友達を作りに来てる訳じゃないから一人で構わない』周囲「」開き直った結果…,スカッとDQN返し ほのぼのストーリー！！【泣けます(;_;)】,Entertainment,"\"DQN返し|\"\"修羅場\"\"|\"\"スカッとDQN返しほのぼのストーリー！！【泣けます(;_;)】\"\"|\"\"UC5vrk8aYZpao0RZtfwf6nZg\"\"|\"\"キチ\"\"|\"\"一人で構わない\"\"|\"\"クラス全員\"\"\"",専門学校でクラス全員から無視されるようになった。私『友達を作りに来てる訳じゃないから一人で構わない』周囲「」開き直った結果…交際11年の彼にフラれた。上司『泣くなら会社で泣け。』→数年後。元彼「犯罪行為はやめろ！」私「？」なんと… https://www.youtube.com/watch?v=05zHRmHNa_Q深夜に帰宅する旦那にパック寿司を買っておいた。→夜中に目覚めて旦那の様子を見に行ったらなんと… https://www.youtube.com/watch?v=9MHNjNPB64Q友人の結婚式で私達に「白いドレスで参加して」と厳命された。私は納得できず別の服で参加したら恐ろしいサプライズが https://www.youtube.com/watch?v=ZTPTEXN3fFsFacebook ページはコチラ　↓https://www.facebook.com/Kandou-3-1071175739605826/Twitterはコチラ　↓https://twitter.com/mimorin2修羅場系のお話の中で、ちょっと泣ける、スカッとして、感動して、胸がスーとする短編記事や、ほのぼのして心あたたまる 、ちょっといいお話を配信していきます。DQN返しのおはなしもありますよ。,2018-05-23T09:00:06.000Z,21153,17,77,32
