country,title,channel_title,category,tags,description,publish_time,views,likes,dislikes,comment_count
MX,MOMENTO EXACTO TERREMOTO EN HONDURAS VIDEO SISMO TEMBLOR TSUNAMI 9 ENERO 2018,TV1,News & Politics,Noticias,"Un fuerte terremoto de magnitud 7,8 ha sacudido este martes Honduras y la región del Caribe, donde se ha emitido una alerta por riesgo de tsunami, según ha informado el Servicio Geológico de Estados Unidos (USGS, en sus siglas en inglés). Por el momento no se han registrado daños personas ni materiales.\\n\\nEl sísmo, que afecta principalmente a los países de Centroamérica, especialmente Honduras, se ha registrado sobre las 20.50 (hora local). El presidente electo de Honduras, Juan Orlando Hernández, informó que se ha activado el sistema de emergencias en todo el país y llamó a mantener la calma",2018-01-10T05:02:35.000Z,205262,495,635,74
MX,Pati Chapoy rompe el silencio y habla sobre la salida de Atala Sarmiento,TSNews,People & Blogs,"\"noticias|\"\"pati chapoy rompe el silencio y habla sobre la salida de atala sarmiento\"\"|\"\"pati chapoy rompe el silencio\"\"|\"\"silencio\"\"|\"\"rompe\"\"|\"\"habla\"\"|\"\"sobre\"\"|\"\"salida\"\"|\"\"pati chapoy\"\"|\"\"atala sarmiento\"\"|\"\"ventaneando\"\"|\"\"contrato\"\"|\"\"juguetón\"\"|\"\"limpiemos nuestro méxico\"\"|\"\"no firmara\"\"|\"\"tv azteca\"\"|\"\"atala sarmiento y paty chapoy\"\"|\"\"televisión\"\"|\"\"famosos\"\"\"","Pati Chapoy rompe el silencio y habla sobre la salida de Atala Sarmiento\\n\\nEl día de hoy, personal del equipo de Ventaneando reveló que Pati Chapoy nunca corrió a Atala Sarmiento del programa. Incluso aseguraron que ella puede volver cuando quiera, siempre y cuando firme el contrato que tiene pendiente desde hace un año con Ventaneando.\\n\\n#Ventaneando #PatiChapoy #AtalaSarmiento\\n\\nFuente: goo.gl/weamDp\\n\\n► SUSCRIBETE A NUESTRO CANAL: https://goo.gl/WVLez5\\n► SIGUENOS EN EL FACEBOOK: https://goo.gl/Dw3zqU\\n► SIGUENOS EN EL TWITTER: https://goo.gl/ZNk2iA\\n\\n======================================================\\nGRACIAS POR VER!!!\\nPor favor, no se olvide de me gusta, comente y suscríbase a nuestro canal para obtener más noticias en todo el mundo!",2018-03-27T20:06:34.000Z,201725,227,354,64
MX,Exatlón México / Macky Gonzalez la primer  Finalista del exatlón,"Realitys, Noticias",Entertainment,"\"exatlon mexico|\"\"exatlon\"\"|\"\"exatlon mexico avances\"\"|\"\"exatlon smifinales mujeres\"\"|\"\"exatlon mexico semifinales hombres\"\"|\"\"exatlon mexico macky primer finalista\"\"|\"\"exatlon mexico ana lago\"\"|\"\"exatlon mexico ana lago eliminada\"\"|\"\"exatlon mexico famosos\"\"|\"\"exatlon mexico contendientes\"\"|\"\"exatlon mexico peleas\"\"|\"\"exatlon mexico eliminado\"\"|\"\"exatlon mexico fraude\"\"|\"\"exatlon mexico gran final\"\"|\"\"exatlon mexico de hoy\"\"|\"\"exatlon mexico en vivo\"\"|\"\"exatlon mexico tv azteca\"\"|\"\"exatlon mexico azteca 7\"\"|\"\"tv azteca\"\"\"",exatlon mexico programa 103 104 105 100 101 99 98\n¿La final ya está arreglada? Exatlón tendrá una final Azul.\nexatlon en vivo de hoy\nhttps://www.youtube.com/watch?v=Lw5vECS2SOg,2018-03-08T03:21:10.000Z,20024,278,330,842
MX,MACKY Gónzalez es ganadora de Exatlon México 2018.,El Privilegio de Mandar.,People & Blogs,[none],Esta información es 100% verídica amigos.\nEn las próximas horas voy a relevar secretos del gran fraude de Exatlon México y espero que no me sensuren ya que en México hay libertad de expresión ok.,2018-03-08T19:26:43.000Z,19934,32,64,82
MX,Muere Yann Arnaud acróbata del Cirque du Soleil tras caída en pleno show Video,Tuitealo,News & Politics,Noticias,"Un veterano acróbata de la compañía Cirque du Soleil murió tras caerse en un espectáculo que se desarrollaba la noche del sábado en la ciudad de Tampa, en el oeste de Florida, informaron hoy la compañía y portavoces de un hospital local.\\n\\nYann Arnaud, con más de 15 años de experiencia, cayó al escenario tras perder el control mientras realizaba un número de acrobacia a unos 4.5 metros de altura, lo que motivó que el espectáculo VOLTA se paralizara y se le practicara primeros auxilios.\\n\\nEl acróbata, en ese momento ya inconsciente, fue transferido al Tampa General Hospital, donde posteriormente murió como consecuencia de las heridas, según confirmó un portavoz del hospital al diario Tampa Bay Times.\\n \\nToda la familia del Cirque du Soleil está conmocionada y devastada por esta tragedia. Yann Arnaud estuvo con nosotros por más de 15 años y fue amado por todos los que tuvieron la oportunidad de conocerlo, señaló hoy en un comunicado el presidente de la compañía, Daniel Lamarre.\\n\\nVisítanos también en:\\n✩ FaceBook - http://bit.ly/2jZ5N6Z",2018-03-19T03:40:07.000Z,195530,15,33,4
MX,Amoroso es Expulsado de Enamorandonos l 9 de mayo,CajaTEVE,Entertainment,"\"enamorandonos|\"\"enamorandonos 8 de mayo 2018\"\"|\"\"enamorandonos 9 de mayo 2018\"\"|\"\"enamorandonostv\"\"|\"\"enamorandonos programa completo\"\"|\"\"tvazteca\"\"|\"\"trece\"\"|\"\"siete\"\"|\"\"azteca trece\"\"|\"\"azteca siete\"\"|\"\"programa completo\"\"|\"\"amorosos\"\"|\"\"amorosas\"\"|\"\"enamorandonos de hoy\"\"|\"\"enamorandonos hoy\"\"|\"\"amoroso es expulsado de enamorandonos\"\"|\"\"amoroso queda fuera de enamorandonos\"\"|\"\"juan carlos enamorandonos\"\"|\"\"bebeshita\"\"|\"\"la bebeshita\"\"|\"\"bebeshita enamorandonos bailando\"\"|\"\"bebeshita enamorandonos\"\"|\"\"daniela\"\"|\"\"daniela enamorandonos\"\"|\"\"portal\"\"|\"\"citas\"\"|\"\"oski\"\"\"",Amorosa es Expulsada de Enamorandonosenamorandonos 9 de mayo de 2018enamorandonos programa completo,2018-05-10T01:34:13.000Z,19541,77,83,55
MX,sismo 16/02/2018  desde que empezó CDMX,gerardo amitavha,News & Politics,"\"sismo|\"\"mexico\"\"|\"\"16\"\"|\"\"16 de febrero\"\"|\"\"terremoto\"\"|\"\"sismo 16 febrero\"\"|\"\"CDMX\"\"|\"\"CIUDAD DE MEXICO\"\"|\"\"HUERRERO\"\"|\"\"chiapas\"\"|\"\"TERREMOTO\"\"|\"\"sismo 16 de frbrero\"\"|\"\"recopilacion\"\"|\"\"earthquaque\"\"|\"\"earthquake\"\"|\"\"earthquake mexico\"\"|\"\"mexico citi\"\"|\"\"mexico city\"\"\"",sismo ciudad de mexico 16/02/2018 CDMX,2018-02-16T23:58:52.000Z,19475,49,52,33
MX,Meade a AMLO: Te has convertido en un títere de los criminales,López-Dóriga,News & Politics,[none],Así le reviró José Antonio Meade a Andrés Manuel López Obrador,2018-04-23T01:36:15.000Z,1934,5,36,19
MX,"Estas Personas afirman  que ¡EL VERDADERO LUIS MIGUEL, MU-RIÓ! y que el de ahora es un IM-POS-TOR",cosas curiosas,Entertainment,"\"luis miguel|\"\"luis miguel murio en 1992\"\"|\"\"luis miguel muere en 1990\"\"|\"\"luis miguel murio en 2010\"\"|\"\"luis miguel la serie\"\"|\"\"luis miguel doble\"\"|\"\"productora 69\"\"|\"\"luis miguel murio y tiene un doble\"\"\"","Estas Personas afirman  que ¡EL VERDADERO LUIS MIGUEL, MU-RIÓ! y que el de ahora es un IM-POS-TORNosotros le brindamos la información veraz y oportuna con nuestras fuentes confiables,sea parte de nosotros en nuestras redes sociales:SUSCRIBETE Youtube: https://goo.gl/1Bu9F8FacebooK:  https://goo.gl/XcZKyuTWITTER: https://twitter.com/CosasCuriosas24INSTAGRAM: https://www.instagram.com/cosascuriosas24/La información que se da en COSAS CURIOSAS, no representa la opinión personal de los autores de este canal.  Solo refleja el punto de vista DE LAS PERSONAS CITADAS.  Se pide mucha discreción a los espectadores.  Gracias por visitarnos!TelevisaNoticiasTVAZTECAReportajesChismesVentaneando*************AVISO DE USO JUSTO / USO LEGITIMOEste video puede contener material con derechos de autor, pero no se utiliza la totalidad de la obra protegida por copyright. Estamos haciendo tal material disponible en nuestro canal con el fin de crítica, comentario y reportaje informativo. Lo cual, Creemos que este constituye un 'uso justo' de cualquier material con derechos de autor tal como se prevé en el artículo 107 de la Ley de Derecho de Autor. De conformidad con el Título 17 USC Sección 107, el material de este sitio se distribuye sin costo a aquellos que han expresado un previo interés en recibir la información incluida para propósitos educativos, reportaje, reseña, crítica y comentarios",2018-05-28T18:08:09.000Z,19306,54,106,48
MX,Tijuana vs Toluca 1-0 2018 Resumen Goles Jornada 17 Clausura 2018,Todo Futbol En Vivo,Sports,"\"tijuana vs toluca|\"\"tijuana vs toluca 2018\"\"|\"\"tijuana vs toluca resumen\"\"|\"\"tijuana vs toluca goles\"\"|\"\"tijuana vs toluca liga mx\"\"|\"\"tijuana vs toluca 1-0\"\"|\"\"resumen tijuana vs toluca\"\"|\"\"tijuana 1 toluca 0\"\"|\"\"tijuana 1-0 toluca\"\"|\"\"tijuana toluca 1-0\"\"|\"\"tijuana\"\"|\"\"vs\"\"|\"\"toluca\"\"|\"\"1-0\"\"|\"\"2018\"\"|\"\"resumen\"\"|\"\"goles\"\"|\"\"liga mx\"\"|\"\"xolos\"\"|\"\"xolos vs toluca\"\"|\"\"xolos vs toluca 1-0\"\"|\"\"xolos vs toluca resumen\"\"|\"\"xolos vs toluca 2018\"\"|\"\"xolos vs toluca goles\"\"|\"\"resumen xolos vs toluca\"\"\"",Tijuana vs Toluca 1-0 Resumen Completo Goles Liga MX 2018\nTijuana vs Toluca 1-0 2018 Resumen Goles Jornada 17 Clausura 2018,2018-04-28T03:47:26.000Z,19057,42,88,15
MX,Sepultó del pirata de culiacan familia y amigos,videos virales,People & Blogs,[none],"",2017-12-25T00:47:07.000Z,19003,15,28,12
MX,Paul Stanley responde a Adal Ramones luego de ventilar secreto,Pyramid,People & Blogs,"\"Declaraciones|\"\"Adal Ramones\"\"|\"\"Paul Stanley\"\"|\"\"Paul Stanley responde a Adal Ramones\"\"|\"\"Tv Azteca\"\"|\"\"famoso\"\"|\"\"noticias\"\"\"","El hijo de Paco Stanley tuvo que enfrentar a los medios luego de que el conductor revelara las platicas que tiene con Tv Azteca. Luego de que Adal Ramones fuera buleado en el programa Cuéntamelo Ya, por parte de sus excolegas Roxanna Castellanos y Paul Stanley el nuevo presentador de La Academia sacó los trapitos al sol de ambos conductores y reveló que ellos están en platicas con Tv Azteca pues aseguró que quieren ser parte de la televisora.",2018-05-28T02:39:49.000Z,18983,17,40,16
MX,Se revela el sexo del bebé de Aislinn Derbez,Alejandra Morón,Entertainment,"\"aislinn derbez|\"\"mauricio ochamann\"\"|\"\"eugenio derbez\"\"|\"\"bebes famosos\"\"|\"\"famosas embarazadas\"\"|\"\"famosos\"\"|\"\"mexicanos\"\"|\"\"actrices mexicanas\"\"\"","Lorenza, la hija de Mauricio Ochamann, reveló sin querer el  sexo del bebé que espera su papá con la actriz.",2017-11-12T18:23:34.000Z,18980,42,86,14
MX,TRAIDOR!! DIEGO LAINEZ SE VA A LAS CHIVAS POR ESTA RAZON COMO NUEVO REFUERZO,Lord Fer LEE,Sports,"\"AMERICA|\"\"CLUB AMERICA\"\"|\"\"AGUILAS DEL AMERICA\"\"|\"\"NIDO DE COAPA\"\"|\"\"DIEGO LAINEZ\"\"|\"\"LAINEZ\"\"|\"\"PIOJO HERRERA\"\"|\"\"MIGUEL HERRERA\"\"|\"\"PIOJO CHIVAS\"\"|\"\"CHIVAS RAYADAS\"\"|\"\"CHIVAS DEL GUADALAJARA\"\"|\"\"MATIAS ALMEYDA\"\"|\"\"ALMEYDA\"\"|\"\"FICHAJE BOMBA\"\"|\"\"LAINE A LAS CHIVAS\"\"|\"\"FICHAJE REFUERZO\"\"|\"\"LIGUILLA\"\"|\"\"DRAFT\"\"|\"\"DRAFT LIGA MX\"\"|\"\"CLAUSURA 2018\"\"|\"\"APERTURA 2017\"\"|\"\"SANTIAGO BAÑOS\"\"|\"\"LIGA MX\"\"|\"\"COPA MX\"\"|\"\"CONCACAF\"\"|\"\"CONCACHAMPIONS\"\"|\"\"MUNDIAL DE CLUBES\"\"|\"\"SELECCION MEXICANA\"\"|\"\"HEXAGONAL\"\"|\"\"CONFEDERACIONES\"\"|\"\"RUSSIA 2018\"\"|\"\"MUNDIAL DE RUSSIA 2018\"\"|\"\"COPA ORO\"\"\"",EL JUGADOR DE LA CANTERA AMERICANISTA DIEGO LAINEZ SE VA A LAS CHIVAS COMO NUEVO REFUERZO PARA EL CLAUSURA 2018,2017-11-28T22:12:22.000Z,18891,13,46,43
MX,Daniel Bisogno y lo que opina de su excompañera Atala Sarmiento,Pyramid,People & Blogs,"\"daniel bisogno|\"\"nadie dice nada de atala\"\"|\"\"atala sarmiento\"\"|\"\"ventaneando\"\"|\"\"famoso\"\"|\"\"noticias\"\"|\"\"Pati Chapoy\"\"\"","En Ventaneando siguen sin decir ni una palabra sobre la salida de Atala del mismo. ¿Por qué no dicen nada de Atala Sarmiento en Ventaneando? Esa es la pregunta que en redes sociales, y en las del mismo programa de espectáculos se hace el público. Daniel Bisogno, a través de un Facebook live, mira los cientos de comentarios y cuestionamientos que los usuarios hacen sobre el tema de estos días: la desaparición de Atala Sarmiento del programa conducido por Pati Chapoy.",2018-03-28T15:59:23.000Z,18515,36,55,9
MX,José Antonio Meade debate en MILENIO/ Video completo,MILENIO,News & Politics,"\"jose antonio meade|\"\"meade en milnio\"\"|\"\"candidato presidencial pri 2018\"\"|\"\"jose antonio meade en milenio\"\"|\"\"igualdad de genero\"\"|\"\"amnistia\"\"|\"\"fuero\"\"|\"\"delincuencia en mexico\"\"|\"\"codigo penal unico\"\"|\"\"matrimonios gay\"\"|\"\"propuestas meade\"\"|\"\"meade\"\"|\"\"1 julio 2018\"\"|\"\"milenio\"\"|\"\"cesar duarte\"\"|\"\"roberto borge\"\"|\"\"enrique peña nieto\"\"|\"\"felipe calderon\"\"|\"\"encuestas presidenciales mexico 2018\"\"|\"\"azucena uresti\"\"|\"\"carlos marin\"\"|\"\"carlos puig\"\"|\"\"aguilar camin\"\"|\"\"silva herzog\"\"|\"\"meade milenio\"\"|\"\"estafa maestra meade\"\"|\"\"entrevista a meade\"\"\"","José Antonio Meade, candidato presidencial por la coalición Todos por México en debate con Carlos Marín, Azusena Uresti, Carlos Puig, Héctor Aguilar Camín, Jesús Silva Herzog y Juan Pablo Becerra Acosta a través de Milenio.El candidato a la Presidencia de México habló de los siguientes temas:-Inclusión de las mujeres en el campo laboral por razones de equidad y justicia- Amnistía- Fuero en México- Matrimonio igualitario en el país- Índice de delincuencia- Código Penal Único- Ex gobernadores: César Duarte y Roberto Borge- Gobierno de Felipe Calderón- Ministerio Público autónomo - Estafa maestra- Visita de Ricardo Anaya a la PGR - La 7 de 7 de José Antonio Meade-Corrupción en México- Gobierno de  Enrique Peña Nieto- Inseguridad y homicidios en México- encuestas presidenciales Mèxico 2018#MEADEenMILENIO #VotoXVoto  #Elecciones2018Entra a:http://tv.milenio.com/Mantente informado:http://www.milenio.com/Facebook:https://www.facebook.com/MilenioDiario/Twitter:https://twitter.com/Milenio- José Antonio Meade en Milenio- Meade en Milenio- José Antonio Meade PRI tiene posibilidad de ganar la elección- En términos relativos bajo la pobreza: Meade- El candidato presidencial del PRI opina sobre la amnistía- ´Bajaré el 40% de delitos´- fuero federal y fuero común en México- Sobre matrimonio igualitario Meade comenta, respeto la Constitución- Meade está a favor de la vida respuesta sobre el tema de aborto en el país- Código Penal Único- Antorcha campesina- Metimos a la cárcel a Borge y Duarte: José Antonio Meade- Meade habla del gobierno de Felipe Calderón- Ministerio Público autónomo - El que está en la boleta soy yo: José Antonio Meade- Estafa maestra- Meade habla de la visita de Ricardo Anaya a la PGR - La 7 de 7 de José Antonio Meade-Corrupción en México- Enrique Peña Nieto es un hombre honesto: José Antonio Meade- Gobierno de Felipe Calderón y Enrique Peña Nieto- Inseguridad y homicidios en México",2018-05-09T04:56:31.000Z,184186,900,5839,3507
MX,ENAMORANDONOS| PELEA ENTRE AMOROSAS.,08 RG,People & Blogs,[none],PELEA ENTRE LAS AMOROSAS JESSICA Y ROSA.  PAMELA JALA DEL CABELLO A ROSA?,2018-02-01T22:35:16.000Z,18344,46,70,15
MX,Reto 4 Elementos / Asi empieza a Grabar el reality TELEVISA / Cuales serán los equipos? ?,"Realitys, Noticias",People & Blogs,"\"televisa|\"\"reto 4 elementos\"\"|\"\"reto 4 elementos televisa\"\"|\"\"televisa le copia a tv azteca\"\"|\"\"televisa vs Tv azteca\"\"|\"\"reto 4 elementos es copia de la isla\"\"|\"\"reto 4 elementos es copia del extalòn\"\"|\"\"realitys mexicanos\"\"|\"\"televisa en vivo\"\"|\"\"nuevo reality de televisa\"\"|\"\"participantes de reto 4 elementos\"\"|\"\"actores que participan en reto 4 elementos\"\"|\"\"reto 4 elementos en vivo\"\"|\"\"reto 4 elementos promo\"\"|\"\"reto 4 elementos 2018\"\"|\"\"magda rodriguez a televisa\"\"|\"\"televisa copia la isla\"\"\"","así se comienza a grabar el nuevo reality de televisa reto 4 elementos, y también les digo cuales serán los equipos que conformaran este reality mexicano.",2018-02-21T19:35:23.000Z,18116,71,73,73
MX,Momento en que Raul Araiza le arma pleito a Andrea Legarreta en Hoy EN VIVO,VIDEOS RANDOM,Entertainment,"\"negro araiza|\"\"andrea legarreta\"\"|\"\"atala sarmiento\"\"|\"\"galilea montijo\"\"|\"\"hoy magda\"\"\"",MOMENTO EXACTO EN DONDE Protagonizan pelea Andrea Legarreta y Raúl El Negro Araiza en HoyTAG IGNORARmomento del pleito entre andrea legarreta y raul araiza el negro hoyRaúl Araiza Vs Andrea Legarreta; pleito en vivo de conductores,2018-05-10T19:19:59.000Z,18099,33,79,76
MX,Atala Sarmiento RECALCA que fue leal a Vetaneando a pesar de su salida del programa,Flash Farandula,Entertainment,"\"ventaneando|\"\"atala sarmiento\"\"|\"\"salida de ventaneando\"\"|\"\"trabajar en televisa\"\"|\"\"desleal a tv azteca\"\"|\"\"paty chapoy\"\"|\"\"daniel bisogno\"\"|\"\"pedrito sola\"\"|\"\"no han aclrado\"\"|\"\"su salida de ventaneando\"\"|\"\"televisa\"\"|\"\"tv azteca\"\"|\"\"youtube\"\"|\"\"youtubers\"\"|\"\"noticias\"\"|\"\"chismes\"\"|\"\"espectaculos\"\"|\"\"farandula\"\"|\"\"famosos\"\"|\"\"entretenimiento\"\"|\"\"flash farandula\"\"|\"\"hollywood\"\"|\"\"teatro\"\"|\"\"música\"\"|\"\"telenovelas\"\"|\"\"suelta la sopa\"\"|\"\"cantantes\"\"|\"\"actores\"\"|\"\"actrices\"\"|\"\"celebridades\"\"|\"\"celebs\"\"|\"\"tendencias\"\"|\"\"farandula flash\"\"|\"\"CHISMES DE FAMOSOS\"\"\"","A través de Twitter, algunos seguidores de Atala se ponen de su lado y le expresan lo que piensan de su supuesta salida del programa, la cual sigue siendo un misterio porque ni la misma Atala ha dicho si es verdad o no que ya no trabajará para Ventaneando.\\n\\nEn Farándula Flash Agradecemos infinitamente sus suscripciones al canal y todos sus likes, créanos que nos ayudan a crecer en youtube, también los invitamos a que activen la campana de notificaciones para que no se pierdan ningún vídeo con las mejores noticias de sus artistas favoritas\\n\\nToda información emitida en este video y en este canal es una recopilación extraída de diversas publicaciones nacionales e internacionales, Flash Farándula no es responsable de dicha información.",2018-03-25T20:19:49.000Z,178747,450,756,81
MX,Atala en el programa hoy - Así inician detrás de cámaras,Programa Hoy,Entertainment,[none],"",2018-04-19T20:11:15.000Z,177807,257,275,103
MX,¿Macky y Ernesto Practican los circuitos antes de la competencia?,Reality Mex,Entertainment,"\"exatlon chismes|\"\"exatlon maky\"\"|\"\"exatlon ernesto\"\"|\"\"exatlon ayudas\"\"\"","Esa es la pregunta, así es, parece ser que Ernesto y maky ya saben que tiro van a poner y eso les da ventaja sobre los famosos, y es que en el capitulo del 26 de febrero vimos como Ernesto y maky platican acerca de esto\\n\\n***********************************************************************\\nSIGUENOS EN FACEBOOK: https://www.facebook.com/IslaYexatlonSuperFans/\\n***********************************************************************",2018-02-27T19:41:59.000Z,17753,134,161,137
