country,title,channel_title,category,tags,description,publish_time,views,likes,dislikes,comment_count
RU,Новости. 31 января. Утро,Навальный LIVE,News & Politics,"\"Навальный|\"\"Волков\"\"|\"\"политика\"\"|\"\"выборы\"\"|\"\"оппозиция\"\"|\"\"Димон\"\"|\"\"ДимонОтветит\"\"|\"\"Медведев\"\"|\"\"коррупция\"\"|\"\"новости\"\"\"","Мы следим за развитием событий и сообщаем вам самую актуальную и правдивую информацию.\\n\\nПодписывайтесь на «Навальный LIVE» в соцсетях:\\nТвиттер: https://twitter.com/navalnylive\\nИнстаграм: https://www.instagram.com/navalny.live/\\nВК: https://vk.com/navalny_live\\nФейсбук: https://www.facebook.com/navalnylive/\\nОК: https://www.ok.ru/navalnylive \\nТелеграм: https://t.me/navalny_live\\n\\nМы рассказываем о том, о чем не говорят по телевизору.",2018-01-31T09:10:09.000Z,29182,3857,6435,547
RU,Вечер с Владимиром Соловьевым от 26.03.2018,Россия 24,Entertainment,[none],Вечер с Владимиром Соловьевым от 26.03.2018,2018-03-26T23:25:42.000Z,291548,2156,4281,767
RU,БИАТЛОН 12.01.2018. КУБOK МИРА 2017-2018. Эстафета. МУЖЧИНЫ,Трансляции Спорта,Sports,[none],БИАТЛОН 12.01.2018. КУБOK МИРА 2017-2018. Эстафета. МУЖЧИНЫ,2018-01-12T15:17:27.000Z,29118,58,128,19
RU,КИРИЛЛ ТЕРЕШИН И АМПУТАЦИЯ| РУКИ БАЗУКИ ИЛИ ТЯПКИ ЛАПКИ|Реакция Специальный выпуск: Хайп любой ценой,Лапин Щоуз,People & Blogs,"\"КИРИЛЛ ТЕРЕШИН И АМПУТАЦИЯ|\"\"кирилл терешин\"\"|\"\"РУКИ БАЗУКИ ИЛИ ТЯПКИ ЛАПКИ\"\"|\"\"кирилл терешин руки базуки\"\"|\"\"руки базуки\"\"|\"\"Реакция Специальный выпуск: Хайп любой ценой\"\"|\"\"Специальный выпуск: Хайп любой ценой\"\"|\"\"нтв\"\"|\"\"кирилл терехин\"\"|\"\"терешин\"\"|\"\"ампутация рук\"\"|\"\"ампутация\"\"|\"\"разрыв бицепса\"\"|\"\"отваливаются руки\"\"|\"\"синтол\"\"|\"\"синтоловый качок\"\"|\"\"прямой эфир\"\"|\"\"качок\"\"|\"\"синтол кирилл\"\"|\"\"прямой эфир терешин\"\"|\"\"синтол в бицепс\"\"|\"\"фрик\"\"|\"\"кирил терешин нтв\"\"|\"\"кирилл терешин хайп\"\"|\"\"кирилл терешин специальный выпуск\"\"|\"\"хайпожорство\"\"|\"\"лапин\"\"\"","Кирилл Терёшин, aka Руки-Базуки, сколько плохого можно сказать об этом человеке, но можно ли сказать хорошее?\\nМногие блогеры, да что уж там, даже телевидение пытается разобраться в мотивации Кирилла.\\nИ Прямой эфир с Малховым, и Специальный выпуск, вообщем все гадают, когда синтоловый качокосознаёт свою ошибку.\\nНу а нам остаётся пока только угарать над такими фриками.\\n\\nTRASH YOUTUBE (САМЫЙ ОЧУШЕННЫЙ ПАБЛИК): https://vk.com/trash_fun\\n\\nПОДПИШИСЬ!\\nhttp://www.youtube.com/c/ЛапинШоуз\\n\\nХАЙПОЖОРСТВО №35\\nАвтор: https://vk.com/s1eepy_head\\nГруппа в ВК: https://vk.com/lapinlive\\nTwitch канал: https://www.twitch.tv/lapinshow\\n \\nMusic: Night Club – Another One\\nPerturbator - Terror 404 / Dance with the dead\\nИ что-то там из Hotline Miami",2017-12-10T13:33:11.000Z,290699,3247,9411,632
RU,Ольга Рапунцель родила и возвращается. 4 версий развития отношений,ПЕРСОНАЖ НОВОСТИ ДОМ 2,People & Blogs,"\"Роды|\"\"Ольга Рапунцель\"\"|\"\"Ольга Рапунцель родила\"\"|\"\"Дмитрий Дмитренко\"\"|\"\"беременная Рапунцель\"\"|\"\"рапунцель Дом 2\"\"|\"\"дом 2\"\"|\"\"дом 2 новости\"\"|\"\"дом 2 последняя серия\"\"|\"\"дом 2 свежие серии\"\"|\"\"реалити шоу\"\"|\"\"шоу\"\"|\"\"обзоры новостей\"\"|\"\"дом 2 новости и слухи\"\"|\"\"дом 2 день\"\"|\"\"дом 2 вечерний выпуск\"\"|\"\"дом 2 ночной выпуск\"\"|\"\"дом 2 эфиры\"\"|\"\"дом 2 лайт\"\"|\"\"серия дом 2\"\"|\"\"дом 2 слухи\"\"|\"\"дом 2 на 6 дней раньше\"\"|\"\"дом 2 участники\"\"|\"\"новости дом 2\"\"|\"\"дом 2 последние новости\"\"|\"\"дом 2 после заката\"\"|\"\"звезды шоу бизнеса\"\"|\"\"dom 2\"\"\"","Всем привет, с вами Ник и сегодня мы рассмотрим 4 версии развития отношений в семье Ольги Рапунцель и Дмитрия Дмитренко (https://youtu.be/sWDJylo0a2s).\\n\\nМы решили рассмотреть версии, когда Ольга Рапунцель родила девочку и решила вернуться на проект Дом 2. А также, версии, что Дима возвращается один или одна приходит Ольга.\\n\\nВы можете сами в комментариях написать свое мнение о данной семейной паре. Мы будем очень рады узнать ваше мнение. Подписывайтесь на канал и ставьте лайки!\\n\\nМузыка: Free Music \\n\\nДом 2 Свежие серии можно посмотреть на официальном сайте http://dom2.ru. И не пропустите сегодня дом 2 эфиры. На ТНТ выйдут следующие выпуски: дом 2 дневной выпуск (lite), дом 2 вечерний выпуск (город любви) в 23:00 и ночной эфир (после заката) в полночь. Наш канал ПЕРСОНАЖ не является официальным и освещает только события и слухи на проекте. В видео использован Товарный знак Дом 2 (для информационных целей), принадлежащий АО ТНТ-Телесеть. Логотип Дом 2 не имеет отношения к моему каналу. Владелец товарного знака Дом 2 не создавал и не финансировал этот канал и его содержание.\\n #дом2 #дом2новости #дом2свежиесерии #дом2последниеновости #дом2новостиислухи",2018-02-16T09:00:03.000Z,29067,43,54,21
RU,"«Володе» пора на пенсию, а властям — считаться с нами",Навальный LIVE,News & Politics,"\"Навальный|\"\"Волков\"\"|\"\"политика\"\"|\"\"выборы\"\"|\"\"оппозиция\"\"|\"\"Димон\"\"|\"\"ДимонОтветит\"\"|\"\"Медведев\"\"|\"\"коррупция\"\"|\"\"Алексей Навальный\"\"|\"\"экономика\"\"|\"\"кризис\"\"|\"\"нефть\"\"|\"\"бензин\"\"|\"\"акцизы\"\"|\"\"резервный фонд\"\"|\"\"иран\"\"|\"\"протесты\"\"\"","Навальный в 20:18. Эфир #035. В своем первом эфире 2018 года Алексей Навальный призвал зрителей помочь отправить «Володю» на пенсию: мы собираем пожертвования на новый дрон, грозу коррупционеров, который назовем в честь самого щедрого жертвователя. Также Алексей подробно объяснил смысл забастовки избирателей и акции 28.01,  поговорил о ситуации в Иране и загадочном нападении-ненападении на российскую базу в Сирии, где до сих пор погибают наши сограждане, а Путин использует это в своих целях.\\n\\nАлексей Навальный в прямом эфире по четвергам в 20 часов 18 минут. Пишите вопросы и комментарии в твиттере с хэштегом #Навальный2018.\\n\\nЗабастовка избирателей 28.01.20!8: https://vk.com/teamnavalny?w=wall-55284725_678142 \\n\\nДОНЕЙТЫ: https://streamlabs.com/navalnylive\\nМинимальный донейт для бегущей строки — 100 руб.\\nМинимальный донейт для комментария на экране — 2018 руб.\\nМинимальный донейт для гифки — 2018 руб. (плюс платная подписка на Streamlabs $5 в месяц).\\n\\nПриложение для iOS: https://navalny.live/ios\\nПриложение для Android: https://navalny.live/android\\n\\nПодписывайтесь на рассылку «Навальный LIVE»: https://navalny.live/subscribe/  \\n\\nПодписывайтесь на «Навальный LIVE» в соцсетях:\\nТвиттер: https://twitter.com/navalnylive\\nИнстаграм: https://www.instagram.com/navalny.live/\\nВК: https://vk.com/navalny_live\\nФейсбук: https://www.facebook.com/navalnylive/\\nОК: https://www.ok.ru/navalnylive \\nТелеграм: https://t.me/navalny_live\\n\\nПрограмма Алексея Навального: https://navalny.com/p/5662/ \\nИстории конкретных людей и как на их жизнь повлияют изменения, предлагаемые Алексеем Навальным: https://2018.navalny.com/stories/ \\n\\nПоддержать кампанию Алексея Навального: https://goo.gl/etbAbg\\nПоставить подпись за выдвижение Алексея Навального в президенты: \\nhttps://goo.gl/78WMtq\\n\\nВидеоблог Алексея Навального: https://www.youtube.com/user/NavalnyRu \\nПоддержать Фонд борьбы с коррупцией: https://goo.gl/Ds2Rt9\\n\\nТвиттер Алексея Навального: https://twitter.com/navalny \\nИнстаграм Алексея Навального: http://instagram.com/navalny\\nТелеграм Алексея Навального: https://t.me/navalny_telegram\\n\\nТаймкоды\\n0:28 Начало.\\n1:48 Как вы хотите, чтобы развивался «Навальный LIVE»?\\n3:40 «Володю» пора менять!\\n6:55❓Селедка под шубой или оливье?\\n7:45❓Павел Грудинин: наш или не наш?\\n8:35❓Планы оппозиции на 2018 год.\\n12:20 О росте акциза на бензин.\\n16:00 Придумываем занятия для президента в отставке.\\n18:55❓Будут ли новые листовки про забастовку.  \\n20:00 🎥 Протесты в Иране: та же пропаганда, что в Кремле.\\n23:00 Протест бедноты против экономического тупика, в котором находится страна.\\n25:55❓Что будете делать с церковниками после победы на выборах?\\n29:00❓О дальневосточном гектаре.\\n31:47❓Почему бы не устроить массовую диверсию на ТВ?\\n32:45❓Будут ли задержания 28 января?\\n34:26❓Может ли Навальный куда-либо баллотироваться? \\n36:50❓Может ли несовершеннолетний пойти наблюдателем на выборы?\\n39:05 Сирия: CIT о вбросах о нападением на российскую базу.\\n41:40 Кто уничтожил половину нашей авиации, если Путин заявил, что ИГИЛ уничтожен? Зачем мы там?\\n42:46 Зачем нужна операция в Сирии? Бессмысленные жертвы.\\n50:00 Кто изображен на аватарке Алексея в твиттере?\\n50:30❓Где Алексей будет во время забастовки?\\n55:30 Что нужно улучшить на «Навальный LIVE»?\\n56:40❓Как вы относитесь к тому, что полицейских не выпускают за границу?\\n1:03:38 «Мы собрали 158 тысяч рублей. На первом месте по донейту пользователь по имени Трамп. Это действительно смешно. Если на следующей передаче никто не перебьет Трампа, то новый суперквадракоптер ФБК будет называться “Трамп”».",2018-01-04T18:29:04.000Z,289848,37966,65841,9118
RU,Арест Савченко. Обсуждение 60 минут 22.03.2018,Сила Слова,News & Politics,"\"Арест Савченко|\"\"савченко\"\"|\"\"украина\"\"|\"\"россия\"\"|\"\"обсуждение\"\"|\"\"ток шоу\"\"|\"\"60 минут\"\"|\"\"порошенко\"\"|\"\"политика\"\"|\"\"новости\"\"|\"\"вести\"\"|\"\"луценко\"\"\"","ПРИЯТНОГО ПРОСМОТРА! РЕПОСТИМ, СТАВИМ ЛАЙК И ПОДПИСЫВАЕМСЯ НА КАНАЛ https://goo.gl/EFDrMb\\n\\n\\nДругие видео:\\nВести ФМ │Полный контакт,от двух до пяти,железная логика,формула смысла│(Нарезки,вырезки) https://www.youtube.com/playlist?list=PLgaUQFmGbpcXPUomZaeI_dCh7ybSopXZB\\nНовости России 24 https://www.youtube.com/playlist?list=PLgaUQFmGbpcUcm14Be-i-m4WqPIxJtiCD\\nВести недели и Ток-шоу 60 минут https://www.youtube.com/playlist?list=PLgaUQFmGbpcUPEuvvmdUw5ybowaviZgdd\\nСемен Багдасаров https://www.youtube.com/playlist?list=PLgaUQFmGbpcVgZAfG7e_r7458YZiTrHBF\\nЕвгений Сатановский https://www.youtube.com/playlist?list=PLgaUQFmGbpcXgR8JyAl193JcFs_J0T82v\\nСергей Михеев https://www.youtube.com/playlist?list=PLgaUQFmGbpcX3AgZbNqQhpPQFqXwO6BLq\\nВладимир Соловьев https://www.youtube.com/playlist?list=PLgaUQFmGbpcU7jDTOGjBjAzgJ2wxmzFal\\nВладимир Жириновский https://www.youtube.com/playlist?list=PLgaUQFmGbpcUkhVkD7p-zWdXxLRZsl0zg\\nРостислав Ищенко https://www.youtube.com/playlist?list=PLgaUQFmGbpcU5pCywvACw9eW88-REqpbP\\nГости из Украины(Ковтун,Карасев,Яхно,Трюхан...) https://www.youtube.com/playlist?list=PLgaUQFmGbpcXtHYs0syY-sRlsaQPKNPhH",2018-03-22T11:56:04.000Z,288912,847,950,976
RU,Опознаны все жертвы аварии у метро «Славянский бульвар» - МИР 24,Мир 24,News & Politics,"\"новости|\"\"последние новости\"\"|\"\"новости мира\"\"|\"\"мировые новости\"\"|\"\"мир\"\"|\"\"мир 24\"\"|\"\"мир 24 новости\"\"|\"\"ПРОИСШЕСТВИЯ\"\"|\"\"ВИДЕО\"\"|\"\"МОСКВА\"\"|\"\"МЕТРО\"\"|\"\"РОССИЯ\"\"|\"\"АВТОБУС\"\"|\"\"АВАРИЯ\"\"|\"\"политика\"\"|\"\"путин\"\"|\"\"владимир путин\"\"|\"\"трамп\"\"|\"\"дональд трамп\"\"|\"\"происшествия\"\"|\"\"чп\"\"|\"\"чрезвычайное происшествие\"\"|\"\"россия\"\"|\"\"новости россии\"\"\"",Девять пострадавших по-прежнему остаются в больницах.,2017-12-26T10:45:42.000Z,28886,32,51,15
RU,Почему соратники отворачиваются от Грудинина?,LDPR_Russia,People & Blogs,#ЛДПР #LDPR #Жириновский #Грудинин,"После вскрывшихся фактов о заграничных счетах, продажи земли совхоза и других темных дел Грудинина, от него начали отворачиваться сторонники. Ярким примером является Сергей Удальцов.\\n Кто же будет следующим?!",2018-02-04T05:24:46.000Z,288474,1531,2615,1909
RU,Столото представляет | Русское лото тираж №1231 от 13.05.18,Столото,Entertainment,"\"русское лото|\"\"русское лото 1231\"\"|\"\"столото\"\"|\"\"отзывы\"\"|\"\"обман\"\"|\"\"развод\"\"|\"\"русское лото проверить билет\"\"|\"\"русское лото тираж 1231\"\"|\"\"результаты тиража 1231 русское лото\"\"|\"\"проверка билета русское лото\"\"|\"\"лото\"\"|\"\"лотерея\"\"|\"\"как выиграть в лотерею\"\"|\"\"как заработать денег\"\"|\"\"первый канал\"\"|\"\"нтв\"\"|\"\"победитель\"\"|\"\"Москва\"\"|\"\"последние новости\"\"|\"\"социальные сети\"\"|\"\"лотереи\"\"|\"\"как заработать много денег\"\"|\"\"гослото\"\"|\"\"столото проверить билет\"\"|\"\"stoloto\"\"|\"\"Столото представляет | Русское лото тираж №1231 от 13.05.18\"\"\"",Проверить билет лотереи Русское лото 1231 тираж: http://www.stoloto.ru/ruslotto/check_bulletinВ новом выпуске программы  У нас выигрывают  на НТВ Михаил Борисов провел очередной розыгрыш самой народной лотереи - Русское лото. Пропустили эфир? Узнайте о результатах розыгрыша прямо сейчас!Проверить билет лотереи Русское лото 1231 тираж: http://www.stoloto.ru/ruslotto/check_bulletinОфициальный сайт Столото и покупка лотерейных билетов онлайн: http://www.stoloto.ru/Столото в социальных сетях:ВКонтакте: http://vk.com/stoloto Facebook: https://www.facebook.com/stoloto.ruОдноклассники: https://ok.ru/stoloto Twitter: https://twitter.com/stolotoInstagram: https://www.instagram.com/stolotoСтолото представляет | Русское лото тираж №1231 от 13.05.18https://youtu.be/TS0RndmP2PQ,2018-05-13T03:58:07.000Z,28789,122,239,161
RU,Особое мнение / Леонид Радзиховский // 25.05.18,Эхо Москвы,News & Politics,"\"эхо москвы|\"\"онлайн смотреть\"\"|\"\"прямой эфир\"\"|\"\"echo.msk.ru\"\"|\"\"Особое мнение / Леонид Радзиховский\"\"|\"\"Ведущая: Оксана Пашина.\"\"\"",Ведущая: Оксана Пашина. Звонки: +7 495 363-36-59СМС: +7 985 970-45-45Сетка вещания — http://echo.msk.ru/scheduleПодпишитесь на другие каналы Эха Москвы:Эхо Общество — https://goo.gl/Pb2BkdЭхо Культура — https://goo.gl/4oSHPYЭхо Авто — https://goo.gl/pgkXNWЭхо Спорт — https://goo.gl/R69Uw3Детское Эхо — https://goo.gl/Q6ybofДилетант — https://goo.gl/AoS8H9,2018-05-25T16:55:05.000Z,28769,1119,1825,101
RU,"Close to the Earth professional Managed Tech Services for individuals, small business and families.",Close to the Earth I.T. Services,Science & Technology,"\"Close to the Earth|\"\"Apple Green Tech\"\"\"","BACKUP SYSTEMS\\nIt’s never a matter of “if” your hard drive will fail, but “when”. That’s why it’s so important that you not only backup but regularly check if that the backup is being completed successfully. Luckily, with Watchman Monitoring, we do all the checking so you don’t have to. We will alert you if we see the backups not being performed as expected.\\n\\nDISK DRIVES\\nRunning low on disk space can happen suddenly and when it does, it has real potential to corrupt a system and cause data loss. Watchman Monitoring can alert you well before that ever happens. We’ll also alert you to any disk input/output (I/O) errors (a precursor to a drive failure), boot disk selection changes, false mounts, and more.\\n\\nRAID SYSTEMS\\nWe’ll help you avoid costly downtime due to RAID failures from Apple and SoftRaid by warning you at the earliest signs of trouble. Combined with our world-class backup monitoring you can rest assured knowing your data is secure.\\n\\nNETWORKS\\nSlow network performance can be caused by things like poor cable quality, failing network hardware, or even your ISP having a bad day. We’ll help narrow down the cause by alerting you when there’s an excessive number of network errors. We can even let you know when a computer’s IP address changes.\\n\\nSYSTEM PERFORMANCE\\nKeeping a computer running at it’s peak performance is easy with Watchman Monitoring. We’ll alert you to productivity-robbing issues such as failing laptop batteries, kernel panics, faulty RAM, unscheduled reboots, and even failed power-on self-tests (POST) which usually go unnoticed.\\n\\nMALWARE\\nNo single malware detection software can find all threats. Watchman Monitoring helps out by providing an additional layer of malware checking to your existing solution.\\n\\nDEMOGRAPHICS\\nWhile we’re rummaging around inside the computer looking for problems, we also report back other helpful information such as machine name, last logged in user, serial number (including warranty status if GSX account enabled), RAM, model number, OS & firmware versions, processors, uptime, last check-in, and more.",2016-09-22T02:17:31.000Z,28588,3,7,1
RU,КЕМЕРОВО. ИГОРЬ ВОСТРИКОВ И СТОКГОЛЬМСКИЙ СИНДРОМ.,Народовластие,News & Politics,"\"вячеслав|\"\"мальцев\"\"|\"\"плохие\"\"|\"\"новости\"\"|\"\"артподготовка\"\"|\"\"вести\"\"|\"\"недели\"\"|\"\"прямой\"\"|\"\"эфир\"\"|\"\"путин\"\"|\"\"медведев\"\"|\"\"порошенко\"\"|\"\"политика\"\"|\"\"россии\"\"|\"\"россия\"\"|\"\"украина\"\"|\"\"киев\"\"|\"\"украине\"\"|\"\"крым\"\"|\"\"власть\"\"|\"\"власти\"\"|\"\"режим\"\"|\"\"русские\"\"|\"\"нефть\"\"|\"\"рубль\"\"|\"\"доллар\"\"|\"\"курс\"\"|\"\"валют\"\"|\"\"эхо\"\"|\"\"москвы\"\"|\"\"белковский\"\"|\"\"шендерович\"\"|\"\"особое\"\"|\"\"мнение\"\"|\"\"дождь\"\"|\"\"демура\"\"|\"\"шарий\"\"|\"\"суд\"\"|\"\"кризис\"\"|\"\"russia\"\"|\"\"протесты\"\"|\"\"банк\"\"|\"\"биржа\"\"|\"\"финансы\"\"|\"\"евро\"\"|\"\"невзоров\"\"|\"\"камикадзе\"\"|\"\"5112017\"\"|\"\"революция\"\"|\"\"51117\"\"|\"\"кремль\"\"|\"\"песков\"\"|\"\"лавров\"\"|\"\"митинг\"\"|\"\"пожар\"\"|\"\"кемерово\"\"|\"\"тулеев\"\"|\"\"дети\"\"|\"\"сгорели\"\"|\"\"похороны\"\"|\"\"вольнов\"\"|\"\"#hangoutsonair\"\"|\"\"Hangouts On Air\"\"|\"\"#hoa\"\"|\"\"востриков\"\"|\"\"вата\"\"\"","Спасибо за Вашу поддержку каналу!\\n\\nНОВЫЙ ДОНАТ ДЛЯ ВОПРОСА В ПРЯМОЙ ЭФИР: http://www.donationalerts.ru/r/maltsev\\n\\nДОНАТ НА РЕВКОЙНЫ: http://www.donationalerts.ru/r/artpod...\\n\\nMAIL ДЛЯ ПРОГРАММИСТОВ avrorarevcoin@gmail.com\\n\\nНОВЫЙ КОШЕЛЕК:\\n≡ Bitcoin:  12dLhnQwuF4aUHXLgngvv2jZa6zYADb1uN\\n\\nВячеслав Мальцев. Плохие новости\\nОТКРЫТОЕ ТЕСТИРОВАНИЕ САЙТА http://testmaltsev.org/\\nРЕВКОЙНЫ:  https://nocorrupt.org\\nИнструкция как анонимно написать Вячеславу Мальцеву\\nhttps://www.dropbox.com/s/0kquwlu4s8k....\\n\\nЗарегистрируйтесь на Viuly, новом аналоге ютуба- \\nhttps://viuly.io/r/K7790395a9446988\\nнаш канал Народовластие на viuly  - https://viuly.io/channel/70053\\n\\n\\nTwitter: https://twitter.com/vvmaltsev\\nEMAIL В. В. МАЛЬЦЕВА: vvmaltsev64@gmail.com\\nКАНАЛ БЕЗУМНАЯ ГРЕТА: https://www.youtube.com/channel/UC6MZ...\\n\\nОБХОД БЛОКИРОВОК СОЦСЕТЕЙ: https://cloud.mail.ru/public/3JYX/tzW...\\n\\nАгитационный материал: https://cloud.mail.ru/public/ELtq/oJ3...\\nПисьма узникам режима: http://rosuznik.org/\\n================================",2018-03-30T20:29:00.000Z,28565,2762,7877,307
RU,СРОЧНО!! Путин ОТВЕТИЛ на вызов Грудинина на ДЕБАТЫ!!,NEWS,News & Politics,"\"путин|\"\"грудинин\"\"|\"\"путин новости\"\"|\"\"павел грудинин\"\"|\"\"новости\"\"|\"\"Дебаты\"\"|\"\"грудинин путин\"\"|\"\"срочно\"\"|\"\"грудинин последние новости\"\"|\"\"грудинина\"\"|\"\"трамп\"\"|\"\"сша\"\"|\"\"россия\"\"|\"\"последние новости\"\"|\"\"сегодня\"\"|\"\"владимир путин\"\"|\"\"россия 24\"\"|\"\"вести\"\"|\"\"соловьев\"\"|\"\"политика\"\"|\"\"выборы\"\"|\"\"тв\"\"|\"\"воскресный вечер\"\"|\"\"политика россии\"\"|\"\"пусть говорят\"\"|\"\"вести в субботу\"\"|\"\"дебаты\"\"|\"\"путин ответил грудиниу\"\"|\"\"ответ путина\"\"|\"\"КПРФ\"\"|\"\"зюганов\"\"|\"\"кремль\"\"|\"\"вызов\"\"|\"\"на\"\"|\"\"ответил\"\"|\"\"новости 22.01.2018\"\"|\"\"22.01.2018\"\"|\"\"путин 22.01.2018\"\"|\"\"грудинин 22.01.2018\"\"\"",Путин про Дебаты с Грудининым,2018-01-20T19:52:54.000Z,285355,3922,8145,2386
RU,24 декабря 2017 г. Биткоин упадёт? А обезьяны останутся?,Крипто Столица,People & Blogs,[none],"Курс #биткоин упадёт, а обезьянки останутся ?🐒🎄🎉____\\nДорогие мои, самые умные и оригинальные друзья, прошу, не шлите мне сказки, придуманные не Вами)❤️🤪 Если хотите что-то прислать, то отправьте мне живую обезьянку🐒 (пригласить через @strekovika ) или биткоины на биткоин кошелёк 💎😂❤️))) 33DcyQxgUVtJFUYcwm9N728NX1tGmpjccV\\nPs: интеллект -это способность различать. (Психологический словарь) \\nВсех с наступающим, всем 😘💋)\\n#биткоин #bitcoin #криптостолица#bitcoingirl\\n#столицамайнинга#майнинг\\nhttps://instagram.com/p/BdGdX9_jNm-/",2017-12-24T13:15:57.000Z,285312,1356,3854,465
RU,Правда и ложь сирийской драмы. Интервью с Владиславом Шурыгиным,Максим Шевченко,News & Politics,"\"максим|\"\"шевченко\"\"|\"\"чвк вагнер\"\"|\"\"вагнер\"\"|\"\"сирия\"\"|\"\"200 солдат\"\"\"","Поговорим о том, что случилось в Сирии. Все социальные сети полны достоверной информацией о страшном разгроме ЧВК Вагнера. Так ли это?",2018-02-13T08:21:53.000Z,285000,3919,4483,2462
RU,«Бездомный полк»,Нейромир-ТВ,News & Politics,"\"Нейромир-ТВ|\"\"Павел Грудинин\"\"|\"\"ПДС НПСР\"\"\"",Встреча Павла Грудинина с военными. Прямой эфир.  https://neuromir.tv/  помощь каналу  https://neuromir.tv/info/donations/,2018-03-10T16:25:21.000Z,28479,4470,9658,376
RU,GLEB - В Этот День (Премьера Клипа 2018),Gleb,Music,"\"gleb|\"\"в этот день\"\"|\"\"премьера клипа\"\"|\"\"2018\"\"|\"\"смотеть\"\"|\"\"бесплатно\"\"|\"\"mp3\"\"|\"\"скачать\"\"|\"\"глеб\"\"\"",GLEB - В этот день (Original Version)\n\nВ iTunes: https://goo.gl/2kw2HX \nВ GooglePlay: https://goo.gl/MgGLLC\nСкачать сингл: https://goo.gl/vyGwWS \n\nТекст и музыка: Леонид Колосовский\nРежиссер: Ярослав Кардэлло\nОператор-постановщик: Евгений Контров\nКомпания Malevich Video\n----\nСайт: https://www.glebsinger.ru \nYouTube: https://www.youtube.com/c/GlebSinger \nInstagram: https://www.instagram.com/gleb.singer/ \nFacebook: https://www.facebook.com/glebsinger/\n\nСингл В этот день (Dance Version): https://youtu.be/25LeCSo9jhI,2018-01-05T12:43:23.000Z,284620,408,3279,356
RU,РЕАКЦИЯ КАДЫРОВА НА СКАНДАЛЬНОЕ ВИДЕО БОЙЦОВ,ToFight News,Sports,"\"реакция рамзана кадырова|\"\"рамзан кадыров\"\"|\"\"скандально видео\"\"|\"\"альберт дураев\"\"|\"\"негатив\"\"|\"\"ислам\"\"\"",БК Леон БК. Твой чемпионат. Твой букмекер: http://bit.ly/2juCTh7Наш сайт: ToFight.ruПодписывайтесь на наш канал: https://www.youtube.com/c/ToFightNewsПодписывайтесь на наш паблик: https://vk.com/boxing_team1- РЕАКЦИЯ КАДЫРОВА НА СКАНДАЛЬНОЕ ВИДЕО БОЙЦОВ,2018-05-05T13:45:20.000Z,28435,176,243,132
RU,ПУТИН ПРОИГРАЛ ВЫБОРЫ 2018 (РЕЗУЛЬТАТЫ ГОЛОСОВАНИЯ),hrendyabliki,Entertainment,"\"#результаты выборов 2018|\"\"результаты выборов 18 марта\"\"|\"\"выборы 18 марта\"\"|\"\"выборы 2018\"\"|\"\"выборы президента россии\"\"|\"\"выборы президента 2018\"\"|\"\"выборы президента россии 18 марта\"\"|\"\"выборы президента россии 2018\"\"|\"\"2018марта\"\"|\"\"#неголосуй\"\"|\"\"#не голосуй\"\"|\"\"не голосуй\"\"\"","Проголосуют ли 18 марта 2018 года, в день аннексии Крыма, жители России, мужчины и женщины, молодежь, москвичи, питерцы, пенсионеры, учителя, студенты, заключенные, бюджетники и прочие граждане Российской Федерации за действующего президента РФ Владимира Владимировича Путина? Какие цифры в процентном соотношении озвучат по данным Центрального избирательного комитета Российской Федерации? Что покажут данные экзитполов на выходе из избирательных участков? Как пройдут прямые включения корреспондентов федеральных телеканалов? Как проголосуют в регионах? В Хакассии и Татарстане? Как выборы президента Российской Федерации скажутся на поголовье крупного рогатого скота? Как повлияют выборы 2018марта на удои в Удмуртии? Какой смысл имеет этот текст, и вообще имеют ли смысл выборы президента Российской Федерации 18 марта 2018 года в России? Если честно - нас рать! Если ты живешь в России и имеешь хоть каплю здравого смысла - сиди дома! Забей на Путина, Зюганова, Грудинина, Явлинского, Жириновского и особенно на Собчак, так усиленно призывающую идти голосовать! #НеГолосуй Это пока единственное, что ты можешь сделать в этой ситуации! Сиди дома! Им нужна явка! Помни - Путин уже проиграл! Запасайся поп-корном и вспоминай, где в твоем городе улицы вымощены брусчаткой ;-)\\n\\nДруг, если ты разделяешь наши взгляды, поддержи нас на платформе Patreon https://www.patreon.com/hrendyabliki\\n\\nhttps://youtu.be/hsW0ReZNK6w",2018-03-17T02:06:29.000Z,28426,1642,2590,295
RU,"Верховный Суд,, ЦИК РФ, Путин В.В. попались на лжи.",Борис ТыНеПрав,Entertainment,"\"Верховный Суд|\"\"ЦИК РФ\"\"|\"\"Путин В.В. попались на лжи.\"\"|\"\"#hangoutsonair\"\"|\"\"Hangouts On Air\"\"|\"\"#hoa\"\"\"","Верховный Суд,, ЦИК РФ, Путин В.В. попались на лжи.\\nОпределение апелляционной коллегии по жалобе Собчак . http://vsrf.ru/stor_pdf.php?id=1627844 . \\nТрансляция из суда . https://youtu.be/x3-I2vVleCg .",2018-03-10T16:51:33.000Z,28410,1745,7315,438
RU,Первый срок Навального: НЕВЕСЁЛЫЕ фантазии,Работа над ошибками,People & Blogs,"\"работа над ошибками|\"\"тимур\"\"|\"\"навальный\"\"|\"\"политика\"\"|\"\"навальный 2018\"\"|\"\"выборы\"\"|\"\"выборы 2018\"\"|\"\"новый год\"\"\"","Навальный так часто рассказывал всем, что будет, если он вдруг станет президентом, что и я об этом задумался. И решил немного порассуждать - а что же, собственно, будет с Россией? Исходя из собственных идей и заявлений Навального, картина получилась не очень оптимистичной...",2018-01-08T08:55:21.000Z,284026,17227,23389,5124
