country,title,channel_title,category,tags,description,publish_time,views,likes,dislikes,comment_count
DE,HELENE FISCHER: BABY-GEHEIMNIS GELÜFTET,Celebridades News,News & Politics,HELENE FISCHER,"Seit Jahren träumt sie schon von einem Baby – ist jetzt endlich der richtige Zeitpunkt gekommen?Als die Nachricht im Internet kursiert,",2018-02-19T20:02:22.000Z,18996,41,71,5
DE,GOMİS KAÇIRDIGI PENALTI SONRASI AĞLIYOR! GALATASARAY BEŞİKTAŞ 29.04.2018,Spor Günlüğü TV,Music,"\"gomis\"|\"galatasaray\"|\"beşiktaş\"|\"penaltı\"|\"penaltı kaçırdı\"|\"beşiktas mac özeti\"|\"galatasaray mac özeti\"|\"büyük derbi\"|\"şampiyon kim\"|\"başaksehir\"|\"fenerbahce\"|\"kasımpaşa\"|\"osmanlıspor\"|\"alanyaspor\"|\"antalyaspor\"","GOMİSİN KAÇIRDIGI PENALTIYA FATİH TERİMİN TEPKİSİNE ŞAŞIRACAKSINIZ HEMEN TIKLAYIN İZLEYİN; https://www.youtube.com/watch?v=zZwWyADXbVU\\n\\nBeşiktaş galatasaray maçında gomis kaçırdıgı penaltı sonrasında ağladı, Gomisin kaçırdıgı penaltı videosu.\\n\\nGalatasaray 2-0 Beşiktaş\\n\\n29.04.2018\\n\\n29.04.2018 Galatasaray 2 - Besiktas 0 Mac Özeti\\n28.04.2018 Fenerbahce ve Kasımpasa Maç ÖZETİ\\nGalatasaray 2 - Besiktas 0 Mac Özeti\\nGalatasaray 2 - Besiktas 0\\nBesiktas 0 - Galatasaray 2\\nBesiktas 0 - Galatasaray 2 Mac Özeti\\nGalatasaray - Besiktas\\nKayserispor 1- 2 AlanySpor\\nSivasspor 1-0 Gençlerbirliği\\nBesiktas Galatasaray\\n31' Josef De Souza\\n64' Şener Özbayraklı\\n74' Mathieu Valbuena\\nMaç Özetleri\\nFenerbahce Gol Valbuena\\nFenerbahce Gol De Souza\\nFenerbahce Gol Şener\\nMartin Skrtel Kendi Kallesine Gol Attı.\\nGalatasaray 2 - 4 Fenerbahce | Maç Özeti 28 Nisan 2018 \\nBesiktas 0 - 1 Kasımpasa | Maç Özeti 28 Nisan 2018 \\nVincent Janssen Sahalara Geri Döndü\\nValbueana Gol Attı.\\nGeniş Maç Özetleri Burada\\nfenerbahçe kasımpaşa canlı,\\nfenerbahçe kasımpaşa tribün,\\nfenerbahçe kasımpaşa full izle,\\nfenerbahçe kasımpaşa alex,\\nfenerbahçe kasımpaşa semih,\\nfenerbahçe kasımpaşa 5-0,\\nfenerbahçe kasımpaşa 2-0,\\nfenerbahçe kasımpaşa u15,\\nfenerbahçe kasımpaşa okul açık,\\nfenerbahçe kasımpaşa taraftar,\\nfenerbahçe kasımpaşa maçı,\\nbeyaz futbol kasımpaşa fenerbahçe,\\nkasımpaşa fenerbahçe balina,\\nfenerbahce kasımpasa canlı izle,\\nrasim ozan kasımpaşa fenerbahçe derbisi,\\nfenerbahçe kasımpaşa 30 ekim,\\nfenerbahçe kasımpaşa 30 ekim 2016,\\nfenerbahçe kasımpaşa full,\\nfenerbahçe kasımpaşa geniş özet,\\nfenerbahçe kasımpaşa golleri,\\nfenerbahçe kasımpaşa goller,\\nfenerbahçe 5 kasımpaşa 1 geniş özet,\\nkasımpaşa fenerbahçe gfb,\\nfenerbahçe kasımpaşa izle,\\nfenerbahçe kasımpaşa özet izle,\\nfenerbahçe kasımpaşa kortej,\\nkasımpaşa fenerbahçe live,\\nfenerbahçe kasımpaşa maç özeti 5-0,\\nfenerbahçe kasımpaşa maç özeti 4-2,\\nfenerbahçe kasımpaşa maçı canlı izle,\\nfenerbahçe kasımpaşa maç özeti youtube,\\nfenerbahçe kasimpaşa maç özeti izle,\\nfenerbahçe kasımpaşa maçı full izle,\\nfenerbahçe kasımpaşa maçı izle,\\nfenerbahçe kasımpaşa maç özeti 2016,\\nfenerbahçe kasımpaşa maç özeti 5-1,\\nfenerbahçe kasımpaşa ozan tufan,\\nfenerbahçe kasımpaşa ozet,\\nfenerbahçe kasımpaşa özeti,\\nfenerbahçe kasımpaşa özet,\\nfenerbahçe kasımpaşa özet 2016,\\nfenerbahçe kasımpaşa özet 5 0,\\nfenerbahçe kasımpaşa özet 5 1,\\nmaç özetleri fenerbahçe kasımpaşa,\\nfenerbahçe kasımpaşa penaltı,\\nrok fenerbahçe kasımpaşa,\\nfenerbahçe kasımpaşa semih şentürk,\\nfenerbahçe kasımpaşa tribün görüntüleri,\\nfenerbahçe kasımpaşa taksim,\\ntakım oyunu fenerbahçe kasımpaşa,\\nfenerbahçe kasımpaşa u14,\\nfenerbahçe vs kasımpaşa,\\nfenerbahçe vs kasımpaşa 5-1,\\nfenerbahçe 5 kasımpaşa 0,\\nfenerbahçe kasımpaşa 2-0 maç özeti,\\nfenerbahçe 1 0 kasımpaşa,\\nfenerbahçe 5 kasımpaşa 0 maç özeti,\\nfenerbahçe kasımpaşa 1-5,\\nfenerbahçe 5 kasımpaşa 1 özet,\\nfenerbahçe kasımpaşa 3-1,\\nfenerbahçe kasımpaşa 2-1,\\nfenerbahçe kasımpaşa 5-1 maç özeti,\\nfenerbahçe kasımpaşa 2-1 özet,\\nfenerbahçe kasımpaşa 3-1 özet,\\nfenerbahçe kasımpaşa 5-1,\\nfenerbahçe kasımpaşa 2011,\\nfenerbahçe kasımpaşa 2013,\\nfenerbahçe kasımpaşa 2016,\\nkasımpaşa fenerbahçe 2-3 özet,\\nfenerbahçe 6 kasımpaşa 2,\\nkasımpaşa fenerbahçe 2-3,\\nfenerbahçe kasımpaşa 4-2,\\nfenerbahçe kasımpaşa 5-1 özet,\\nfenerbahçe kasımpaşa 5-1 geniş özet,\\nfenerbahçe 5 kasımpaşa,\\nfenerbahçe kasımpaşa 6-2 maç özeti izle\\nFenerbahçe 2 - 1 Kasımpaşa Maçını Canlı İzle HD Canlı Anlatım\\nfenerbahçe, fenerbahçe canlı, fb tv, fb canlı, fenerbahçe tv, kasımpaşa, kasimpasa, fenerbahce, fenerbahçe kasımpaşa, fenerbahçe kasımpaşa canlı, fb kasımpaşa, fb kasımpaşa canlı, fenerbahçe kasımpaşa sesli anlatım, fenerbahçe kasımpaşa canlı izle, fenerbahçe kasımpaşa izle, fenerbahçe kasımpaşa live, fenerbahçe kasımpaşa hd, fenerbahçe kasımpaşa canlı radyo, fenerbahçe kasımpaşa radyo, fb kp, beinsports canlı, lig tv canlı",2018-04-29T18:16:35.000Z,189613,743,1437,485
DE,Eine Woche nach Tod der Mutter: Emotionaler Auftritt von Stefanie Hertel,promiflash news,Entertainment,"\"Stefanie Hertel\"|\"Eine Woche nach Tod der Mutter\"|\"Emotionaler Auftritt von Stefanie Hertel\"|\"Eine Woche nach Tod der Mutter Emotionaler Auftritt von Stefanie Hertel\"|\"nachrichten\"|\"promiflash\"|\"Tag24\"|\"entertainment\"|\"star deutsch\"|\"promiflash news\"","Oelsnitz/Nordhausen - Der plötzliche Tod ihrer Mutter ist erst wenige Tage her, nun steht Stefanie Hertel (38) schon wieder auf der Bühne. source : https://www.tag24.de/nachrichten/oelsnitz-nordhausen-sachsen-thueringen-stefanie-hertel-auftritt-musical-tot-mutter-beerdigung-402748#article",2017-12-18T17:36:53.000Z,18867,25,30,0
DE,"Mbulohet reja e Merita Spahiut, nusja e Albatritit?!",Te Pathenat,Entertainment,[none],BURIMI I LAJMIT : http://orainfo.net/mbulohet-reja-e-merita-spahiut-nusja-e-albatritit/\n\nINSTAGRAM: http://www.instagram.com/TePathenatOfficial\n\nFACEBOOK : http://www.facebook.com/TePathenatOfficial,2017-12-25T15:42:05.000Z,18629,23,26,7
DE,Afrin Operasyonunda Ölen PYD/YPG'lilerin Cenazeleri Toprağa Verildi,Zeytin Dalı Operasyonu,People & Blogs,[none],"",2018-01-23T11:04:02.000Z,182005,614,1120,1408
DE,На самом деле - Избежал наказания. Выпуск от 17.01.201,Первый канал,Shows,"\"Семья\"|\"Общество\"|\"Криминал\"|\"Дмитрий Шепелев\"|\"Диана Шурыгина\"|\"телеведущий\"|\"ток-шоу\"|\"отношения\"|\"правда\"|\"изнасилование\"|\"подросток\"|\"алкоголь\"|\"тюрьма\"|\"На самом деле.\"","Громкая история об изнасиловании Дианы Шурыгиной получила продолжение: насильник девушки Сергей Семенов досрочно вышел на свободу. Сама Диана в шоке, а общество забурлило снова: если Семенов виноват, то почему он отсидел только один год? Или он все-таки не виновен и именно поэтому его отпустили? \\nДиану ждет серьезное испытание, ведь она впервые встретится с Александром Рухлиным, который, по ее словам, в тот вечер тоже насиловал ее. Кто из них двоих врет? Что они скажут друг другу? Что ответит Александр на обвинения Дианы?",2018-01-17T18:16:25.000Z,180571,1618,3360,0
DE,Dagi Bee vs. Bibi !!! (YouTube Battle ),Leon Machère,Entertainment,"\"Leon\"|\"Machere\"|\"Pranks\"|\"Funny\"|\"FAME\"|\"F.A.M.E\"|\"King of Prank\"|\"Millionen\"|\"Musikvideo\"|\"Dagi Bee vs. Bibi !!! (YouTube Battle )\"|\"bibi\"|\"dagi\"|\"BibisBeautyPalace\"|\"dagi bee\"|\"YouTube Battle\"|\"heinicke\"|\"DIMA\"|\"Simon Desue\"|\"ApoRed\"|\"Die Lochis\"|\"Emrah\"|\"inscope21\"|\"MUSICBASH\"|\"App\"",Jetzt MUSICBASH herunterladen: https://umg.lnk.to/MusicBash\n\nDieses Video wurde unterstützt durch Produktplatzierungen.\n\n\n\nDie Songs:\nApoRed: https://www.youtube.com/watch?v=K4XGEaASNsk\ninscope21: https://www.youtube.com/watch?v=L240eR_BwpI\nDIMA: https://www.youtube.com/watch?v=Zzt7jdt0d2s&t=206s\nDagi: https://www.youtube.com/watch?v=Z_mf9aCHag8\nBiBi: https://www.youtube.com/watch?v=4gSOMba1UdM\nEmrah: https://www.youtube.com/watch?v=djZGWP-Imjs\nLEON: https://www.youtube.com/watch?v=xomFho5Yd2U\n\nFOLGT MIR AUF:\nInstagram ► https://instagram.com/LeonMachere\nSnapchat ► Leonmachere01\nFacebook ► https://fb.com/LeonMachere1\nTwitter ► https://twitter.com/LeonMachere\nYouNow ► https://younow.com/LeonMachere\nYouTube ► https://youtube.com/LeonMachere\n2. Kanal ► http://goo.gl/GTjTnY\n\n*Meine Kamera ▸ http://amzn.to/1PpBcZ2\n*Meine Belichtung ▸ http://amzn.to/1EalhZe\n*Mein Macbook ▸ http://amzn.to/1Qo7N3K\n\nBusiness ▸ leonmachere.business@gmail.com,2017-12-03T09:29:16.000Z,179995,9305,20359,9241
DE,60 минут по горячим следам от 22.01.2018,Россия 24,Entertainment,"\"последние новости\"|\"Россия 24\"|\"онлайн\"|\"новости дня\"|\"мировые новости\"|\"новости России\"|\"новости мира\"|\"в прямом эфире\"|\"вести\"|\"вести 24\"|\"Russia24\"|\"политика\"|\"экономика\"|\"бизнес\"|\"интервью\"|\"специальный репортаж\"|\"происшествия\"|\"ВГТРК\"|\"информационный канал\"|\"24 часа\"|\"новости регионов\"|\"путин\"|\"ольга скабеева\"|\"скабеева\"|\"попов\"|\"евгений попов\"|\"скабеева и попов\"|\"ток-шоу\"|\"новое ток-шоу\"|\"токшоу\"|\"ток шоу\"|\"Право голоса\"|\"место встречи\"|\"время покажет\"|\"право знать\"|\"первая студия\"",Подпишитесь на канал 60 минут: https://www.youtube.com/channel/UCR16nHT1nkmG7g9AkE9tGeQ?sub_confirmation=1,2018-01-22T11:04:50.000Z,179549,887,950,680
DE,Yemekteyiz 90. Bölüm - Canlı Yayını,Yemekteyiz,Entertainment,[none],"Haftanın 5 günü, 5 ayrı yarışmacımızın evine konuk oluyoruz. Onlar yemek yaparken, Onur Büyüktopçu da yemeğin tadına, tuzuna, biberine, yarışmacımızın misafirperverliğine kadar her şeye puan veriyor. Ve bu puanlar her cuma, haftanın finalinde büyük önem kazanıyor.Finalde en çok puanı toplayan büyük ödül olan 10.000 TL'yi kazanıyor.",2018-01-06T09:16:06.000Z,17559,12,36,10
DE,Frauentag💃8.März🌹Ich schick einen lieben Gruß zu Dir💌 er kommt vom Herzen💝und von mir😘,Pepi ́s bunte Welt,Entertainment,Frauentag,"Ich wünsche euch viel Spaß, auf meinem Kanal🤗Habt einfach nur Spaß🤗 und sollte er euch gefallen, dann lasst doch bitte ein Abo da😍Ich würde mich riesig darüber freuen💋Ein liebes Dankeschöööön im voraus😘🍀🌼🌹💚💛💜💛💐",2018-03-07T14:03:01.000Z,17480,60,65,23
DE,Michael Schumacher: Schock für seine Familie!,focus nachrichten,News & Politics,"\"Michael Schumacher\"|\"Schock für seine Familie\"|\"Michael Schumacher Schock für seine Familie\"|\"Nachrichten\"|\"Deutschland\"|\"Promi News\"|\"Star\"|\"Tag24\"|\"Promiflash\"|\"Nachrichten Deutschland\"|\"Focus Nachrichten\"",Michael Schumacher: Schock für seine Familie! source : https://intouch.wunderweib.de/michael-schumacher-schock-fuer-seine-familie-77874.html,2017-12-27T15:41:14.000Z,17415,28,199,11
DE,گفتگوی جدید و حرف های تند والی جدید بلخ _ Vali Jadid Balkh,تلویزیون اینترنتی افغانستان AFGHANISTAN Internet TV,News & Politics,[none],هموطنان عزیز کانال ما را #Subscribe نمایید.,2017-12-26T17:06:40.000Z,17154,67,70,73
DE,Выборы-2018. Подсчет голосов. Прямой эфир,Политика сегодня: Россия США Украина,News & Politics,"\"соловьев\"|\"владимир\"|\"политика россии\"|\"политика\"|\"трамп\"|\"путин\"|\"трамп о россии\"|\"политическое обозрение\"|\"внешняя политика\"|\"геополитика\"|\"мид\"|\"восток\"|\"украина 2017\"|\"украина сегодня\"|\"вечер с соловьевым\"|\"последний выпуск\"|\"поединок\"|\"политологи\"|\"владимир соловьев\"|\"60 минут\"|\"вести фм\"|\"россия 24\"|\"путин инфо\"|\"канал\"|\"путина'\"|\"сатановский\"|\"захарова\"|\"михеев\"|\"грудинин\"|\"лавров\"|\"шойгу\"","ПОДПИСКА ЛУЧШЕ ДОНАТА - http://bit.ly/2nZJUXo\\n\\nДорогой зритель! \\nВы находитесь на одном из самых КРУПНЫХ и НЕЗАВИСИМЫХ каналов о политике в русскоязычном YouTube! Здесь Вы найдете свежую и актуальную информацию о последних событиях в мире политики и около политики! В день мы публикуем от 6 до 8 видео.\\n\\nПриятного просмотра, репостим, комментируем, ставим лайк/дизлайк и подписываемся на канал! Спасибо большое!",2018-03-19T00:53:55.000Z,1713145,12338,43816,5120
DE,Top 5 Romantic animes folge 1,DracheOffiziell [DrachenLord],Entertainment,"\"drachenlord original\"|\"drachenlord kanal\"|\"drachenlord best of\"|\"drachenlord wohnort\"|\"drachenlord doku\"|\"drachenlord besuch\"|\"drachenlord rastet aus\"|\"drachenlord dokumentation\"|\"der drachenlord\"|\"drache offiziell\"","1, Shigatsu wa Kimi no Uso: Sekunden in Moll\\n (2014-2015)\\nTrailer: https://www.youtube.com/watch?v=RgzB_Brk6fY\\n\\nwiki: http://de.animanga.wikia.com/wiki/Your_lie_in_April\\n\\nAuf Amazone: http://amzn.to/2t0amrk\\n\\n\\n\\n2, InuYasha\\n (2003)\\nTrailer: https://www.youtube.com/watch?v=6o_xs2QtN2g\\n\\nwiki: https://de.wikipedia.org/wiki/Inu_Yasha\\n\\nAuf Amazone: http://amzn.to/2CMSxvw\\n\\n\\n\\n\\n3, One Week Friends\\n(2014)\\nTrailer: https://www.youtube.com/watch?v=VDHKHCH9uz4\\n\\nwiki: https://de.wikipedia.org/wiki/One_Week_Friends\\n\\nAuf Amazone: http://amzn.to/2sX7fAu\\n\\n\\n\\n\\n4, Maid Sama\\n(2010)\\nTrailer: https://www.youtube.com/watch?v=SWVeU-JV0yg\\n\\nWiki: https://de.wikipedia.org/wiki/Maid-sama\\n\\nAuf Amazone: http://amzn.to/2FCGVhN\\n\\n\\n5, Ouran High School Host Club\\n (2006)\\nTrailer: https://www.youtube.com/watch?v=sRs8yWnrdPg\\n\\nwiki: https://de.wikipedia.org/wiki/Ouran_High_School_Host_Club\\n\\nAuf Amazone: http://amzn.to/2FC1OcT\\n\\n\\n►Fanpost an:\\n    DrachenLord\\n    Postfach 50\\n    91444 Emskirchen\\n __\\n► Fanpakete an:\\n     Rainer Winkler\\n     Post Nummer 840617758\\n     Postfilialen NR. 572\\n     91448 Emskirchen\\n\\nYouTube__\\n\\n ►DrachenLP Kanal: https://www.youtube.com/channel/UCMl7TI-xQ6Qv_H7FsEX7pRQ\\n\\n\\nSoziale Netzwerke___\\n\\n►Twitter: https://twitter.com/RainerWinklerDO\\n\\n►Tumlr: https://www.tumblr.com/blog/dracheoffiziell\\n\\n\\nASKfm: https://ask.fm/DrachenLord1510Offiziell\\n\\nFans_ \\n\\n►Fanartikal: https://shop.spreadshirt.de/drachenOffiziell/\\n\\nMein Equipment:_\\n\\n►Canon Mini (Vlog Cam): https://www.amazon.de/gp/product/B00HTV6GB0/ref=as_li_tl?ie=UTF8&camp=1638&creative=6742&creativeASIN=B00HTV6GB0&linkCode=as2&tag=httpswwwyo020-21&linkId=be66541a16a75144eebd0efefb483f44\\n\\n►Stationiere Kamera:  https://www.amazon.de/gp/product/B006Z1LYI0/ref=as_li_tl?ie=UTF8&camp=1638&creative=6742&creativeASIN=B006Z1LYI0&linkCode=as2&tag=httpswwwyo020-21&linkId=c2d5617a812f0d89d091d3282ef574d2\\n\\n►Soft Boxen und Green screen:\\nhttps://www.amazon.de/gp/product/B01BY381TI/ref=as_li_tl?ie=UTF8&camp=1638&creative=6742&creativeASIN=B01BY381TI&linkCode=as2&tag=httpswwwyo020-21&linkId=1c293d876f7eb2b9392f95de35ee4574\\n\\n►Großes Stative: https://www.amazon.de/gp/product/B018E7JQDW/ref=as_li_tl?ie=UTF8&camp=1638&creative=6742&creativeASIN=B018E7JQDW&linkCode=as2&tag=httpswwwyo020-21&linkId=0b1d9bba9acac95ede8a96bf292d1af5\\n\\n►Kleines Stative: https://www.amazon.de/gp/product/B00XI87KV8/ref=as_li_tl?ie=UTF8&camp=1638&creative=6742&creativeASIN=B00XI87KV8&linkCode=as2&tag=httpswwwyo020-21&linkId=bef5c983c2f3dfcc94eb1d3f475ab4d7\\n\\nDiverse Effekte von mir ___\\n\\n► Songs und Musik wie auch Sound Effekte in meinen Videos :\\nhttps://player.epidemicsound.com/not-found\\n\\n►Video Effekte suche ich mir meist auf YT ist aber zu viel um es aufzulisten.\\n __\\n \\n ► Danke fürs anschauen!\\n      Gruß\\n      Drache",2018-02-28T01:46:08.000Z,17049,642,1924,954
DE,Michael Schumacher: Seine Familie atmet auf!,focus nachrichten,News & Politics,"\"Michael Schumacher\"|\"Seine Familie atmet auf\"|\"Michael Schumacher Seine Familie atmet auf\"|\"Nachrichten\"|\"Deutschland\"|\"Promi News\"|\"Star\"|\"Tag24\"|\"Promiflash\"|\"Nachrichten Deutschland\"|\"Focus Nachrichten\"",Michael Schumacher: Seine Familie atmet auf! source : https://intouch.wunderweib.de/michael-schumacher-seine-familie-atmet-auf-78409.html,2018-01-12T13:52:19.000Z,16884,40,99,6
DE,سناریو خودکشی دادن مشایی!! جدی یا یک شوخی؟ آیا او را سکته دادند؟ آیا خبری جدید در راه است؟,Unika,Autos & Vehicles,خبر,احمدی‌نژادیها این کلیپ را در صفحه دولت بهار پخش کردند، آیا سناریو خودکشی دادن مشایی جدی است؟ آیا او را سکته دادند؟ منتظر واکنش احمدی‌نژاد به این خبرها هستیم.,2018-03-24T16:31:51.000Z,16767,34,73,40
DE,Touch Me Not - Teaser Trailer,Ytheatre,Entertainment,YTG,"TOUCH ME NOT is our newest show, going up with A DAY IN THE LIFE OF MISS HICCUP on September 18 and 19, 2016.\\n\\nVisit http://ytg.jp to reserve your tickets now!",2016-08-03T01:55:28.000Z,16764,3,13,1
DE,Seancë e jashtëzakonshme për deportimin e 6 ‘gylenistëve’(Drejtpërdrejt),Kosova Press,News & Politics,"\"KosovaPress\"|\"Kosova\"|\"Lajme\"|\"Politikë\"|\"KP\"|\"Prishtine\"|\"News\"|\"Kosovo\"|\"Sport\"|\"Kultur\"|\"Shëndetësi\"|\"Ngjarje\"|\"Live\"|\"Stream\"|\"Livestream\"|\"Kuvendi\"|\"Qeveria\"",#KosovaPress\n#KosovaPressVideos\n#KosovaPressLiveStream\n\nwww.kosovapress.com\n\nFacebook: https://www.facebook.com/kosovapress/\nYouTube: https://www.youtube.com/user/KosovaPressOfficial\nTwitter: https://twitter.com/@kosovapressi\nInstagram: https://www.instagram.com/kosovapressofficial,2018-04-04T19:38:28.000Z,16678,22,27,3
DE,На самом деле - Было или не было. Выпуск от 18.01.2018,Первый канал,Shows,"\"Семья\"|\"Общество\"|\"Криминал\"|\"Дмитрий Шепелев\"|\"Диана Шурыгина\"|\"телеведущий\"|\"ток-шоу\"|\"отношения\"|\"правда\"|\"изнасилование\"|\"конфликт\"|\"подросток\"|\"алкоголь\"|\"На самом деле.\"","2018-01-18 Зрителей ждет неожиданный поворот в деле Дианы Шурыгиной. Накануне Диана впервые встретилась с Александром Рухлиным, который, как она утверждает, тоже изнасиловал ее в тот злополучный вечер. Программа закончилась дракой — муж Дианы накинулся с кулаками на обидчика жены. \\nСегодня оппоненты предъявят чудовищный компромат на мать Дианы Шурыгиной. Если обвинения подтвердятся на детекторе лжи, то женщине грозит уголовное преследование. И если это правда, то, возможно, это шанс оправдаться для Сергея Семенова — вдруг в этой истории все не так просто, как казалось? \\nСогласится ли теперь Сергей пройти проверку на детекторе лжи и встретиться со своей жертвой?",2018-01-18T17:28:17.000Z,166609,1120,2196,0
DE,British Motorcyclist Daniel Hegarty (31) Last Race | Macau Motorcycle Grand Prix | 18/11/2018,Time to Sport,Sports,"\"Daniel Hegarty\"|\"Macau\"|\"Macau Motorcycle Grand Prix\"",British Motorcyclist Daniel Hegarty (31) Last Race | Macau Motorcycle Grand Prix | 18/11/2018,2017-11-18T21:11:29.000Z,165131,35,87,19
DE,MARKO GJURIQ NË PRANGA - KLAN KOSOVA,KlanKosova,Entertainment,"\"NIN\"|\"Ndrrimi\"|\"nates\"|\"Prive\"|\"Klan\"|\"Kosova\"|\"Official\"|\"KlanKosovaOfficial\"|\"Lajmet\"|\"fundit\"|\"klankosova\"|\"official\"|\"channel\"|\"lajmet\"|\"qendore\"|\"kosova\"|\"aktualitet\"|\"kosovo\"|\"kosovonews\"|\"Ora7\"","",2018-03-26T16:41:42.000Z,163657,135,237,441
DE,HERZOGIN KATE: DRAMATISCHE NEUIGKEITEN KURZ VOR DER GEBURT,Celebridades News,News & Politics,HERZOGIN KATE,Der Countdown läuft: Quasi jede Minute rechnet man in England jetzt mit der Ankunft des royalen Babys. Die Straßen vor St. Mary's Hospital,2018-04-18T10:06:52.000Z,16163,22,65,5
