country,title,channel_title,category,tags,description,publish_time,views,likes,dislikes,comment_count
KR,조민기 빈*소 딸 아내 음성 발인 참담.!,Kim Tae-hee,Entertainment,"\"조민기|\"\"조민기 딸\"\"|\"\"조민기 아내\"\"|\"\"UCqgfhFh_S9CqDOKO-x3PJaw\"\"|\"\"Kim tae Hee\"\"|\"\"뉴스 속보\"\"\"",KIM TAE HEE: 조민기 빈소 딸 아내 음성 발인 참담.! \n+++++++++++++++++++++++++++++++++++++++++++ \n구독 신청 박근혜 여기 채널 : https://goo.gl/pJPj6R \n+++++++++++++++++++++++++++++++++++++++++++ \ncontact us : manhtruongnews90@gmail.com \n내 동영상을 시청 해 주셔서 감사합니다.,2018-03-09T23:30:01.000Z,1830963,3653,5330,3048
KR,김지은 정무비서 나이 학력 결혼 프로필 살펴보니,BRAVO TEAM,Entertainment,"\"뉴스공장|\"\"김지은 정무비서 나이 학력 결혼 프로필 살펴보니\"\"|\"\"24시간\"\"\"",가장 재미있고 새 비디오를 보려고 신청하세요 \n구독 신청 박근혜 여기 채널 : https://goo.gl/HnXMCG,2018-03-06T14:00:01.000Z,182306,88,456,187
KR,거구를기절시킨 그녀의필살기??,세상 만사,People & Blogs,[none],"",2017-11-30T10:36:59.000Z,178231,49,61,24
KR,거구를기절시킨 주짓수의실력!!,세상 만사,People & Blogs,[none],"",2017-11-30T10:36:59.000Z,176361,48,60,24
KR,Jan Blokhuijsen verrast met 'hondenuitspraak' op persconferentie: Treat your dogs better,DEKOproducties,People & Blogs,"\"Jan Blokhuijsen|\"\"Blokhuijsen\"\"|\"\"persconferentie\"\"|\"\"interview\"\"|\"\"honden\"\"|\"\"hondenuitspraak\"\"|\"\"verrast\"\"|\"\"Olympische Spelen\"\"|\"\"2018\"\"|\"\"dogs\"\"|\"\"dog\"\"|\"\"treat your dogs better\"\"\"","Als er geen vragen meer zijn, roept hij vlak voor hij wegloopt: Jullie moeten beter voor je honden zorgen.\\n\\nTranslation: Jan Blokhuijsen bashes South Koreans: Treat your dogs better in this country!",2018-02-22T14:57:59.000Z,17619,69,113,123
KR,단식 중인데 목 깁스에 비까지…더욱 힘겨운 자유한국당 김성태 원내대표,NocutV,News & Politics,"\"nocutV|\"\"노컷V\"\"|\"\"CBS\"\"|\"\"스마트뉴스\"\"|\"\"김성태\"\"|\"\"자유한국당\"\"|\"\"단식\"\"|\"\"드루킹\"\"|\"\"특검\"\"|\"\"동조단식\"\"|\"\"국회\"\"|\"\"노숙\"\"|\"\"농성\"\"|\"\"자한당\"\"|\"\"자유당\"\"\"","지난 5일 괴한에게 폭행당한 직후 병원으로 옮겨졌다 퇴원한 자유한국당 김성태 원내대표가 6일에도 국회 본관 계단 앞 단식 농성을 이어갔습니다. 폭행 사건 이후 같은 당 소속 의원들이 동조 단식으로 김성태 원내대표 응원에 나섰지만, 목 깁스에 날씨까지 궂어 김 원내대표는 더욱 힘겨워하는 모습입니다.",2018-05-06T07:07:13.000Z,174366,221,929,2200
KR,목에 생선가시 걸렸을 때 즉시 없애는 방법 영상 ♥ 오늘의 뉴스,korean stars,Entertainment,"\"목에 생선가시 걸렸을 때|\"\"새로운 오늘의 새로운 뉴스\"\"|\"\"24/7 뉴스\"\"|\"\"오늘의 뉴스\"\"|\"\"최신 새\"\"\"","당신의 목에 생선가시가 걸렸을 때 즉시 없애는 방법! 혹시 생선 먹다가. Watch Hot video in Korea (Full playlist), click here: https://goo.gl/8KBCUA + 100.000 Subscribe, please. I really appreciate it! Please Click Subscribe or Click here: https://goo.gl/1FetSz for Korean start channel. Fan page: https://goo.gl/Du8JWc +I do not own any images. For information on copyright infringement, please contact: cammy2017123@gmai.com Source: https://www.dispatch.co.kr/1278307 I will always put your website backlink and recommend",2018-05-03T11:04:29.000Z,17273,46,55,20
KR,여자아이스하키팀 불난집에 기름 들이붓는 문재인 부부-김여정?,킹먹방,People & Blogs,[none],"",2018-02-11T09:43:48.000Z,171766,774,833,916
KR,도 넘은 인터넷 방송feat 보라고입는거야,MY IDOL,Education,"\"트위치 트수 도네이션 트게더 하스스톤 IRL 베리유투브 킹갓 베리 berry0314 TV베리 berry tv Berry TV|\"\"트위치\"\"|\"\"스트리머\"\"|\"\"유튜브\"\"|\"\"베리\"\"|\"\"빛베리\"\"|\"\"댄스\"\"|\"\"소통\"\"|\"\"노래\"\"|\"\"먹방\"\"|\"\"쿡방\"\"|\"\"여캠\"\"|\"\"존예\"\"|\"\"여신\"\"|\"\"꿀성대\"\"|\"\"꿀보이스\"\"|\"\"헌팅\"\"|\"\"해운대\"\"|\"\"부산\"\"|\"\"몰카\"\"|\"\"주작\"\"|\"\"밤바다\"\"\"",love this : https://www.youtube.com/watch?v=0CWhtm1paDY,2018-05-13T16:04:18.000Z,169993,231,250,344
KR,요즘 엔진 진동,Minook Kim,People & Blogs,[none],엔진진동 촬영한 것,2014-09-21T02:32:35.000Z,16273,0,1,1
KR,"[CBS뉴스] 10만 명 대형교회 명성교회, '부자세습' 완료",TheCBSCROSS,News & Politics,"\"명성교회|\"\"김하나\"\"|\"\"김삼환\"\"|\"\"세습\"\"|\"\"위임\"\"|\"\"CBS\"\"\"","등록 교인 수 10만 명의 대형교회인 서울 명성교회가 결국 김삼환 원로목사의 아들 김하나 목사로 이어지는 목회세습을 마무리지었다. \\n\\n명성교회는 주일 날인 12일 저녁 '김삼환 목사 원로목사 추대 및 김하나 목사 위임예식'을 진행했다. 같은 날 오전 시무하던 새노래명성교회에서 사임 인사를 전한 김하나 목사는 저녁에 명성교회 위임목사로 취임했다. 김하나 목사가 교인들에게 '아무 것도 정해지지 않았고, 언론이 앞서간다'는 의미의 발언을 했었던 것이 불과 2주 전 일이었다.\\n\\n위임 예배는 축제 분위기 속에 진행됐다. 김삼환 목사를 비롯해 명성교회 성도들의 표정에는 기쁨이 가득해 보였다. 예배에는 광성교회 김창인 원로목사를 비롯해 대한예수교장로회 통합총회 총회장을 지낸 안영로 목사와 노량진교회 림인식 원로목사, 안산제일교회 고훈 원로목사 등이 참석했다. \\n\\n예장통합총회 서울동남노회 관계자들이 위임식 진행\\n\\n설교를 한 김창인 목사는 '바통을 주고 받으며'라는 제목의 메시지를 통해 명성교회의 목회세습을 축하했다. \\n\\n'원로목사 추대식과 위임목사 예식'은 대한예수교장로회 서울동남노회 관계자들이 순서를 맡아 진행했다. 최관섭 목사(예장통합총회 서울동남노회장)이 김삼환 목사가 원로목사가 됨을 선포했으며, 고훈 목사는 축시를 전했다. 이어진 위임식에서는 김용석 목사(예장통합총회 서울동남노회 서기)가 김하나 목사를 소개했다. \\n\\n김삼환 목사는 여기까지 오게 해주신 하나님께 감사드린다며 남은 생애를 보답하며 살겠다고 말했다. \\n\\n김하나 목사는 사랑하는 원로 당회장 아버지 목사님, 우리 사랑하는 목사님께서 눈물로, 무릎으로 수많은 세월을 보냈다며 우리 장로님 권사님들이 여러분들이 그렇게 세운 교회라고 말했다. 그러면서 아버지 김삼환 원로목사의 목회철학을 잘 이어가겠노라 다짐했다.\\n\\n저는 그냥 우리 당회장 목사님(김삼환 목사)은 영원히 당회장 목사님으로 남으셨으면 좋겠습니다. 일반 명사가 아니라 고유명사 입니다. 저는 '담임목사'라고 불러 주십시오. 우리 모두가 목사님의 그 목회를 잘 마음에 새기고 이어 받아서 하나님께서 더욱 기뻐하시는 교회가 되기 위해 저 또한 더 겸손하게 더 낮은 자세로 임하겠습니다.\\n\\n김하나 목사는 '목회세습'에 대한 주위의 곱지 않은 시선에 대한 생각도 밝혔다. 김 목사는 세상과 교회의 우려를 공감한다면서도 저들의 우려가 우리에게 해당되지 않음을 증명해야 한다고 강조했다.\\n\\n김하나 목사는 마지막으로 하나님이 주신 자원을 하나님이 기뻐하시는 곳에 사용해야 한다며 하나님이 도와주실 것이라 믿는다고 덧붙였다. \\n\\n명성교회 일부 교인들, 취재기자 밀치며 과격 행동 취해\\n\\n예배당 안에서는 교인들끼리 잔치를 벌였지만, 바깥은 한바탕 소동이 이어졌다.\\n\\n김하나 목사의 위임예식 도중 세습은 안 된다는 내용으로 소리를 지른 교인은 곧바로 명성교회 교인들에 의해 끌려나와야 했고, 이 장면을 취재하던 기자들마저 교인들에게 봉변을 당하는 일도 벌어졌다. 교인들은 주먹을 올리는 행위를 하며 기자들을 위협하는 행동도 서슴지 않았다.\\n\\n명성교회 교인들은 한 방송사 카메라 기자의 멱살을 잡으며 벽으로 밀쳤고, 이 과정에서 한 인터넷 신문 기자는 '쿵' 소리가 날 정도로 땅바닥에 넘어지기도 했다. 자칫 큰 사고로 이어질 수 있었던 아찔한 상황이었다. \\n\\n명성교회 측은 신문기자들의 취재는 허용했지만, 방송사 카메라 기자들의 취재는 허용하지 않았다. 자유로은 취재를 보장하겠다던 교회측은 예배를 시작한 지 20분여가 지난 저녁 7시 20분경 갑자기 태도가 돌변해 카메라 기자에게 모두 밖으로 나가달라라고 요구했다. 여러 방송사를 대표해 한 명의 카메라기자만 남겠다고 해도 받아들이지 않을 정도로 카메라 녹화에 대해 불편한 심기를 드러냈다.\\n\\n명성교회 목회세습 둘러싼 논쟁 이어질 듯\\n\\n한편 교회개혁실천연대 등 교회세습반대운동연대 회원들은 오후 5시부터 명성교회 앞에서 세습 반대 시위를 펼쳤다. \\n\\n이와 함께 예장통합총회 서울동남노회 정상화를 위한 비상대책위원회는 김하나 목사 청빙안을 가결한 노회 결의가 무효라며, 총회 재판국에 소송을 제기할 예정이다. 이들은 또 사회 법정에도 문제를 제기할 뜻을 밝혀 명성교회 목회세습을 둘러싼 논란은 당분간 이어질 것으로 보인다.",2017-11-13T13:15:07.000Z,15603,17,40,65
KR,"긴급속보...김정은, 마침내 속내 드러내.....충격 ♥ 뉴스 속보",8.386.589회조회수,Entertainment,"\"긴급속보|\"\"김정은\"\"|\"\"마침내 속내 드러내\"\"|\"\"김정은 마침내 속내 드러내\"\"|\"\"뉴스공장\"\"|\"\"뉴스\"\"|\"\"생방송\"\"|\"\"24 시간 뉴스\"\"|\"\"핫 뉴스\"\"\"","뉴스공장 : 긴급속보...김정은, 마침내 속내 드러내.....충격 . Watch Hot video in Korea Full playlist, click here: Watch Hot video in Korea, click here: https://goo.gl/ZUAxZX + 100.000 Subscribe, please. I really appreciate it! Please Click Subscribe or Click here: https://goo.gl/1FetSz for Korean start channel. Fan page: https://goo.gl/Du8JWc +I do not own any images. For information on copyright infringement, please contact: cammy2017123@gmai.com",2018-05-07T04:18:52.000Z,15284,46,91,25
KR,"느낌 제대로 트로트에 애절한 가요까지, 흥 넘친 삼지연관현악단 강릉 공연 [씨브라더]",TVCHOSUN 뉴스,News & Politics,"\"TV조선|\"\"티비조선\"\"|\"\"조선일보\"\"|\"\"종편\"\"|\"\"종합편성\"\"|\"\"티브이조선\"\"|\"\"방송사\"\"|\"\"TV조선뉴스\"\"|\"\"뉴스\"\"|\"\"뉴스프로그램\"\"|\"\"NEWS\"\"|\"\"채널19\"\"|\"\"CH19\"\"|\"\"트로트\"\"|\"\"북한\"\"|\"\"삼지연관현악단\"\"|\"\"공연\"\"|\"\"현송월\"\"|\"\"북한판\"\"|\"\"걸그룹\"\"|\"\"강릉\"\"|\"\"아트센터\"\"|\"\"삼지연\"\"|\"\"관현악단\"\"|\"\"평창\"\"|\"\"평창올림픽\"\"|\"\"올림픽\"\"|\"\"동계올림픽\"\"|\"\"평창동계올림픽\"\"|\"\"반갑습니다\"\"|\"\"예술단\"\"\"","느낌 제대로 트로트에 애절한 가요까지, 흥 넘친 삼지연관현악단 강릉 공연 [C브라더]\\n\\n기획:박관우      글,구성:박주영      편집:김민지\\n\\n*구독 및 친구 추가해주세요*\\n\\n네이버TV (씨브라더)\\nhttp://tv.naver.com/cbrother\\n\\n페이스북 (C브라더)\\nhttps://www.facebook.com/CbrotherTV/\\n\\n* 뉴스제보 : 이메일(tvchosun@chosun.com), 카카오톡(tv조선제보), 전화(1661-0190)",2018-02-09T06:44:05.000Z,150950,370,397,368
KR,국격박살 문재앙 - 가는 곳마다 뻘짓,높바람,News & Politics,"\"문재인|\"\"김정숙\"\"|\"\"인도네시아\"\"|\"\"조코위\"\"|\"\"조코위노노\"\"\"","#문재인, 인도네시아 국빈 방문 하이라이트",2017-11-10T16:53:10.000Z,148370,1782,1788,1612
KR,노사연 아들 군대 국적 의대 이동헌,조회수 3.186.283회,Entertainment,"\"이동헌|\"\"UCtIqlGteWia0_HgUxsm6oZA\"\"\"",뉴스공장 : 노사연 아들 군대 국적 의대 이동헌 +++++++++++++++++++++++++++++++++++++++++++ 구독 신청 박근혜 여기 채널 : https://goo.gl/vTgJqT +++++++++++++++++++++++++++++++++++++++++++ 우리 채널 2개를 응원 해주세요 갑사합니다 24 시간 연예 뉴스: https://www.youtube.com/channel/UCL32t2O0D8QltXCnFjiEW4w 조회수 3.186.283회: https://www.youtube.com/channel/UCtIqlGteWia0_HgUxsm6oZA,2018-05-08T10:00:02.000Z,14790,20,21,6
KR,최불암 사망원인 재산 처제 아들결혼식! 최불암에 대한 말도안되는 루머가 있습니다.,Tistory News,Entertainment,"\"최불암|\"\"사망원인\"\"|\"\"재산\"\"|\"\"처제\"\"|\"\"아들결혼식\"\"|\"\"Tistory News\"\"|\"\"UCKiMYU3SVSq6DRbahjA_5GA\"\"\"","news : 최불암 사망원인 재산 처제 아들결혼식! 최불암에 대한 말도안되는 루머가 있습니다. \\ntistory : 최불암 사망원인 재산 처제 아들결혼식! 최불암에 대한 말도안되는 루머가 있습니다. \\n[Subscribe My Channel] :https://goo.gl/mYdMKS \\n비디오에 대 한 귀하의 의견 의견을주십시오 : 최불암 사망원인 재산 처제 아들결혼식! 최불암에 대한 말도안되는 루머가 있습니다. \\n당신이 기여한 의견 부탁 드립니다. 비디오를 시청 주셔서 감사 합니다, 그리고 좋은 하루 소원 \\n우리 채널 2개를 응원 해주세요 갑사합니다 \\nhttps://www.facebook.com/tistorynews/",2018-03-26T06:00:00.000Z,142416,215,224,23
KR,이재용 여자관계와 연예인,BRAVO TEAM,Entertainment,"\"뉴스공장|\"\"이재용 여자관계와 연예인\"\"|\"\"24시간\"\"|\"\"#youtube\"\"|\"\"#NEW\"\"|\"\"#KOREA\"\"|\"\"#son\"\"|\"\"#thuy\"\"\"",이재용 여자관계와 연예인 \n+++++++++++++++++++++++++++++++++++++++++++ \n구독 신청 박근혜 여기 채널 : https://goo.gl/HnXMCG \n+++++++++++++++++++++++++++++++++++++++++++,2017-12-24T17:36:11.000Z,141946,141,156,17
KR,샤이니 종현 부모님 아빠 엄마 비화 더욱 슬프다,BRAVO TEAM,Entertainment,"\"뉴스공장|\"\"샤이니 종현 부모님 아빠 엄마 비화 더욱 슬프다\"\"|\"\"종현\"\"|\"\"24시간\"\"|\"\"#youtube\"\"|\"\"#new\"\"|\"\"#korea\"\"\"",샤이니 종현 부모님 아빠 엄마 비화 더욱 슬프다 \n+++++++++++++++++++++++++++++++++++++++++++ \n구독 신청 박근혜 여기 채널 : https://goo.gl/HnXMCG \n+++++++++++++++++++++++++++++++++++++++++++,2017-12-21T23:00:02.000Z,138791,96,812,65
KR,부자버전으로 실시간하기 | 다래님영상 | 하리보슬라임 | 예뽕,[워너블 아미]예뽕,People & Blogs,[none],"영상은 다래님이시고   실시간하기  는 닌니고기님 입니다 !\\n예뽕의 대한것🐙\\n\\n존경하는다래님 영상 👉 https://youtu.be/OP0EUpbZ4Ks\\n\\n성별:여자🐙\\n\\n나이:07년 12살(2018년기준으로)🐙\\n\\n사는곳:지구에공기마시면서 잘살고있습니다🐙\\n\\n좋아하는것:구독,좋아요,선플🐙\\n\\n싫어하는것:벌레,싫어요,악플,구취🐙\\n\\n좋아하는아이돌:워너원🐙\\n\\n좋아하는이모티콘:🐙🐷🐝🐸🤘🐰❤🍬\\n\\n폰트:Aa한여름밤의꿈\\n\\n노래:활활 (워너원)\\n\\n주로하는것:액괴,실시간🐙\\n\\n반모:하고싶으면 나이알려주시고 반모하고싶다말해주세요🐙\\n\\n맞구독:맞구독은전 잘안받는데 하고싶으신분은 하고싶다말해주세요🐙\\n\\n불소:하시면 저야 좋죠!🐙\\n\\nQ.왜 문어이모티콘을좋아하시나요?\\nA.귀여워서 입니다🐙\\n\\nQ.왜 돼지이모티콘좋아하세요?\\nA.제가 돼지이고 이것도 마찬가지로 귀여워서요!🐷\\n\\nQ.유튜브 수익받나요?\\nA.지금은 어려서안받지만 크면받을생각입니다🐙\\n\\nQ.다래님꺼 가져가도되나요 ?\\nA.네 ! 당연하죠 ! 하지만 양식은 재대로보시고 가져가세요 :)",2018-01-18T00:34:00.000Z,13404,58,60,60
KR,김보름 진심으로 사과드립니다..결국 눈물로 사죄 (기자회견 풀영상) / SBS / 2018 평창올림픽,SBS 뉴스,News & Politics,"\"뉴스|\"\"NEWS\"\"|\"\"news\"\"|\"\"SBS\"\"|\"\"sbs\"\"|\"\"SBS NEWS\"\"|\"\"SBS8NEWS\"\"|\"\"SBS뉴스\"\"|\"\"SBS8뉴스\"\"|\"\"sbs뉴스\"\"|\"\"sbs8뉴스\"\"|\"\"에스비에스\"\"|\"\"에스비에스뉴스\"\"|\"\"서울방송\"\"|\"\"SBS보도국\"\"|\"\"SEOUL BROADCASTING SYSTEM\"\"|\"\"seoul broadcasting system\"\"|\"\"sbs 뉴스\"\"|\"\"korea\"\"|\"\"KOREA\"\"|\"\"한국\"\"|\"\"대한민국\"\"|\"\"한국 뉴스\"\"|\"\"korea news\"\"|\"\"korean news\"\"|\"\"KOREA NEWS\"\"|\"\"KOREAN NEWS\"\"|\"\"8뉴스\"\"|\"\"김보름\"\"|\"\"김보름 사과\"\"|\"\"김보름 눈물\"\"|\"\"김보름 노선영\"\"|\"\"노선영 왕따\"\"|\"\"노선영 김보름\"\"|\"\"김보름 팀추월\"\"|\"\"팀추월 김보름\"\"|\"\"팀추월 노선영\"\"|\"\"팀추월 논란\"\"|\"\"김보름 기자회견\"\"\"","스피드스케이팅 여자 팀추월 경기에서 불거진 팀워크 논란과 관련해 당사자인 김보름 선수와 백철기 감독이 직접 해명했습니다.\\n \\n김보름과 백철기 스피드스케이팅 대표팀 감독은 오늘(20일) 오후 강릉 스피드스케이팅장에서 열린 기자회견에서 어제 팀추월 준준결선 경기에서 불거진 논란에 대해 해명했습니다.\\n \\n백 감독은 경기 내용과 상황을 설명해달라는 기자의 질문에 여자 팀추월 경기 종료 후 많은 비난을 받고 있다. 감독으로서 책임 통감한다. 많은 분들께 송구스럽고 죄송하다며 말을 꺼냈습니다.\\n \\n백 감독은 처음에는 세 선수 모두 여자팀 추월 6바퀴인데 3선수가 한 바퀴씩 돌아가면서 이끄는 것으로 선수들과 대화했다. 올림픽 시작 후 코칭스태프들이 다른 국가 선수들 기량 점검하고 시합 결과 봤을 때는 우리 선수들도 힘을 합쳐서 다시 한다면 좋은 결과가 있을 거라 생각했다고 설명했습니다.\\n \\n백 감독은 목표를 4강으로 수정했다. 김보름 선수의 역할이 중요해서 50%에 해당하는 3바퀴를 책임져 달라고 했다. 김보름이 역시 4강 목표로 그렇게 해보겠다고 의견을 모았기 때문에 나머지 세 바퀴는 노선영, 박지우가 책임을 지고 6바퀴를 돌아가면서 훈련에 집중했다고 말했습니다.\\n \\n백 감독은 어제 보셨다시피 많은 관계자들은 노선영 선수를 왜 마지막 바퀴 때 중간에 끼워서 가지 않았느냐고 의구심을 제기했으나 우리가 시합 전에 더 좋은 기록을 내기 위해 중간에 놓고 가는 것보다는 그 속도를 유지시켜 뒤에 따라가는 것이 좋다고 했다. 노선영 선수가 제게 직접 이야기했다고 선을 그었습니다.\\n \\n백 감독의 말이 사실이라면 경기 막판 노선영 선수가 뒤처지는 상황에서 김보름, 박지우 두 선수가 노선영 선수를 중간에 넣어 밀어주지 않은 것도 노선영 선수와 사전에 합의된 사안이라는 겁니다.\\n \\n백 감독은 우려가 됐지만 선수들이 연습과정에서 많은 대화를 통해 좋은 모습을 보이고 열심히 했기 때문에 노선영 선수의 의견을 무시할 수 없다. 그 결과에 대한 책임은 제게 있다. 노선영 의견을 받아들인 것은 1500 경기를 잘했고 컨디션이 좋아보였다. 선수 본인 의견 받아들일 수 밖에 없었다고 말했습니다.\\n \\n백 감독은 기자회견에 나오기로 했던 것으로 알려졌던 노선영 선수가 불참한 것에 대해 기자회견 나오기 전에 노선영 선수에게서 연락이 왔는데 너무 심한 몸살이 와서 참석할 수 없다고 했다고 말했습니다.\\n \\n백 감독의 답변이 끝난 직후 기자들이 질문은 논란의 당사자인 김보름 선수에게로 향했습니다.\\n \\n김보름 선수는 경기 후 노선영 선수와 따로 대화를 나눈 것이 있냐는 질문에 경기 끝나고 늦었고 선영이 언니와 방이 달라서 따로 대화한 것은 없다고 말했습니다.\\n \\n김보름 선수는 경기 직후 인터뷰 태도를 비롯해 본인을 둘러싼 논란을 어떻게 생각하냐는 질문에 많은 분들이 마음의 상처를 받으셨던 것 같다. 너무 죄송하게 생각하고 많이 반성하고 있다. 진심으로 죄송하다라고 사과했습니다.\\n \\n김보름 선수는 마지막에 스퍼트를 해야만 하는 상황이었냐는 질문에는 세 선수 모두 4강에 가려는 의지가 강했다. 연습 통해 어떤 방향으로 할지 사전 준비는 완벽했다. 노선영 선수가 뒤에 처진 부분은 링크 내 분위기 때문에 앞에서 상황을 알지 못했다. 지도자들 역시 큰 소리로 벌어졌다는 뜻을 전달했지만 분위기 때문에 전달받지 못해 계속 진행했다고 해명했습니다.\\n \\n논란의 당사자가 된 세 선수가 그대로 순위 결정전에 출전하느냐는 질문에는 백 감독이 그대로 치른다. 감기몸살 너무 심한데 체크해보고 내일 판단하겠다고 답했습니다.\\n \\n백 감독은 경기 후에 따로 움직이는 모습이 좋지 않았다는 지적에 서로에 대한 미안한 감정 때문이다. 지도자가 챙기지 못한 불찰이라며 팀 추월은 많은 준비를 해왔고 노선영 선수도 여자 1,500m 경기를 마친 이후에는 팀 추월 훈련에만 주력했다고 말했습니다.\\n \\n이날 기자회견에서 가장 핵심적인 질문은 회견 후반부에 집중됐습니다.\\n \\n김보름 선수는 마지막에 왜 앞으로 치고 나갔는지에 대한 질문에 세 명의 선수 모두 3위를 목표 삼았고 4강에 진출했어야 한다. 저는 팀 추월 6바퀴 중에 3바퀴 리드해야 하는 역할이고 선수마다 개개인의 역할이 있는데 그 역할 속에서 정해진 랩타임이 있었다. 그 랩타임으로 가야 4강을 확정하는 것이었다고 말했습니다.\\n \\n김보름 선수는 마지막 두 바퀴는 29초로 가야했다. 앞 4바퀴를 잘 타줬고 할 수 있다는 생각에 29초대에만 집중했다. 결승선에 와서야 언니가 뒤에 있음을 알게 됐다. 선두에서 뒤에 선수 챙기지 못한 것은 제 잘못이 크다고 말했습니다.\\n \\n김보름 선수는 논란의 당사자로 포화를 맞고 있는 점에 억울한 점이 있냐는 질문에 뒷 선수를 챙기지 못한 것은 제 책임이 제일 크다. 억울한 점은 없다고 말했습니다.\\n \\n김보름 선수와 노선영 선수가 대화하는 모습을 많이 보지 못했다는 질문에는 백 감독이 사실 처음에 어려웠던 것은 사실이다. 처음 와서 선수들이 호흡을 맞추러 노력했고 강릉 도착해서는 컨디션이나 모든 면에서 자유스럽게 화합하고 잘 지냈다고 해명했습니다.\\n \\n백 감독은 노선영 선수가 원래 맨 앞이었다는 질문에는 중간보다 속도를 유지해서 맨 순서로 달리는 것을 노선영 선수가 직접 이야기했다. 노선영 선수의 의견을 제가 받아들였다고 말했습니다.\\n \\n김보름 선수는 내일 경기 출전에 문제가 없냐는 질문에 잘 도와달라며 눈물을 흘리는 모습을 보이기도 했습니다.  \\n\\n▶ SBS NEWS 유튜브 채널 구독하기 : https://goo.gl/l8eCja\\n\\n▶대한민국 뉴스리더 SBS◀\\n홈페이지: http://news.sbs.co.kr\\n페이스북: http://www.facebook.com/sbs8news\\n트위터: http://www.twitter.com/sbs8news",2018-02-20T09:33:31.000Z,1337500,2200,8092,14673
KR,11.27일 사건해명 내용입니다. BJ서동혁[동핵]의 삼가 고인의 명복을 빕니다.,Seya 세야,Entertainment,"\"세야|\"\"아프리카tv\"\"|\"\"남캠\"\"|\"\"먹방\"\"|\"\"범프리카\"\"|\"\"코트\"\"|\"\"윤마\"\"|\"\"김이브\"\"|\"\"턱형\"\"|\"\"최군\"\"|\"\"소희짱\"\"|\"\"케이\"\"|\"\"대정령\"\"|\"\"양띵\"\"|\"\"러너교\"\"|\"\"롤\"\"|\"\"lol\"\"|\"\"고기\"\"|\"\"이상호\"\"|\"\"철구\"\"|\"\"신태일\"\"|\"\"런닝맨\"\"|\"\"1박2일\"\"|\"\"19금\"\"|\"\"비글즈\"\"|\"\"꽃자\"\"|\"\"창현\"\"|\"\"슈기\"\"|\"\"용느\"\"|\"\"노출\"\"|\"\"모델\"\"|\"\"몸매\"\"|\"\"seya\"\"|\"\"woman\"\"|\"\"man\"\"|\"\"패션\"\"|\"\"Style\"\"|\"\"뷰티\"\"|\"\"beauty\"\"|\"\"youtube\"\"|\"\"웃긴\"\"|\"\"유머\"\"|\"\"귀여운\"\"|\"\"섹시\"\"|\"\"Funny\"\"|\"\"Comic\"\"|\"\"놀라운\"\"|\"\"감스트\"\"|\"\"로이조\"\"|\"\"외질혜\"\"|\"\"염보성\"\"|\"\"밴쯔\"\"|\"\"앰브로\"\"|\"\"남순\"\"|\"\"최고다윽박\"\"|\"\"동핵\"\"|\"\"미국\"\"|\"\"자살\"\"|\"\"해명\"\"|\"\"살인\"\"|\"\"방송\"\"\"",세야 아프리카TV 방송국 주소 ▼ \nhttp://afreeca.com/barams01\n세야 페이스북 주소 ▼\nhttps://www.facebook.com/qkreotp\n세야 인스타그램 주소 ▼\nhttps://www.instagram.com/qkreotp\n\n유튜브 구독하기! 좋아요! 부탁드려요♥,2017-12-12T15:14:36.000Z,133268,552,692,0
KR,전두환 전문배우 박용식사망!!!,Show Biz News,News & Politics,"\"전두환|\"\"전문배우\"\"|\"\"박용식사망Show Biz News\"\"|\"\"UC2lW1pV5WdaKqW6HrT0_Jdw/featured\"\"\"","전두환 전문배우 박용식사망!!!Source: \\nThank for watching my channel \\nIf you like this video, please Subscribe my channel:https://goo.gl/BAXGsT \\n우리 채널 2개를 응원 해주세요 갑사합니다 \\nhttps://www.facebook.com/tistorynews/",2018-03-24T02:30:01.000Z,132182,140,233,114
