country,title,channel_title,category,tags,description,publish_time,views,likes,dislikes,comment_count
FR,Laeti­cia Hally­day très en colère en décou­vrant Johnny et Laura Smet en une d’un maga­zine,Frank channel,People & Blogs,"\"famille\"\"|\"\"jalousie\"\"|\"\"Laeticia Hallyday\"\"|\"\"Laura Smet\"\"|\"\"Johnny Hallyday\"","Entre Laeti­cia Hally­day et Laura Smet, ça n’a jamais été le grand amour. Et si Johnny Hally­day pré..., Source: http://www.voici.fr/news-people/actu-people/laeticia-hallyday-tres-en-colere-en-decouvrant-johnny-et-laura-smet-en-une-dun-magazine-643941",2018-02-14T15:34:12.000Z,25767,42,70,33
FR,Recette facile de Papillote de Cabillaud au Saumon fumé,Picard Surgelés,Howto & Style,"\"recette papillote\"\"|\"\"recette cabillaud\"\"|\"\"recette saumon fumé\"\"|\"\"recette saint valentin\"\"|\"\"recette facile poisson\"\"|\"\"recette facile poisson four\"","Pour 2 personnes\\nDécongélation : saumon fumé\\nPréparation : 5 min\\nCuisson : 20 min \\n\\nChez Picard : \\n• 2 dos de cabillaud sans peau \\n• 2 tranches de saumon fumé Norvège \\n• 4 galets de sauce beurre blanc au Noilly-Prat \\n• 300 g de purée de céleri\\n• 2 cuil. à café d’aneth\\n\\nPréchauffez votre four à 180°C (th.6).\\nEtalez 2 feuilles de papier cuisson humidifiées sur un plan de travail.\\nSur chaque feuille, répartissez la purée de céleri, déposez par-dessus un dos de cabillaud préalablement enveloppé d’une tranche de saumon fumé. Ajoutez 2 galets de sauce par-dessus, saupoudrez d’aneth et refermez les papillotes. Déposez-les dans un plat et enfournez 20 min.",2018-02-02T09:51:07.000Z,25511,58,69,28
FR,"En larmes, Agathe Auproux quitte TPMP en plein direct",Actualités 24h,News & Politics,Agathe Auproux.,"Dans « Touche pas à mon poste » sur C8, Agathe Auproux a été prise à partie par plusieurs de ses partenaires, et notamment Matthieu Delormeau, qui lui avait reproché son clash avec Benjamin Castaldi, qu’elle qualifiait la veille de facho. \\n\\n\\nMerci beaucoup d'avoir regardé! \\nSi vous aimez les vidéos, accédez-y et partagez-les avec vos amis. \\nSi vous souhaitez plus de nouvelles, abonnez-vous à la chaîne! \\nCLIQUEZ ICI POUR INSCRIRE: https://goo.gl/FNgJct \\n======================================",2018-02-09T12:49:49.000Z,25371,18,56,32
FR,Monomoteur écrasé autoroute A47 31 03 2018 St Chamond 42 Le Progrès Jérôme Abou,jerome abou,People & Blogs,"\"Bimoteur écrasé autoroute A47 31 03 2018 St Chamond 42\"\"|\"\"St Chamond bimoteur écrasé\"\"|\"\"A47 bimoteur écrasé\"\"|\"\"2 morts A47 bimoteur écrasé\"\"|\"\"St Chamond 2 morts\"",Monomoteur écrasé autoroute A47 31 03 2018 St Chamond 42,2018-03-31T14:07:32.000Z,25179,7,9,9
FR,LES 12  COUPS DE MIDI FRANCK PROVOST  dans l'étoile mystérieuse,LE CHRONISHIRT,News & Politics,"\"FRANCK PROVOST 12 COUPS DE MIDI\"\"|\"\"ETOILE MYSTERIEUSE\"\"|\"\"LES 12 COUPS DE MIDI\"\"|\"\"les 12 COUPS DE MIDI ETOILE MYSTERIEUSE\"",www.trominion.com,2018-01-15T13:34:26.000Z,25156,44,62,17
FR,"THIERRY ARDISSON répond A LA POLÉMIQUE sur SQUEEZIE ( interview, malaise, réseaux sociaux, twitter )",Nygmatick TV,People & Blogs,"\"thierry ardisson\"\"|\"\"thierry\"\"|\"\"ardisson\"\"|\"\"squeezie\"\"|\"\"polémique\"\"|\"\"thierry ardisson squeezie\"\"|\"\"news\"\"|\"\"people\"\"|\"\"blog\"\"|\"\"c8\"\"|\"\"direct\"\"|\"\"jeu video\"\"|\"\"clash\"\"|\"\"emission\"\"|\"\"reaction\"\"|\"\"youtubeur\"\"|\"\"argent\"\"|\"\"interview\"\"|\"\"malaise\"\"|\"\"humilié\"\"|\"\"twitter\"\"|\"\"réseaux sociaux\"",Thierry Ardisson répond à la polémique sur les réseaux sociaux concernant squeezie et son interview du malaise avec un doigt d'honneur.,2017-11-20T16:54:49.000Z,2501,30,34,36
FR,Michel Sardou « s’en tape » de Johnny Hallyday,Actualités 24h,News & Politics,"\"Johnny Hallyday\"\"|\"\"Michel Sardou.\"","L’Express a publié des extraits de la biographie de Johnny Hallyday, dont un passage dans lequel, le chanteur s’en prend à Michel Sardou. \\n\\n\\n\\nMerci beaucoup d'avoir regardé! \\nSi vous aimez les vidéos, accédez-y et partagez-les avec vos amis. \\nSi vous souhaitez plus de nouvelles, abonnez-vous à la chaîne! \\nCLIQUEZ ICI POUR INSCRIRE: https://goo.gl/FNgJct \\n==================================================",2017-12-29T08:48:08.000Z,24722,24,85,30
FR,Héritage contesté de Johnny Hallyday: le coup de gueule de Bernard Tapie,News France,People & Blogs,"\"SFR News\"\"|\"\"People\"\"|\"\"yt:cc=on\"","Les enfants du chanteur et Laeticia Hallyday devraient, estime-t-il, se partager ce qu'ils ont à se partager.",2018-02-19T15:37:54.000Z,24614,51,56,11
FR,S. Guillon : Viré de partout balance ...et règle ses comptes avec Ardisson! 22/3,broudge03,News & Politics,"\"stéphane guillon\"\"|\"\"s. guillon\"\"|\"\"clash stéphane guillon vs ardisson\"\"|\"\"stéphane guillon et macron\"","",2018-03-22T12:12:23.000Z,24149,39,61,131
FR,قناة النهار ترد على فيديو أنس تينا ديزاد جوكر راني زعفان Anes Tina Rani za3fane,MHD TUBE,People & Blogs,"\"anes tina\"\"|\"\"rani zaafan\"\"|\"\"أنس تينا\"\"|\"\"Anes Tina Rani za3fane\"\"|\"\"راني زعفان\"\"|\"\"ديزاد جوكر\"\"|\"\"قناة النهار\"\"|\"\"النهار\"\"|\"\"حفيظ دراجي\"\"|\"\"لطفي دوبل كانو\"\"|\"\"Hafid Derradji\"\"|\"\"Lotfi DK\"\"|\"\"DZjoker\"",قناة النهار ترد على فيديو أنس تينا ديزاد جوكر راني زعفان  Anes Tina Rani za3fane \n----------------------------------------------------------------------------------------------------------\nإشترك بالقناة ليصلك كل جديد,2017-11-19T13:54:35.000Z,24142,27,497,190
FR,"Sylvie Vartan et Tony Scotti, un divorce douloureux",new horizon,People & Blogs,[none],"Ma chaine : https://www.youtube.com/channel/UCclLf4Uq1ws-bqk-ZoAVcEw?view_as=subscriber?sub_confirmation=1\\nSylvie Vartan et son mari Tony Scotti font la Une de Ici Paris qui évoque « un divorce douloureux ». « La chanteuse n’a rien vu venir. Hélas !, ce bonheur si difficile à construire vient de voler en éclat », commente ensuite la journaliste.",2018-03-19T08:14:32.000Z,23748,42,65,16
FR,Johnny Hally­day « s'en foutait » de savoir que son testa­ment allait briser sa famille |France 24/7,France 24/7,People & Blogs,"\"johnny hallyday‬\"\"|\"\"‪laura smet‬\"\"|\"\"‪david hallyday‬\"\"|\"\"laeticia hallyday‬‪\"\"|\"\"laeticia\"\"|\"\"laura\"\"|\"\"testament de johnny hallyday\"\"|\"\"david\"\"|\"\"johnny\"\"|\"\"#youtube\"\"|\"\"laeticia hallyday johnny\"\"|\"\"david et laura\"\"|\"\"pourquoi laeticia\"\"|\"\"pourquoi laura\"\"|\"\"heritage de johnny\"\"|\"\"nathalie baye\"\"|\"\"sylvie vartan\"\"|\"\"#LaeticiaHallyday\"\"|\"\"#Johnnyhallyday\"\"|\"\"Laeticia Hallyday\"\"|\"\"hallyday\"\"|\"\"Laura Hallyday\"\"|\"\"Héritage\"\"|\"\"Succession\"\"|\"\"Testament\"\"|\"\"France 24/7\"",► Johnny Hally­day « s'en foutait » de savoir que son testa­ment allait briser sa famille | France 24/7,2018-03-15T14:07:58.000Z,23428,45,58,28
FR,B.A.R vs L.E.V All Goals & Highlights 13/05/2018 HD,Worship TV,Music,[none],ملخص مباراة برشـ ـلونـ ـة و ليـ ـفانتـ ـي 1 2   برشـ ـلونة يسقط فى غياب مـ ـيسى   الشوط الاول,2018-05-13T19:41:14.000Z,233313,635,647,117
FR,REUPLOAD Logan Paul Vlogs   We found a dead body in the Japanese Suicide Forest (NOT THE FULL VIDEO),ShadeBlade02,Comedy,"\"Logan Paul\"\"|\"\"Jake Paul\"","just to show how shitty logan paul is.\\nEDIT: Yes i know, it will be taken down by youtube\\nYes i know it was taken down for a reason\\nNo i wont take it down\\nNo i dont care if u dislike or hate \\nIm not doing this for views im doing it to show how much of a douche Logan Paul is \\nSorry for the video being 3 min \\nhttps://www.liveleak.com/view?i=302_1514860746 this is the full video got watch then reconsider disliking my video.",2018-01-02T04:08:05.000Z,2299882,9382,30072,5709
FR,الجزائر | العاصمة تتحول إلى ورشة مفتوحة تحضيرا لإستقبال الرئيس الفرنسي إيمانويل ماكرون,Algérie Bladna,People & Blogs,"\"Algérie\"\"|\"\"Algeria\"\"|\"\"الجزائر\"\"|\"\"الرئيس الفرنسي\"\"|\"\"إيمانويل ماكرون\"\"|\"\"Emmanuel Macron\"",Alger | les préparations pour la visite de président Emmanuel Macron,2017-12-05T19:04:14.000Z,22467,38,73,146
FR,Laeticia Hallyday visée par une « abjecte rumeur » selon France Dimanche,Les News,News & Politics,"\"marraine johnny hallyday\"\"|\"\"line renaud\"\"|\"\"lesnew\"\"|\"\"pourquoi johnny\"\"|\"\"johnny hallyday\"\"|\"\"david hallyday\"\"|\"\"laura smet\"\"|\"\"#youtube\"\"|\"\"laura et david\"\"|\"\"laeti­cia hallyday\"\"|\"\"johnny hallyday st barth\"\"|\"\"laeticia et david\"\"|\"\"pourquoi laeticia\"\"|\"\"david et laura\"\"|\"\"laeticia hallyday los angeles\"\"|\"\"laeticia hallyday et jade\"\"|\"\"johnny hallyday laeticia\"\"|\"\"maxim nucci\"\"|\"\"sebastien farran\"\"|\"\"jade hallyday\"\"|\"\"laeticia\"\"|\"\"album johnny\"\"|\"\"fille de johnny\"\"|\"\"album de johnny hallyday\"\"|\"\"david hallyday retour\"\"|\"\"retour david\"","Laeticia Hallyday visée par une « abjecte rumeur » selon France Dimanche\\n#johnny , #laeticia , #david \\nFrance Dimanche a consacré sa Une à Laeticia Hallyday et évoque « l’abjecte rumeur » qui la vise depuis plusieurs semaines....\\nMerci beaucoup d'avoir regardé!\\nSi vous aimez les vidéos, accédez-y et partagez-les avec vos amis.\\nSi vous souhaitez plus de nouvelles, abonnez-vous à la chaîne!\\nCLIQUEZ ICI POUR INSCRIRE: https://goo.gl/58uDJL",2018-02-06T16:11:26.000Z,22431,50,55,39
FR,un proche dénonce un coup monté Laeti­cia de retour en larmes sur la t0.m.be de Johnny,Les News,News & Politics,"\"pourquoi laura\"\"|\"\"laura smet et david\"\"|\"\"johnny a st barth\"\"|\"\"avocat de laeti­cia\"\"|\"\"johnny hallyday‬\"\"|\"\"‪laura smet‬\"\"|\"\"‪david hallyday‬\"\"|\"\"‪laeticia hallyday‬\"\"|\"\"laeticia\"\"|\"\"laura\"\"|\"\"david\"\"|\"\"johnny\"\"|\"\"#youtube\"\"|\"\"lesnews\"\"|\"\"david et laura\"\"|\"\"pourquoi laeticia\"\"|\"\"heritage de johnny\"\"|\"\"pourquoi johnny\"\"|\"\"johnny hallyday laeticia\"\"|\"\"sylvie vartan\"\"|\"\"laeticia hallyday johnny\"\"|\"\"sebastien farran\"\"|\"\"laeticia et laura\"\"|\"\"laura et david\"\"|\"\"album de johnny\"\"|\"\"hallyday\"\"|\"\"jade et joy\"\"|\"\"tombe de johnny\"\"|\"\"pourquoi david\"","un proche dénonce un coup monté Laeti­cia de retour en larmes sur la t0.m.be de Johnny\\n#laura , #johnny ,#nathalie , #david , #laeticia #johnnyhallyday , #sylvie\\nHier, des photos de Laeti­cia Hally­day de retour en larmes sur la tombe de Johnny à Saint-Barth faisaient la Une. Une mise en scène calcu­lée selon un proche du couple qui n’hé­site pas à parler de « stra­té­gie » du côté de la veuve.\\nDe retour à Saint-Barth pour les vacances de Jade et Joy, Laeti­cia Hally­day n’a pas attendu long­temps avant de se rendre sur la tombe de Johnny au cime­tière de Lorient....\\nMerci beaucoup d'avoir regardé!\\nSi vous aimez les vidéos, accédez-y et partagez-les avec vos amis.\\nSi vous souhaitez plus de nouvelles, abonnez-vous à la chaîne!\\nCLIQUEZ ICI POUR INSCRIRE: https://goo.gl/58uDJL",2018-04-18T15:17:14.000Z,22065,48,56,154
FR,"Céline Tran, (Katsuni) ex-star du X se met à nu - Salut les Terriens",Salut les terriens !,Entertainment,"\"katsuni\"\"|\"\"thierry ardisson\"\"|\"\"laurent baffie\"\"|\"\"julien clerc\"\"|\"\"interview\"\"|\"\"c8\"",Tous les extraits et émissions de Salut les Terriens présenté par Thierry Ardisson sont à retrouver sur MyCANAL : https://www.mycanal.fr/c8/slt/salut-les-terriens\n\nSalut les Terriens sur les réseaux sociaux :\n\n- Facebook : https://www.facebook.com/salutlesterriens\n- Twitter : https://twitter.com/lesterriens\n- Instagram : https://www.instagram.com/salutlesterriens,2018-03-12T17:49:23.000Z,218989,659,709,640
FR,Johnny Hallyday : fin de l'histoire de l'héritage grâce a cet enregistrement des dernières volonté?,Actualités du jour,People & Blogs,"\"Johnny Hallyday\"\"|\"\"enregistrement\"\"|\"\"l'héritage\"\"|\"\"leaticia hallyday\"","Un enregistrement qui sort de nul part , pourrait résoudre et faciliter tout les problèmes de l’héritage découvrez pourquoi",2018-03-10T16:20:07.000Z,217037,420,2834,203
FR,Héritage de Johnny Hallyday : Laeticia Hallyday ne trouve pas d'accord avec Laura et...,SANTÉ ZEVO,Entertainment,"\"héritage\"|\"johnny hallyday\"|\"laeticia hallyday\"|\"ne trouve pas d'accord avec\"|\"laura\"|\"Héritage\"|\"de\"|\"Johnny\"|\"Hallyday\"|\"Laeticia\"|\"ne\"|\"trouve\"|\"pas\"|\"d'accord\"|\"avec\"|\"Laura\"|\"et...\"|\"Héritage de Johnny Hallyday : Laeticia Hallyday ne trouve pas d'accord avec Laura et...\"",Héritage de Johnny Hallyday : Laeticia Hallyday ne trouve pas d'accord avec Laura et...,2018-05-20T16:38:28.000Z,21674,37,57,63
FR,Belgique : Une jeune fille de 19 ans met au monde un bébé «singe»,ٍVideo World,People & Blogs,histoire émouvante,Belgique : Une jeune fille de 19 ans met au monde un bébé «singe»,2018-05-16T19:34:09.000Z,21589,38,62,63
FR,Johhny Hallyday :  Voila pourquoi il a fermé les yeux sur la relation de Sébastien et Laeticia !!,News People,People & Blogs,"\"Johhny Hallyday\"|\"Sébastian Farran\"|\"Laeticia Hallyday\"",Laeticia et Sébastien Farran: Johnny a-t-il fermé les yeux? Découvrez https://goo.gl/kjPRSz,2018-05-10T13:43:59.000Z,21209,39,61,44
