country,title,channel_title,category,tags,description,publish_time,views,likes,dislikes,comment_count
IN,Vanambadi || General Promo || Mon to Sat at 7 PM || Asianet,Asianet,Entertainment,"\"asianet|\"\"malayalam channel\"\"|\"\"tv show\"\"|\"\"malayalam serial\"\"|\"\"entertainment\"\"|\"\"Vanambadi || General Promo || Mon to Fri at 7 PM || Asianet\"\"|\"\"Vanambadi\"\"|\"\"Vanambadi asianet\"\"|\"\"Vanambadi Hotstar\"\"|\"\"Vanambadi serial\"\"|\"\"Popular serial Vanambadi\"\"|\"\"Watch Vanambadi Serial\"\"|\"\"Vanambadi Latest Episode\"\"|\"\"Vanambadi Full Episode\"\"|\"\"Vanambadi Serial Online\"\"|\"\"Vanambadi latest episode hotstar\"\"|\"\"anumol\"\"|\"\"mohankumar\"\"|\"\"padmini\"\"\"",Vanambadi || General Promo || Mon to Sat at 7 PM || Asianet\nWatch All Shows : http://www.hotstar.com/asianet,2018-02-23T04:30:00.000Z,24814,17,20,2
IN,ఆమ్రపాలి స్పీచ్‌లో త‌ప్పుల త‌డ‌క‌లు | Collector Amrapali Speech At 69th Republic Day Celebrations,ABN Telugu,News & Politics,"\"collector amrapali|\"\"collector amrapali speech\"\"|\"\"amrapali speech\"\"|\"\"republic day\"\"|\"\"republic day celebrations\"\"|\"\"republic day at warangal\"\"|\"\"warangal\"\"|\"\"warangal collector amrapali\"\"|\"\"amrapali speech on republic day\"\"|\"\"amrapali funny speech\"\"|\"\"warangal collector speech\"\"|\"\"warangal development\"\"|\"\"telangana govt\"\"|\"\"6th republic day\"\"|\"\"69th republic day celebrations\"\"|\"\"amrapali\"\"|\"\"collector amrapali marriage\"\"|\"\"warangal collector marriage\"\"|\"\"breaking news\"\"|\"\"abn\"\"|\"\"abn live\"\"|\"\"tv9 live\"\"\"","Warangal Urban District Collector Amrapali addressed 69th Republic Day celebrations and explained the progress of several development works that were carried out in the district. During the speech, Amrapali broke into laughter few times while speaking about the toilet programme. \\n\\nFor more latest and breaking news subscribe @  https://www.youtube.com/user/ABNtelugutv?sub_confirmation=1 \\n\\nFollow us @\\nhttps://facebook.com/abntelugutv,\\nhttps://twitter.com/abntelugutv,\\nhttp://www.abnandhrajyothy.com/\\nhttps://play.google.com/store/apps/details?id=com.abn.jyothy&hl=en\\nhttps://itunes.apple.com/in/app/abn-andhrajyothy/id582664798?mt=8\\nhttps://plus.google.com/+abntelugutv\\nhttps://dailymotion.com/abntelugutv\\n\\nWatch ABN Andhrajyothy, the no 1 Telugu news channel, a 24/7 LIVE news channel dedicated to live reports, exclusive interviews, breaking news, sports, weather, entertainment, business updates and current affairs.",2018-01-27T03:10:53.000Z,244623,473,909,0
IN,Sri Mukhi Reacted on Anchor Pradeep Drunk And Drive Controversy || YOYO Cine Talkies,YOYO Cine Talkies,Entertainment,"\"srimukhi|\"\"pradeep\"\"|\"\"drunk and drive\"\"|\"\"new year 2018\"\"|\"\"anchor srimukhi\"\"|\"\"anchor ravi\"\"|\"\"etv comedy show\"\"|\"\"pradeep case\"\"|\"\"latest news\"\"|\"\"patas show\"\"|\"\"hyderabad traffic police\"\"|\"\"pradeep arrest\"\"|\"\"yoyo\"\"|\"\"cine\"\"|\"\"drunk\"\"|\"\"drive\"\"|\"\"anchor pradeep\"\"|\"\"anchor pradeep drunk\"\"|\"\"tv anchor pradeep\"\"|\"\"anchor pradeep drunk and drive\"\"|\"\"srimukhi grunk and drive\"\"|\"\"drunk and drive srimukhi\"\"|\"\"police case\"\"\"","Sri Mukhi Reacted on Anchor Pradeep Drunk And Drive Controversy,\\n\\n\\nThe YOYO Cine Talkies channel will give you complete information about latest released movies like agnathavasi, hello, mca, jai simha, robo 2.0, latest trailers, latest movie gossips, celebrity gossips, latest teasers, latest songs.\\nLatest theatrical trailers of Movies like agnathavasi, hello, mca, jai simha, robo 2.0\\n\\nSpecial news on Heroines like Anushka, Samantha, Tamanna Bhatia, Kajal, Rakul Preet Singh, Keerthy Suresh, Shaliney Pandey, Anupama Parameswaran, Lavanya Tripati, Nayanatara, Shruthi Hassan, Sai Pallavi, Rashi Khanna, Hansika, Amala Paul,\\nSurabhi.\\nLatest Photoshoots of Prabhas, Vijay Devarkonda, Nani, Ram Charan, Allu Arjun, Sandeep Kishan, Naga Shourya, Adivi Sesh....\\nLatest Gossips of Anchors and TV Artists such as Anasuya Bharadwaj, Rashmi Gautham, Ravi, Sreemukhi, Pradeep Machiraju, Suma Kanakala, Sudigali Sudheer, Hyper Aadi.\\n\\n\\n\\nYOYO TV Viral Videos: \\nhttps://goo.gl/nnCstS\\nYOYO TV Trending Stories: \\nhttps://goo.gl/6RWXQK\\nYOYO Unsolved Mysteries: \\nhttps://goo.gl/jkgYdG\\nYOYO TV Interviews: \\nhttps://goo.gl/8WMtF1\\nYOYO Time to Talk: \\nhttps://goo.gl/6bal83\\nSrimathi Oka Bahumathi: \\nhttps://goo.gl/34ACbE\\nTelangana: \\nhttps://goo.gl/gvnXE7\\nChandamama Kathalu: \\nhttps://goo.gl/NVi8oF\\n-------------------------------------------------------------\\nYOYO Cine Talkies: \\nhttps://goo.gl/twvgpp\\nYOYO News24: \\nhttps://goo.gl/XK5wOR\\nYOYO TV Health: \\nhttps://goo.gl/KuVoiy\\nYOYO World: \\nhttps://goo.gl/aM4ZWT\\nYOYO TV Kannada: \\nhttps://goo.gl/7UFeSM\\nYOYO TV Malayalam: \\nhttps://goo.gl/446VPJ\\nYOYO Times: \\nhttps://goo.gl/xou3Wy\\nYOYO TV Hindi: \\nhttps://goo.gl/jtyvy0\\n___\\n\\nSubscribe to Tollywood No.1 YouTube Channel for non-stop entertainment & Movie Updates\\nClick here to subscribe https://goo.gl/ApczL8\\nLike and Comment us at Facebook https://www.facebook.com/yoyocinetalkies1/\\nFollow us at Twitter https://twitter.com/yoyocinetalkies",2018-01-02T13:46:02.000Z,244308,249,264,33
IN,Rajeev Masand review of Veere Di Wedding,Rajeev Masand,People & Blogs,"\"Rajeev Masand|\"\"review\"\"|\"\"Veere Di Wedding\"\"|\"\"Sonam Kapoor\"\"|\"\"Kareena Kapoor\"\"|\"\"film\"\"|\"\"cinema\"\"|\"\"movie\"\"|\"\"critic\"\"|\"\"CNN News18\"\"|\"\"Bollywood\"\"|\"\"Hindi\"\"|\"\"India\"\"|\"\"Mumbai\"\"|\"\"Swara Bhaskar\"\"|\"\"Shikha Talsania\"\"\"","CNN News18 film critic Rajeev Masand reviews this week's new Hindi film Veere Di Wedding, starring Kareena Kapoor, Sonam Kapoor, Swara Bhaskar, and Shikha Talsania, and directed by Shashanka Ghosh. This review first aired on CNN News18 on June 01, 2018.",2018-06-01T11:30:09.000Z,243648,1740,6605,562
IN,Clash Between CM Chandrababu Naidu And PM Modi | TDP Vs BJP | ABN Telugu,ABN Telugu,News & Politics,"\"cm chandrababu naidu|\"\"pm modi\"\"|\"\"chandrababu vs pm modi\"\"|\"\"tdp vs bjp\"\"|\"\"chandrababu on modi\"\"|\"\"ap special status\"\"|\"\"chandrababu on special status\"\"|\"\"tdp ministers resign\"\"|\"\"tdp ministers quits modi govt\"\"|\"\"sujana chowdary\"\"|\"\"sujana chowdary resignation\"\"|\"\"ashok gajapathi raju\"\"|\"\"ashok gajapathi raju resignation\"\"|\"\"special status for ap\"\"|\"\"centre on special status\"\"|\"\"modi on special status\"\"|\"\"tdp and bjp alliance\"\"|\"\"tdp and bjp alliance ends\"\"|\"\"centre funds to ap\"\"|\"\"breaking news\"\"|\"\"abn\"\"|\"\"abn live\"\"\"","Not just this time, but it was way back in 2002, after Gujarat riots that Chandrababu was the first to oppose then chief minister of Gujarat, Narendra Modi. He was the first one to demand the sacking of Modi from the National Democratic Alliance (NDA), holding him responsible for the massacre. He stalled Modi's visit to Hyderabad in 2003 during Ganesh immersion, stating that it would trigger communal riots.\\n\\nFor more latest and breaking news subscribe @  https://www.youtube.com/user/ABNtelugutv?sub_confirmation=1 \\n\\nFollow us @\\nhttps://facebook.com/abntelugutv\\nhttps://twitter.com/abntelugutv\\nhttp://www.abnandhrajyothy.com/\\nhttps://play.google.com/store/apps/details?id=com.abn.jyothy&hl=en\\nhttps://itunes.apple.com/in/app/abn-andhrajyothy/id582664798?mt=8\\nhttps://plus.google.com/+abntelugutv\\nhttps://dailymotion.com/abntelugutv\\n\\nWatch ABN Andhrajyothy, the no 1 Telugu news channel and a 24/7 LIVE news channel dedicated to live reports, exclusive interviews, breaking news,entertainment, business updates and current affairs.",2018-03-09T04:28:38.000Z,234292,1228,1301,0
IN,ప్రముఖ నటుడు ఇక లేరు.. శోకసంద్రంలో తెలుగు నటులు .తరలి వస్తున్న అభిమానులు  Legendary Actor,Entertainment Circle,Entertainment,[none],ప్రముఖ నటుడు ఇక లేరు.. శోకసంద్రంలో తెలుగు నటులు తరలి వస్తున్న అభిమానులు Legendary Actor\n\nEntertainment Circle is for updates all the latest films and news.\nfor more interesting updates please watch my channel and subscribe,2018-01-17T14:11:45.000Z,230254,250,255,0
IN,YS Jagan REQUESTED Giddi Eswari Not Leave YSRCP | 2019 Elections Plan | AP News | Challenge Mantra,Challenge Mantra,Entertainment,"\"YS Jagan REQUESTED Giddi Eswari Not Leave YSRCP|\"\"2019 Elections Plan\"\"|\"\"YCP Leader Giddi Eswari To Join TDP\"\"|\"\"YSRCP Leaders Disappointed With YS JAGAN\"\"|\"\"Challenge Mantra\"\"|\"\"giddi eswari\"\"|\"\"ycp mla\"\"|\"\"ycp mp\"\"|\"\"ysrcp leaders\"\"|\"\"ys jagan\"\"|\"\"eswari to jon tdp\"\"|\"\"ap cm\"\"|\"\"cm chandrababu naidu\"\"|\"\"chandrababu naidu\"\"|\"\"jagan comments\"\"|\"\"jagan\"\"|\"\"leaders disappointed\"\"|\"\"ap news\"\"|\"\"ap latest news\"\"|\"\"latest ap political news\"\"|\"\"news updates\"\"\"",YS Jagan REQUESTED Giddi Eswari Not Leave YSRCP. To know more about  2019 Elections Plan find out full details in this video. For more latest news stay tuned to Challenge Mantra.\nFor More Interesting News and Updates \nSubscribe to Challenge Mantra - https://www.youtube.com/channel/UCJMnwi5o_kFjA_vPgEbQ8Sg/featured.,2017-11-25T13:00:07.000Z,23023,63,81,38
IN,மசாஜ் பண்ண சொன்னா இவன் பண்ற வேலையை பாருங்க பாவம் அந்த பொண்ணு | Tamil cinema News Latest Seithigal,Kollywood Tamil News,Entertainment,"\"மசாஜ்|\"\"பண்ண\"\"|\"\"சொன்னா\"\"|\"\"இவன்\"\"|\"\"பண்ற\"\"|\"\"வேலையை\"\"|\"\"பாருங்க\"\"|\"\"பாவம்\"\"|\"\"அந்த\"\"|\"\"பொண்ணு\"\"|\"\"tamil crowd\"\"|\"\"tamilcrowd\"\"|\"\"kollywood news\"\"|\"\"tamil cinema\"\"|\"\"latest news\"\"|\"\"tamil news\"\"|\"\"cinema news\"\"|\"\"tamil actress\"\"|\"\"tamil cinema news\"\"|\"\"latest tamil cinema\"\"|\"\"Tamil Cinema News\"\"|\"\"Kollywood News\"\"|\"\"Tamil Latest News\"\"|\"\"Tamil News\"\"|\"\"Tamil Movies\"\"|\"\"Tamil Songs\"\"|\"\"Tamil news live\"\"|\"\"live news\"\"|\"\"today Tamil news\"\"|\"\"news today\"\"|\"\"Tamil latest news\"\"|\"\"Tamil Rockers\"\"|\"\"Tamil family\"\"|\"\"Tamil friendly\"\"\"","மசாஜ் பண்ண சொன்னா இவன் பண்ற வேலையை பாருங்க பாவம் அந்த பொண்ணு | Tamil cinema News Latest Seithigal\\n\\nஇந்த வீடியோ உங்களுக்கு பிடிச்சி இருந்தா லைக் பண்ணுங்க கமெண்ட் பண்ணுங்க உங்க பிரண்ட்ஸ் கூட ஷேர் பண்ணுங்க\\n\\n             Hi,Kollywood Tamil News உங்களை அன்புடன் வரவேற்கிறது.தமிழ் சினிமா,நடிகர்,நடிகை பற்றிய வீடியோகளை தினமும் பார்த்து மகிழ எங்களோட சேனல்-ஐ Subscribe பண்ணுங்க \\n\\n                Hi welcome to Kollywood Tamil News. To enjoy the Hot News About Tamil Cinema Actor,Actress,Gossips and a lot more please Subscribe Our Channel.\\n\\nதமிழ் நடிகர் நடிகை வீடியோ தினமும் பாருங்க ஆண் பெண் குழந்தை தெரியுமா  Tamil News Cinema Kollywood Actor Actress Hot Seithigal TAMIL STICK Tamil News Tamil Cinema News Kollywood Tamil News Kollywood News Latest Seithigal  Express Tamil |Express Tamil| TamilCineChips Tamil Talkies Movie VAANI RAANI பிரியமானவள் பிரியமானவள் எபிசோடு Kuladheivam Kuladheivam SUN TV Episode\\n\\nSubscribe : https://www.youtube.com/channel/UC0IZj-ixA0d5OgMX4uCeAVw\\nFollow Us on Facebook : https://www.facebook.com/TAMIL-STICK-487817091581812/\\nFollow Us on Twitter : https://twitter.com/kandhadhaanish\\nFollow us on Google+ : https://plus.google.com/101892547694526549320",2017-12-12T06:14:25.000Z,226364,340,358,101
IN,நடிகை நிக்கி கல்ராணி பிரபு வீட்டு மருமகளாகிறார்! ACTREES NIKKI GALRANI LATEST NEWS,UNIVERSE T.V.,People & Blogs,[none],"ACTREES NIKKI GALRANI BORN IN BANGALUR CITY. SHE IS ACTING TAMIL, TELUGU, MALAYALAM, KANNADA . ACTREES NIKKI GALRANI ACTING DARLING, NERUPPUDA, KALAKALAPPU 2 TAMIL MOVIES. ACTREES NIKKI GALRANI IS A MODEL AND FASHION DESIGENAR. NIKKI IS NOW 23 YEARS OLD. SHE IS VERY BEAUTIFUL. THIS VIDEO IS NIKKI GALRANI LATEST NEWS.",2018-01-16T12:08:21.000Z,224764,393,443,92
IN,कासगंज हिंसा के 5 दिन बाद एक आरोपी हुआ गिरफ्तार !,Aaj Tak,News & Politics,"\"aajtak|\"\"aaj tak\"\"|\"\"aaj tak videos\"\"|\"\"aajtak news\"\"|\"\"hindi news\"\"|\"\"news video\"\"|\"\"latest news\"\"|\"\"aajtak tv\"\"|\"\"aajtak channel news\"\"|\"\"आज तक\"\"|\"\"kasganj\"\"|\"\"kasganj violence\"\"|\"\"kasganj danga\"\"|\"\"violence\"\"|\"\"kasganj news\"\"|\"\"kasganj caste violence\"\"|\"\"kasganj community violence\"\"|\"\"hindu muslim danga in kasganj\"\"|\"\"curfew in kasganj\"\"|\"\"up kasganj\"\"|\"\"kasganj clashes\"\"|\"\"violence in kasganj on republic day\"\"|\"\"kasganj violence accused\"\"|\"\"kasganj up news\"\"|\"\"kasganj hindu muslim danga\"\"|\"\"hindu muslim kasganj danga\"\"|\"\"uttar pradesh kasganj\"\"\"","A major accused in the murder case during last week's violence in Uttar Pradesh’s Kasganj district has been arrested by Uttar Pradesh Police. Check out the complete video to know more... \\n\\n___\\nAbout Channel: \\n\\nआज तक भारत का सर्वश्रेष्ठ हिंदी न्‍यूज चैनल है ।\\n\\nआज तक न्‍यूज चैनल राजनीति, मनोरंजन, बॉलीवुड, व्यापार और खेल में नवीनतम समाचारों को शामिल करता है।\\n\\nआज तक न्‍यूज चैनल की लाइव खबरें एवं ब्रेकिंग न्यूज के लिए बने रहें ।\\n\\nAaj Tak is India's best Hindi News Channel. Aaj Tak news channel covers latest news in politics, entertainment, Bollywood, business and sports. \\n\\nStay tuned for all the breaking news in Hindi !\\n\\nSubscribe To Our Channel: http://bit.ly/2xTASBc\\n\\nOfficial website: \\nhttps://aajtak.intoday.in/\\n\\nLike us on Facebook\\nhttp://www.facebook.com/aajtak\\n\\nFollow us on Twitter\\nhttp://twitter.com/aajtak\\n\\nSubscribe to our other network channels:\\n\\nThe Lallantop\\nhttps://www.youtube.com/c/thelallantop\\n\\nIndia Today:\\nhttp://www.youtube.com/channel/UCYPvAwZP8pZhSMW8qs7cVCw\\n\\nSoSorry: \\nhttps://www.youtube.com/user/sosorrypolitoon\\n\\nTez:\\nhttp://www.youtube.com/user/teztvnews\\n\\nDilli Aajtak:\\nhttp://www.youtube.com/user/DilliAajtak",2018-01-31T08:55:15.000Z,223573,978,1053,326
IN,Babu Gogeneni Vs Venu Swamy || Do dreams come true? - TV9,TV9 Trending,News & Politics,"\"TV9 Trending|\"\"TV9 Telugu News\"\"|\"\"TV9 LIVE Telugu\"\"|\"\"TV9 news\"\"|\"\"TV9 online news\"\"|\"\"AP Latest News\"\"|\"\"Telugu latest news today\"\"|\"\"AP Political news\"\"|\"\"Political updates\"\"|\"\"TV9 Breaking news\"\"|\"\"Babu Gogeneni Vs Venu Swamy || Do dreams become a reality? - TV9\"\"\"",Babu Gogeneni Vs Venu Swamy || Do dreams come true? - TV9\n\n► Download Tv9 Android App: http://goo.gl/T1ZHNJ\n\n► For More: https://goo.gl/UC3Yjq\n► Circle us on G+: https://plus.google.com/+tv9\n► Like us on Facebook: https://www.facebook.com/tv9telugu\n► Follow us on Twitter: https://twitter.com/Tv9Telugu\n► Pin us on Pinterest: https://www.pinterest.com/Tv9telugu,2018-04-24T13:10:31.000Z,21938,54,211,123
IN,Actress Sri Reddy and Jyothi on Tollywood Casting Couch - TV9,TV9 NOW,Entertainment,"\"Tv9 Entertainment|\"\"Telugu Cinema News\"\"|\"\"Tollywood News\"\"|\"\"Bollywood News\"\"|\"\"Latest Telugu Movie Updates\"\"|\"\"TV9 Interviews\"\"|\"\"TV9 News\"\"|\"\"Actress Sri Reddy and Jyothi on Tollywood Casting Couch - TV9\"\"\"",Actress Sri Reddy and Jyothi on Tollywood Casting Couch - TV9\n\n► Download Tv9 Android App: http://goo.gl/T1ZHNJ\n\n► ► Subscribe to Tv9 HD: https://goo.gl/qVgzGt\n► Circle us on G+: https://plus.google.com/+tv9hd\n► Like us on Facebook: https://www.facebook.com/tv9telugu\n► Follow us on Twitter: https://twitter.com/Tv9Telugu\n► Pin us on Pinterest: https://www.pinterest.com/Tv9telugu\n\nAthadu movie inspires me to write - Hyper Aadi - TV9,2018-03-30T16:41:19.000Z,21668,56,82,81
IN,ప్రమాదం తరువాత MMTS Train Selfy Video After Incident Feeling Hyderabad | Cinema Politics,Cinema Politics,News & Politics,"\"Cinema Politics|\"\"Latest Videos\"\"|\"\"Latest Gossips\"\"|\"\"Telangana news\"\"|\"\"selfie accident mmts train\"\"|\"\"mmts\"\"|\"\"indian train\"\"|\"\"train\"\"|\"\"selfie accident mmts train hyderabad\"\"|\"\"indian railway\"\"|\"\"hyderabad\"\"|\"\"hyderabad mmts train accident with selfy video...don't play with trains\"\"|\"\"mmts selfy viral video\"\"|\"\"#hyderabad\"\"|\"\"#viralvideo\"\"|\"\"#hyderabadnews\"\"|\"\"#selfyvideos\"\"|\"\"#selfyviralvideos\"\"|\"\"#indianrailway\"\"|\"\"#railwayvideos\"\"|\"\"#mmts\"\"|\"\"MMTS Train Selfy Video After Incident Feeling Hyderabad\"\"|\"\"MMTS Train Selfy Video After Incident\"\"\"","ప్రమాదం తరువాత MMTS Train Selfy Video After Incident Feeling | Cinema Politics\\n\\nhttps://www.youtube.com/channel/UCDsqO64pLl5NF6hKMBGXgQA/featured\\n\\nHi welcome to cinema politics news network, cinima, entertainment news,gossips,latest updates,children special videos,cookery videos,special interviews,celebrities latest photoshoot....etc",2018-01-25T10:25:52.000Z,21468,68,83,22
IN,Sri Reddy abuses Pawan Kalyan || Tollywood Casting Couch - TV9,TV9 Trending,News & Politics,"\"TV9 Trending|\"\"TV9 Telugu News\"\"|\"\"TV9 LIVE Telugu\"\"|\"\"TV9 news\"\"|\"\"TV9 online news\"\"|\"\"AP Latest News\"\"|\"\"Telugu latest news today\"\"|\"\"AP Political news\"\"|\"\"Political updates\"\"|\"\"TV9 Breaking news\"\"|\"\"Sri Reddy abuses Pawan Kalyan || Tollywood Casting Couch - TV9\"\"\"",Sri Reddy abuses Pawan Kalyan || Tollywood Casting Couch - TV9\n\n► Download Tv9 Android App: http://goo.gl/T1ZHNJ\n\n► For More: https://goo.gl/UC3Yjq\n► Circle us on G+: https://plus.google.com/+tv9\n► Like us on Facebook: https://www.facebook.com/tv9telugu\n► Follow us on Twitter: https://twitter.com/Tv9Telugu\n► Pin us on Pinterest: https://www.pinterest.com/Tv9telugu,2018-04-16T14:28:21.000Z,211576,754,3019,2116
IN,आखिर पता चल ही गया Heart Attack से नहीं इस कारण मौत हुई है श्रीदेवी की,News Remind,News & Politics,"\"News|\"\"NEWS REMIND\"\"|\"\"bollywood legend actress sridevi passes away\"\"|\"\"actress sridevi passes away\"\"|\"\"sridevi passes away today\"\"|\"\"today sridevi passes away\"\"|\"\"breaking news\"\"|\"\"headlines\"\"|\"\"sri devi\"\"|\"\"shri devi\"\"|\"\"sridevi dies in dubai\"\"|\"\"sridevi no more\"\"|\"\"sridevi heart attack dubai\"\"|\"\"sridevi cardiac arrest\"\"|\"\"श्रीदेवी का निधन\"\"|\"\"boney kapoor\"\"|\"\"Sridevi Death news : Sridevi Passes Away At 54 After Cardiac Arrest in Dubai |\"\"\"","Sridevi Death news : Sridevi Passes Away At 54 After Cardiac Arrest in Dubai | \\n\\n\\nhttps://www.youtube.com/watch?v=un5T-W3Xdm4&t=6s\\n\\nhttps://www.youtube.com/watch?v=VC0jfqSCgK0&t=2s\\n\\n\\nridevi, Bollywood's famous actress has died. Sridevi was 54 years old. They breathed their last in Dubai. Sridevi went to Dubai to attend a wedding ceremony By the arrival of a heart attack, his health suddenly deteriorated and he died.\\n\\nSridevi was present along with her husband, Bonnie Kapoor and daughter Honey. He had come to attend a relative's marriage ceremony with the family.\\n\\nSridevi, who sang the moonlight on the silver screen for four decades, recently played a key role in the movie Mom. Earlier, in the English Winglish movie, he did a great return to the curtain. The names of big hits like Sister Devi, Goddess Khuda, Mr India and Chandni are also associated.\\n\\nApart from this, he has also acted in memorable films like Himmatwala, Tohfa, Nagina, Aulad, Heer Ranjha, Rani of Rani Choron, Ladla, Separai.\\n\\nBorn on August 13, 1965 in Sivakasi, Tamil Nadu. From childhood he started acting. At the age of four, Sridevi showed her acting as a child actor in the Tamil film Muruga in 1967. After this, in 1975, he worked as a child actor in the Bollywood film Julie.\\n\\nGoing to this very beautiful actress, there is an atmosphere of gambling in Bollywood. From actress Priyanka Chopra to Sushmita Sen, all actors, actresses and directors-producers expressed grief at the news of the death of Sridevi.\\n\\nSubscribe My Channel - https://www.youtube.com/channel/UCrbFWXlR-MmP1UbP1hxb8WA?sub_confirmation=1\\n\\nOfficial Website : http://www.newsremind.com\\n\\nOfficial Website  : http://www.bollywoodremind.com\\n\\nOfficial Website : http://www.brainremind.com\\n\\nOfficial Page : https://www.facebook.com/newsremind\\n\\nOfficial Page Twitter Account : https://twitter.com/newsremind01\\n\\n\\n\\nCopyright Disclaimer, Under Section 107 of the Copyright Act 1976, allowance is made for 'fair use' for purposes such as criticism, comment, news reporting, teaching, scholarship, and research. Fair use is a use permitted by copyright statute that might otherwise be infringing. Non-profit, educational or personal use tips the balance in favor of fair use.",2018-02-25T03:29:39.000Z,2081636,2909,3745,582
IN,Comedian Vijay wife Vanitha Reddy talked to media and clarified over his suicide,ETV Telangana,News & Politics,"\"ETV|\"\"ETVTelugu\"\"|\"\"ETV NewsVideo\"\"|\"\"National News Video\"\"|\"\"ETV World\"\"|\"\"ETV andhravani\"\"|\"\"andhravaniVideo\"\"|\"\"ETV Talkies\"\"|\"\"Etv11\"\"|\"\"Etv andhra pradeshNews\"\"|\"\"andhravani\"\"|\"\"Etv Ghantaravam\"\"|\"\"Etv11 india\"\"|\"\"Telugu News\"\"|\"\"Etv AP\"\"|\"\"AP News\"\"|\"\"AP\"\"|\"\"Etv Telugu\"\"|\"\"Etv News Live Video\"\"|\"\"Etv Sakhi\"\"|\"\"Etv Sukhibhava\"\"|\"\"Health Magazine\"\"|\"\"Health Show\"\"|\"\"Etv Margadarsi\"\"|\"\"ETV Aaha\"\"|\"\"Latest News Videos\"\"|\"\"Munrdhadugu\"\"|\"\"Lakshyam\"\"|\"\"ETV Telangana\"\"|\"\"Telangana News\"\"|\"\"Telangana Latest News\"\"|\"\"Telangana Updates\"\"|\"\"ETV Live\"\"|\"\"Live TV\"\"|\"\"latest News\"\"\"",Comedian Vijay wife Vanitha Reddy talked to media and clarified over his suicide\n----------------------------------------------------------------------------------------------\n☛ Download ETV Android App: https://goo.gl/aub2D9\nFor Latest Updates on ETV Channels !!\n☛ Visit our Official Website: http://www.etv.co.in\n☛ Subscribe for Latest News - https://goo.gl/tEHPs7\n☛ Like us : https://www.facebook.com/ETVTelangana\n☛ Follow us : https://twitter.com/etvtelanganaa\n☛ Circle us : https://goo.gl/2UCQkm\n-----------------------------------------------------------------------------------------------,2017-12-11T14:54:54.000Z,20475,7,12,1
IN,చైతు తల్లి వచ్చినప్పుడు తన కోపంపై సమంత వివరణ || Samantha Serious at Reception || YOYO Cine Talkies,YOYO Cine Talkies,Entertainment,"\"samantha reception|\"\"samantha naga chaitanya reception\"\"|\"\"samantha marriage\"\"|\"\"naga chaitanya mother\"\"|\"\"naga chaitanya mother in reception\"\"|\"\"naga chaitanya\"\"|\"\"samantha\"\"|\"\"samantha wedding\"\"|\"\"nagarjuna\"\"|\"\"samantha akkineni\"\"|\"\"naga chaitanya samantha\"\"|\"\"naga chaitanya - samantha akkineni reception live\"\"|\"\"Samantha Gets Emotional\"\"|\"\"naga chaitanya mother lakshmi\"\"|\"\"serious\"\"|\"\"at\"\"|\"\"reception\"\"|\"\"yoyo\"\"|\"\"cine\"\"|\"\"talkies\"\"|\"\"tollywood celebs\"\"\"",Samantha Akkineni Serious at samantha Naga Chaitanya Reception Video  .\nచైతు తల్లి వచ్చినప్పుడు తన కోపంపై సమంత వివరణ.\n\nYOYO TV Viral Videos: \nhttps://goo.gl/nnCstS\nYOYO TV Trending Stories: \nhttps://goo.gl/6RWXQK\nYOYO Unsolved Mysteries: \nhttps://goo.gl/jkgYdG\nYOYO TV Interviews: \nhttps://goo.gl/8WMtF1\nYOYO Time to Talk: \nhttps://goo.gl/6bal83\nSrimathi Oka Bahumathi: \nhttps://goo.gl/34ACbE\nTelangana: \nhttps://goo.gl/gvnXE7\nChandamama Kathalu: \nhttps://goo.gl/NVi8oF\n-------------------------------------------------------------\nYOYO Cine Talkies: \nhttps://goo.gl/twvgpp\nYOYO News24: \nhttps://goo.gl/XK5wOR\nYOYO TV Health: \nhttps://goo.gl/KuVoiy\nYOYO World: \nhttps://goo.gl/aM4ZWT\nYOYO TV Kannada: \nhttps://goo.gl/7UFeSM\nYOYO TV Malayalam: \nhttps://goo.gl/446VPJ\nYOYO Times: \nhttps://goo.gl/xou3Wy\nYOYO TV Hindi: \nhttps://goo.gl/jtyvy0\n___\n\nSubscribe to Tollywood No.1 YouTube Channel for non-stop entertainment & Movie Updates\nClick here to subscribe https://goo.gl/ApczL8\nLike and Comment us at Facebook https://www.facebook.com/yoyocinetalkies1/\nFollow us at Twitter https://twitter.com/yoyocinetalkies,2017-11-15T13:31:35.000Z,196967,135,160,17
IN,Athmasakhi l Entry of new characters.... l Mazhavil Manorama,Mazhavil Manorama,Entertainment,"\"Mazhavil Manorama|\"\"Athmasakhi\"\"|\"\"Promo\"\"\"",Watch Athmasakhi tomorrow at 7 pm only on Mazhavil Manorama,2018-01-14T04:00:01.000Z,196061,102,421,173
IN,Tiger Zinda Hai Movie Review by KRK | Bollywood Movie Reviews | Latest Movie Reviews,Kamaal R Khan - KRK,Entertainment,"\"Review|\"\"Movie Review By KRK\"\"|\"\"Bollywood Review\"\"|\"\"Reviews\"\"|\"\"Kamaal Khan (Film Actor)\"\"|\"\"Khan\"\"|\"\"Kamaal Rashid Khan (Film Actor)\"\"|\"\"Best of Kamaal Khan\"\"|\"\"Latest Bollywood Reviews 2014\"\"|\"\"Best Of KRK Reviews\"\"|\"\"KRK Reviews 2014\"\"|\"\"critic\"\"|\"\"krk critic\"\"|\"\"no 1 critic\"\"\"",Follow KRK On\nYouTube @ http://bit.ly/KamaalRKhanYT\nFacebook @ https://www.facebook.com/KRK.Kamaalkhan\nTwitter @ https://twitter.com/kamaalrkhan,2017-12-21T15:31:04.000Z,194048,3663,7287,206
IN,M. ప్రభాకర్ భార్య ఎవరో మీకు తెలుసా ?,Mirchi Guru,Entertainment,"\"M Prabhakar Wife Rare And Unseen Photos'|\"\"M Prabhakar Wife photos\"\"|\"\"M Prabhakar Wife secretes\"\"|\"\"M Prabhakar Wife rare photos\"\"|\"\"M Prabhakar Wife real life photos\"\"|\"\"M Prabhakar Wife personal photos\"\"|\"\"M Prabhakar unseen photos\"\"|\"\"M Prabhakar fMILY PHOTOS\"\"|\"\"M Prabhakar FAMILY SECRETES\"\"|\"\"M Prabhakar real life photos\"\"\"",M Prabhakar Wife Rare And Unseen Photos',2018-01-11T03:00:04.000Z,19202,17,75,0
IN,శాడిస్ట్ భర్త రాజేష్ కు పురుషత్వ పరీక్షా...ఇంతకీ ఏమైందంటే. Medical Test to Rajesh,Entertainment Circle,Entertainment,[none],శాడిస్ట్ భర్త రాజేష్ కు పురుషత్వ పరీక్షా...ఇంతకీ ఏమైందంటే. Medical Test to Rajesh,2017-12-05T14:23:23.000Z,189900,94,355,0
IN,Actress Jyothi advice to Sri Reddy - TV9,TV9 Entertainment,Entertainment,"\"TV9 EntertainmentTelugu film news|\"\"Tollywood upcoming films\"\"|\"\"Telugu new movies\"\"|\"\"Latest film updates\"\"|\"\"Tollywood Roundup\"\"|\"\"Telugu film teaser\"\"|\"\"Latest theatrical trailer\"\"|\"\"Tollywood Top News\"\"|\"\"Actress Jyothi advice to Sri Reddy - TV9\"\"\"",Actress Jyothi advice to Sri Reddy - TV9 \n\nFor all the Entertainment News of the film industry this is your one stop You Tube channel. Get updated on the latest and biggest happenings in the film industry of India with a special focus on Tollywood. We bring to you behind the scenes interviews with your favourite celebrities and the latest entertainment updates. \n\n\n► Download Tv9 Android App: http://goo.gl/T1ZHNJ\n\n► Subscribe to Tv9 Entertainment: https://goo.gl/knBa4x\n► Circle us on G+: https://plus.google.com/+tv9\n► Like us on Facebook: https://goo.gl/zMt5eU\n► Follow us on Twitter: https://twitter.com/Tv9Telugu\n► Pin us on Pinterest: https://www.pinterest.com/Tv9telugu,2018-03-30T17:00:10.000Z,18961,37,62,45
