country,title,channel_title,category,tags,description,publish_time,views,likes,dislikes,comment_count
MX,Agarrón Vanda y Luis Fer,VLA SÚPER FANS,Film & Animation,[none],"",2017-11-15T20:16:20.000Z,9704,0,2,1
MX,Exatlón México / Ernesto será el eliminado,El Megáfono,Entertainment,"\"ernesto|\"\"exatlon mexico ernesto\"\"|\"\"exatlon ernesto\"\"|\"\"ernesto cazares\"\"|\"\"exatlon mexico\"\"|\"\"exatlon mexico en vivo\"\"|\"\"exatlon mexico programa de hoy\"\"|\"\"exatlon mx\"\"|\"\"exatlon mexico de hoy\"\"|\"\"exatlon de hoy\"\"|\"\"exatlon contendientes\"\"|\"\"exatlon mexico equipo de contendientes\"\"|\"\"fuera de lugar\"\"|\"\"daniel corral\"\"|\"\"exatlon daniel corral\"\"\"",exatlon mexico programa 70 71 72 73 74 75 76 77 78 79 80 81 82 83 84 85 86 87 88 89 90 91 92 93 94 95 96 97 98 99 100 101 102 103 104 105 106 107 108 109 110\nexatlon mexico en vivo,2018-01-28T21:49:33.000Z,96018,297,345,377
MX,Ana Lago VS Antonieta Gaxiola,La dimensión desconocida,Entertainment,"\"videos terror|\"\"la dimension desconocida mexico\"\"|\"\"videos de suspenso\"\"|\"\"videos misterios\"\"\"","Posiblemente los misterios que envuelven al mundo nunca serán revelados en su totalidad, y esta historia es uno de esos relatos. Qué te pareció?",2017-12-16T22:20:28.000Z,9549,56,88,60
MX,"Bruno Mars,Charlie Puth,Ed Sheeran Best Christmas Songs,Greatest Hits Pop Playlist Christmas 2018",Audio Music,Music,"\"Charlie puth|\"\"Charlie puth Greatest\"\"|\"\"Charlie Puth Songs\"\"|\"\"Best Charlie Puth\"\"|\"\"charlie puth album\"\"|\"\"We Don't Talk Anymore\"\"|\"\"Marvin Gaye\"\"|\"\"Charlie Puth Best Of\"\"|\"\"bruno mars\"\"|\"\"bruno mars greatest\"\"|\"\"bruno mars playlist\"\"|\"\"bruno mars best of\"\"|\"\"bruno mars songs\"\"|\"\"bruno mars top songs\"\"|\"\"Grenade\"\"|\"\"Shape of You\"\"|\"\"Ed Sheeran\"\"|\"\"Ed Sheeran live\"\"|\"\"bruno mars christmas song\"\"|\"\"bruno mars christmas album\"\"|\"\"charlie puth christmas album\"\"|\"\"charlie puth ch\"\"\"","Bruno Mars,Charlie Puth,Ed Sheeran Best Christmas Songs,Greatest Hits Pop Playlist Christmas 2018\\nBruno Mars,Charlie Puth,Ed Sheeran Best Christmas Songs,Greatest Hits Pop Playlist Christmas 2018\\nBruno Mars,Charlie Puth,Ed Sheeran Best Christmas Songs,Greatest Hits Pop Playlist Christmas 2018\\n\\nThank You For Watching Video\\nYou please support the channel by :\\nSubscribe Channel : https://goo.gl/uX9syJ\\nFollow Tweet : https://goo.gl/DskcZm\\nFollow G+ : https://goo.gl/uJd5jr\\nFollow Facebook : https://goo.gl/rcefo2",2018-02-10T13:34:59.000Z,952808,811,861,7
MX,¿PERO QUE BAILE ES ESTE?😁😁😁,VIDEOS VIRALES,Entertainment,"\"univision|\"\"telemundo\"\"|\"\"televisa\"\"|\"\"virales\"\"|\"\"bailes\"\"|\"\"tv azteca\"\"\"","No cabe duda que los tiempos cambian,las modas y hasta la forma de bailar .La muestra el vídeo. Comparte",2018-03-26T19:07:17.000Z,95111,300,719,380
MX,El pasado oscuro y problemático de Nikolas Cruz | Al Rojo Vivo | Telemundo,Al Rojo Vivo,News & Politics,"\"Telemundo|\"\"Maria Celeste Arraras\"\"|\"\"MSN\"\"|\"\"Al Rojo Vivo\"\"|\"\"tiroteo en escuela de Parkland\"\"|\"\"tiroteo en Marjory Stoneman Do\"\"|\"\"balaceras en escuelas pública\"\"|\"\"arrestan al sospechoso del tir\"\"|\"\"Nikolas Cruz\"\"|\"\"detalles del ataque en la Escu\"\"|\"\"maría celeste arrarás\"\"|\"\"noticias\"\"|\"\"vivo\"\"|\"\"rojo\"\"|\"\"era\"\"|\"\"noticiero univision\"\"|\"\"farandula\"\"|\"\"mexico\"\"|\"\"donald trump\"\"|\"\"jessica carrillo\"\"|\"\"entretenimiento\"\"|\"\"buzzent\"\"|\"\"colombia\"\"|\"\"juan gabriel\"\"|\"\"exclusivas\"\"|\"\"revista not\"\"|\"\"entrevistas\"\"|\"\"famosos\"\"|\"\"trump\"\"|\"\"shakira\"\"|\"\"jorge bernal\"\"|\"\"espectaculos\"\"|\"\"inmigracion\"\"\"","Quienes lo conocen aseguran que el joven era un chico extraño y describieron cómo era su comportamiento.\\n\\nSUBSCRIBETE: http://bit.ly/1HwWM9Y\\n\\nAl Rojo Vivo:\\n“Al Rojo Vivo con María Celeste” es una revista noticiosa que, en una hora, lleva al televidente en un recorrido a través del mundo. Es una “paella informativa” que ofrece algo para todos los gustos: noticias locales e internacionales, entretenimiento, moda, entrevistas en vivo, investigaciones especiales, notas de interés humano, salud, alertas al consumidor y lo nuevo en tecnología.\\n\\nSUBSCRIBETE: http://bit.ly/1HwWM9Y\\n\\nTelemundo\\nEs una división de Empresas y Contenido Hispano de NBCUniversal, liderando la industria en la producción y distribución de contenido en español de alta calidad a través de múltiples plataformas para los hispanos en los EEUU y a audiencias alrededor del mundo. Ofrece producciones originales, películas de cine, noticias y eventos deportivos de primera categoría y es el proveedor de contenido en español número dos mundialmente sindicando contenido a más de 100 países en más de 35 idiomas.\\n\\nFOLLOW US TWITTER: http://bit.ly/1FcNEf3\\nLIKE US ON FACEBOOK: http://bit.ly/1xwNmKZ\\nGOOGLE+: http://bit.ly/1cZErKl\\n\\nEl pasado oscuro y problemático de Nikolas Cruz | Al Rojo Vivo | Telemundo",2018-02-16T01:05:26.000Z,947709,478,504,269
MX,Ryan Shazier Injury | Steelers vs. Bengals NFL Highlights,Sam Echols,Sports,[none],"Pray for Ryan Shazier, horrible injury. \\n\\nAll subscribers get a FREE $25 wager from this week's sponsor, the BetDSI Sportsbook. Simply follow the link below and use promo code SAM25 to redeem your free $25 credit, which can be used to place any wager on the site at no cost to you!\\n\\nLink: https://www.betdsi.com\\n\\n\\nBe sure to like, subscribe, and share if you enjoyed. Thanks!\\n\\n(All rights go to XOSDigitalSports, Disney Enterprises Inc, ACCDN, the NCAA, & its broadcasters. I do not own the music and the footage used in this video. No copyright infringement intended. I do not gain any profit from my videos. For entertainment purposes only)\\n\\nMusic ♫ -\\n\\nPanda, don't let me down, amazing catches, one-handed catches, black beatles, mannequin challenge, biggest hits, biggest hits ever, heisman, dark horse, high school highlights, freshman highlights, top 10, top 10 plays, top 5 plays, showtime, levitate, my moment, really really, nfl, cfb, highlight, i mean it, highlights, mix, highlights mix, sail, pump up, 2016-17, ultimate highlights, highlight reel, 2015, turnover chain, rockstar, silence",2017-12-05T01:46:47.000Z,945424,1323,1557,1934
MX,Revelamos el GRAN SECRETO de Daniel Corral el semidios para batir records de circuitos en #Exatlon,El Chairo,Entertainment,"\"exatlon|\"\"exatlón\"\"|\"\"exatlonmx\"\"|\"\"exatlónmx\"\"|\"\"daniel corral\"\"|\"\"famosos\"\"|\"\"contendientes\"\"|\"\"#TeamFamosos\"\"|\"\"#TeamContendientes\"\"|\"\"#Exatlon\"\"|\"\"#Exatlón\"\"|\"\"#ExatlónMx\"\"|\"\"#ExatlonMx\"\"|\"\"@ExatlonMx\"\"|\"\"Danto\"\"|\"\"semidios\"\"|\"\"Ana Lago\"\"|\"\"Doris\"\"|\"\"Nano\"\"|\"\"Rommel\"\"|\"\"Pacheco\"\"|\"\"Antonieta\"\"|\"\"Gaxiola\"\"|\"\"Glori y Kenia\"\"|\"\"Octagon jr\"\"|\"\"Ernesto Cazares\"\"\"",Los fans de famosos no lo podrán creer...,2018-01-23T22:06:04.000Z,94338,368,918,270
MX,Muere el niño de movimiento naranja,3l bar sinson xD,People & Blogs,[none],Mire y saquen sus conclusiones\n\nhttp://denuncianacional.com/descanse-en-paz-yuawi-lopez-el-nino-de-movimiento-naranja/,2018-01-06T09:15:30.000Z,94326,65,808,95
MX,Asi qedo el pirata de culiacan,dragon ball super GUMER,People & Blogs,[none],Descance en paz,2017-12-20T15:34:43.000Z,930709,588,825,453
MX,Best Songs Of Kenny G - Kenny G Greatest Hits Album 2018 - Kenny G Best Collection,Jazz & Blues Experience,People & Blogs,"\"Kenny G|\"\"Kenny G live\"\"|\"\"Kenny G Greatest Hits\"\"|\"\"Kenny G Greatest Hits Full Album 2017\"\"|\"\"Top 30 Best Songs Of Kenny G\"\"|\"\"Kenny G Best Songs\"\"|\"\"Top Hits Kenny G\"\"|\"\"Kenny G Full Playlist\"\"|\"\"Kenny G Album\"\"|\"\"Kenny G Full Album\"\"|\"\"Kenny G 2017\"\"|\"\"the very Best of Kenny G\"\"|\"\"Kenny G Songs\"\"|\"\"Kenny G Collection\"\"|\"\"The Moment\"\"|\"\"Forever in Love\"\"|\"\"My Heart Will Go On\"\"|\"\"Songbird\"\"|\"\"The Wedding Song\"\"|\"\"Silhouette\"\"|\"\"kenny g live\"\"|\"\"forever in love\"\"|\"\"kenny g greatest hits\"\"|\"\"Kenny G Best Collection\"\"\"","Best Songs Of Kenny G - Kenny G Greatest Hits Album 2018 - Kenny G Best Collection\\nBest Songs Of Kenny G - Kenny G Greatest Hits Album 2018 - Kenny G Best Collection\\nBest Songs Of Kenny G - Kenny G Greatest Hits Album 2018 - Kenny G Best Collection\\nTag: Kenny G, Kenny G live, Kenny G Greatest Hits, Kenny G Greatest Hits Full Album 2017, Top 30 Best Songs Of Kenny G, Kenny G Best Songs, Top Hits Kenny G, Kenny G Full Playlist, Kenny G Album, Kenny G Full Album, Kenny G 2017, the very Best of Kenny G, Kenny G Songs, Kenny G Collection, The Moment, Forever in Love, My Heart Will Go On, Songbird, The Wedding Song, Silhouette, kenny g live, forever in love, kenny g greatest hits, Kenny G Best Collection",2018-02-22T13:00:06.000Z,92999,80,137,7
MX,Música romántica baladas en inglés todo el tiempo -- Música pop para trabajar alegre y concentrarse,Encanta Música,Music,"\"Música|\"\"POP\"\"|\"\"POP en Inglés\"\"|\"\"Música POP en Inglés\"\"|\"\"Baladas\"\"|\"\"Romantica\"\"|\"\"musica en ingles\"\"|\"\"musica pop para trabajar en la oficina\"\"|\"\"canciones en ingles\"\"|\"\"pop para trabajar\"\"|\"\"musica pop\"\"|\"\"musica en ingles romantica\"\"|\"\"música en inglés\"\"|\"\"musica romantica en ingles\"\"|\"\"musica pop para trabajar\"\"|\"\"baladas romanticas\"\"|\"\"baladas en ingles\"\"|\"\"Música romántica baladas\"\"|\"\"Música romántica baladas en inglés todo el tiempo\"\"|\"\"Música pop para trabajar alegre y concentrarse\"\"|\"\"Encanta Música\"\"\"",Música romántica baladas en inglés todo el tiempo -- Música pop para trabajar alegre y concentrarse\n\n► Suscribirse Para más información : https://goo.gl/Zo8oGv\n► Fanpage : https://goo.gl/rBswBb,2018-02-28T14:57:01.000Z,928288,341,669,87
MX,PEÑA NIETO DESTAPA A JOSÉ ANTONIO MEADE CANDIDATO A LA PRESIDENCIA DE LA REPUBLICA 2018,TV1,News & Politics,Noticias,"El presidente Enrique Peña Nieto anuncio estos cambios en su gabinete:\\n\\nSe anuncia la renuncia de José Antonio Meade, como secretario de Hacienda.\\n\\nEn su lugar se queda José Antonio González Anaya se queda en la secretaria de Hacienda y deja la dirección de Pemex. Su reto es mantener sanas las finanzas públicas y llevar a cabo con transparencia al Presupuesto 2018 y darle seguimiento a los recursos destinados para la reconstrucción tras los sismos.",2017-11-27T17:36:46.000Z,9231,38,68,74
MX,Caeli habla de su video NOPOR filtrado y lo explicará todo | INSTASTORIES & OTROS,InStaStOrIes & otros,People & Blogs,"\"Caeli|\"\"Porno\"\"|\"\"Filtrado\"\"\"",Para mas contenido suscríbete y activa las notificaciones para que YouTube te avise cuando suba un nuevo video.\n\nSígueme en mis redes sociales personales para mas contenido: \n\nFacebook: https://www.facebook.com/kevin.jmm.89\nInstagram: https://www.instagram.com/kevin.manosalvas/\nTwitter: https://twitter.com/kjmm89\n\nInstastories y otros!,2018-04-03T13:37:51.000Z,9222,52,58,6
MX,Puro Humor Mexicano Recopilación de Los Vídeos Mas Graciosos de México. PART. 9,Humor Mexicano,People & Blogs,"\"Humor mexicano|\"\"Puro Humor Mexicano\"\"|\"\"videos mexicanos graciosas\"\"|\"\"Los Videos Mas Graciosos de Picardia Mexicana\"\"|\"\"video gracioso mexicano\"\"|\"\"mas buscado en youtube\"\"|\"\"viral\"\"|\"\"videos virales\"\"|\"\"lo mas viral en youtube\"\"|\"\"mexico\"\"|\"\"si te ries pierdes\"\"|\"\"lo mas graciosos\"\"|\"\"videos graciosos\"\"|\"\"humor\"\"|\"\"HumorMexicano\"\"|\"\"humormexicano\"\"|\"\"comedia\"\"|\"\"recopilacionView\"\"|\"\"youtube\"\"|\"\"mexicano\"\"|\"\"entretenimiento\"\"|\"\"fails\"\"|\"\"memes\"\"|\"\"bromas\"\"|\"\"risas\"\"|\"\"chistes\"\"|\"\"intenta no reir\"\"|\"\"viral intenta no reir\"\"|\"\"videos chistosos\"\"|\"\"si te ries o sonries pierdes\"\"\"","!! Humor Mexicano !!\\n\\n🍻Suscribete ➨ https://goo.gl/zS8rsE \\n\\n🍻 Mi Facebook ➨ https://www.facebook.com/Humor-Mexicano-370613533340795/?fref=nf\\n\\n🍻 Instagram ➨ https://www.instagram.com/humormexicano2/?hl=es\\n\\n\\n--COPYRIGHT-- Todos los derechos quedan reservados para los propietarios de los medios. Este vídeo no pretende infringir ninguna norma de copyright, su carácter es de mera promoción y difusión. Todos los medios usados en este vídeo tienen como función su resumen como modo informativo y para comentar bajo los términos lícitos. De nuevo, todos los medios pertenecen a sus respectivas empresas.Entretenimiento , Deporte , Música",2018-02-11T01:21:45.000Z,919523,380,989,64
MX,"PARA LA VUELTA, ¿DEBE TEMERLE AMÉRICA A CRUZ AZUL? LA ULTIMA PALABRA",Joserra el Rey IX,Sports,"\"Ultima Palabra|\"\"la ultima palabra\"\"|\"\"liga mx\"\"|\"\"futbol mexicano\"\"|\"\"ultima palabra\"\"|\"\"mx\"\"|\"\"fox\"\"|\"\"sports\"\"|\"\"mexico\"\"|\"\"futbol\"\"|\"\"la ultima palabra méxico\"\"|\"\"lup\"\"|\"\"la ultima palabra mexico\"\"\"","PARA LA VUELTA, ¿DEBE TEMERLE AMÉRICA A CRUZ AZUL? LA ULTIMA PALABRA",2017-11-25T06:38:11.000Z,9166,12,13,13
MX,Programa completo del 27 de febrero de 2018 Enamorándonos,DeXoXo,Entertainment,"\"Enamorandonos|\"\"capitulos de enamorandonos\"\"|\"\"enamorandonos programa completo de hoy\"\"|\"\"programa completo de enamorandonos\"\"|\"\"programa completo de hoy enamorandonos\"\"|\"\"Enamorandonos hoy\"\"|\"\"enamorandonos la ultima\"\"|\"\"tv azteca\"\"|\"\"enamorandonos tv azteca\"\"|\"\"la ultima\"\"|\"\"la ultima de enamorandonos\"\"|\"\"enamorandonos hoy\"\"|\"\"enamorandonos programa completo\"\"|\"\"enamorandonos 27 de febrero del 2018\"\"|\"\"enamorandonos programa completo 27 de febrero\"\"|\"\"Programa completo del 27 de febrero de 2018 Enamorándonos\"\"\"",Enamorándonos Programa completo del 27 de febrero del 2018 no olvides dejar tu like...\nLa Ultima de Enamorándonos 27 de Febrero del 2018 -\nClick Aquí - https://www.youtube.com/watch?v=2VrMlqRXxmg,2018-02-28T02:17:12.000Z,90940,497,506,87
MX,MadLipz- Alfredo calmate porfavor,George Garcia,People & Blogs,[none],"",2018-03-25T17:21:09.000Z,90911,97,230,63
MX,Carmen se enoja y dice CHINGADAMADRE en vivo,señor nota,People & Blogs,"\"Carmen muñoz se enoja y dice CHINGADAMADRE en vivo|\"\"enamorandonos\"\"|\"\"programa en vivo\"\"|\"\"enamorandonos 4 de abril de 2018\"\"|\"\"enamorandonos programa completo 5 de abril de 2018\"\"\"","",2018-05-05T18:12:46.000Z,89975,447,735,584
MX,"Accidente en la carretera México - Puebla, deja tres fallecidos",Revista Digital 4.0,Entertainment,[none],"",2018-02-23T19:51:10.000Z,8946,7,13,1
MX,Crema y Quesos LALA®,LALA México,People & Blogs,"\"recetas|\"\"comida\"\"|\"\"crema\"\"\"","¡Adivinaste, tus sospechas eran ciertas! Jaqueline Bracamontes es la nueva voz de Crema y Quesos LALA® Y tú, ¿ya los probaste?",2018-04-09T22:03:12.000Z,8940772,131,229,47
MX,LOS CORREN DEL AMERICA ESTOS SON LOS JUGADORES QUE EL PIOJO CORRE DEL NIDO DE COAPA,Lord Fer LEE,Sports,"\"AMERICA|\"\"CLUB AMERICA\"\"|\"\"AGUILAS DEL AMERICA\"\"|\"\"NIDO DE COAPA\"\"|\"\"PIOJO HERRERA\"\"|\"\"MIGUEL HERRERA\"\"|\"\"PIOJO\"\"|\"\"ORIBE PERALTA\"\"|\"\"PERALTA\"\"|\"\"PAUL AGUILAR\"\"|\"\"CECILIO DOMINGUEZ\"\"|\"\"LIGUILLA\"\"|\"\"FICHAJE BOMBA\"\"|\"\"FICHAJE\"\"|\"\"REFUERZO\"\"|\"\"CLAUSURA 2018\"\"|\"\"APERTURA 2018\"\"|\"\"LIGA MX\"\"|\"\"COPA MX\"\"|\"\"CONCACAF\"\"|\"\"CONCACHAMPIONS\"\"|\"\"MUNDIAL DE CLUBES\"\"|\"\"SELECCION MEXICANA\"\"|\"\"HEXAGONAL\"\"|\"\"CONFEDERACIONES\"\"|\"\"COPA ORO\"\"|\"\"RUSSIA 2018\"\"|\"\"MUNDIAL DE RUSSIA 2018\"\"\"",LOS CORREN DEL AMERICA ESTOS SON LOS JUGADORES QUE EL PIOJO CORRE DEL NIDO DE COAPA,2018-05-13T20:35:29.000Z,8935,41,66,37
