country,title,channel_title,category,tags,description,publish_time,views,likes,dislikes,comment_count
JP,神田沙也加の夫・村田充の現在！外出もできない難病で妻頼りの日々…エグすぎる現在の姿とは…,Trend Junction Channel,People & Blogs,"\"TrendJunctionChannel|\"\"UCKnn3xK2gFHPsciFUIi4Pfw\"\"|\"\"トレンド\"\"|\"\"芸能\"\"|\"\"話題\"\"|\"\"衝撃\"\"\"",神田沙也加の夫・村田充の現在！外出もできない難病で妻頼りの日々…エグすぎる現在の姿とは…\n\n高評価を戴けますと励みとなります！\n\n♪チャンネル登録も併せてお願い致します♪\nhttps://goo.gl/CpNHhL\n\n【衝撃】ディズニーランドを出禁となった芸能人\nhttps://www.youtube.com/watch?v=Eo4n1wn9xZw&t=9s\n\n【衝撃】小保方晴子さんに業界関係者の間から『いよいよ芸能界デビューするんじゃないか』と囁かれはじめる\nhttps://www.youtube.com/watch?v=-XrD-9nXjlE\n\n雛形あきこの現在！泥沼離婚に娘との”奇妙”な関係…衝撃の現在とは…【あの人は今】\nhttps://www.youtube.com/watch?v=XTntGh8ToUQ\n\nパワフル芸能に西野七瀬と白石麻衣の涙が止まらない...\nhttps://www.youtube.com/watch?v=sbU6xC42l3I\n\n【衝撃】明石家さんまがIMALUの彼氏を絶対に認めない理由がヤバい　あいさつに来たとしても追い返す可能性も・・・\nhttps://www.youtube.com/watch?v=lvGGwFrsfPs,2018-04-02T02:54:13.000Z,110545,134,237,59
JP,水曜日のダウンタウン 「ウド鈴木いい人行き過ぎてクレイジー説」を密着検証！  11月23日,JuLet,People & Blogs,[none],"",2018-02-12T05:28:56.000Z,10838,11,19,3
JP,ワンピース 906 ネタバレ – One Piece 906 Spoiler,スカッとする話,Film & Animation,[none],"",2018-05-31T08:30:27.000Z,108337,88,129,226
JP,泰葉からのお知らせです,泰葉エンターテイメント,Music,泰葉,みなさまいつも応援ありがとうございます。\n泰葉よりお知らせがございます。\n音楽チームに恵まれ\nこのような素晴らしい楽曲ができたことは\n私の人生の中でも大変喜ばしく嬉しく思っております。\n\n今は みなさまの支えがあって\nこの歌を歌うことが出来ました。\n\n深愛のmythology是非聴いてください\nみなさまに感謝を込めて歌わせていただきました。\n\n本当に幸せです\nこれからも音楽を通じて\nたくさんのみなさまと\n喜びを分かち合えるような日がくることを祈り\n精一杯頑張ってまいります。\n\nこれからもアーティスト泰葉を応援よろしくお願いします。\n\n\n\n【ダウンロードはこちらから】\nitunesの方はこちら\n\nhttps://itunes.apple.com/jp/album/%E6%B7%B1%E6%84%9B%E3%81%AEmythology-single/1375202809?app=music&ign-mpt=uo%3D4\n\nAndroidの方はこちら\n\nhttps://play.google.com/store/music/album?id=B2jlsb4y5holqv3udssna5bjnny&tid=song-Tcd7pj2iyzi7vbgb7zyntik3bpu,2018-04-23T22:32:07.000Z,105447,129,5083,0
JP,伊藤惇夫：佐川氏辞任と改竄発覚のタイミング！深読み2018年3月22日,ずばり！論客チャンネル,News & Politics,"\"UChDH67qGAvDLk0BVxeTDxxA|\"\"ずばり！論客チャンネル\"\"|\"\"伊藤惇夫\"\"|\"\"深読みジャパン\"\"|\"\"くにまるジャパン\"\"|\"\"森友用地取引\"\"|\"\"国交省\"\"\"",いつもご視聴ありがとうございます。\nよろしければ、チャンネル登録お願いします。\nhttps://www.youtube.com/channel/UChDH67qGAvDLk0BVxeTDxxA\n＿＿＿＿＿＿＿＿＿＿＿＿＿＿＿＿＿＿＿＿＿＿＿＿＿＿＿＿＿＿\n\n◆おすすめ動画◆\n伊藤惇夫：安倍政権はスピン報道でダメージ回避？ 深読みニュース2018年3月15日 - YouTube\nhttps://www.youtube.com/watch?v=70lpRFNCZfo\n\n【伊藤惇夫】 くにまるジャパン極 2018年3月1日 - YouTube\nhttps://www.youtube.com/watch?v=sjA-Y-W2Vek\n\n伊藤惇夫：佐川氏辞任と改竄発覚のタイミング！深読み2018年3月22日 - YouTube\nhttps://www.youtube.com/watch?v=gazjPAQfpF0\n\n【伊藤惇夫】 くにまるジャパン 極 2018年2月15日 - YouTube\nhttps://www.youtube.com/watch?v=Bv-BcQJzYdY\n\n伊藤惇夫：森友文書改竄？現政権をヒラ目し公僕から氏僕化する官僚体質！深読みニュース2018年3月8日 - YouTube\nhttps://www.youtube.com/watch?v=N7JuV6h8Hv4,2018-03-22T01:36:46.000Z,10505,78,116,20
JP,アベンジャーズ最強ヒーローランキングTOP15【AVENGERS】,アニゲーチャンネル,Film & Animation,"\"アニメ|\"\"ゲーム\"\"|\"\"アニゲーチャンネル\"\"|\"\"AVENGERS\"\"|\"\"アベンジャーズ\"\"|\"\"ヒーロー\"\"|\"\"最強\"\"|\"\"ランキング\"\"\"",インフィニティ・ウォーに登場が決まっているヒーローとヴィランたち15人の能力と強さをランキング形式でまとめてみた。 ↓ 【おすすめ動画】 いつ見ても破壊力抜群の作画崩壊してるアニメ画像集 パート２ https://www.youtube.com/watch?v=8Sp4h... いつ見ても破壊力抜群の作画崩壊してるアニメ画像集 https://www.youtube.com/watch?v=6Zgpj... 【北斗の拳】原哲夫先生が描く◯◯が全員、世紀末すぎる件 https://www.youtube.com/watch?v=3Qgk0... 【知ってた？】実は同じ声優のワンピースとドラゴンボールのキャラまとめ https://www.youtube.com/watch?v=GdH1Z... 【謎キャラ】ワンピース好きなら「MIKIO ITOO」って誰か分かるよね？ https://www.youtube.com/watch?v=byZg0... ドラゴンボールであまり知られていない設定、豆知識識　Dragon Ball Tidbits https://www.youtube.com/watch?v=pMTjF... 【マジ？】ヤムチャのあまり知られていない公式設定【ドラゴンボール】 https://www.youtube.com/watch?v=Njz_J... 【ハガレン】鋼の錬金術師に登場するホムンクルスまとめ　お父様の狙いは何だったのか？　Fullmetal Alchemist Homunculus https://www.youtube.com/watch?v=RP0pv... ★★★★★★★★★★★★★ 【アニゲーチャン】登録すると最新の話題動画が見れます チャンネル登録はこちら ⇒https://goo.gl/T4oahU ★★★★★★★★★★★★★ 【参照】→https://ssj.co.jp/movie/infinity-war-whoisstrongest【BGM】→https://dova-s.jp/・動画の削除依頼がある場合はこちらまでご連絡を animegamech@gmail.com 【ツイッター】 @p8eI13xBQmShMHDhttps://twitter.com/p8eI13xBQmShMHD#アニメ #ゲーム #漫画 #マンガ #アニゲーチャンネル,2018-05-07T09:00:02.000Z,10312,17,43,45
JP,桜花賞　2018　競馬予想シミュレーション　by StarHorsePocket(SEGA),当たらない競馬予想,People & Blogs,"\"桜花賞 予想|\"\"桜花賞 2018\"\"|\"\"競馬予想 桜花賞\"\"|\"\"コラボ指数 桜花賞\"\"|\"\"2018 桜花賞\"\"|\"\"競馬予想シミュレーション\"\"|\"\"ターゲット最強版\"\"|\"\"StarHorsePocket SEGA\"\"|\"\"ラッキーライラック 桜花賞\"\"\"",(1)(2)(3)は、初期設定\n(4)(5)(6)は、設定を調整しています。\n 【調整内容】調教A・・・①③⑤⑨⑯\n　　　　　　コース適正◎・・・①③④⑨⑫⑰\n(1)スロー（初期設定）\n(2)ミドル（初期設定）\n(3)ハイ（初期設定）\n(4)スロー・先行有利（設定調整）\n(5)ミドル・差し有利（設定調整）\n(6)ハイ・差し有利（設定調整）\n※すべて良馬場設定です。\n\n自分で細かい設定をしながら楽しめます。\nStarHorsePocket(SEGA)はこちらから\nIOS\nhttps://itunes.apple.com/jp/app/id1183276403\nandroid\nhttps://play.google.com/store/apps/details?id=com.sega.shp,2018-04-06T17:08:02.000Z,10224,12,20,0
JP,＃40【新居】ジエンドハウスを紹介します。,ジエンド,People & Blogs,"\"ジ・エンド|\"\"ジエンド\"\"|\"\"じエンド\"\"|\"\"じ、えんど\"\"|\"\"ジ、エンド\"\"|\"\"ジ.エンド\"\"\"",チャンネル登録よろしくお願いします↓\nhttp://www.youtube.com/channel/UCNGg91v4qCYt9nQkkrg7B4Q?sub_confirmation=1\n\n\n【Twitter】\n\nジエンド↓\nhttps://twitter.com/the_end006t\n\n藤田悠人↓\nhttps://twitter.com/fujitayuto1016\n\nたむちん↓\nhttps://twitter.com/tamutinA5\n\nボブ↓\nhttps://twitter.com/bob__1125\n\nアダム↓\nhttps://twitter.com/adam__1115\n\nボブ↓\nhttps://twitter.com/bob__1125\n\n宮川健太↓\nhttps://twitter.com/kenta_violet\n\n岩﨑智樹↓\nhttps://twitter.com/tomo_violet,2018-03-06T08:35:43.000Z,101645,1774,2750,389
JP,【超激怒 加藤浩次】、山口達也に怒り『どんだけメンバーに迷惑かけてんだ』,チャンネルぶちぶち,Entertainment,"\"Youtubeで稼ぐ|\"\"スッキリ\"\"|\"\"山口達也\"\"|\"\"TOKIO\"\"|\"\"怒り\"\"\"",▼YouTubeで月10万円稼ぐ裏ワザを大公開！\n\nhttp://ytlink.info/a/12/\n\n今回の動画は、以下の引用元よりまとめて作成しています。\n\n引用元：https://www.youtube.com/\n\n\nこの動画は著作権の侵害を目的としたものではありません。\n掲載している画像、動画の著作権、肖像権は権利保有者に帰属しま­す。\n\n万が一、動画の内容に問題がある場合は権利者様の直接の連絡をお­願いします。\n確認後、速やかに削除などの対応をいたします。,2018-04-26T12:01:17.000Z,100314,102,417,0
IN,విజయ్ చనిపోయే ముందు రోజు ఫోన్లో భార్య ఎలా గొడవపడిందో వినండి | Vijay sai to Phone Talk with Vanitha,S Cube - Hungama,Entertainment,"\"#ScubeHungama|\"\"scube\"\"|\"\"ScubeHungama\"\"|\"\"News\"\"|\"\"Gossips\"\"|\"\"vijay sai\"\"|\"\"vijay sai reddy\"\"|\"\"telugu news\"\"|\"\"vijay sai is no more\"\"|\"\"vijay\"\"|\"\"sai\"\"|\"\"reddy\"\"|\"\"phone\"\"|\"\"call\"\"|\"\"conversation\"\"|\"\"between\"\"|\"\"vijay sai wife\"\"|\"\"vanitha reddy\"\"|\"\"vijay sai wife vanitha reddy\"\"|\"\"unknown facts of vijay sai\"\"|\"\"tollywood comedian vijay sai\"\"|\"\"tollywood\"\"|\"\"hyderabad\"\"|\"\"hyderabad news\"\"|\"\"comedian\"\"|\"\"tollywood news\"\"|\"\"comedian vijay sai wife\"\"|\"\"tollywood news latest\"\"|\"\"vanitha\"\"|\"\"telugu news channels\"\"|\"\"telugu\"\"|\"\"vijaysai\"\"|\"\"vijay sai father\"\"|\"\"latest news\"\"|\"\"vijay sai comedian\"\"\"",విజయ్ చనిపోయే ముందు రోజు ఫోన్లో భార్య ఎలా గొడవపడిందో వినండి | Phone Conversation Between Tollywood Comedian Vijay Sai Wife Vanitha and His Wife | S Cube Hungama \nSubscribe To Our Channel : https://goo.gl/8LbUVk,2017-12-12T12:17:19.000Z,99941,50,58,8
IN,Comedian Sunil Accident Video | Hero Sunil Accident ... | హీరో సునీల్ కి కార్ ఆక్సిడెంట్... ! |,Tollywood Central,Entertainment,"\"Comedian Sunil Accident Video | Hero Sunil Accident ... | హీరో సునీల్ కి కార్ ఆక్సిడెంట్... ! ||\"\"Sitting With Chitram Srinu || Sunil About His Accident Experince\"\"|\"\"sunilexclusive interview\"\"|\"\"Sunil About His Accident Experince\"\"|\"\"sunilnextprojects\"\"|\"\"#AcutaEntertainment\"\"|\"\"#SittingWithChitramSrinu\"\"|\"\"#CelebrityInterviews\"\"|\"\"#Tollywoodupdates\"\"|\"\"#Celebritycontroversy\"\"|\"\"Sunil About His Accident\"\"|\"\"#sunilabouthisaccident\"\"|\"\"#sunilfunnyinterviews\"\"|\"\"#sunillatestinterviews\"\"|\"\"#sunillatestfullmovies\"\"|\"\"#sunilcomedyscenes\"\"\"","Tollywood Central FB: https://fb.com/tollywoodcentral11/Subscribe: | https://goo.gl/6RRNmu☛Our Channels  :       ☛ Telugu Mojo | https://goo.gl/94R4P7       ☛ Tollywood Central | https://goo.gl/zEbHe7       ☛ Telugu Mojo Kathalu | https://goo.gl/GnEFsd       ☛ Prapancha Rahasyalu | https://goo.gl/2QJdLi       ☛ Mana Health | https://goo.gl/4ZWKxb       ☛ Temple Rahasyalu | https://goo.gl/KoaaesMore Videos: | https://goo.gl/fPmjd5Twitter:       https://twitter.com/tollywoodcentraTumblr:       https://tollywoodcentral.tumblr.com/Blogger:       http://tollywoodcentrall.blogspot.in/Tollywood Central is your source to every latest happening from Telugu movie industry. Tags: Sitting With Chitram Srinu || Sunil About His Accident Experince,sunilexclusive interview,Sunil About His Accident Experince,sunilnextprojects,#AcutaEntertainment,#SittingWithChitramSrinu,#CelebrityInterviews,#Tollywoodupdates,#Bollywoodupdtes,#Celebritycontroversy,#Teluguwebseries,Sunil About His Accident,#sunilabouthisaccident,#sunilfunnyinterviews,#sunillatestinterviews,#sunillatestfullmovies,#sunilcomedyscenes,Mr.PelliKoduku Movie Action Scenes,Sunil Action Scenes,Ravi Babu Action,Mr.PelliKoduku Movie Fight Scenes,Telugu Movie Fights,Khaleel Fights,Sunil Fights,Ravi Babu Movie Action Scenes,Telugu Movie Action Scenes,C Devi Prasad Movie Fights,Ahuti Prasad Dialogues,Powerful Fights,Telugu Movie Dialogues,Sri Balaji Video,Tollywood,Tollywood Hero,Manchu Vishnu,Manchu Vishnu Wife,Car Accident,Mailar Devarapalli,Hyderabad,accident to manchu vishnu wife,accident to virnica reddy,manchu vishnu wife accident,accident to manchu vishnu wife car,car accident to manchu vishnu wife,car accident to virnica reddy,virnica reddy accident visuals,visuals of virnica reddy accident,visuals of virnica reddy car accident,manchu family,manchu lakshmi,hmtv news,hmtv,chitramala,tollywood cinema news,telugu cinema,tollywood actress,tollywood Movies,telugu cinema reviews,movie reviews,gossips,Hero Sunil,Comedian Sunil,Sunil New Car,Sunil Skoda Car,Sunil Car Cost,Telugu Heroes Cars,Sunil New Car Details,Actor Sunil Car Photos,telugu actor ravi teja,ravi teja brother dies in accident,telugu actor’s brother passes away in accident,south actors who died in road accidents,Indian actors who passed away in road accidents,actor bharath death,bharath raju death,bharath raju accident,telugu actor bharath death,ravi teja brother died hindi,bharath death videos,telugu actor death,telugu actor bharath,actor bharath accident,ravi teja brother died in hindi,actor bharath,telugu actor accident",2018-05-10T09:34:52.000Z,99669,492,684,53
IN,സീരിയൽ നടി അർച്ചന ചാടിയ വെള്ളത്തിൽ പാമ്പ് അടിവസ്ത്രത്തിൽ | Archana caught by snake,FILM COURT,Entertainment,"\"Film news|\"\"malayalam news\"\"|\"\"film gossip\"\"|\"\"movie news\"\"|\"\"movie gossip\"\"|\"\"molywood\"\"|\"\"hot news\"\"|\"\"news\"\"|\"\"popular news\"\"|\"\"star news\"\"|\"\"location news\"\"|\"\"location\"\"|\"\"film location\"\"|\"\"film\"\"|\"\"movie\"\"|\"\"cinema\"\"|\"\"cinema news\"\"|\"\"film court\"\"|\"\"film review\"\"|\"\"review\"\"|\"\"new movies\"\"|\"\"new movie news\"\"|\"\"hot\"\"|\"\"dance\"\"|\"\"song\"\"|\"\"tamil\"\"|\"\"mohanlal\"\"|\"\"mammootty\"\"|\"\"nivin\"\"|\"\"pauly\"\"|\"\"dulquar\"\"|\"\"salman\"\"|\"\"nayanthara\"\"\"",Watch സീരിയൽ നടി അർച്ചന ചാടിയ വെള്ളത്തിൽ പാമ്പ് അടിവസ്ത്രത്തിൽ Archana caught by snake\nBlog  : http://filmcourt1.blogspot.in/,2017-12-27T14:37:20.000Z,99338,76,94,5
IN,இந்த வீடியோவை எடுத்த தினகரனுக்கு இதை மறைக்க தெரியலையப்பா | Tamil Cinema News Latest Jayalaitha News,Tamil News,Entertainment,"\"TAMIL NEWS|\"\"தெரியுமா\"\"|\"\"Tamil Cinema News\"\"|\"\"நடிகைகள்\"\"|\"\"OPEN\"\"|\"\"TALK\"\"|\"\"Tamil Latest News\"\"|\"\"Latest Tamil News\"\"|\"\"Kollywood News\"\"|\"\"tamil crowd\"\"|\"\"tamilcrowd\"\"|\"\"kollywood news\"\"|\"\"tamil cinema\"\"|\"\"latest news\"\"|\"\"tamil news\"\"|\"\"cinema news\"\"|\"\"tamil actress\"\"|\"\"Tamil News\"\"|\"\"Kollywood Tamil News\"\"|\"\"Seithigal\"\"|\"\"Actress\"\"|\"\"Latest seithikal\"\"|\"\"tamil news today\"\"|\"\"latest tamil news\"\"|\"\"Tamil Seithigal\"\"|\"\"Tamil Rockers\"\"|\"\"இந்த\"\"|\"\"வீடியோவை\"\"|\"\"எடுத்த\"\"|\"\"தினகரனுக்கு\"\"|\"\"இதை\"\"|\"\"மறைக்க\"\"|\"\"தெரியலையப்பா\"\"|\"\"Election Commision\"\"|\"\"TTV Dinakaran\"\"\"","இந்த வீடியோவை எடுத்த தினகரனுக்கு இதை மறைக்க தெரியலையப்பா | Tamil Cinema News Latest Jayalaitha News\\n\\nஇந்த வீடியோ உங்களுக்கு பிடிச்சி இருந்தா லைக் பண்ணுங்க கமெண்ட் பண்ணுங்க உங்க பிரண்ட்ஸ் கூட ஷேர் பண்ணுங்க\\n \\n         Hi, TAMIL NEWS உங்களை அன்புடன் வரவேற்கிறது.தமிழ் சினிமா,நடிகர்,நடிகை பற்றிய வீடியோகளை தினமும் பார்த்து மகிழ எங்களோட சேனல்-ஐ Subscribe பண்ணுங்க \\n\\n                Hi welcome to TAMIL NEWS. To enjoy the Hot News About Tamil Cinema Actor,Actress,Kollywood Gossips and a lot more please Subscribe Our Channel.\\n\\nதமிழ் நடிகர் நடிகை வீடியோ தினமும் பாருங்க ஆண் பெண் குழந்தை தெரியுமா  Tamil News Cinema Kollywood Actor Actress Hot Seithigal Tamil News Tamil Cinema News Kollywood Tamil News Kollywood News Latest Seithigal  Express Tamil |Express Tamil| TamilCineChips Tamil Talkies Movie VAANI RAANI பிரியமானவள் பிரியமானவள் எபிசோடு Kuladheivam Kuladheivam SUN TV Episode\\n\\nSubscribe : https://www.youtube.com/channel/UCxz8...\\nFollow as on Facebook : https://www.facebook.com/Tamil-News-1...\\nFollow as on Twitter : https://twitter.com/tamilnews33",2017-12-20T10:16:13.000Z,993179,692,737,88
IN,ശ്രീദേവി വേഗം മരിക്കാൻ കാരണം മൂത്ത മകൾ ജാൻവി  ? | Sridevi death reason,FILM COURT,Entertainment,"\"Film news|\"\"malayalam news\"\"|\"\"film gossip\"\"|\"\"movie news\"\"|\"\"movie gossip\"\"|\"\"molywood\"\"|\"\"hot news\"\"|\"\"news\"\"|\"\"popular news\"\"|\"\"star news\"\"|\"\"location news\"\"|\"\"location\"\"|\"\"film location\"\"|\"\"film\"\"|\"\"movie\"\"|\"\"cinema\"\"|\"\"cinema news\"\"|\"\"film court\"\"|\"\"film review\"\"|\"\"review\"\"|\"\"new movies\"\"|\"\"new movie news\"\"|\"\"hot\"\"|\"\"dance\"\"|\"\"song\"\"|\"\"tamil\"\"|\"\"mohanlal\"\"|\"\"mammootty\"\"|\"\"nivin\"\"|\"\"pauly\"\"|\"\"dulquar\"\"|\"\"salman\"\"|\"\"nayanthara\"\"\"",Watch ശ്രീദേവി വേഗം മരിക്കാൻ കാരണം മൂത്ത മകൾ ജാൻവി  ? Sridevi death reason \nBlog  : http://filmcourt1.blogspot.in/,2018-02-26T10:56:48.000Z,99105,113,134,35
IN,Hero Nani Accident Caught on CCTV | సీసీ టీవీ లో రికార్డు..హీరో నాని కార్ ఆక్సిడెంట్ | Nani Accident,Tollywood Central,Entertainment,"\"movie news|\"\"latest film updates\"\"|\"\"telugu full movies\"\"|\"\"allu arjun films\"\"|\"\"telugu films\"\"|\"\"telugu heroines\"\"|\"\"Hero Nani Accident Caught on CCTV | సీసీ టీవీ లో రికార్డు అయిన హీరో నాని కార్ ఆక్సిడెంట్ వీడియో..!\"\"|\"\"nani\"\"|\"\"natural star nani\"\"|\"\"mca\"\"|\"\"nenu local\"\"|\"\"nani best actor\"\"|\"\"nani movies\"\"|\"\"nani car\"\"|\"\"Krishnarjuna Yuddham Movie\"\"|\"\"middle class abbayi\"\"|\"\"sai pallavi\"\"|\"\"tv9\"\"|\"\"tv9 live\"\"|\"\"tv9 news\"\"|\"\"live tv9\"\"|\"\"tv9 telugu\"\"|\"\"tv9 ap\"\"|\"\"telugu news\"\"|\"\"tv9 youtube\"\"|\"\"tv9 online\"\"|\"\"Hero Nani has a road accident - TV9\"\"\"","Tollywood Central FB: https://fb.com/tollywoodcentral11/\\n\\nSubscribe: | https://goo.gl/6RRNmu\\n\\n☛Our Channels  :\\n       ☛ Telugu Mojo | https://goo.gl/94R4P7\\n       ☛ Tollywood Central | https://goo.gl/zEbHe7\\n       ☛ Telugu Mojo Kathalu | https://goo.gl/GnEFsd\\n       ☛ Prapancha Rahasyalu | https://goo.gl/2QJdLi\\n       ☛ Mana Health | https://goo.gl/4ZWKxb\\n       ☛ Temple Rahasyalu | https://goo.gl/Koaaes\\n\\nMore Videos: | https://goo.gl/fPmjd5\\n\\nTwitter:       https://twitter.com/tollywoodcentra\\n\\nTumblr:       https://tollywoodcentral.tumblr.com/\\n\\nBlogger:       http://tollywoodcentrall.blogspot.in/\\n\\n\\nTollywood Central is your source to every latest happening from Telugu movie industry. \\n\\nTags:tv9,tv9 live,tv9 news,live tv9,tv9 telugu,tv9 ap,telugu news,tv9 youtube,tv9 online,Hero Nani has a road accident - TV9,tv9,tv9 live,tv9 news,live tv9,tv9 telugu,tv9 ap,telugu news,tv9 youtube,tv9 online,Hero Nani has a road accident - TV9,Filmy poster,celebrity news,Top,Hero,Nani,Car,Accident,Breaking News,Top Hero Nani,Hero Nani Car Accident,Top Hero Nani Accident,Top Hero Car Accident,latest news,tollywood latest updates,Nani Car Accident,Hero Nani Accident,ప్రమాదానికి గురైన కారు..ఆస్పత్రిలో నాని..ఆందోళనలో అభిమానులు,Hero NANI Car Accident Details,Nani Latest Updates,Day to Day,Tollywood Actor Nani Meat Road Accident,Nani Meat Accident,Nani Accident,Road Accident,Actor Nani,Nani Movies,Tollywood Updates,Natural Star Nani,Nani Movies Telugu,Telugu Actor Nani,Nani Upcoming Movies,Tollywood News,Celebrities Updates,Celebrities News,Telugu News,Shocking News,Breaking News,Telugu Celebrities,Nani,Telugu Movies,Road Accidents,nani,natural star nani,mca,nenu local,nani best actor,nani movies,nani car,Krishnarjuna Yuddham Movie,middle class abbayi,sai pallavi\\n,Mr VenkatTV,Nandi Awards,Telugu Latest Updates,Tollywood Film Updates,Health Tips,Gossips,TELUGU,latest gossips,Nani,ప్రమాదానికి గురైన కారు..ఆస్పత్రిలో నాని..ఆందోళనలో అభిమానులు,Car,Accident,Breaking News,Top Hero Nani,Hero Nani Car Accident,Top Hero Nani Accident,Top Hero Car Accident,Nani Car Accident,Hero Nani Accident,హీరో నానికి రోడ్డు ప్రమాదం చావు బతుకుల్లో హీరో నాని,Hero Nani Has A Road Accident,Latest News,hero nani,nani road accident,latest news about nani,tollywood news,celebrity news,nani mca movie,mca songs,emandoi nani gaaru,song,jubilee hills,road no 6,we support you,channel,video,health tips,beauty tips,rajasekhar,hero rajasekhar,jalakanya,telugu,hero nani road car accident,nani accident,nani accident how is it,car accident hero nani,nani accident problem's,nani car accident,natural star nani road accident,nani road accident cctv photage, I Left Many Super Hit Movies,Hero Nani Fantastic Words About Cinema,Nani Fantastic Words About Cinema,I Left Many Movies,Hero Nani,Hero Nani Love Towards Telugu Cinema,tfpc,telugu cinema,Nani Fantastic Words,Actor Nani,",2018-01-27T07:38:58.000Z,98965,176,2030,347
IN,Ram Gopal Varma Shocking Answer To Student question | Mia Malkova | RGV Latest Short Film | 5nMedia,5nMedia,People & Blogs,"\"Ram Gopal Varma|\"\"Ram Gopal Varma Shocking Answer To Student question\"\"|\"\"RGV Interview\"\"|\"\"RGV Latest News\"\"|\"\"mia Malkova\"\"|\"\"GST\"\"|\"\"Mahaa News\"\"|\"\"College Students Controversial Questions to RGV\"\"|\"\"#RamGopalVarma\"\"|\"\"#RGV\"\"|\"\"RamGopalVarma\"\"|\"\"PrimeTimeWithMurthy\"\"|\"\"College Students Controversial\"\"|\"\"#GST\"\"|\"\"#RGV #GST\"\"|\"\"5nMedia\"\"|\"\"Ram Gopal Varma Latest interview\"\"|\"\"Ram Gopal Varma Mahaa News interview\"\"|\"\"RGV News\"\"|\"\"Ram Gopal Varma Comments\"\"\"","Ram Gopal Varma Shocking Answer To Student question | Mia Malkova | RGV Latest Short Film | RGV Interview | 5nMedia\\n\\nCollege Students Controversial Questions to RGV\\n\\nFor More and Latest News/Updates\\n\\nSubscribe Now ► https://goo.gl/CnJJ2S\\n\\nWatch More Videos Here ► https://goo.gl/h125xD\\n\\n5nMedia provide the Latest Telugu Movie Updates/News, Information Technology News,  Tollywood Movie Gossips, Best/Top Health Tips, Beauty Tips, Political News, Unknown Facts, Telugu/Tollywood Movie Reviews and Special Interviews.",2018-01-18T07:35:21.000Z,98371,111,132,13
IN,സുന്ദരി നടി സംവൃത തടിച്ചത് കണ്ട് ആരാധകർ ഞെട്ടി | Samvrutha Sunil New Look Gone Viral,First Show,Entertainment,"\"film news|\"\"movie news\"\"|\"\"movie gossips\"\"|\"\"mollywood\"\"|\"\"bollywood\"\"|\"\"tollywood\"\"|\"\"mohanlal\"\"|\"\"mammootty\"\"|\"\"prithviraj\"\"|\"\"dileep\"\"|\"\"nivin pauly\"\"|\"\"dulquer\"\"|\"\"സുന്ദരി നടി സംവൃത തടിച്ചത് കണ്ട് ആരാധകർ ഞെട്ടി | Samvrutha Sunil New Look Gone Viral\"\"|\"\"Malayalam Actress\"\"|\"\"Samvrutha Sunil\"\"|\"\"samvrutha sunil latest\"\"|\"\"samvritha sunil\"\"|\"\"Actress Samvritha Sunil\"\"\"",സുന്ദരി നടി സംവൃത തടിച്ചത് കണ്ട് ആരാധകർ ഞെട്ടി | Samvrutha Sunil New Look Gone Viral\nSamvritha Sunil is Malayalam Actress She Famous in Cinema Industry,2017-11-18T09:30:43.000Z,98340,93,343,45
IN,యాంకర్ ప్రదీప్ కారులో మరో లేడి యాంకర్ ఎవరో తెలిసిపోయింది | Tv anchor pradeep drunk and drive case,Gusa Gusalu,Entertainment,"\"anchor pradeep drunk and drive case|\"\"tv anchor pradeep with girl\"\"|\"\"anchor pradeep Arrest\"\"|\"\"Tv anchor pradeep Arrest\"\"|\"\"Tv anchor pradeep\"\"|\"\"anchor pradeep\"\"|\"\"pradeep Arrest\"\"|\"\"anchor pradeep Arrested\"\"|\"\"pradeep Arrested\"\"|\"\"Tv anchor pradeep Arrested\"\"|\"\"achor pradeep arrest\"\"|\"\"anchor pradeep drunk\"\"|\"\"pradeep caught in drunk and drive\"\"|\"\"Tv anchor pradeep caught in drunk and drive\"\"|\"\"anchor pradeep caught in drunk and drive\"\"|\"\"Tv anchor pradeep family\"\"|\"\"lady anchor\"\"|\"\"anchor pradeep marriage\"\"|\"\"pradeep\"\"|\"\"news\"\"\"",యాంకర్ ప్రదీప్ కారులో మరో లేడి యాంకర్ ఎవరో తెలిసిపోయింది | Tv anchor pradeep drunk and drive case | Arrest\nAnchor Pradeep Likely to Get Arrested in Drunk & Drive Case and here our channel some of celebrities marriage photos and wedding videos and family pics here checkout our channel.thank you for watching,2018-01-02T12:48:46.000Z,97087,84,310,63
IN,ವೇಶ್ಯಾವಾಟಿಕೆ ದಂದೆಯಲ್ಲಿ ಸಾದು ಕೋಕಿಲ ಮತ್ತು ಮಂಡ್ಯ ರಮೇಶ್ | Sadu Kokila,chandanavana,Entertainment,"\"sadu kokila|\"\"mandya ramesh\"\"|\"\"kannada latest news\"\"|\"\"sadu kokila in mysore issue\"\"|\"\"mandya\"\"|\"\"mysore\"\"|\"\"chandanavana\"\"|\"\"ramesh\"\"|\"\"sandalwood news\"\"|\"\"kannada star actors\"\"\"",Kannada Actors Sadu Kokila and Mandya Ramesh News Related to The Mysore.,2017-12-22T11:43:06.000Z,97071,94,99,26
IN,Parasparam General Promo,Asianet,Entertainment,"\"asianet|\"\"malayalam channel\"\"|\"\"tv show\"\"|\"\"malayalam serial\"\"|\"\"entertainment\"\"|\"\"Parasparam General Promo\"\"|\"\"Parasparam\"\"|\"\"Parasparam asianet\"\"|\"\"Parasparam Hotstar\"\"|\"\"Parasparam serial\"\"|\"\"Popular serial parasparam\"\"|\"\"Watch Parasparam Serial\"\"|\"\"Parasparam Latest Episode\"\"|\"\"Parasparam Full Episode\"\"|\"\"meenakshi\"\"|\"\"rekha\"\"|\"\"parasparam serial latest episodes\"\"|\"\"Deepthy\"\"|\"\"Sooraj\"\"|\"\"Watch Parasparam Full Episodes\"\"|\"\"Parasparam Serial Online\"\"|\"\"parasparam latest episode hotstar\"\"\"",Parasparam General Promo\n\nWatch All Shows : http://www.hotstar.com/asianet,2018-02-10T03:00:06.000Z,96908,79,94,29
IN,വിവാഹ ദിവസം   ദിലീപ് ഭാവനക്ക് കൊടുത്ത സമ്മാനം dileep manju bhavana marriage,a2z Media,Entertainment,"\"film news|\"\"movie news\"\"|\"\"movie gossips\"\"|\"\"mollywood\"\"|\"\"bollywood\"\"|\"\"tollywood\"\"|\"\"mohanlal\"\"|\"\"mammootty\"\"|\"\"prithviraj\"\"|\"\"dileep\"\"|\"\"nivin pauly\"\"|\"\"dulquer\"\"|\"\"dileep manju bhavana marriage\"\"\"","For any Copyright related issues contact us @ a2zmedia007@gmail.com\\n\\nCopyright Disclaimer: Under Section 107 of the Copyright Act 1976, allowance is made for fair use for purposes such as criticism, comment , news reporting, teaching, scholarships and research.\\n\\nBGM Credits : Bensounds",2018-01-22T14:27:43.000Z,96878,79,98,21
IN,தினகரன் மனைவி அனுராதா ஜெயலலிதாவிற்கு செய்த காரியத்தை பாருங்கள் | Tamil Cinema News | Tamil News,Tamil News,Entertainment,"\"TAMIL NEWS|\"\"தெரியுமா\"\"|\"\"Tamil Cinema News\"\"|\"\"நடிகைகள்\"\"|\"\"OPEN\"\"|\"\"TALK\"\"|\"\"Tamil Latest News\"\"|\"\"Latest Tamil News\"\"|\"\"Kollywood News\"\"|\"\"tamil crowd\"\"|\"\"tamilcrowd\"\"|\"\"kollywood news\"\"|\"\"tamil cinema\"\"|\"\"latest news\"\"|\"\"tamil news\"\"|\"\"cinema news\"\"|\"\"tamil actress\"\"|\"\"Tamil News\"\"|\"\"Kollywood Tamil News\"\"|\"\"Seithigal\"\"|\"\"Tamil Talkies\"\"|\"\"Actress\"\"|\"\"Latest seithikal\"\"|\"\"tamil news today\"\"|\"\"latest tamil news\"\"|\"\"Tamil Seithigal\"\"|\"\"Tamil Rockers\"\"|\"\"தினகரன்\"\"|\"\"மனைவி\"\"|\"\"அனுராதா\"\"|\"\"ஜெயலலிதாவிற்கு\"\"|\"\"செய்த\"\"|\"\"காரியத்தை\"\"|\"\"பாருங்கள்\"\"\"","தினகரன் மனைவி அனுராதா ஜெயலலிதாவிற்கு செய்த காரியத்தை பாருங்கள் | Tamil Cinema News | Tamil News\\n\\nஇந்த வீடியோ உங்களுக்கு பிடிச்சி இருந்தா லைக் பண்ணுங்க கமெண்ட் பண்ணுங்க உங்க பிரண்ட்ஸ் கூட ஷேர் பண்ணுங்க\\n \\n         Hi, TAMIL NEWS உங்களை அன்புடன் வரவேற்கிறது.தமிழ் சினிமா,நடிகர்,நடிகை பற்றிய வீடியோகளை தினமும் பார்த்து மகிழ எங்களோட சேனல்-ஐ Subscribe பண்ணுங்க \\n\\n                Hi welcome to TAMIL NEWS. To enjoy the Hot News About Tamil Cinema Actor,Actress,Kollywood Gossips and a lot more please Subscribe Our Channel.\\n\\nதமிழ் நடிகர் நடிகை வீடியோ தினமும் பாருங்க ஆண் பெண் குழந்தை தெரியுமா  Tamil News Cinema Kollywood Actor Actress Hot Seithigal Tamil News Tamil Cinema News Kollywood Tamil News Kollywood News Latest Seithigal  Express Tamil |Express Tamil| TamilCineChips Tamil Talkies Movie VAANI RAANI பிரியமானவள் பிரியமானவள் எபிசோடு Kuladheivam Kuladheivam SUN TV Episode\\n\\nSubscribe : https://www.youtube.com/channel/UCxz8...\\nFollow as on Facebook : https://www.facebook.com/Tamil-News-1...\\nFollow as on Twitter : https://twitter.com/tamilnews33",2018-01-11T06:01:14.000Z,96564,61,91,11
