country,title,channel_title,category,tags,description,publish_time,views,likes,dislikes,comment_count
IN,Naa Peru Meenakshi | 7th December 2017  | Full Episode No 898 | ETV Telugu,etvteluguindia,Entertainment,"\"etv daily serials|\"\"etv daily soaps\"\"|\"\"etv fictions\"\"|\"\"bharyamani\"\"|\"\"etv chandramukhi\"\"|\"\"etv manasu mamata\"\"|\"\"swathi chinukulu\"\"|\"\"sikharam\"\"|\"\"anthapuram\"\"|\"\"adade aadaram\"\"|\"\"cash\"\"|\"\"jabardasth\"\"|\"\"extra jabardasth\"\"|\"\"nagababu\"\"|\"\"latest telugu serials\"\"|\"\"Krish\"\"|\"\"savithri\"\"|\"\"manasu mamatha\"\"|\"\"naperu meenakshi\"\"|\"\"gokulamlo seetha\"\"|\"\"antahpuram\"\"|\"\"seetamma vakitlo\"\"|\"\"champion\"\"|\"\"dhee jodi\"\"\"","☛ For latest updates on ETV Channels | http://www.etv.co.in   \\n☛ Subscribe for more latest Episodes | http://bit.ly/12A56lY \\n☛ Like us on | http://www.fb.com/etvteluguindia \\n☛ Follow us on | https://twitter.com/etvteluguindia\\n\\nA look at the interesting chemistry between Minakshi, a beautiful young girl belonging to a lower middle|class family, and Radha Krishna Vanamali, a smart and rich businessman.",2017-12-07T16:29:07.000Z,84208,323,362,269
IN,'അമ്മ മരിച്ച് 10 ആം ദിവസം നടിയായ മകൾ  അമ്മയോട് ചെയ്ത ക്രൂരത | Actress Jhanvi,First Show,Entertainment,"\"film news|\"\"movie news\"\"|\"\"movie gossips\"\"|\"\"mollywood\"\"|\"\"bollywood\"\"|\"\"tollywood\"\"|\"\"mohanlal\"\"|\"\"mammootty\"\"|\"\"prithviraj\"\"|\"\"dileep\"\"|\"\"nivin pauly\"\"|\"\"dulquer\"\"|\"\"'അമ്മ മരിച്ച് 10 ആം ദിവസം നടിയായ മകൾ അമ്മയോട് ചെയ്ത ക്രൂരത | Actress Jhanvi\"\"\"",'അമ്മ മരിച്ച് 10 ആം ദിവസം നടിയായ മകൾ  അമ്മയോട് ചെയ്ത ക്രൂരത | Actress Jhanvi,2018-03-09T05:09:25.000Z,84015,198,239,81
IN,సుధాకర్ రెడ్డి అస్థిపంజరం..Swathi Family Photo s| Swathi Casu | Rajesh Sudhkar Reddy,Gavva Media,Entertainment,"\"Swathi|\"\"swahi casu\"\"|\"\"evadu casu\"\"|\"\"sudhakar areedy\"\"|\"\"rajesh\"\"|\"\"swathi family\"\"|\"\"gavva media\"\"\"",సుధాకర్ రెడ్డి అస్థిపంజరం..Swathi Family Photo s| Swathi Casu | Rajesh Sudhkar Reddy,2017-12-15T06:18:26.000Z,83977,55,414,69
IN,பிரபல சீரியல் நடிகையின் விபரீத  முடிவு - Deivamagal serial actress,Thirty Seconds News,Film & Animation,[none],பிரபல சீரியல் நடிகையின் விபரீத  முடிவு - Deivamagal serial actress,2017-12-27T08:28:05.000Z,83827,535,633,0
IN,Athmasakhi l Savithri against Abhi's decision l Mazhavil Manorama,Mazhavil Manorama,Entertainment,"\"mazhavil|\"\"promo 13 01 18\"\"|\"\"manorama\"\"|\"\"athmasakhi\"\"\"",Watch Athmasakhi today at 7 pm only on Mazhavil Manorama,2018-01-13T09:36:18.000Z,83758,38,145,50
IN,Divya Unni's Wedding Reception Photos,Top 10,Entertainment,"\"Divya Unni d|\"\"Divya Unni son\"\"|\"\"wedding reception\"\"|\"\"marriage\"\"\"",Divya Unni Reception,2018-02-10T17:32:53.000Z,83752,60,66,18
IN,ஸ்ருதி ஹாசன் திருமணம் வீடியோ | Tamil Cinema News | Kollywood News | Tamil Hot,Kollywood Times,Entertainment,"\"ஸ்ருதி ஹாசன் திருமணம் வீடியோ|\"\"ஸ்ருதி ஹாசன்\"\"|\"\"திருமணம்\"\"|\"\"வீடியோ\"\"|\"\"tamil cinema\"\"|\"\"tamil hot\"\"|\"\"tamil\"\"|\"\"tamil cinema news\"\"|\"\"new tamil cinema\"\"|\"\"tamil nes\"\"|\"\"hot tamil\"\"|\"\"kollywood\"\"|\"\"kollywood hot\"\"|\"\"hot kollywood\"\"|\"\"tamil kollywood\"\"|\"\"kollywood movie\"\"|\"\"tamil movie\"\"\"","ஸ்ருதி ஹாசன் திருமணம் வீடியோ\\nTamil cinema seithigal\\n\\nhttps://www.facebook.com/kollywoodtimetv Hi welcome to Kollywood Times To enjoy the Hot News About Tamil Cinema Actor,Actress,Kamal Hassan Politics News,Kamal Hassan Politics Speech,Kamal Hassan Politics Videos,Kamal Haasan Political Party,Kamal Haasan Political Speech,Tamil Cinema News Latest,Tamil cinema latest news,Tamil cinema hot,Tamil news,Kollywood galatta,Tamil hd,Tamil full movie,Tamil films New release,Tamil jukebox,Tamil news live,Tamil news today\\nfull,Tamil Crowd,Tamil movies Gossips and a lot more please Subscribe Our Channel.\\n\\nஇந்த வீடியோ உங்களுக்கு பிடிச்சி இருந்தா லைக் பண்ணுங்க கமெண்ட் பண்ணுங்க உங்க பிரண்ட்ஸ் கூட ஷேர் பண்ணுங்க Hi,Kollywood Times உங்களை அன்புடன் வரவேற்கிறது.தமிழ் சினிமா,நடிகர்,நடிகை பற்றிய வீடியோகளை தினமும் பார்த்து Mersal full movie,mersal hd movie,மகிழ எங்களோட சேனல்-ஐ Subscribe",2017-12-07T07:12:05.000Z,83746,36,77,8
IN,Sri Reddy Serious Warning To Pawan Kalyan | ABN Telugu,ABN Telugu,News & Politics,"\"sri reddy|\"\"sri reddy on pawan kalyan\"\"|\"\"pawan kalyan\"\"|\"\"sri reddy comments\"\"|\"\"sri reddy comments on pawan kalyan\"\"|\"\"sri reddy warns pawan kalyan\"\"|\"\"sri reddy slams pawan\"\"|\"\"sri reddy slams pawan fans\"\"|\"\"pawan kalyan fans\"\"|\"\"sri reddy videos\"\"|\"\"actress sri reddy\"\"|\"\"janasena pawan kalyan\"\"|\"\"sri reddy controversy\"\"|\"\"sri reddy interview\"\"|\"\"sri reddy abn interview\"\"|\"\"sri reddy exclusive interview\"\"|\"\"sri reddy on pawan videos\"\"|\"\"sri reddy on tollywood\"\"|\"\"breaking news\"\"|\"\"abn\"\"|\"\"abn live\"\"|\"\"abn telugu\"\"\"","ABN Exclusive Interview with Actress Sri Reddy over Powerstar and Janasena Chief Pawan Kalyan's silence. Sri Reddy slammed Pawan Kalyan once again targeting him for his comments and the trolls of his fans. Sri Reddy warned Pawan of losing women votes in elections for not addressing women issues in the industry. Speaking about allegations on Pawan Kalyan, she cautioned him of revelations of his personal life secrets which were saved in a pen drive.\\n\\nFor more latest and breaking news subscribe @  https://www.youtube.com/user/ABNtelugutv?sub_confirmation=1 \\n\\nFollow us @\\nhttps://facebook.com/abntelugutv\\nhttps://twitter.com/abntelugutv\\nhttp://www.abnandhrajyothy.com/\\nhttps://play.google.com/store/apps/details?id=com.abn.jyothy&hl=en\\nhttps://itunes.apple.com/in/app/abn-andhrajyothy/id582664798?mt=8\\nhttps://plus.google.com/+abntelugutv\\nhttps://dailymotion.com/abntelugutv\\n\\nABN is a 24/7 Telugu news television channel run by Amoda Broadcasting Network dedicated to live reports, exclusive interviews, breaking news, sport, weather, entertainment, business updates and current affairs.",2018-04-17T08:05:31.000Z,835382,4253,23324,0
IN,తాగి  దొరికిన యాంక‌ర్ ప్ర‌దీప్ ప‌క్క‌న ఉన్న అమ్మాయి ఎవ‌రో తెలుసా|Anchor Pradeep Drunk And Drive Case,Friday Poster,Entertainment,"\"తాగి దొరికిన యాంక‌ర్ ప్ర‌దీప్ ప‌క్క‌న ఉన్న అమ్మాయి ఎవ‌రో తెలుసా|\"\"Anchor Pradeep Drunk And Drive Case\"\"|\"\"Anchor Pradeep\"\"|\"\"Drunk And Drive Case\"\"|\"\"Anchor Pradeep booked for drunk driving\"\"|\"\"drunk & drive at banjara hills\"\"|\"\"pradeep caught in drunk & drive\"\"|\"\"achor pradeep arrest\"\"|\"\"anchor pradeep drunk\"\"|\"\"pradeep\"\"|\"\"tv anchor pradeep\"\"\"",తాగి  దొరికిన యాంక‌ర్ ప్ర‌దీప్ ప‌క్క‌న ఉన్న అమ్మాయి ఎవ‌రో తెలుసా|Anchor Pradeep Drunk And Drive Case\n\nSubscribe To Us On : https://www.youtube.com/channel/UCtlKtzqGvKAXDRSxzweic-w\n\nFollow Us On: https://twitter.com/IamFridayPoster\n\nLike Us On: https://www.facebook.com/fridaypostertollywood/\n\nFollow Us On : https://plus.google.com/+fridayposter,2018-01-02T05:26:27.000Z,828427,890,2191,519
IN,तुझ्यात जीव रंगला होणार 'बंद'😱😱 झी मराठी वरील मालिकेवर केली केस | VIRAL,Vip Marathi,Entertainment,[none],"Video Label : Vipmarathi Digital \\n\\nतुमच्या कडे असलेल्या व्हिडिओ आम्हला पाठवण्यासाठी व्हिडिओ Rajmore838@gmail.com यावर मेल द्वारे पाठवा\\n\\n● Please Do Not Use This Video Anywhere Without Our Permission! \\n\\nCopyright Disclaimer Under Section 107 of the Copyright Act 1976, allowance is made for fair use for purposes such as criticism, comment, news reporting, teaching, scholarship, and research. Fair use is a use permitted by copyright statute that might otherwise be infringing. Non-profit, educational or personal use tips the balance in favor of fair use.\\n\\n● If Anyone Have a Complaint About Something, Please Contact Us @ rajmore838@gmail.com. \\nAny Infringement Was Not Done On Purpose And Will Be Rectified To All Parties Satisfaction.",2017-11-16T09:17:06.000Z,82579,82,91,25
IN,காவேரி தீர்ப்பில் ரஜினி முதல் குரல் தமிழக விவசயிக்கு என்ன கொடுத்தார் அமைதி மட்டும் Rajini Carvery,New Bharathi Studio,Entertainment,"\"Rajinikanth|\"\"Seeman\"\"|\"\"Carvery water\"\"\"",எங்கள் கூகுல் + லிங்க் (Google +)\nhttps://plus.google.com/115342946004295559899\n\nஎங்கள் Twitter லிங்க்\nhttps://twitter.com/NBharathiStudio?s=01\nகாவேரி தீர்ப்பில் ரஜினியின் முதல் குரல் தமிழக மக்களுக்காக அவர் கொடுத்தது அமைதி  Rajini Rajinikanth MK Stalin tamilnadu karnataka,2018-02-16T08:54:56.000Z,82171,332,372,212
IN,"10 Most Expensive Gifts Actresses Ever Received By Bollywood Stars - Anushka Sharma, Kareena Kapoor",Univrsal Media Pro,People & Blogs,"\"Anushka Sharma|\"\"Kareena Kapoor\"\"|\"\"Aishwarya Rai\"\"|\"\"Expensive Gifts\"\"|\"\"Most Expensive\"\"|\"\"Bollywood Celebrities\"\"|\"\"Anushka Sharma Wedding\"\"|\"\"Virat Kohli Wedding\"\"|\"\"Virat Kohli\"\"|\"\"Anushka Sharma Delhi Reception\"\"|\"\"Virat Kohli and Anushka Sharma\"\"|\"\"Anushka Sharma Reception\"\"|\"\"Bollywood\"\"|\"\"Most Expensive Gifts Given By Bollywood Celebrities\"\"|\"\"10 Most Expensive Gifts\"\"|\"\"Anushka sharma wedding\"\"|\"\"virat anushka wedding\"\"|\"\"virat kohli and anushka sharma Marriage\"\"|\"\"virat kohli wedding\"\"|\"\"anushka sharma\"\"\"","10 Most Expensive Gifts Actresses Ever Received By Bollywood Stars - Anushka Sharma, Kareena Kapoor\\n\\nFor any copyright issue OR inquiry contact us at rongoshare@yahoo.com or one of our SOCIAL NETWORKS.Once We have received your message and determined you are the proper owner of this content we will have it removed, for sure.There is no copyright infringement intended for the song or picture. \\n_________________________________________________________________\\nTrack: Halcyon - Runaway (feat. Valentina Franco) [TARI Remix] | NCS Release\\nMusic provided by NoCopyrightSounds.\\nWatch: https://youtu.be/uprl_PdADtU\\nFree Download / Stream: http://ncs.io/RunawayTARIYO\\n_________________________________________________________________\\nThis video is for entertainment purpose and this video is created on the bases of net articles. \\nSome images used in this video is for reference purpose only.\\n\\nDON'T FORGET TO SUBSCRIBE UNIVRSAL MEDIA PRO FOR MORE.\\n\\nTHIS VIDEO IS ONLY FOR ENTERTAINMENT.\\n_________________________________________________________________________\\nI am here by declare that all Images use to make this video is from Google Search www.google.com . Google Advanced Search Is Used to Find all images, usage rights: free to use, share or modify .Like,Watch and Subscribe.. Copyright Disclaimer Under Section 107 of the Copyright Act 1976, allowance is made for fair use for purposes such as criticism, comment, news reporting, teaching, scholarship, and research",2017-12-20T17:11:24.000Z,808517,947,965,84
IN,Pradeep Shocking Comments On Rumours Spread About His Girl Friends | Latest News Updates | Hyderabad,Crazy Tollywood,Entertainment,"\"Anchor Pradeep Machiraju Case|\"\"latest news updates\"\"|\"\"tollywood news\"\"|\"\"kutc pradeep\"\"|\"\"Pradeep Machiraju\"\"|\"\"tollywood famous anchor pradeep\"\"|\"\"anchor pradeep arrest\"\"|\"\"tv anchor pradeep\"\"|\"\"telangana news\"\"|\"\"hyderabad news\"\"|\"\"anchor pradeep news\"\"|\"\"traffic police\"\"|\"\"konchem touch lo unte chepta\"\"|\"\"Shocking Announcement By Court\"\"|\"\"breaking news\"\"|\"\"pradeep caught with girl friends\"\"|\"\"Anchor Pradeep\"\"|\"\"crazy tollywood\"\"|\"\"Pradeep Shocking Comments On Rumours\"\"|\"\"pradeep\"\"\"",Pradeep Shocking Comments On Rumours Spread About His Girl Friends | Latest News Updates | Hyderabad,2018-01-03T07:32:53.000Z,80556,157,177,49
IN,ஸ்ரீதேவி துடிதுடித்த கடைசி நிமிடங்கள்-உண்மையில் என்ன நடந்தது தெரியுமா ?,TAMIL MEDIA,Entertainment,"\"Tamil News Today|\"\"Kamal\"\"|\"\"Rajini\"\"|\"\"latest tamil news\"\"|\"\"tamil live news\"\"|\"\"tamil live\"\"|\"\"live news\"\"|\"\"tamil movie\"\"|\"\"kollywood\"\"|\"\"tamil cinema review\"\"|\"\"tamil cinema latest news\"\"|\"\"indiaglitz tamil\"\"|\"\"tamil cinema news latest\"\"|\"\"சினிமா செய்திகள்\"\"|\"\"tamil news today\"\"|\"\"Actor Sridevi Dies\"\"|\"\"sridevi last minute\"\"|\"\"last minute video\"\"|\"\"Actor Sridevi Death\"\"|\"\"sridevi kamal\"\"|\"\"sridevi rajini\"\"|\"\"sridevi death\"\"|\"\"sridevi family\"\"|\"\"sridevi daughter\"\"|\"\"sridevi age\"\"|\"\"sridevi family photos\"\"|\"\"sridevi husband\"\"\"",ஸ்ரீதேவி துடிதுடித்த கடைசி நிமிடங்கள்-உண்மையில் என்ன நடந்தது தெரியுமா ?,2018-03-06T10:34:04.000Z,804187,606,948,89
IN,31st జనవరి చంద్రగ్రహణం రోజు ఈ 4 రాశుల వారు బయటికి వస్తే మరణ గండం తప్పదు | #LunarEclipse | GARAM CHAI,Garam Chai,Entertainment,"\"garam chai|\"\"Lunar Eclipse On 31 January 2018\"\"|\"\"eclipse\"\"|\"\"astrology\"\"|\"\"leo\"\"|\"\"blue moon\"\"|\"\"Lunar Eclipse On 31 January\"\"|\"\"2018\"\"|\"\"Lunar Eclipse 2018\"\"|\"\"Eclipse On 31 January 2018\"\"|\"\"january 31 2018\"\"|\"\"blue moon 2018\"\"|\"\"blood moon\"\"|\"\"january 31\"\"|\"\"astronomy\"\"|\"\"solar eclipse\"\"|\"\"astrologer\"\"|\"\"january\"\"|\"\"super moon\"\"|\"\"moon\"\"|\"\"sun\"\"|\"\"new world order\"\"|\"\"జనవరి 31 గ్రహణం\"\"|\"\"రోజు ఈ రాశి వారు\"\"|\"\"బయట తిరగోద్దు\"\"|\"\"horoscope 2018\"\"|\"\"31st జనవరి చంద్రగ్రహణం రోజు ఈ 4 రాశుల వారు బయటికి వస్తే మరణ గండం తప్పదు\"\"|\"\"చంద్రగ్రహాణం 2018\"\"\"","Please Subscribe: https://goo.gl/8kYu3k\\n\\n31st జనవరి చంద్రగ్రహణం రోజు ఈ 4 రాశుల వారు బయటికి వస్తే మరణ గండం తప్పదు | #LunarEclipse | GARAM CHAI\\n\\nLunar Eclipse On 31 January 2018, eclipse, astrology, leo, blue moon, Lunar Eclipse On 31 January, 2018, Lunar Eclipse 2018, Eclipse On 31 January 2018, january 31 2018, blue moon 2018, blood moon, january 31, astronomy, solar eclipse, astrologer, january, super moon, moon, sun, new world order, జనవరి 31 గ్రహణం, రోజు ఈ రాశి వారు, బయట తిరగోద్దు, horoscope 2018\\n\\n31st జనవరి చంద్రగ్రహణం రోజు ఈ 4 రాశుల వారు బయటికి వస్తే మరణ గండం తప్పదు | GARAM CHAI\\n\\nAt Garam Chai you will watch out the #Viral , #Fun , #Education , #Achievements , #Events , #Entertainment , #Tradition And #Political Parody , #Cooking , #ShortFilms , #Youtube Serials , #Fashion , #News latest filmy news , #moviegossips , #movienews , #filmnews , #cinemanews , #filmreviews , #tollywoodnews , #filmgossips , #tollywoodgossips upcoming movie updates , hot south-Indian actresses , unseen video clippings , celebrity gossips\\n\\nAll you need to do is hit the subscribe button and stay tuned to our Non-stop Fun/Entertainment video channel.\\n\\nWatch out the latest filmy news, upcoming movie updates , hot south-Indian actresses , unseen video clippings , celebrity gossips  , telugu movies reviews , telugu movies , telugu movies latest news , telugu movies videos , moviesgossips , telugu movies gossips , telugu movies trailers , telugu movie trailers , latest movies gossips , telugu audio launch , telugu heroine gossips , telugu cinema gossips , telugu cinema news , recent telugu movies reviews , tollywood news , kollywood news , bollywood news , tollywood gossips , tollywood movie news , kollywood movie news , bollywood movie news , tollywood movie gossips.\\n\\nAll you need to do is hit the subscribe button and stay tuned to our Non-stop Fun/Entertainment video channel.\\n\\nFollow With additional information subscribe us : https://www.youtube.com/garamchai\\n\\nTwitter :         https://twitter.com/garamchai2\\nFacebook:     https://www.facebook.com/garam.chai.161\\nGoogle plus : https://plus.google.com/u/0/103431288223824872591\\nTumblr :           https://igaramchai.tumblr.com/\\nBlogger :    http://watchgaramchai.blogspot.in",2018-01-26T07:21:28.000Z,80283,519,780,85
IN,Minister Nara Lokesh Counter To Pawan Kalyan Comments In AP Assembly | ABN Telugu,ABN Telugu,News & Politics,"\"nara lokesh|\"\"nara lokesh counter\"\"|\"\"nara lokesh counter to pawan kalyan\"\"|\"\"pawan kalyan\"\"|\"\"pawan kalyan comments\"\"|\"\"minister nara lokesh\"\"|\"\"nara lokesh on pawan kalyan\"\"|\"\"nara lokesh speech\"\"|\"\"nara lokesh speech in assembly\"\"|\"\"ap assembly\"\"|\"\"nara lokesh on chandrababu\"\"|\"\"cm chandrababu naidu\"\"|\"\"lokesh slams pawan comments\"\"|\"\"lokesh assembly speech\"\"|\"\"pawan comments on lokesh\"\"|\"\"pawan kalyan speech\"\"|\"\"janasena pawan kalyan\"\"|\"\"pawan slams chandrababu\"\"|\"\"breaking news\"\"|\"\"abn\"\"|\"\"abn live\"\"\"","Andhra Pradesh IT Minister Nara Lokesh addressing in AP Assembly gave a strong counter to Janasena Chief Pawan Kalyan over making comments on Chandrababu Naidu. Lokesh said he may not shine like his grandfather or his father but assured that he won't bring any bad name to the family. Nara Lokesh has highlighted CM Chandrababu Naidu's political commitment towards the State even during the crisis. \\n\\nFor more latest and breaking news subscribe @  https://www.youtube.com/user/ABNtelugutv?sub_confirmation=1 \\n\\nFollow us @\\nhttps://facebook.com/abntelugutv\\nhttps://twitter.com/abntelugutv\\nhttp://www.abnandhrajyothy.com/\\nhttps://play.google.com/store/apps/details?id=com.abn.jyothy&hl=en\\nhttps://itunes.apple.com/in/app/abn-andhrajyothy/id582664798?mt=8\\nhttps://plus.google.com/+abntelugutv\\nhttps://dailymotion.com/abntelugutv\\n\\nWatch ABN Andhrajyothy, the no 1 Telugu news channel and a 24/7 LIVE news channel dedicated to live reports, exclusive interviews, breaking news,entertainment, business updates and current affairs.",2018-03-15T11:29:58.000Z,797680,4048,9776,0
IN,"శ్రీదేవి అస్తికల దగ్గర  వింత సంఘటన అస్తికల దగ్గర ఉన్నటుంది జాన్వి లోకి *** షాక్ లో  బోనీ కపూర్, ఖుషి",local telugu,People & Blogs,[none],"",2018-03-06T06:38:18.000Z,79571,88,279,56
IN,పవన్‌కు క్షమాపణ చెప్పిన మహిళా ఆర్టిస్టులు,Sakshi TV,News & Politics,"\"Sri Reddy|\"\"Pawan Kalyan\"\"|\"\"Sri Reddy Say Sorry To Pawan Kalyan\"\"|\"\"Sri Reddy Pawan Kalyan\"\"|\"\"Pawan Kalyan Sri Reddy controversy\"\"|\"\"Actress Apoorva Pawan Kalyan\"\"|\"\"Sri Reddy Latest Press Meet\"\"|\"\"Female Artists Press Meet Video\"\"|\"\"Sorry to Pawan Kalyan\"\"|\"\"Sri Reddy Sorry\"\"|\"\"Telugu News Live\"\"|\"\"sakshi live tv telugu\"\"|\"\"pawan kalyan news in telugu\"\"|\"\"Casting Couch Open Debate\"\"|\"\"Casting Couch Debate on Pawan Kalyan Issue\"\"\"","పవన్‌కు క్షమాపణ చెప్పిన మహిళా ఆర్టిస్టులు | Open Debate on Casting Couch | Actress Apoorva Say Sorry to Pawan Kalyan | Sri Reddy - Pawan Kalyan Controversy Issue\\n\\n\\nWatch Sakshi News, a round-the-clock Telugu news station, bringing you the first account of all the latest news online from around the world including breaking news, exclusive interviews, live reports, sports update, weather reports, business trends, entertainment news and stock market news.\\n\\nFor latest news & updates : Subscribe :\\n--\\nSubscribe  us @ : http://goo.gl/wD6jKj\\nVisit us @ http://www.sakshi.com/\\nLike us on https://www.facebook.com/Sakshinews\\nFollow us on https://twitter.com/sakshinews\\n\\nFor Latest Telugu News  - https://www.sakshi.com/",2018-04-16T13:43:53.000Z,795526,1560,3686,0
IN,"வைரமுத்து சர்ச்சை பேச்சுக்கு  நித்யானந்தா சீடர்கள் வெளிட்ட வீடியோ ! vairamuthu , aandal",1 Minutes news,News & Politics,"\"tamil political news|\"\"political news\"\"|\"\"1 Minutes news\"\"|\"\"tamil latest news\"\"|\"\"tamil hot news\"\"|\"\"tamil news\"\"|\"\"latest news\"\"|\"\"latest tamil news\"\"|\"\"vairamuthu\"\"|\"\"andal\"\"|\"\"tamil news today\"\"\"","வைரமுத்து சர்ச்சை பேச்சுக்கு  நித்யானந்தா சீடர்கள் வெளிட்ட வீடியோ ! vairamuthu , aandal\\n\\n-------------------------------------------------------------------------------------\\n\\nTo Receive Latest Interesting Cinema news and current news just Subscribe our 1 Minutes news. We hope our chennel will surely Help you !\\n\\nsubscribe : https://www.youtube.com/channel/UCCOeCMoTGuSEL7il6f4RlWQ\\nFollow us on FB : https://www.facebook.com/popconsaranya\\n\\n--------------------------------------------------------------------------------------\\n\\nஇந்த வீடியோவை பகிர்ந்து கொள்ளுங்கள் !\\n\\nஇது போல் இன்னும் சுவாரசியமான செய்திகளை உடனுக்குடன் தெரிந்து கொள்ள எங்கள் சேனல்லை Subscribe செய்ய மறக்காதீர்கள் !",2018-01-16T11:35:06.000Z,79480,887,3278,1863
IN,வைரலாகும் ஜூலி - நடிகர் ஆர்யா Phone உரையாடல்.ஜூலியை ஓடவிட்ட ஆர்யா-Juli Vs Aarya,Thirty Seconds News,People & Blogs,[none],Video Link : https://youtu.be/2GxL8vmSFPc,2017-11-27T11:24:22.000Z,78415,639,924,56
IN,Parasparam || General Promo || Kadha Ithuvare,Asianet,Entertainment,"\"asianet|\"\"malayalam channel\"\"|\"\"tv show\"\"|\"\"malayalam serial\"\"|\"\"entertainment\"\"|\"\"Parasparam || General Promo || Kadha Ithuvare\"\"|\"\"Parasparam\"\"|\"\"Parasparam asianet\"\"|\"\"Parasparam Hotstar\"\"|\"\"Parasparam serial\"\"|\"\"Popular serial parasparam\"\"|\"\"Watch Parasparam Serial\"\"|\"\"Parasparam Latest Episode\"\"|\"\"Parasparam Full Episode\"\"|\"\"meenakshi\"\"|\"\"rekha\"\"|\"\"parasparam serial latest episodes\"\"|\"\"Deepthy\"\"|\"\"Sooraj\"\"|\"\"Watch Parasparam Full Episodes\"\"|\"\"Parasparam Serial Online\"\"|\"\"parasparam latest episode hotstar\"\"\"",Parasparam || General Promo || Kadha Ithuvare\n\nWatch All Shows : http://www.hotstar.com/asianet,2017-11-22T06:47:44.000Z,78142,48,49,18
