country,title,channel_title,category,tags,description,publish_time,views,likes,dislikes,comment_count
RU,ПРОГУЛЯЛИ УРОК!,Daniel Boy,People & Blogs,[none],не пришли на урок.,2018-02-25T04:52:22.000Z,405461,6429,9090,511
RU,"Лучше присядьте!!! То, что обнаружили рядом с телом Бодрова...",Tages spiegel,Entertainment,"\"Бодров|\"\"новость сегодня\"\"|\"\"максим галкин\"\"|\"\"алла пугачева\"\"|\"\"николай басков\"\"|\"\"кристина орбакайте\"\"|\"\"валерий леонтьев\"\"|\"\"лариса долина\"\"|\"\"новости шоу бизнеса\"\"|\"\"шоу бизнес\"\"|\"\"сми россия\"\"|\"\"смотреть тв\"\"\"","Лучше присядьте!!! То, что обнаружили рядом с телом Бодрова...\\nновости viva новости шоу бизнеса знаменитости звезды шоу бизнес скандал знаменитость фото новость сегодня сми россия елена темникова новость тв смотреть тв тв программа слух новость слух дом2 дом слух сплетни\\n\\n#новый #год #пугачевой #про #ребенок #кристина #орбакайте #звезд #сегодня #бизнеса #скандал #петуха #алла #пугачева #максим #галкин #знаменитости #новости #шоу #2017 #pugacheva #alla\\n\\n#НовыйГодАллыПугачевой #АллаПугачеваИМаксим #АллаПугачеваНаНовыйГод2017 #АллаПугачеваНовыйГод #АллаПугачеваПроНовыйГод #АллуПугачевуИМаксимаГалкина #ГалкинРебенок #КристинаОрбакайте #МаксимГалкин #НовыйГод #НовыйГод2017 #ПугачеваГод #АллаПугачеваИМаксимГалкин #АллаПугачеваНовыйГод2017 #Знаменитости #НовостиЗвезд #НовостиСегодня #НовостиШоуБизнеса #Скандал #НовымГодомАлла #ШоуБизнес #АллаПугачева #Pugacheva #Alla #ГодПетуха\\nВ фильме собраны уникальные кадры хроники прошлых лет, видео из личного архива певицы, звучат всеми любимые шлягеры. \\nПро Аллу Борисовну Пугачеву в откровенных интервью рассказывают ее друзья и близкие: Максим Галкин, Игорь Николаев, Дмитрий Иванов, Дима Билан, Евгений Миронов и другие.",2018-02-18T09:00:03.000Z,40543,104,375,32
RU,Победитель Евровидения 2018 - ИЗРАИЛЬ! Netta - TOY!,Фильмы& Сериалы,Film & Animation,"\"Киев|\"\"днем\"\"|\"\"и\"\"|\"\"ночью\"\"|\"\"Netta\"\"|\"\"Toy\"\"|\"\"Eurovision\"\"\"",Евровидение  2018Израиль ПобедительНетта ТОй Toy,2018-05-12T22:53:45.000Z,40532,80,98,38
RU,ТАҚДИР ЭКАН 32 ЁШДА ВАФОТ ЭТДИ .,CHOYXONA Online,Film & Animation,"\"УЗБЕК|\"\"НОВОСТИ УЗБЕКИСТАНА\"\"|\"\"НОВОСТИ УЗБЕКИСТАНА СЕГОДНЯ\"\"|\"\"УЗБЕК КИНО\"\"|\"\"УЗБЕК КИНО 2016\"\"|\"\"УЗБЕК ПРИКОЛ\"\"|\"\"УЗБЕК ВИДЕО\"\"|\"\"УЗБЕК КЛИП\"\"|\"\"КИНО УЗБЕК ТИЛИДА\"\"|\"\"УЗ КИНО\"\"|\"\"УЗБЕК КИЗЛАРИ\"\"|\"\"УЗБЕК КИЗЛАР\"\"|\"\"УЗБЕК ТИЛИДА\"\"|\"\"УЗБЕК ФИЛЬМ\"\"|\"\"УЗБЕК КИНО ЯНГИЛИКЛАРИ\"\"|\"\"ШАВКАТ МИРЗИЕЕВ\"\"|\"\"ПРИЗИДЕНТ\"\"|\"\"ПРЕЗИДЕНТ УЗБЕКИСТАНА\"\"|\"\"ПРИЗИДЕНТ УЗБЕКИСТАНА\"\"|\"\"ТАШКЕНТ\"\"|\"\"НОВОСТИ ТАШКЕНТА\"\"|\"\"QIZIQARLI UZBEK VIDEO\"\"|\"\"BU QIZIQ\"\"|\"\"qiziqarli ma'lumotlar\"\"|\"\"TELEGRAM PRIKOL\"\"|\"\"UZBEK PRIKOL\"\"\"","",2018-03-09T06:48:28.000Z,40447,140,318,0
RU,Карина Мишулина после суда,starhitvideo,News & Politics,карина мишулина мишулина тимур еремеев,"Интервью Карины Мишулиной после суда - актриса подавала иск на журнал, который опубликовал интервью Тимура Еремеева. Молодой человек уверял, что он - сын Спартака Мишулина.",2018-01-19T12:48:02.000Z,40330,21,129,189
RU,"Новое интервью! Павел Грудинин о проблемах, которые волнуют всю Россию!",Волшебная Россия,People & Blogs,"\"Правда|\"\"Новости\"\"|\"\"Заговор\"\"|\"\"Крым\"\"|\"\"Россия\"\"|\"\"Украина\"\"|\"\"Жесть\"\"|\"\"Шок\"\"|\"\"Приколы\"\"|\"\"СМИ\"\"|\"\"Лучшее\"\"|\"\"Путин\"\"|\"\"Навальный\"\"|\"\"Жириновский\"\"|\"\"Зюганов\"\"|\"\"Выборы\"\"|\"\"Кандидаты\"\"|\"\"Депутаты\"\"|\"\"Вести\"\"|\"\"Срочно\"\"|\"\"Новое\"\"|\"\"Коррупция\"\"|\"\"Чиновники\"\"|\"\"Пресс-конференция\"\"|\"\"Сегодня\"\"|\"\"Топ\"\"|\"\"Треш\"\"|\"\"новое\"\"|\"\"новости\"\"|\"\"павел грудинин\"\"|\"\"грудинин\"\"|\"\"грудинин последнее\"\"|\"\"грудинин новое\"\"|\"\"грудинин 2018\"\"|\"\"грудинин путин\"\"|\"\"грудинин зюганов\"\"|\"\"последние новости\"\"|\"\"новости дня\"\"|\"\"последние новости россия\"\"|\"\"россия 2018\"\"|\"\"россия последнее\"\"|\"\"срочно грудинин\"\"\"","Грудинин начинает отъедать электорат у Путина!\\nСамые острые проблемы страны озвучил Грудинин!\\nДальше так жить нельзя!!! Кандидат 2018 Грудинин П.Н!\\nПа́вел Никола́евич Груди́нин — российский организатор аграрного производства, предприниматель и политический деятель. Директор ЗАО «Совхоз имени Ленина» в Сельском поселении Совхоз имени Ленина Ленинского района Московской области\\nКандидат Павел Грудинин 2018!\\nВыборы 2018!!!\\nВыборы - 2018!!! Вся правда о кандидатах.\\nПомощь каналу на развитие! WebMoney кошелек - WMR\\nR705718986248.\\nРЕПОСТ!!! В топ! =)\\nДрузья, не забываем подписываться на канал и делиться видео!\\nЭти деньги пойдут на социальные эксперименты!\\nhttp://www.donationalerts.ru/r/magic\\nИсточник:\\nhttps://www.youtube.com/watch?v=gAsyE...\\nИсточник канал:\\nhttps://www.youtube.com/channel/UCrvY...",2018-02-17T09:22:32.000Z,40293,2236,29456,857
RU,Навальный собрал рекордное количество людей на митингах,Свежий Взгляд,People & Blogs,[none],"",2018-01-30T06:01:24.000Z,402750,3956,30835,4349
RU,Крушение АН-148 под Москвой,Fontanka Ru,News & Politics,"\"фонтанка|\"\"фонтанка.ру\"\"|\"\"видео\"\"|\"\"новости\"\"|\"\"фонтанки\"\"|\"\"происшествия\"\"|\"\"спб\"\"|\"\"петербург\"\"|\"\"АН-148\"\"|\"\"самолет\"\"|\"\"крушение\"\"|\"\"авиакатастрофа\"\"\"",Видеозахват с сайта flightradar24.com,2018-02-11T12:40:03.000Z,40233,40,150,31
RU,Неуверенная Россия: все на выборы!,Денис Чужой,Comedy,"\"неуверенная россия|\"\"политика\"\"|\"\"выборы\"\"|\"\"выборы президента\"\"|\"\"выборы 2018\"\"|\"\"путин\"\"|\"\"бойкот выборов\"\"|\"\"бойкот\"\"|\"\"выборы 2018 голосование\"\"|\"\"выборы 2018 реклама\"\"|\"\"сурайкин\"\"|\"\"кандидат от народа\"\"|\"\"кандидат против всех\"\"|\"\"выборы2018\"\"|\"\"коммунисты россии\"\"|\"\"явка на выборах\"\"\"","Если вы до сих пор не решили, идти голосовать в следующее воскресенье или нет, партия «Неуверенная Россия» поможет вам определиться. Или нет. Вообще думайте сами, взрослые люди всё-таки. \\n\\nПоддержать партию:\\nЯндекс.Деньги: https://money.yandex.ru/to/41001776041320\\nPayPal: d.chuzhoy@gmail.com\\nPatreon: https://www.patreon.com/denischuzhoy\\n\\nПесня М «Что это меняет?»: https://youtu.be/fBadN8oQbNs?t=17m",2018-03-11T17:39:01.000Z,40093,5375,9349,813
RU,"День Рождения холдинга Кэшбери, как это было.",Кэшбери,Education,"\"кэшбери|\"\"кэшбери отзывы\"\"|\"\"CashTrading\"\"|\"\"cashberytrading\"\"|\"\"Потребительский кооператив БЛАГО\"\"|\"\"ПК БЛАГО\"\"|\"\"Бизнес Академия Кэшбери\"\"|\"\"cashbery\"\"|\"\"лига аукционов\"\"|\"\"liga auction\"\"\"",Кэшбери с нами просто и прибыльно\nhttp://cashbery.info/\n\n--------------------\nСсылки на соц сети:\nГруппа ВКонтакте: https://vk.com/cashbery\nТелеграм ЧАТ: https://t.me/cashbery_com\nТелеграм Новости:  https://t.me/cashbery\n\n--------------------\nБизнес Академия Кэшбери:\nhttps://www.youtube.com/playlist?list=PL3afyXb1WoPje_WR-oeLt00Gg1QSBxMoS\n\n--------------------\nПо вопросам пишите\nв онлайн поддержку на сайте:\nhttp://cashbery.info/\nТелефоны: \n 8 (800) 302-88-39\n+7 (495) 127-09-39,2018-02-02T06:23:13.000Z,400770,424,2307,448
RU,РАМЗАН КАДЫРОВ О СОБЧАК | БЛОКИРОВКЕ ИНСТАГРАМ | ЦЕНЗУРЕ В ЧЕЧНЕ,Daily Storm,People & Blogs,"\"Рамзан Кадыров|\"\"Собчак\"\"|\"\"большое интервью с кадыровым\"\"|\"\"шторм\"\"|\"\"шторм кадыров\"\"|\"\"интервью с кадыровым\"\"|\"\"рамзан ахматович кадыров\"\"|\"\"блокировка инстаграм кадыров\"\"|\"\"видео\"\"|\"\"эксклюзив\"\"|\"\"Немцов\"\"|\"\"Смерть Немцова\"\"|\"\"Рамзан о Немцове\"\"|\"\"Кадыров о Немцове\"\"|\"\"Кодыров\"\"|\"\"Блокировка в Instagram\"\"|\"\"Блокировка в инстаграм\"\"|\"\"Бузова\"\"|\"\"салам алейкум\"\"|\"\"последние новости\"\"|\"\"кадыров\"\"|\"\"рамзан кадыров\"\"|\"\"чеченцы\"\"|\"\"видео кадыров\"\"|\"\"dailystorm\"\"|\"\"новости\"\"|\"\"ахматович кадыров\"\"|\"\"кадыров инстаграм\"\"|\"\"кадыров разговор\"\"|\"\"чечня кадыров\"\"\"","Рамзан Кадыров рассказал «Шторму», почему заблокировал Собчак и как его хвалила Латынина, описал портрет преемника, заверил, что осужденные по делу Немцова невиновны и поставил точку в вопросе о своем первом русском.\\n\\n\\n\\nСсылка на статью:  \\nhttps://dailystorm.ru/my-ne-huligany-kotorye-vernulis-my-dostoynye-grazhdane-tak-chto-ne-pytaytes-izbavitsya-ot-nas\\n\\nНаш сайт: \\nhttps://dailystorm.ru/",2018-01-25T08:59:16.000Z,39909,557,622,225
RU,Дом 2 новости 13.03.2018 (раньше эфира). Слухи сегодня 13 марта 2018,ПЕРСОНАЖ НОВОСТИ ДОМ 2,Entertainment,"\"Сергей Кучеров|\"\"Алексей Воробьев\"\"|\"\"Марина Мексика\"\"|\"\"Ольга Рапунцель\"\"|\"\"Дмитрий Дмитренко\"\"|\"\"Екатерина Зиновьева\"\"|\"\"Саймон Марданшин\"\"|\"\"Елена Хромина\"\"|\"\"Ольга Бузова\"\"|\"\"дом 2 7 марта 2018\"\"|\"\"дом 2 7.03.2018\"\"|\"\"дом 2 13.03.2018\"\"|\"\"дом 2 13 марта 2018\"\"|\"\"дом 2 раньше эфира\"\"|\"\"дом 2 последние новости\"\"|\"\"дом 2 новости\"\"|\"\"дом 2 новости проекта\"\"|\"\"дом 2 свежие новости\"\"|\"\"дом 2 эфир\"\"|\"\"дом 2 новости и слухи\"\"|\"\"Дом 2 новости 13.03.2018\"\"|\"\"дом 2 новости 13 марта 2018\"\"|\"\"уход Марданшина\"\"|\"\"Хромина ушла\"\"\"","Дом 2 новости 13 марта 2018 (13.03.2018). Последние новости, слухи раньше эфира. Подписывайтесь на канал - https://youtube.com/channel/UCfP4xFEtA-QOqkLJL2l-H4w?sub_confirmation=1 \\n\\nВсем любителям проекта, которые не хотят ждать новые эфиры представляем новости реалити шоу на 6 дней раньше эфира. Сегодня Дом 2 новости - эфир 13 марта 2018 (https://youtu.be/62T3NGWwr-g). \\n\\nВ выпуске: Сергей Кучеров, Алексей Воробьев, Марина Мексика, Инесса Шевчук, Ольга Рапунцель, Дмитрий Дмитренко, Екатерина Зиновьева, Саймон Марданшин, Елена Хромина, Ольга Бузова.\\n\\nПриветствую вас любители шоу Дом 2. Представляем новости проекта раньше эфира. Дом 2 последняя серия на 13.03.2018 о том, что Дмитрий Дмитренко и Ольга Рапунцель выбрали роддом. Дима будет присутствовать на родах. Слухи Дом 2 говорят, что Саймон Марданшин покинул проект, и за ним ушла Лена хромина. Сообщается, что конфликт Саймона произошел с Владом Кадони. Ольга Бузова патентует свою фамилию, как торговую марку.\\n\\nЗаходите на наш сайт и читайте последние новости Дом 2: http://dom2-personaj.ru/ \\n\\nОбязательно посмотрите наш предыдущий ролик посвященный Дом 2 - https://www.youtube.com/watch?v=gQY4q8cdWtM\\n\\nМузыка: Free Music \\nОпубликовано: Дом 2 новости и слухи реалити шоу 7 марта 2018. \\n\\nДом 2 Свежие серии можно посмотреть на официальном сайте http://dom2.ru. Не пропустите эфиры - полные выпуски. На ТНТ выйдут следующие выпуски: дом 2 дневной выпуск (lite), дом 2 вечерний выпуск (город любви) в 23:00 и ночной эфир (после заката) в полночь. Наш канал ПЕРСОНАЖ не является официальным и освещает только события и слухи на проекте. В видео использован Товарный знак Дом 2 (для информационных целей), принадлежащий АО ТНТ-Телесеть. Логотип Дом 2 не имеет отношения к моему каналу. Владелец товарного знака Дом 2 не создавал и не финансировал этот канал и его содержание. \\n#дом2 #дом2новости #дом2свежиесерии #дом2последниеновости #дом2новостиислухи",2018-03-06T22:26:08.000Z,3979,92,96,3
RU,"Thank You, Adrienne!",arshtcenter,Entertainment,[none],"Celebrating Adrienne Arsht and the $30 Million Landmark Gift that Continues to Transform Miami\\n\\nTen years ago, business leader Adrienne Arsht gave $30 million to secure the future of what would become the Adrienne Arsht Center for the Performing Arts of Miami-Dade County. Today, the Center is globally recognized as a catalyst in the evolution of Miami as an arts destination.",2018-01-24T17:38:31.000Z,39736,0,13,8
RU,Алексей Навальный в Калининграде. 10 декабря 2017. митинг,foresterization1 стримы,News & Politics,[none],За шикарную трансляцию спасибо сообществу вконтакте Здесь был Кант: https://vk.com/kanthaus\nи пользователю перископа Евгений Павлович: https://www.pscp.tv/Volnov5678/1LyGBREPmpOGN,2017-12-10T16:24:24.000Z,39727,2659,5665,433
RU,Creation Bridges - Panache Collection - Visualization - Render,ARTPIX,Film & Animation,"\"render jewelry|\"\"Engagement Ring\"\"|\"\"jewellery\"\"|\"\"jewelry render\"\"|\"\"Jewelry\"\"|\"\"Gold\"\"|\"\"diamonds\"\"|\"\"jewelry rendering\"\"|\"\"jewelry design\"\"|\"\"Jewelry Presentation\"\"|\"\"ring render\"\"|\"\"cad jewelry\"\"|\"\"jewelry animation\"\"|\"\"jewelry anim\"\"|\"\"virtual jewelry\"\"|\"\"jewelry turntable\"\"|\"\"art pix\"\"|\"\"jewelry photography\"\"|\"\"ring design\"\"|\"\"modern jewelry\"\"|\"\"creative jewelry\"\"|\"\"crystals\"\"|\"\"bluestone\"\"|\"\"הדמויות תכשיטים\"\"|\"\"turntable jewelry animation\"\"|\"\"turntable anim\"\"|\"\"визуализация ювелирных изделий\"\"|\"\"визуализация ювелирки\"\"|\"\"Panache Collection\"\"\"","Free sample visualisation request:\\nhttps://artpix.gr8.com\\n\\nabstract waves bridges balancing between creation and destruction, we wanted to emphasize no gravity effect by adding particles and carefully working with the cameras\\n\\nhope you'll like the idea and technical execution\\nplease subscribe and don't forget to like :)\\nwe need your support\\n\\nour website:\\nhttp://art-pix.co.il/jewelry/\\n\\nfacebook:\\nhttps://www.facebook.com/artpixjewelry/?ref=bookmarks\\n\\nmore details about Panache Collection:\\nhttps://www.bluestone.com/landing-page/panache+collection.html",2018-01-20T05:54:06.000Z,39713,387,488,225
RU,Шевченко рассказал Эху о предвыборной грязи,Максим Шевченко,News & Politics,"\"максим|\"\"шевченко\"\"|\"\"эхо\"\"|\"\"особое мнение\"\"|\"\"выборы 2018\"\"|\"\"грудинин\"\"|\"\"18 марта\"\"\"",Полная расшифровка эфира на сайте: https://echo.msk.ru/programs/personalno/2161114-echo/,2018-03-10T18:57:51.000Z,39690,2516,7224,884
RU,ФБК подает в суд на Роскомнадзор,Навальный LIVE,News & Politics,"\"Навальный|\"\"Волков\"\"|\"\"политика\"\"|\"\"выборы\"\"|\"\"оппозиция\"\"|\"\"Димон\"\"|\"\"ДимонОтветит\"\"|\"\"Медведев\"\"|\"\"коррупция\"\"\"","Новости. 13 февраля. День\\nМы следим за развитием событий и сообщаем вам самую актуальную и правдивую информацию.\\n\\nПодписывайтесь на «Навальный LIVE» в соцсетях:\\nТвиттер: https://twitter.com/navalnylive\\nИнстаграм: https://www.instagram.com/navalny.live/\\nВК: https://vk.com/navalny_live\\nФейсбук: https://www.facebook.com/navalnylive/\\nОК: https://www.ok.ru/navalnylive \\nТелеграм: https://t.me/navalny_live\\n\\nМы рассказываем о том, о чем не говорят по телевизору.",2018-02-13T12:12:36.000Z,39669,5623,10179,617
RU,Забастовка избирателей Навального в России,Настоящее Время,News & Politics,"\"Настоящее Время|\"\"телеканал\"\"|\"\"онлайн\"\"|\"\"смотреть онлайн российское телевидение\"\"|\"\"Навальный\"\"|\"\"протест\"\"|\"\"акция\"\"|\"\"Россия\"\"|\"\"полиция\"\"|\"\"разгон\"\"|\"\"арест\"\"|\"\"задержание\"\"|\"\"Москва\"\"|\"\"28 января\"\"|\"\"#забастовка\"\"|\"\"Алексей Навальный\"\"|\"\"Протесты в России\"\"|\"\"оппозиция\"\"\"","Следим за забастовкой избирателей Алексея Навального в прямом эфире. МВД предупредило, что будет жестко пресекать нарушения закона на массовых акциях в преддверии выборов президента.\\n\\nПодпишись на НАСТОЯЩЕЕ ВРЕМЯ — http://goo.gl/Qaeg5a",2018-01-28T13:58:33.000Z,396471,13435,23071,4503
RU,Le tip's d'Antoine : A droite ou à gauche du trou?,WeLoveGolf / la happy websérie,Sports,"\"golf|\"\"coaching\"\"|\"\"vidéo\"\"|\"\"tuto\"\"|\"\"welovegolf\"\"|\"\"tuto golf\"\"|\"\"vidéo antoine cros\"\"|\"\"exercice golf\"\"|\"\"drapeau golf\"\"|\"\"antoine cros welovegolf\"\"\"",Une courte séquence qui vous apporte une réponse simple (et payante!) à une question simple (mais parfois métaphysique!),2018-01-18T07:52:28.000Z,39634,2,43,10
RU,С Новым Годом!,Работа над ошибками,People & Blogs,"\"работа над ошибками|\"\"Тимур работа над ошибками\"\"|\"\"новый год\"\"|\"\"новый год 2018\"\"|\"\"поздравление\"\"|\"\"новогоднее поздравление\"\"|\"\"с новым годом\"\"|\"\"нг 2018\"\"\"","",2017-12-31T07:30:01.000Z,39623,338,383,165
RU,Макрон пpeлюднo oблaжaлcя: Мамочка Меркель указала недоНаполеону его место,livecorner,News & Politics,"\"Владимир Путин|\"\"США\"\"|\"\"Дональд Трамп\"\"|\"\"Россия\"\"|\"\"Мария Захарова\"\"|\"\"Эммануэль Макрон\"\"|\"\"Ангела Меркель\"\"|\"\"Франция\"\"|\"\"ООН\"\"|\"\"Василий Небензя\"\"|\"\"Лондон\"\"|\"\"Солсбери\"\"|\"\"Юлия Скрипаль\"\"|\"\"Сергей Скрипаль\"\"|\"\"Великобритания\"\"|\"\"Тереза Мэй\"\"|\"\"Германия\"\"\"","Присоединяйтесь к нам ВКонтакте - https://vk.com/livecorner\\n\\n#захарова #меркель #макрон #небензя #оон #россия #солсбери #скрипаль #англия #терезамэй #великобритания #лондон #франция #германия\\n\\nУважаемые зрители и подписчики нашего канала!\\n\\nОбстоятельства вынуждают обратиться к вам за финансовой поддержкой. Для качественного продолжения работы канала необходимы ремонт и частичная замена оборудования. Цена вопроса - 43 тыс. рублей.\\n\\nПожалуйста, кто и какой суммой может поучаствовать в развитии проекта. Реквизиты в системе WebMoney:\\n\\nR377469051457\\nZ694184535738\\n\\nЯндекс кошелёк:\\n\\n41001618057417\\n\\nСо своей стороны в благодарность готовы разместить вашу информацию в рекламных блоках в наших видеороликах.\\n\\nСпасибо за содействие!",2018-04-20T04:19:49.000Z,39493,532,910,488
RU,СОЛОВЬЕВ VS СОБЧАК - Вечер с Владимиром Соловьевым,TabrizShakhidi,Music,"\"собчак|\"\"соловьев\"\"|\"\"владимир Соловьев\"\"|\"\"ксения собчак\"\"|\"\"россия 1\"\"|\"\"Vladimir Soloviev\"\"|\"\"собчак против всех\"\"|\"\"Ksenia Sobchak\"\"\"","СОЛОВЬЕВ VS СОБЧАК - Вечер с Владимиром Соловьевым. Эфир от 23 ноября, Россия 1.\\n\\nwww.SOLOVIEV.tv",2017-11-24T09:21:03.000Z,394840,4535,4903,5986
