country,title,channel_title,category,tags,description,publish_time,views,likes,dislikes,comment_count
IN,ఏడ్చేసిన సుమ‌ || Rajeev Kanakala Mother Lakshmi Devi Passes Away l Anchor Suma || Friday Poster,Friday Poster,Entertainment,"\"Telugucinema|\"\"Tollywood\"\"|\"\"Gossips\"\"|\"\"Trailer\"\"|\"\"Video clips\"\"|\"\"Teaser\"\"|\"\"Friday\"\"|\"\"poster\"\"|\"\"telugu\"\"|\"\"movies\"\"|\"\"ఏడ్చేసిన సుమ‌\"\"|\"\"Rajeev Kanakala Mother Lakshmi Devi Passes Away\"\"|\"\"Rajeev Kanakala\"\"|\"\"Rajeev Kanakala Mother Lakshmi Devi\"\"|\"\"Anchor Suma\"\"\"",ఏడ్చేసిన సుమ‌ || Rajeev Kanakala Mother Lakshmi Devi Passes Away l Anchor Suma || Friday Poster\n\n\nSubscribe To Us On : https://www.youtube.com/channel/UCtlKtzqGvKAXDRSxzweic-w\n\nFollow Us On: https://twitter.com/IamFridayPoster\n\nLike Us On: https://www.facebook.com/fridaypostertollywood/\n\nFollow Us On : https://plus.google.com/+fridayposter,2018-02-03T08:23:46.000Z,542084,715,933,99
IN,I Don't like Aparnathi says Sangeetha | Enga Veetu Mapillai,Tea Time Cinema,People & Blogs,"\"அபர்னதியை|\"\"சங்கீதா\"\"|\"\"எங்க வீட்டு மாப்பிள்ளை ஆர்யா\"\"|\"\"எங்க வீட்டு மாப்பிள்ளை\"\"|\"\"enga veetu mapillai today episode\"\"|\"\"enga veetu maapillai today episode\"\"|\"\"enga veetu mapillai aparnathi elimination episode\"\"|\"\"enga veetu maapillai finals\"\"|\"\"arya\"\"|\"\"suzzana agatha seetha lakshmi selected for finals\"\"|\"\"anchor sangeetha hates aparnathi\"\"|\"\"sangeetha stands against aparnathi\"\"|\"\"arya agatha soon getting married\"\"|\"\"அபர்னதியை பற்றி கேவலமாக பேசிய சங்கீதா\"\"\"",I Don't like Aparnathi says Sangeetha | Enga Veetu Mapillai | அபர்னதியை கேவலமாக பேசிய சங்கீதா,2018-04-02T06:30:42.000Z,540718,776,966,462
IN,"മാസ്റ്റര്‍പീസ് കണ്ടിറങ്ങിയ പാര്‍വ്വതിയുടെ വിശ്വസിക്കാന്‍ പറ്റാത്ത കിടിലന്‍ പ്രതികരണം,പൊളിച്ചു",Manchu Mon,People & Blogs,"\"film news|\"\"movie news\"\"|\"\"movie gossips\"\"|\"\"mollywood\"\"|\"\"bollywood\"\"|\"\"tollywood\"\"|\"\"mohanlal\"\"|\"\"mammootty\"\"|\"\"prithviraj\"\"|\"\"dileep\"\"|\"\"nivin pauly\"\"|\"\"dulquer\"\"|\"\"മാസ്റ്റർപീസ് റിവ്യൂ | Masterpiece Movie Review | Mammootty\"\"|\"\"masterpiece review\"\"|\"\"masterpiece movie review\"\"|\"\"masterpiece fdfs\"\"|\"\"masterpiece boxoffice\"\"|\"\"masterpiece\"\"|\"\"Masterpiece Malayalam Movie Review By #AbhijithVlogger\"\"|\"\"mohanlal vs mammootty\"\"|\"\"masterpiece vs villain\"\"\"","മാസ്റ്റര്‍പീസ് കണ്ടിറങ്ങിയ പാര്‍വ്വതിയുടെ വിശ്വസിക്കാന്‍ പറ്റാത്ത കിടിലന്‍ പ്രതികരണം,പൊളിച്ചു",2017-12-21T10:29:43.000Z,535756,829,976,99
IN,Actress Sri Reddy Revealed another Tollywood producer's Son Name | CVR News,CVR Telugu News,News & Politics,"\"actress sri reddy|\"\"sri reddy\"\"|\"\"sri reddy about producer son\"\"|\"\"sri reddy over producer son\"\"|\"\"producer son\"\"|\"\"producer son cheating\"\"|\"\"producer son cheat\"\"|\"\"sri reddy over producer son chaeting\"\"|\"\"producer son cheating sri reddy\"\"|\"\"sri reddy about tollywood\"\"|\"\"sri reddy about producers\"\"|\"\"sri reddy about one night stay\"\"|\"\"sri reddy about directors using her\"\"|\"\"directors of tollywood\"\"|\"\"tollywood directors in casting couch\"\"|\"\"cating couch\"\"|\"\"sri reddy reveals names\"\"|\"\"breaking new\"\"|\"\"scvr news\"\"|\"\"cvr news live\"\"\"","Actress Sri reddy made sensational comments about tollywood producer son as she told that she was facing problems in an unprofessional way.\\n\\nSubscribe to Us @ Youtube : http://goo.gl/OIHvom\\nFacebook : https://www.facebook.com/cvrnewstv\\nWebsite : http://www.cvrinfo.com\\nTwitter :https://www.twitter.com/CVRNEWSTV\\n\\n\\nWatch CVR News, the 24/7 news channel with exclusive breaking news, special interviews, latest updates on Politics, Movies, Sports and Current Affairs.",2018-04-04T14:24:32.000Z,53548,75,121,57
IN,నాకు పెద్ద కుటుంబ ఉంది | Kathi Mahesh Shocking Comments on Pawan Kalyan,Telugu Media,News & Politics,"\"kathi mahesh|\"\"pawan kalyan\"\"|\"\"osimana univerisity\"\"\"",Kathi Mahesh Shocking Comments on Pawan Kalyan,2018-01-12T06:59:17.000Z,53352,305,978,400
IN,Mahesh Kathi Vs Hyper Adhi ||I am against body shaming || TV9 Today,TV9 Today,Entertainment,"\"tv9|\"\"HD TV9\"\"|\"\"tv9 live\"\"|\"\"TV9 Telugu HD\"\"|\"\"TV9 News HD\"\"|\"\"HD Breaking News\"\"|\"\"Live TV9 HD\"\"|\"\"tv9 news\"\"|\"\"tv9 telugu\"\"|\"\"tv9 ap\"\"|\"\"tv9 breaking news\"\"|\"\"tv9 youtube\"\"|\"\"tv9 online\"\"|\"\"Tv9 HD\"\"|\"\"https://youtu.be/zFrllD9D9HM\"\"|\"\"mahesh kathi\"\"|\"\"pawan kalyan\"\"|\"\"hyper adhi\"\"|\"\"hyper adhi punches\"\"\"",Mahesh Kathi Vs Hyper Adhi ||I am against body shaming || TV9 Today\n\n► Download Tv9 Android App: http://goo.gl/T1ZHNJ\n\n► ► Subscribe to Tv9 HD: https://goo.gl/qVgzGt\n► Circle us on G+: https://plus.google.com/+tv9hd\n► Like us on Facebook: https://www.facebook.com/tv9telugu\n► Follow us on Twitter: https://twitter.com/Tv9Telugu\n► Pin us on Pinterest: https://www.pinterest.com/Tv9telugu,2017-11-14T08:06:12.000Z,53290,374,754,380
IN,Anchor Anasuya responded on Phone breaking issue|AVA Creative thoughts,AVA Creative thoughts,People & Blogs,"\"anasuya responded|\"\"anasuya issue\"\"|\"\"anasuya borken the phone\"\"|\"\"anasuya mobile\"\"|\"\"anasuya mobile break\"\"|\"\"AVA Creative thoughts\"\"|\"\"mobile broken\"\"|\"\"anasuya\"\"|\"\"jabardasth anasuya\"\"|\"\"anasuya clarifies mobile breaking issue\"\"|\"\"anasuya controversy\"\"|\"\"AVA\"\"|\"\"jabardasth\"\"|\"\"anasuya abusing child\"\"|\"\"anchor anasuya tarnaka incident\"\"|\"\"jabardasth anchor\"\"|\"\"anchor anasuya\"\"|\"\"anasuya clarity on abusing child\"\"|\"\"child asks anasuya for selfie\"\"|\"\"latest news\"\"|\"\"tollywood\"\"|\"\"tollywood news\"\"|\"\"anchor anasuya breaks her fan mobile\"\"\"",Welcome to AVA Creative thoughts Channel Subscribe My channel to watch Latest Updates/Videos \n\nAnasuya responded on Phone broken issue,2018-02-06T14:37:39.000Z,53189,78,355,151
IN,"Amna Bibi/Kiran Bala ਦਾ ਨਵਾਂ ਬਿਆਨ, India ਜੋ ਕਹੇ- ਮੈ ਆਪਣੀ ਜਿੰਦਗੀ ਤੋਂ ਖੁਸ਼",TV Punjab,News & Politics,"\"Punjab News|\"\"India News\"\"|\"\"punjab\"\"|\"\"tv punjab\"\"|\"\"tvpunjab\"\"|\"\"Television Punjab\"\"|\"\"punjabi\"\"|\"\"punjabi news\"\"|\"\"news today\"\"|\"\"bulletin\"\"|\"\"news\"\"|\"\"India\"\"|\"\"amna bibi\"\"|\"\"kiran bala\"\"|\"\"pakistan\"\"|\"\"hindustan\"\"|\"\"india\"\"|\"\"hoshiarpur\"\"|\"\"guruduara\"\"\"",For latest Punjabi news log on to http://tvpunjab.com/  \nYouTube: https://www.youtube.com/TvPunjab\nTwitter:  https://twitter.com/tvpunjab\nFacebook: https://www.facebook.com/TvPunjabOfficial/\nInstagram: https://www.instagram.com/tvpunjab/,2018-04-20T07:13:51.000Z,52818,87,123,95
IN,Oru Nalla Naal Paathu Solren Review | ONNPS | Vijay Sethupathy | Tamil Talkies,Tamil Talkies,Entertainment,"\"Tamil Cinema (Film Genre)|\"\"Review\"\"|\"\"Tamil movies review\"\"|\"\"tamil new movies online\"\"|\"\"tamil movies rating and review\"\"|\"\"review and rating\"\"|\"\"tamil new movies review\"\"|\"\"tamil new movies honest review\"\"|\"\"tamil talkies\"\"|\"\"tamil talkies.net\"\"|\"\"ONNPS\"\"|\"\"ONNPS review\"\"|\"\"ONNPS movie review\"\"|\"\"Oru Nalla Naal Paarthu Solren\"\"|\"\"Oru Nalla Naal Paarthu Solren movie review\"\"|\"\"Tamil Talkies latest movie reviews\"\"|\"\"Tamil talkies 2018 movies review\"\"\"","Watch Vijay Sethupathy's Oru Nalla Naal Paathu Solren Movie Review.\\n\\nOru Nalla Naal Paathu Solren (English: I'll let you know when the time is right) is an Tamil adventure comedy drama film written and directed by Arumuga Kumar. Vijay Sethupathi and Gautham Karthik appear in the lead roles, while Gayathrie Shankar, Niharika Konidela and Ramesh Thilak play other pivotal roles. \\n\\nTwitter - www.twitter.com/TamilTalkies\\nFacebook - www.facebook.com/TamilTalkiesDotNet\\nWeb - www.TheTamilTalkies.net\\n\\nIf you feel our reviews to be honest then subscribe to TamilTalkies.net http://goo.gl/EgH9K1\\n\\nTamil Talkies Official YouTube Channel is managed by Culture Machine Media Pvt ltd",2018-02-02T21:20:32.000Z,523453,7359,7828,1876
IN,"Deivamagal Episode 1417, 18/12/17",VikatanTV,Shows,"\"deivamagal|\"\"deiva magal\"\"|\"\"deiva magal serial\"\"|\"\"VikatanTV\"\"|\"\"deivamagal episode today\"\"|\"\"deivamagal today\"\"|\"\"deivamagal today episode\"\"|\"\"deivamagal episode 1417\"\"|\"\"deivamagal 18 December 2017\"\"|\"\"deiva magal serial 18.12.17\"\"|\"\"deiva magal episode 1417\"\"|\"\"தெய்வமகள்\"\"|\"\"devamagal\"\"|\"\"deivamagal episode\"\"|\"\"deviamagal\"\"|\"\"deivamahal\"\"|\"\"devaimagal\"\"|\"\"divamagal\"\"\"",Deivamagal Episode 1417\nSubscribe: https://goo.gl/eSvMiG  Prev Episode: https://goo.gl/2ed6Nz  Priyamanaval Episode 893: https://goo.gl/11zP9e  Best of Deivamagal: https://goo.gl/oWdXQ2  Best of Moorthy comedy: https://goo.gl/05WSN4  Deivamagal All Episodes: https://goo.gl/Z5L59u  Deivamagal Title Song: https://goo.gl/1kRyA1  Deivamagal Romantic Song: https://goo.gl/Qq6x5B\nChannel: http://www.youtube.com/user/VikatanTV\nFacebook: https://www.facebook.com/deivamagal,2017-12-18T15:00:01.000Z,519637,2702,4294,2566
IN,ఆత్మహత్యకు ముందు మౌనిక సెల్ఫీ వీడియో || 24 ఏళ్ళ గర్భిణి ఆత్మహత్య || Vanitha News || Vanitha TV,Vanitha Tv,Entertainment,"\"Vanitha TV|\"\"Vanitha Tv Videos\"\"|\"\"VanithaTv Programs\"\"|\"\"Indian Cuisine\"\"|\"\"Indian Fashion\"\"|\"\"Ruchulu\"\"|\"\"Abhiruchulu\"\"|\"\"Spicy Taste\"\"|\"\"Indian cooking\"\"|\"\"Women\"\"|\"\"Women empowerment\"\"\"","ఆత్మహత్యకు ముందు మౌనిక సెల్ఫీ వీడియో || 24 ఏళ్ళ గర్భిణి ఆత్మహత్య || Vanitha News || Vanitha TV\\n\\nWatch Vanitha TV, the First Women Centric Channel in India by Rachana Television. Tune in for programs on infotainment, health and welfare of women, women power and women's fashion.\\n\\nFor more latest updates: \\n* Watch Vanitha TV Live : https://www.youtube.com/watch?v=G9aewDGtiek\\n* Subscribe to Vanitha TV Channel: https://goo.gl/O9N2d1\\n* Like us on Facebook: https://www.facebook.com/vanithatv",2017-12-26T10:25:42.000Z,51590,55,78,88
IN,Babu Gogineni-Anantha Sharma war about predicting death - TV9,TV9 NOW,News & Politics,"\"TV9 NOW|\"\"TV9 Telugu News\"\"|\"\"TV9 LIVE Telugu\"\"|\"\"TV9 news\"\"|\"\"TV9 online news\"\"|\"\"AP Latest News\"\"|\"\"Telugu latest news today\"\"|\"\"AP Political news\"\"|\"\"Political updates\"\"|\"\"TV9 Breaking news\"\"|\"\"Babu Gogineni-Anantha Sharma war about predicting death - TV9\"\"\"",Babu Gogineni-Anantha Sharma war about predicting death - TV9 \n\n► Download Tv9 Android App: http://goo.gl/T1ZHNJ\n\n► For More: https://goo.gl/HcRvKc\n► Circle us on G+: https://plus.google.com/+tv9\n► Like us on Facebook: https://www.facebook.com/tv9telugu\n► Follow us on Twitter: https://twitter.com/Tv9Telugu\n► Pin us on Pinterest: https://www.pinterest.com/Tv9telugu,2018-04-24T12:44:19.000Z,51576,85,438,160
IN,నాన్నని పనిమనుషులతో గెంటించారు : Vijaya Chamundeswari - TV9,TV9 Today,News & Politics,"\"TV9 Today|\"\"TV9 Telugu News\"\"|\"\"TV9 LIVE Telugu\"\"|\"\"TV9 news\"\"|\"\"TV9 online news\"\"|\"\"AP Latest News\"\"|\"\"Telugu latest news today\"\"|\"\"AP Political news\"\"|\"\"Political updates\"\"|\"\"TV9 Breaking news\"\"|\"\"నాన్నని పనిమనుషులతో గెంటించారు : Vijaya Chamundeswari - TV9\"\"\"",నాన్నని పనిమనుషులతో గెంటించారు : Vijaya Chamundeswari - TV9► Download Tv9 Android App: http://goo.gl/T1ZHNJ► For More: https://goo.gl/rcDXLx► Circle us on G+: https://plus.google.com/+Tv9HD► Like us on Facebook: https://www.facebook.com/tv9telugu► Follow us on Twitter: https://twitter.com/Tv9Telugu► Pin us on Pinterest: https://www.pinterest.com/Tv9telugu,2018-05-20T20:47:24.000Z,511782,503,611,354
IN,ಬಿಗ್ ಬಾಸ್ ಅಶಿತಾ ಮೊದಲ ನಿಶ್ಚಿತಾರ್ಥ ಮುರಿದುಬಿದ್ದ ಕಥೆ| Bigg Boss contestant Ashita shared her story,CINEMA LOKA,Entertainment,"\"kannada bigg boss season 5|\"\"kannada bigg boss 5\"\"|\"\"bigg boss kannada season 5\"\"|\"\"bbk 5\"\"|\"\"ashita bigg boss\"\"|\"\"bigg boss season 5 ashitha\"\"|\"\"ashitha in bigg boss kannada\"\"|\"\"bigg boss ashitha jagan\"\"|\"\"jagan and ashitha\"\"\"",Kannada Bigg Boss season 5 contestant ashitha sahred her story to Jagan,2017-11-13T06:32:01.000Z,51128,39,62,21
IN,"ஹாசினியையும்,எனது தாயையும் நான் கொலை செய்யவில்லை : தஷ்வந்த்...!",News7 Tamil,News & Politics,"\"News 7 Tamil|\"\"News 7 News\"\"|\"\"Tamil News\"\"|\"\"News7 Tamil\"\"|\"\"நியூஸ்7 தமிழ்\"\"|\"\"Top News\"\"|\"\"Breaking News\"\"|\"\"News in Tamil\"\"\"","ஹாசினியையும்,எனது தாயையும் நான் கொலை செய்யவில்லை : தஷ்வந்த்...! \\n\\nSubscribe : https://bitly.com/SubscribeNews7Tamil\\n\\nFacebook: http://fb.com/News7Tamil\\nTwitter: http://twitter.com/News7Tamil\\nWebsite: http://www.ns7.tv\\n\\n\\n\\nNews 7 Tamil Television, part of Alliance Broadcasting Private Limited, is rapidly growing into a most watched and most respected news channel both in India as well as among the Tamil global diaspora. The channel’s strength has been its in-depth coverage coupled with the quality of international television production.",2017-12-29T08:20:39.000Z,50997,60,84,40
IN,ಸುಪಾರಿ ಕೊಟ್ಟ ರವಿಗೆ ಸಾಥ್ ಕೊಟ್ಟ ಕನ್ನಡ ಟಾಪ್ ನಟ ಬೆಚ್ಚಿ ಬೀಳ್ತಿರಾ | Ravi belegere latest news,SANDALWOOD REVIEWS,Entertainment,"\"Ravi belegere|\"\"Ravi belegere latest news\"\"|\"\"Sunil heggaravalli\"\"|\"\"Kannada today news\"\"|\"\"ravi belagere\"\"|\"\"#kannadaonlinenews\"\"|\"\"ravi belagere speech\"\"|\"\"ravi belagere second wife\"\"|\"\"ravi belagere latest news\"\"|\"\"#haibangalore\"\"|\"\"#trendingnews\"\"|\"\"public tv\"\"|\"\"ravi belagere arrest\"\"|\"\"ravi belegere family\"\"|\"\"ravi belegere second wife\"\"|\"\"yashomathy\"\"\"","Ravi belegere latest news ,Ravi is a famous press personality his paper name is hai Bangalore",2017-12-10T03:45:14.000Z,50922,73,139,41
IN,Sri Reddy Reacts On Nani's Legal Notices | Film Jalsa,Film Jalsa,Entertainment,"\"Film Jalsa|\"\"Sri Reddy Reacts On Nani's Legal Notices\"\"|\"\"Sri Reddy\"\"|\"\"Nani's Legal Notices\"\"|\"\"Nani's legal notices to Sri Reddy\"\"|\"\"Nani sends legal notice to Sri Reddy\"\"|\"\"demands unconditional apology\"\"|\"\"Bigg Boss 2\"\"|\"\"Bigg Boss Season 2\"\"|\"\"bigg boss 2 contestants\"\"|\"\"bigg boss episode 2\"\"|\"\"nani vs sri reddy\"\"|\"\"nani movies\"\"|\"\"sri reddy comments on nani\"\"|\"\"nani reaction on sri reddy\"\"|\"\"pawan kalyan\"\"|\"\"sri reddy interview\"\"|\"\"sri reddy movies\"\"\"","Sri Reddy Reacts On Nani's Legal Notices | Film JalsaFilm Jalsa is Telugu Film Industry youtube channel. Get all the latest updates of the latest telugu movie news, 2018 cinema updates, telugu film news, actress gossips, tollywood collections, telugu movie reviews ..etc All Tollywood events and news like audio releases, press meets, success parties, exclusive interviews, posters, motion posters, first looks, teasers, trailersWebsite: http://www.filmjalsa.com/Like Us: https://www.facebook.com/filmjalsaa/Follow us: https://twitter.com/filmjalsa1Follow Us: https://plus.google.com/u/2/104831597...Subscribe: https://www.youtube.com/channel/UCtdB...",2018-06-11T14:44:03.000Z,50709,917,3977,945
IN,RGV's Officer Movie Teaser 2 | Nagarjuna | RGV | Myra Sareen | Ram Gopal Varma | #OfficerTeaser2,RGV,Entertainment,"\"RGV's Officer Movie Teaser 2|\"\"Nagarjuna\"\"|\"\"RGV\"\"|\"\"Myra Sareen\"\"|\"\"Ram Gopal Varma\"\"|\"\"#OfficerTeaser2\"\"|\"\"Officer Teaser 2\"\"|\"\"#Officer\"\"|\"\"#NAGRGV4\"\"|\"\"RGV's Officer TEASER\"\"|\"\"RGV's Officer Movie TEASER\"\"|\"\"Officer Telugu Movie Teaser\"\"|\"\"RGV's Officer\"\"|\"\"Nagarjuna RGV Movie Trailer\"\"|\"\"Officer Movie Trailer\"\"|\"\"RGV Officer\"\"|\"\"Officer Movie Theatrical Tailer\"\"|\"\"Nagarjuna Officer Movie Teaser\"\"|\"\"Nagarjuna Movies\"\"|\"\"Officer Telugu Movie\"\"|\"\"Officer Movie\"\"|\"\"Nagarjuna Officer\"\"|\"\"Officer\"\"|\"\"Officer Official Teaser\"\"|\"\"Officer Trailer\"\"\"",RGV's Officer Movie Teaser 2. #Officer 2018 latest movie ft. Nagarjuna and Myra Sareen. Directed by RGV. Produced by Ram Gopal Varma and Sudheer Chandra under A Company Production. #OfficerTeaser2 #OfficerTeaser #Nagarjuna #RamGopalVarma #RGV #OfficerMovie #OfficerTeluguMovie #SudheerChandra #ACompanyProduction #RCompanyOfficer Movie Audio Will Be Out Exclsively On Mango Music. Stay Tuned to Mango Music: http://bit.ly/MangomusicLabelClick Here To Watch :RGV's Officer Movie Teaser : https://youtu.be/G438-UoqJCkRGV's Officer First Look Motion Teaser: http://bit.ly/2EuQwox#NagRGV4 Movie Launch Highlights: https://youtu.be/9QyhjGlkKB8RGV's Kadapa Web Series Trailer : https://youtu.be/6UJjBrBiGbARam Gopal Varma's The Foreigner Short Film: https://youtu.be/d6oPk9V1LfoMeri Beti SUNNY LEONE Banna Chaahti Hai Short Film: https://youtu.be/jIOoK2QJ26IFor More Updates On RGV & Officer Movie :LIKE - https://www.facebook.com/RGV SUBSCRIBE -https://www.youtube.com/rgv FOLLOW - https://www.instagram.com/rgvzoomin,2018-05-04T12:31:22.000Z,507023,8413,9539,2232
IN,Theeran Adhigaaram Ondru  Review - Karthi -  Vinoth  - Tamil Talkies,Tamil Talkies,Entertainment,"\"Tamil Cinema (Film Genre)|\"\"Review\"\"|\"\"Tamil movies review\"\"|\"\"tamil new movies online\"\"|\"\"tamil movies rating and review\"\"|\"\"review and rating\"\"|\"\"tamil new movies review\"\"|\"\"tamil new movies honest review\"\"|\"\"tamil talkies\"\"|\"\"tamil talkies.net\"\"|\"\"Karthi latest movie\"\"|\"\"karthi Theeran\"\"|\"\"theeran movie review\"\"|\"\"Tamil movie Theeran review\"\"|\"\"Tamil Talkies review\"\"\"",Watch the most expected review of Karthi starring Theeran movie.\n\nTwitter - www.twitter.com/TamilTalkies\nFacebook - www.facebook.com/TamilTalkiesDotNet\nWeb - www.TheTamilTalkies.net\n\nIf you feel our reviews to be honest then subscribe to TamilTalkies.net http://goo.gl/EgH9K1\n\nTamil Talkies Official YouTube Channel is managed by Culture Machine Media Pvt ltd,2017-11-17T18:25:07.000Z,505193,6355,6435,2027
IN,Comedian Vijay Sai Wife Behaviour Will Shock You | విజయ్ భార్య నిజస్వరూపం.. ఆమె వల్ల నరకం చూశాడు,Telugucine Buzz,Entertainment,"\"Comedian Vijay Sai Wife Behaviour Will Shock You|\"\"విజయ్ భార్య నిజస్వరూపం.. ఆమె వల్ల నరకం చూశాడు\"\"|\"\"Vijay Sai\"\"|\"\"Comedian Vijay Sai\"\"|\"\"Comedian Vijay Sai Wife\"\"|\"\"Vanitha Reddy\"\"|\"\"Comedian Vijay Sai Marriage\"\"|\"\"Vijay Sai Movies\"\"|\"\"Telugu News\"\"|\"\"tollywood comedian vijay sai\"\"|\"\"Tollywood\"\"|\"\"Telugu Film News\"\"|\"\"vijay sai wife about him\"\"|\"\"tollywood comedians\"\"\"",Comedian Vijay Sai Wife Behaviour Will Shock You. For more details check out the complete video విజయ్ భార్య నిజస్వరూపం.. ఆమె వల్ల నరకం చూశాడు on Telugucine Buzz.\n\n\nWelcome to The Official YouTube Channel Of Telugucine Buzz.\nJust One Click Away Enjoy All Our Videos\n \nPlease Subscribe -https://goo.gl/iwWA82\n\nFollows us:\nFacebook Page : https://goo.gl/ns4pMy,2017-12-12T05:46:33.000Z,50432,25,46,5
IN,Ivanka Trump ENTRY in Hyderabad | GES 2017 | Donald Trump Daughter Ivanka Trump Latest Video,News Mantra,Entertainment,"\"Ivanka Trump ENTRY in Hyderabad|\"\"GES 2017\"\"|\"\"Donald Trump Daughter Ivanka Trump Latest Video\"\"|\"\"News Mantra\"\"|\"\"Ivanka Trump Videos\"\"|\"\"Ivanka Trump at GES 2017\"\"|\"\"#GES2017\"\"|\"\"Latest Videos\"\"|\"\"Ivanka Trump Unseen Videos\"\"|\"\"Rare Videos\"\"|\"\"Unseen Videos\"\"|\"\"Ivanka Trump Rare Videos\"\"\"","Ivanka Trump ENTRY in Hyderabad to attend GES 2017 Event. For more Latest Videos of US President Donald Trump Daughter Ivanka Trump, stay tuned to News Mantra.\\n\\nFor more Latest News and Updates, Subscribe: \\n\\nhttps://www.youtube.com/channel/UCg5NrxgQSWaK2N5Tbb1yk1Q\\n\\nLike : https://www.facebook.com/newsmantra/\\n\\nFollow us on: https://twitter.com/news_mantra\\n\\nWelcome to the Official YouTube channel of News Mantra. Catch all the Latest Telugu Movie News, Tollywood Gossips, Health Tips, Political News & Unknown Facts.",2017-11-28T06:15:51.000Z,50171,33,83,0
IN,భార్యని చిత్రహింశలు పెట్టిన శాడిస్ట్ భర్త మొదటిరాత్రే కొట్టడానికి అస్సలు కారణం ఇదే...| Media Masters,Media Masters,News & Politics,"\"Media Masters breaking news latest news latest news updates|\"\"ap\"\"|\"\"telangana\"\"|\"\"news\"\"|\"\"political news\"\"|\"\"ap news\"\"|\"\"ap political news\"\"|\"\"telangana news\"\"|\"\"telangana political news\"\"|\"\"Marriage\"\"|\"\"sailaja\"\"|\"\"sadist husband\"\"|\"\"newly married woman\"\"|\"\"saidist rajesh attacks wife sailaja\"\"|\"\"husband attacks on first night\"\"|\"\"media\"\"|\"\"masters\"\"|\"\"భార్యని చిత్రహింశలు పెట్టిన శాడిస్ట్ భర్త మొదటిరాత్రే కొట్టడానికి అస్సలు కారణం ఇదే\"\"|\"\"భార్యని\"\"|\"\"చిత్రహింశలు\"\"|\"\"పెట్టిన\"\"|\"\"శాడిస్ట్ భర్త\"\"|\"\"మొదటిరాత్రే\"\"|\"\"కొట్టడానికి\"\"|\"\"అస్సలు\"\"|\"\"కారణం\"\"|\"\"ఇదే\"\"\"","భార్యని చిత్రహింశలు పెట్టిన శాడిస్ట్ భర్త మొదటిరాత్రే కొట్టడానికి అస్సలు కారణం ఇదే ...  | Media Masters\\n\\nMedia Masters channel brings you the Interesting facts about latest news updates, Entertainment, Gossips, tollywood news, tollywood updates, sports, political news, health tips, international happenings, comedy, best short films, Ap, Telangana News and much more.  Stay tuned to our channel for all the Telugu Movie News, Presenting information related to Lifestyle Education Technology Gadgets Automobile Beauty Glamour Facts and Health tips\\n( All Information in a single click)",2017-12-04T08:40:29.000Z,497683,391,438,262
