country,title,channel_title,category,tags,description,publish_time,views,likes,dislikes,comment_count
JP,キングダム551 | Kingdom 551 Raw,妖怪,People & Blogs,"\"キングダム551|\"\"kingdom 551\"\"\"",キングダム551 | kingdom 551 raw,2018-03-15T11:35:49.000Z,8458,6,7,2
JP,ワイドナショー  2018年5月06日 180506,david haney,Music,[none],ワイドナショー【「刑務所の人間関係が嫌」脱走受刑者23日間の逃亡劇を徹底検証】,2018-05-06T02:36:07.000Z,83779,159,204,80
JP,水曜日のダウンタウン 2018年02月21日 18 02 21,dydabass,Film & Animation,"\"2018年02月21日|\"\"水曜日のダウンタウン 2018年02月21日\"\"|\"\"水曜日のダウンタウン 2018\"\"|\"\"水曜日のダウンタウン\"\"\"",水曜日のダウンタウン 2018年02月21日,2018-02-22T03:47:09.000Z,83577,172,224,76
JP,ギレルメ選手退場後の行為,roki,Sports,"\"横浜Fマリノス|\"\"ジュビロ磐田\"\"|\"\"ギレルメ\"\"\"","",2018-05-02T13:00:54.000Z,83510,37,95,91
JP,森泉の結婚相手、井上公造が独自情報を明かす！,娯楽ニュース,People & Blogs,"\"井上公造|\"\"森泉\"\"\"",森泉 突然のできちゃった婚を発表し、ネットでは非難の嵐…その理由とは…\nhttps://www.youtube.com/watch?v=1dQ7ZeSqGp4\n\n\n森泉の結婚相手について芸能リポーターの井上公造が独自情報を明かす\nhttps://www.youtube.com/watch?v=PxMrBiHZ8N8&t=18s\n\n\n森泉 不倫略奪熱愛から一般男性との結婚に至るまでには・・・【芸能追っかけ】\nhttps://www.youtube.com/watch?v=xipQeUxleJQ\n\n\n【衝撃】森泉が結婚・妊娠を発表!!相手は不倫彼氏の“〇〇”だった!?衝撃の過去がヤバ過ぎる…\nhttps://www.youtube.com/watch?v=O4dbKNbhbyE,2018-04-03T14:09:05.000Z,8340,16,24,0
JP,弟のwii uを20m橋の上から落としたら泣きました,Mr.Ken/ブラックラファエル,Entertainment,ブラックラファエル,過激な動画見たかったらsnsで拡散、そして登録お願いします。\n動画: https://youtu.be/BCOhuZ_E2Ec\n\n動画の拡散、登録していただいたら動画がさらに面白くなります！\n\n★サブチャンネル(軽い動画出します)\nhttps://www.youtube.com/channel/UCHKSU4rE0LdMyiYVwWNbayg?view_as=subscriber\n\n★ゲーム実況ch(ここよりもやばい動画)\nhttps://www.youtube.com/channel/UCMV4LCIsKU9kkk0If0Yu5PQ\n\n★弟のチャンネル\nhttps://www.youtube.com/channel/UCq1L4i0hSeruIDdACKDvS2g\n\n★Twitterフォローお願いします！\nhttps://twitter.com/GameplayMrKen\n\nファンレターはこちらまで！全て読みますが返せないので送り返しの封筒は結構です。Twitterで一様返事します。\n〒150-0002\n東京都渋谷区渋谷2-1-12\n東京セントラル宮益坂上 3F\n株式会社Bizcast BitStar事業部\nGameplay Mr.Ken/Bananahead宛\n\n★今は無き垢バンされたチャンネル(当時56000人2017年8月時点)\nhttps://www.youtube.com/channel/UCKwLEqTCkrCe0ykUIVY90gA,2018-03-09T11:30:00.000Z,82977,861,1341,602
JP,月曜から夜ふかし　手帳持っててもスカスカはなんかかわいそうｗｗ,2018年月曜から夜ふかし,People & Blogs,[none],"",2018-04-15T15:27:42.000Z,8228,8,21,0
JP,NEWS手越の文春砲に内村光良が”激怒する理由”に一同納得！「イッテQを潰すつもりか…」,芸能黙示録,News & Politics,"\"芸能黙示録|\"\"UCSCPaXFe6qhgvBUkYG7hfhg\"\"|\"\"NEWS\"\"|\"\"手越\"\"|\"\"NEWS手越\"\"|\"\"手越祐也\"\"|\"\"小山\"\"|\"\"加藤\"\"|\"\"増田\"\"|\"\"文春\"\"|\"\"文春砲\"\"|\"\"替え歌\"\"|\"\"嵐\"\"|\"\"三上悠亜\"\"|\"\"ウッチャン\"\"|\"\"内村光良\"\"|\"\"イッテQ\"\"\"",NEWS手越の文春砲に内村光良が”激怒する理由”に一同納得！「イッテQを潰すつもりか…」チャンネル登録→https://goo.gl/5tNepMNEWS手越、未成年飲酒パーティーよりヤバイ？”替え歌の内容”に一同戦慄！「これはもう完全終了だ…」 https://www.youtube.com/watch?v=JZnFyxk87BcNEWS手越との”行為の内容”を暴露した三上悠亜に一同驚愕！「よりにもよって誕生日に…」https://www.youtube.com/edit?o=U&video_id=5cvEzIfjDOk紀州のドンファンの嫁が嘘が放つ”強烈な違和感”の正体に一同戦慄！ https://www.youtube.com/watch?v=BMjhHfldDB8BGM引用元：煉獄庭園,2018-06-13T09:57:53.000Z,82238,105,280,226
JP,【検証】検証動画！ギレルメ暴れる。本当に喜田は中指を立てたのか。横浜F・マリノスVSジュビロ磐田,マリノスチャンネル,Sports,"\"横浜|\"\"F・マリノス\"\"|\"\"Fマリノス\"\"|\"\"マリノス\"\"|\"\"横浜F・マリノス\"\"|\"\"ジュビロ\"\"|\"\"磐田\"\"|\"\"ジュビロ磐田\"\"|\"\"飯倉大樹\"\"|\"\"山田康太\"\"|\"\"中澤佑二\"\"|\"\"金井貢史\"\"|\"\"山中亮輔\"\"|\"\"扇原貴宏\"\"|\"\"中町公祐\"\"|\"\"天野純\"\"|\"\"遠藤渓太\"\"|\"\"伊藤翔\"\"|\"\"ユンイルロク\"\"|\"\"杉本大地\"\"|\"\"ミロシュデゲネク\"\"|\"\"松原健\"\"|\"\"喜田拓也\"\"|\"\"大津祐樹\"\"|\"\"ウーゴヴィエイラ\"\"|\"\"仲川輝人\"\"|\"\"検証\"\"|\"\"動画\"\"|\"\"乱闘\"\"|\"\"中指\"\"|\"\"Jリーグ\"\"|\"\"J1\"\"|\"\"カミンスキー\"\"|\"\"川又堅碁\"\"|\"\"中村俊輔\"\"\"",中指っていうより、カードでたんだからピッチから早く出て行けってジェスチャーしてるように見える。もしくは、なにか言ったのかもしれないですね。そこは、その場にいた人たちにしかわからないことですが。,2018-05-02T16:28:44.000Z,82112,77,87,190
JP,へきトラハウスのカワ◯チジンの元カノが暴露…。【衝撃】,みずにゃんちゃんねる,Entertainment,"\"みずにゃん|\"\"ツイキャス\"\"|\"\"凸待ち\"\"|\"\"へきトラハウス\"\"|\"\"マホト\"\"|\"\"カワグチジン\"\"\"",・みずにゃんちゃんねる（チャンネル登録よろしくね！）\nhttps://www.youtube.com/channel/UCtOQj6_XsfQ_AAm6GGRYlYQ\n・ツイッター　http://twitter.com/mizunyannyan\n　　　　　　　https://twitter.com/mizunyan_kabu\n・ツイキャス　https://twitcasting.tv/mizunyan2525\n・株式投資ブログ始めたよ→https://kabu-youtuber.com/,2018-03-15T04:46:13.000Z,81606,648,2942,727
JP,紀州のドン・ファン野崎幸助氏の従業員が暴露「実は金持ちではなく、しかも…」悲しき虚栄,シリタイワダイ,People & Blogs,"\"衝撃|\"\"驚愕\"\"|\"\"芸能\"\"|\"\"ゴシップ\"\"|\"\"噂\"\"|\"\"野崎幸助\"\"|\"\"紀州のドン・ファン\"\"\"",このチャンネルではみんなが知りたい話題を提供しています。よかったらチャンネル登録お願い致します。https://www.youtube.com/channel/UCDSSLDFDIpDHnQyyfJIWWmw?sub_confirmation=1&src_vid=gBSfI_1zknw&feature=iv&annotation_id=annotation_2840709237おすすめの動画日大アメフトの悪質タックルに川淵三郎氏が激怒し、日本大学と一発触発の危機にhttps://www.youtube.com/watch?v=iZ6qepVw__Y西城秀樹さん死去、病名は●●で、歌手復帰のための壮絶な闘病生活がヤバイhttps://www.youtube.com/watch?v=S2X9ossYB4g内田正人 日大アメフト部監督の学歴と年収がヤバいhttps://www.youtube.com/watch?v=VtQQVOvvrS8貴乃花親方が相撲協会のある秘密を暴露し、大炎上！相撲協会も大激怒https://www.youtube.com/watch?v=VQ71b9KZ-fk日大アメフトのラフプレーにデーブ・スペクターが放った一言に一同驚愕…刑事処分も十分アリ！https://www.youtube.com/watch?v=oZCjXO6YJ8w音楽フリーBGM・音楽素材 MusMushttp://musmus.main.jp/ 甘茶の音楽工房http://amachamusic.chagasi.com/,2018-06-11T02:25:05.000Z,81534,119,202,26
JP,TOP７車の防犯カメラで捕えた怖い瞬間！,AndykunTOP,Entertainment,"\"TOP７車の防犯カメラで捕えた怖い瞬間|\"\"UMAの動画\"\"|\"\"ミステリー\"\"|\"\"ミステリー動画\"\"|\"\"怖い動画\"\"|\"\"TOP10恐ろしい動画\"\"|\"\"お化け\"\"|\"\"ゴースト\"\"|\"\"宇宙人\"\"|\"\"UFOの動画\"\"|\"\"エイリアン\"\"|\"\"魔女の恐ろしい動画\"\"\"",ANDYKUN GAMES : http://goo.gl/7V8xFY\nANDYKUNTOP : http://goo.gl/B8bdSt\nTWITTER : https://twitter.com/Andykun721\nTWITCH : https://www.twitch.tv/andykun7\nPATREON: https://www.patreon.com/andykun\nMy Dailymotion:goo.gl/m534mD\n\n\nFor copyright matters please contact us:gameforyou21@gmail.com\n\nLicensed under Creative Commons: By Attribution 3.0 License\nhttp://creativecommons.org/licenses/by/3.0/,2018-03-06T09:00:01.000Z,81521,141,346,132
JP,【遊戯王】負ければガチで地獄！！１万円のトレドロに過去最高額１０万円分挑戦してみた！！！！！,みさわ,Entertainment,"\"遊戯王|\"\"開封\"\"|\"\"開封動画\"\"|\"\"神\"\"|\"\"豪華\"\"|\"\"限定\"\"|\"\"絶版\"\"|\"\"大量\"\"|\"\"福袋\"\"|\"\"神回\"\"|\"\"高額\"\"|\"\"高価\"\"|\"\"貴重\"\"|\"\"希少\"\"|\"\"地雷\"\"|\"\"奇跡\"\"|\"\"プレゼント企画\"\"\"",俺は負けたくないいいいいいいい！！！みさわオリジナルグッズ絶賛発売中!!https://uuum.skiyaki.net/misawamisawa/item/latestサブチャンネルhttps://www.youtube.com/channel/UCLKfi-8GJykpBNn0ROZWEqA【Twitter】https://twitter.com/misawa338338【ファンレター等はコチラ】〒106-6134 東京都港区六本木6-10-1 六本木ヒルズ森タワー 34F UUUM株式会社 みさわ宛,2018-05-23T10:00:07.000Z,81420,583,859,167
JP,■報道に違和感■桝太一アナ ZIPの仲間意識 山口達也メンバーの報道 淡々と事実だけ語る,ninjin makka,News & Politics,報道に違和感、桝太一アナ、ZIPの仲間意識、山口達也メンバーの報道、淡々と事実だけ語る,"",2018-04-26T17:09:14.000Z,80608,46,120,110
JP,渋谷すばる脱退会見で錦戸亮が放った〝ある一言〟に一同驚愕...,実況!パワフル芸能NEWS,Entertainment,"\"実況！パワフル芸能NEWS|\"\"関ジャニ∞\"\"|\"\"関ジャニ\"\"|\"\"エイター\"\"|\"\"エイト\"\"|\"\"渋谷すばる\"\"|\"\"錦戸亮\"\"|\"\"大倉忠義\"\"|\"\"安田章大\"\"|\"\"村上信五\"\"\"",＜ チャンネル登録　＞\nhttp://www.youtube.com/channel/UCA1k1Hd-i4p9e_bIdbz6QSw?sub_confirmation=1\n\n渋谷すばる 本人が語る関ジャニ∞脱退の本当の理由…会見前にファンクラブ会員に本心を明かした…ジャニーズ事務所も退社\nhttps://www.youtube.com/watch?v=gKs8WovXXv8\n\n関ジャニ∞渋谷すばる脱退をファンクラブで報告 注目される今後の動向 揺れるJ帝国\nhttps://www.youtube.com/watch?v=yH4PnGUgYww\n\n渋谷すばる、関ジャニ脱退だけじゃなくジャニーズ退所を決めた理由！\nhttps://www.youtube.com/watch?v=JxQXMLJVHVU\n\n関ジャニ∞渋谷すばるの退所の決断にファン涙…脱退以上のインパクトで失神者続出…\nhttps://www.youtube.com/watch?v=PrNMaxzMOGY\n\n関ジャニ渋谷すばる電撃脱退にファンが納得の理由とは...\nhttps://www.youtube.com/watch?v=CtNQuuWBaO4&t=25s,2018-04-15T05:16:03.000Z,805752,544,3445,786
JP,【中国】放送事故・カンフー達人にキレた総合コーチが,斉天大聖,People & Blogs,[none],またまた伝統武術キラーの徐晓冬さんがやってくれました,2018-03-21T03:03:54.000Z,8052,12,16,14
JP,フィッシャーズ虹mステ,放送局カツオ,People & Blogs,[none],ほかの動画も見てください\nチャンネル登録よろしくお願いします\nドラグノフくんの動画も見てください,2018-04-27T11:48:44.000Z,80011,192,1351,384
JP,プライムニュース 最新 2018年5月7日,プライムニュース最新2017年2,News & Politics,プライムニュース,プライムニュース 最新 2018年5月7日出演石破茂自由民主党衆議院国会議員渡辺周国民民主党副代表衆議院国会議員山田惠資時事通信社解説委員長,2018-05-07T13:03:54.000Z,7991,8,42,22
JP,180301 永井先生 兄弟雑談／ダサいダウンの件,HarkSouls,Entertainment,永井先生,1:18:40~レインボーダウンについて\n1:34:40~レインボーダウンについて\n1:35:40~博之帰宅\n\n3/1 収益 24500yen,2018-03-02T03:00:01.000Z,798,6,22,4
JP,日本よ頼む！サッカー日本代表 x ウクライナ ゴール・ハイライト,ASIAN KUNG-FU FOOTBALL,Sports,"\"サッカー日本代表|\"\"サッカー ゴール\"\"|\"\"槙野\"\"|\"\"中島翔哉\"\"|\"\"本田圭佑\"\"|\"\"ウクライナ代表\"\"|\"\"ASIAN KUNG-FU FOOTBALL\"\"\"",サッカー日本代表対ウクライナは、槙野のゴールで追いつくも、1- 2で惜しくも敗戦。どうなるワールドカップ?\n\n2018/3/27 日本代表1 - 2 ウクライナ 国際親善試合\n\nASIAN KUNG-FU FOOTBALL,2018-03-27T14:35:50.000Z,78632,51,87,338
JP,【ワンピース】第897話 最新話 速報まとめ＆感想（ネタバレ確定）,ワンピースに導かれし者達,People & Blogs,"\"890|\"\"890話\"\"|\"\"893\"\"|\"\"893話\"\"|\"\"894\"\"|\"\"894話\"\"|\"\"895\"\"|\"\"895話\"\"|\"\"896\"\"|\"\"896話\"\"|\"\"one piece\"\"|\"\"サンジ\"\"|\"\"ゾロ\"\"|\"\"ネタバレ\"\"|\"\"ネタバレ890話\"\"|\"\"ネタバレ895話\"\"|\"\"ネタバレ896話\"\"|\"\"ルフィ\"\"|\"\"レイジュ\"\"|\"\"ロー\"\"|\"\"ワンピース\"\"|\"\"ワンピース 896話\"\"|\"\"ワンピース 890話\"\"|\"\"ワンピース 891\"\"|\"\"ワンピース 891話\"\"|\"\"ワンピース 894\"\"|\"\"ワンピース 894話\"\"|\"\"ワンピース ネタバレ\"\"|\"\"ワンピース 伏線\"\"|\"\"ワンピース 最新話\"\"|\"\"ワンピース 考察\"\"|\"\"ワンピース896\"\"|\"\"ワンピース896話\"\"|\"\"ワンピース890\"\"|\"\"ワンピース890話\"\"|\"\"ワンピース891\"\"|\"\"ワンピース891話\"\"|\"\"ワンピース894\"\"|\"\"ワンピース894話\"\"|\"\"ワンピースネタバレ\"\"|\"\"ワンピースネタバレ890\"\"|\"\"ワンピースネタバレ890話\"\"|\"\"ワンピースネタバレ890話確定\"\"|\"\"ワンピースネタバレ895\"\"|\"\"ワンピースネタバレ895話\"\"|\"\"ワンピースネタバレ895話確定\"\"|\"\"ワンピースネタバレ最新\"\"|\"\"ワンピース伏線\"\"|\"\"ワンピース最新\"\"|\"\"ワンピース最新話\"\"|\"\"ワンピース考察\"\"|\"\"考察機動隊\"\"|\"\"考案\"\"|\"\"考海日誌325\"\"\"",▼毎日更新！チャンネル登録よろしくね\nhttps://www.youtube.com/channel/UCwONWoLs-5ubCuKcqaBBXdA\n\n＜オススメ動画はこちら＞\n【ワンピース伏線考察】エドワード・ウィーブルの初登場シーンに読者がダマされている可能性！？\nhttps://www.youtube.com/watch?v=MA79cgXe5o8\n【ワンヒ゜ース】カイト゛ウの正体はすて゛にファンの間て゛はハ゛レている！？（考察）\nhttps://www.youtube.com/watch?v=QdPgGhQKHAo\n【ワンヒ゜ース】ルフィ覚醒したのは見聞色て゛はなかった（考察）\nhttps://www.youtube.com/watch?v=5Zj5Yv7mKPI\nゾロを剣の道へ引きずり込んだキャラ（考察）【ワンピース大好き（新）】\nhttps://www.youtube.com/watch?v=A_WLgFa2K8k\n【ワンピース】衝撃事実！大将緑牛の正体があのキャラの息子だった！？（考察）\nhttps://www.youtube.com/watch?v=N0-TjRyL6qw\n【ワンピース】ご存知か…あの人物もカタクリに並ぶ実力者！？（考察）\nhttps://www.youtube.com/watch?v=kXkBC6prJCA\n【ワンヒ゜ース】シャンクスの持つ最上大業物か゛とんて゛もない（考察）\nhttps://www.youtube.com/watch?v=JOdEb-46qVQ\n【ワンピース】ご存知か…黒ひげとウソップのエグい関係！？（考察）\nhttps://www.youtube.com/watch?v=k--tZuP5ysw\n【ワンピース】ボンクレーが生き残れたワケ（考察）\nhttps://www.youtube.com/watch?v=87z1dkgg1pA\n【ワンピース】C・フランペについて尾田先生が驚きのコメント…（考察）\nhttps://www.youtube.com/watch?v=oyMsqDEMf28\n【ワンピース】ルフィが“第四の覇気”を開眼！？（考察）\nhttps://www.youtube.com/watch?v=9zxUD-yMUlQ\n【ワンヒ゜ース】「空白の100年」の真実は...（考察）\nhttps://www.youtube.com/watch?v=zeHgwelSOf4\n【ワンピース】「モンキー家」一族の秘密が遂に明らかに！？（考察）\nhttps://www.youtube.com/watch?v=LxR_IH80Y-o\n【ワンピース】（続）尾田先生 重大発表！  驚愕！来年登場 過去最大の敵！\nhttps://www.youtube.com/watch?v=-mlqohn4pLs\n【ワンヒ゜ース】この絵にクロコタ゛イルともう一人映っている…（考察）\nhttps://www.youtube.com/watch?v=y2bYR38zxOQ\n【ワンピース】衝撃展開！？カタクリがルフィの仲間に…（考察）\nhttps://www.youtube.com/watch?v=3yyoT2UOnq8\n【ワンピース】スーロン（月の獅子）のエグい秘密とは！？（考察）\nhttps://www.youtube.com/watch?v=1FC1p1rUQhI\n【ワンヒ゜ース】再掲 ホ゛ニーとエースの名前をつなけ゛ると   分かる伏線（考察）\nhttps://www.youtube.com/watch?v=0MQOf8dfDhw\n【ワンピース】公式発表！？カタクリの父親の正体は…（考察）\nhttps://www.youtube.com/watch?v=nmEjbU3NtAI\n【ワンヒ゜ース】2929て゛はなく9292の実の能力者（考察）\nhttps://www.youtube.com/watch?v=-6Zynlj6qBc\n【ワンピース】ゼファーの右腕を切り落とした男!白ひげJr・王下七武海エドワード・ウィーブルの懸賞金・能力!!\nhttps://www.youtube.com/watch?v=MSO8R_nP3Tw\n【ワンピース】ロジャーに隠し子あり?その子の正体がやはり…\nhttps://www.youtube.com/watch?v=eDucKNmnT3E\n【ワンピースネタバレ】お気づきか？ルフィがカタクリとの戦いで思ったことを全部言ってるのは全て作戦だった!!\nhttps://www.youtube.com/watch?v=OM5tsJJ5HVg\n【ドラゴンボールネタバレ】力の大会終了後悟空によって全宇宙が復活!!しかし第10宇宙だけは…\nhttps://www.youtube.com/watch?v=71Q5CIPI4RE\n【ワンピース】ルフィがゴムゴムの実を食べたのはヤツの策略だった!!\nhttps://www.youtube.com/watch?v=lAIhhSrTG7I\n【ワンピース】お気づきか？ルフィは戦いを通してカタクリの技を吸収してた!!\nhttps://www.youtube.com/watch?v=4b84o7fmXi8\n【ワンピース】ローが「○○屋」と呼ぶのは実は○が深く関係していた\nhttps://www.youtube.com/watch?v=VY8qWkOxiXY\n【ワンピース】お分かりだろうか?この絵はWCI編後の麦わらの一味の重要な未来を暗示していた!\nhttps://www.youtube.com/watch?v=TKnZX6WbuQE\n【ジョジョ】仗助を助けた謎の不良の正体…え?\nhttps://www.youtube.com/watch?v=iauGxa4ksHk\n【ワンピース】ワノ国編で回収される伏線・展開が流出?\nhttps://www.youtube.com/watch?v=IKQPAEWKVCQ\n【ワンピース】アーロンは強いのに懸賞金が異常に低すぎる理由が悲惨だった…\nhttps://www.youtube.com/watch?v=6PsogLbS2kw\n【ワンピース】スクープ!!2018年ジャンプ最新号の付録には、ルフィをはじめ「最悪の世代」全員が登場する!!\nhttps://www.youtube.com/watch?v=0_8-nF91zh4\n【ワンピース】ドフラミンゴは知らなかった…。ドンキホーテ・ファミリーにはロー以外に「もう一人」Dの名を持つ者がいたことを…。\nhttps://www.youtube.com/watch?v=2EnUbPq4UCo\n【ワンピース】カタクリはヤツを恐れてる!\nhttps://www.youtube.com/watch?v=WPaGsWFQxQ0\n【ワンピース】ルフィの新たなギア5の正体!!そしてついに覚醒?\nhttps://www.youtube.com/watch?v=62gqkgVsagM\n【ワンピース】お分かりだろうか？ジャンプ今月号の付録のトランプ！実はこれよく見てみると、面白い作りになってた！\nhttps://www.youtube.com/watch?v=ilOm_2Bmfzo\n【ワンヒ゜ース】第895話 最新話 ネタハ゛レ”キ゛ア４ 蛇男”（展開ハ゛レ）\nhttps://www.youtube.com/watch?v=Kv6DUYr8tk4\n【ワンピース】第896話 最新話 ネタバレ“王蛇”（展開予想）\nhttps://www.youtube.com/watch?v=sy4Lsd0akDg\n【ワンピースネタバレ】ギア4スネイクマンの意志を持つ拳・大蛇(パイソン）は自動追尾しているのではなく…!!\nhttps://www.youtube.com/watch?v=OHI-w79esIo\n【ワンピースネタバレ】お気づきか？ルフィがカタクリとの戦いで思ったことを全部言ってるのは全て作戦だった!!\nhttps://www.youtube.com/watch?v=OM5tsJJ5HVg\n【ワンピースネタバレ】お気づきか？ルフィのギア4の形態はスネイクマン以外のもまだまだ沢山あった!!\nhttps://www.youtube.com/watch?v=ZVeObRVaZYU\n【ワンピース】第895話 最新話 速報まとめ＆感想（ネタバレ確定）\nhttps://www.youtube.com/watch?v=tjtDEQ7UxEo\n【ワンピース】第896話 最新話 ネタバレ“蛇と餅の結末”（展開予想）\nhttps://www.youtube.com/watch?v=Ju7n7cdycgk\n【ワンピースネタバレ】最新話・第895話をのぞき見!決着へのタイムリミットはあと3分!!\nhttps://www.youtube.com/watch?v=t1vsdQlNsek\n【ワンピース】第895話 最新話 ネタバレ“カタクリの敗北を知ったオーブン”（展開予想）\nhttps://www.youtube.com/watch?v=Xc5Kl7fDcoE\n【ワンピースネタバレ】最新話をのぞき見!!カカオ島の大船団を前に現れる助っ人が…!!!\nhttps://www.youtube.com/watch?v=aBWOcb4jYXU\n【ワンピースネタバレ】公式発表!!尾田先生「今年はアイツのエピソードを描きます!」\nhttps://www.youtube.com/watch?v=OzIJQdzbopE\n【ワンピースネタバレ】最新話・第895話をのぞき見?ルフィ「 もう一発!!!!」カタクリ「来い…」\nhttps://www.youtube.com/watch?v=lmDy7oxHIIU\n【ワンヒ゜ース】第895話 最新話 ネタハ゛レ”大蛇銃vs斬切餅”（展開予想）\nhttps://www.youtube.com/watch?v=smZvesOgXvE\n【ワンピース】第896話 最新話 ネタバレ“蛇と餅の結末”（展開予想）\nhttps://www.youtube.com/watch?v=Ju7n7cdycgk\n【ワンピース】第896話 最新話 ネタバレ“王蛇”（展開予想）\nhttps://www.youtube.com/watch?v=sy4Lsd0akDg\n【ワンピース】第895話 最新話 速報まとめ＆感想（ネタバレ確定）\nhttps://www.youtube.com/watch?v=tjtDEQ7UxEo\nOne Piece 822 Preview [Sanji's Bento]\nhttps://www.youtube.com/watch?v=S1wn-Dxf4c0\n【ワンピース最新情報】895話 894話ギア4新バージョンスネイクマン！？\nhttps://www.youtube.com/watch?v=8HFlY8hwQxg\n【ワンピース】第895話 最新話 ネタバレ“切り札”（展開予想）\nhttps://www.youtube.com/watch?v=PJGIO8P3lkw\n【ワンピース】最新話！弱すぎるビッグマム！四皇大失態！\nhttps://www.youtube.com/watch?v=U3grikcTysw\n【ワンピース】第895話 最新話 ネタバレ“新技！大蛇鐘楼！”（展開予想）\nhttps://www.youtube.com/watch?v=vnB-cgZEjeY,2018-03-08T09:15:47.000Z,78326,31,190,12
JP,後藤真希の弟・祐樹が『関係を持ったモー娘メンバー』暴露で判明！遂に沈黙を破った。「まじで？？」,ヒマラボ,People & Blogs,ヒマラボ,これにはまじびっくりしました。まさかあの人との関係があったなんて。。お姉ちゃんはどう思ってたんでしょうかね・・？,2018-05-09T05:07:38.000Z,78251,96,278,60
