country,title,channel_title,category,tags,description,publish_time,views,likes,dislikes,comment_count
MX,America vs Cruz Azul 2-1 Goles y Resumen Jornada 13 Clausura 2018,Brothers sports,Sports,[none],america vs cruz azul,2018-04-01T04:52:33.000Z,530312,433,708,801
MX,ANA MORQUECHO baila sc0oby d0 papa - bebeshita canta cancion de lapizito | Enamorandonos,WAXTERNOC,Entertainment,"\"amorosos|\"\"enamorandonos\"\"|\"\"instagram\"\"\"","",2018-02-05T03:42:03.000Z,525639,524,890,59
MX,GUSTAVO MATOSAS NUEVO DIRECTOR TECNICO DE CRUZ AZUL PEDRO CAIXINHA SE VA DE LA MAQUINA,Lord Fer LEE,Sports,"\"CRUZ AZUL|\"\"MAQUINA CELESTE\"\"|\"\"CEMENTEROS\"\"|\"\"CRUZAZULEAR\"\"|\"\"PEDRO CAIXINHA\"\"|\"\"CAIXINHA\"\"|\"\"GUSTAVO MATOSAS\"\"|\"\"MATOSAS\"\"|\"\"PACO JEMEZ\"\"|\"\"JEMEZ\"\"|\"\"YAYO DE LA TORRE\"\"|\"\"BILLY ALVAREZ\"\"|\"\"GULLIT PEÑA\"\"|\"\"FICHAJE BOMBA\"\"|\"\"FICHAJE\"\"|\"\"REFUERZO\"\"|\"\"CLAUSURA 2018\"\"|\"\"LIGA MX\"\"|\"\"COPA MX\"\"|\"\"CONCACAF\"\"|\"\"CONCACHAMPIONS\"\"|\"\"MUNDIAL DE CLUBES\"\"|\"\"SELECCION MEXICANA\"\"|\"\"HEXAGONAL\"\"|\"\"CONFEDERACIONES\"\"|\"\"COPA ORO\"\"|\"\"RUSSIA 2018\"\"|\"\"MUNDIAL DE RUSSIA 2018\"\"|\"\"RICARDO PELAEZ\"\"|\"\"PELAEZ\"\"\"","CRUZ AZUL SE DESPIDE DEL TORNEO DE LA COPA MX AL QUEDAR EMPATADOS ANTE ALEBRIJES, GUSTAVO MATOSAS SE PERFILA PARA LLEGAR A LA MAQUINA CELESTE",2018-02-22T20:01:15.000Z,52534,73,153,56
MX,ALEXA ARREMETE CONTRA YURI  Y LA PRODUCCIÓN DE LA VOZ MÉXICO,SinTonNison,Entertainment,[none],"",2017-11-14T07:59:53.000Z,5239,12,25,31
MX,Episodio 01 | Reto 4 Elementos,Reto 4 Elementos,Entertainment,"\"Reto 4 elementos|\"\"Monserrat Oliver\"\"|\"\"competencia\"\"|\"\"4 elementos\"\"|\"\"Televisa\"\"|\"\"Canal 5\"\"|\"\"programa completo\"\"|\"\"Exatlón México\"\"|\"\"La Isla\"\"|\"\"reallity show\"\"|\"\"reto 4 elementos participantes\"\"|\"\"Univisión\"\"|\"\"capitulo 01\"\"|\"\"capitulo completo\"\"|\"\"equipo actores\"\"|\"\"equipo conductores\"\"|\"\"equipo modelos\"\"|\"\"equipo renovados\"\"|\"\"equipo luchadores\"\"|\"\"equipo deportistas\"\"|\"\"equipo comediantes\"\"|\"\"equipo fitness\"\"|\"\"primeros eliminados de la competencia\"\"|\"\"Bengala lesionado en Reto 4 elementos\"\"|\"\"Mau Garza lesioando en Reto 4 elementos\"\"\"","En el primer capítulo de este programa conocerás a los 32 participantes en donde los actores, conductores, fitness y modelos sorprenden y el equipo de luchadores se enfrentará a comediantes para no ser eliminados. \\n\\n\\nReto4Elementos es una gran competencia entre 32 celebridades que intentarán dominar los elementos de aire, fuego, agua y tierra, pero solo uno tendrá el honor de ser nombrado el “Maestro de los 4 Elementos.” \\n\\nFacebook: http://bit.ly/2F0N9qF\\nTwitter: http://bit.ly/2FDb40p\\nInstagram: http://bit.ly/2oyhIhj\\nYouTube: http://bit.ly/2HUfIrI",2018-03-20T04:14:37.000Z,523474,6449,10555,5720
MX,Televisa se burla de Atala Sarmiento,YouTube 20 M vistas,People & Blogs,Atala Sarmiento Televisa Cuéntamelo Ya Ventanenado,"",2018-03-26T04:50:16.000Z,52221,82,344,61
MX,¿Raúl de Molina se tira tremendo pedo en vivo en El Gordo y La Flaca?,Los Capitanes HD,Entertainment,"\"Raúl de Molina|\"\"se tira\"\"|\"\"tremendo pedo\"\"|\"\"pedo en vivo\"\"|\"\"El Gordo y La Flaca\"\"\"","",2018-03-18T10:39:47.000Z,51874,80,773,70
MX,¡Raúl Araiza le grita y se pelea con Andrea Legarreta en plena transmisión de Hoy!,noticias loquenderas,People & Blogs,"\"noticias|\"\"noticia\"\"|\"\"noticias de hoy\"\"|\"\"noticias al momento\"\"|\"\"noticias de la semana\"\"|\"\"televisa\"\"|\"\"tv azteca\"\"|\"\"sin pelos en la lengua\"\"|\"\"express noticias\"\"|\"\"2018\"\"|\"\"noticias 2018\"\"|\"\"raul araiza\"\"|\"\"andrea legarreta\"\"|\"\"pelea entre arturo araiza y andrea legarreta\"\"|\"\"programa hoy\"\"|\"\"hoy\"\"|\"\"fernando del solar\"\"|\"\"pelea en vivo\"\"|\"\"pelea en hoy en vivo\"\"|\"\"canal de las estrellas\"\"|\"\"las estrellas\"\"|\"\"raúl araiza\"\"\"","NOTICIA:¡Raúl Araiza le grita y se pelea con Andrea Legarreta en plena transmisión de Hoy!Ella le estaba haciendo caras y malos comentarios, cuando él se dio cuenta le alzó la voz y después pasó esto.Las cosas en el programa Hoy siguen poniéndose cada vez más tensas, no solo por la diferencia de opiniones que los conductores han tenido con Magda Rodríguez y sus incómodas dinámicas, pues esta semana ya se pelearon en plena transmisión dos integrantes que estallaron y no les importó que había cámaras grabándolos, incluso que el público los estaba viendo.Hablamos de Andrea Legarreta y Raúl Araiza, quienes en la dinámica de 'Te cargó el payaso' no aguantaron más y se gritaron. El pleito comenzó por culpa de Andrea, quien se la pasó haciéndole caras a Raúl, así como comentarios criticándolo por su conducción de hueva.La Legarreta no fue nada discreta con sus observaciones, pues junto con Galilea estaban acabando a su compañero entre caras de desprecio, hasta que Araiza se dio cuenta y la encaró no importándole que estaban en vivo.Y es que fue en el turno de Yanet García cuando 'El Negro' escuchó a Andrea y Galilea decir que estaba de flojera, por lo que furioso le puso un alto: ¿Qué quieres, qué quieres, qué no te gusta, qué quieres, me estás llamando a mí?. Una vez que Araiza detuvo la dinámica para alzarle la voz a la Legarreta, todos se quedaron en silencio desconcertados por la pelea. Es en este momento que entra Fer Del Solar para calmarlo y lo abraza al ver que esa breve discusión pudo salirse de control.De acuerdo con una emisión radiofónica, este pleito entre Andrea y Raúl continuó al día siguiente, ya que no se dirigieron la palabra y hasta tuvieron que desayunar en diferentes grupos para no toparse, porque no le aguantó este desplante.",2018-05-10T16:42:17.000Z,51823,30,32,3
MX,"Bruno Mars,Charlie Puth,Ed Sheeran Best Christmas Songs,Greatest Hits Pop Playlist Christmas 2018",Audio Music,Music,"\"Charlie puth|\"\"Charlie puth Greatest\"\"|\"\"Charlie Puth Songs\"\"|\"\"Best Charlie Puth\"\"|\"\"charlie puth album\"\"|\"\"We Don't Talk Anymore\"\"|\"\"Marvin Gaye\"\"|\"\"Charlie Puth Best Of\"\"|\"\"bruno mars\"\"|\"\"bruno mars greatest\"\"|\"\"bruno mars playlist\"\"|\"\"bruno mars best of\"\"|\"\"bruno mars songs\"\"|\"\"bruno mars top songs\"\"|\"\"Grenade\"\"|\"\"Shape of You\"\"|\"\"Ed Sheeran\"\"|\"\"Ed Sheeran live\"\"|\"\"bruno mars christmas song\"\"|\"\"bruno mars christmas album\"\"|\"\"charlie puth christmas album\"\"|\"\"charlie puth ch\"\"\"","Bruno Mars,Charlie Puth,Ed Sheeran Best Christmas Songs,Greatest Hits Pop Playlist Christmas 2018\\nBruno Mars,Charlie Puth,Ed Sheeran Best Christmas Songs,Greatest Hits Pop Playlist Christmas 2018\\nBruno Mars,Charlie Puth,Ed Sheeran Best Christmas Songs,Greatest Hits Pop Playlist Christmas 2018\\nThank You For Watching Video\\nYou please support the channel by :\\nSubscribe Channel : https://goo.gl/uX9syJ\\nFollow Tweet : https://goo.gl/DskcZm\\nFollow G+ : https://goo.gl/uJd5jr\\nFollow Facebook : https://goo.gl/rcefo2",2018-02-09T17:10:03.000Z,51814,80,88,187
MX,Alan Wolf habla de Enamorándonos y otras cosas,Los koolturetas,People & Blogs,"\"Alan Wolf|\"\"Enamorandonos\"\"\"",El influencer Alan Wolf nos platica lo ocurrido en el programa enamorándonos y sobre sus próximos proyectos.\n\nRedes sociales de Alan Wolf:\n\nFacebook: https://www.facebook.com/alanwolfofficial\n\nYoutube: https://www.youtube.com/user/skateboarmex\n\nInstagram: https://www.instagram.com/alanwolf1/?hl=es,2018-01-08T00:43:14.000Z,5180,25,33,11
MX,EL AMERICA CORRE A MATEUS URIBE POR EL CORTE DE MANGA A MIGUEL HERRERA LO PONDRAN EN VENTA?,Lord Fer LEE,Sports,"\"AMERICA|\"\"CLUB AMERICA\"\"|\"\"AGUILAS DEL AMERICA\"\"|\"\"NIDO DE COAPA\"\"|\"\"PIOJO HERRERA\"\"|\"\"PIOJO\"\"|\"\"MIGUEL HERRERA\"\"|\"\"AMERICA VS PUEBLA\"\"|\"\"MATEUS URIBE\"\"|\"\"URIBE\"\"|\"\"MATEUS\"\"|\"\"FICHAJE BOMBA\"\"|\"\"FICHAJE\"\"|\"\"REFUERZO\"\"|\"\"CLAUSURA 2018\"\"|\"\"LIGA MX\"\"|\"\"COPA MX\"\"|\"\"CONCACAF\"\"|\"\"CONCACHAMPIONS\"\"|\"\"MUNDIAL DE CLUBES\"\"|\"\"SELECCION MEXICANA\"\"|\"\"HEXAGONAL\"\"|\"\"CONFEDERACIONES\"\"|\"\"COPA ORO\"\"|\"\"RUSSIA 2018\"\"|\"\"MUNDIAL DE RUSSIA 2018\"\"|\"\"RICARDO PELAEZ\"\"|\"\"PELAEZ\"\"\"",EL AMERICA CORRE A MATEUS URIBE POR EL CORTE DE MANGA A MIGUEL HERRERA LO PONDRAN EN VENTA,2018-04-22T17:00:40.000Z,51740,52,115,71
MX,Paty Chapoy ABANDONA ENOJADA el foro de VENTANEANDO por culpa de DANIEL bisogno,Todo Tv Azteca,People & Blogs,"\"ventaneando|\"\"paty chapoy\"\"|\"\"paty chapoy dice groseria en ventaneando\"\"|\"\"paty chapoy sale del foro\"\"|\"\"paty chapoy enojada\"\"|\"\"paty chapoy molesta\"\"|\"\"paty chapoy abandona el foro\"\"\"",Ventaneando\nPaty chapoy\nPaty chapoy enojada\nPaty chapoy molesta,2018-03-08T02:02:20.000Z,513891,962,7947,0
MX,Rosy McMichaels engañada por su esposo Aaron el huevon,desenmascarando mentirosas,People & Blogs,"\"RosyMcmichaels|\"\"makeupbyjh\"\"|\"\"sandracires\"\"|\"\"lauramakeup\"\"|\"\"lifestyle\"\"|\"\"vlogs\"\"|\"\"makeup\"\"|\"\"news\"\"|\"\"psp\"\"|\"\"xbox\"\"|\"\"aaronmcmichael\"\"|\"\"nyx\"\"\"",Ahi me disculpan por la 🙃 pero sino no se veia la super conversacion del ASQUEROSO del aaron,2018-03-29T18:19:59.000Z,5132,38,104,71
MX,CHIVAS vs TORONTO.  GRAN FINAL EN VIVO,GENESPUNK,Music,[none],"Enlace 1:\\nhttp://yuxrv.blogspot.mx/p/2.html#2\\n\\nEnlace 2:\\nhttp://gozonasports.me/live.php?id=10#1-13\\n\\nRecuerda cerrar la publicidad en las x. Enlaces sin fallas, reales y verificados.\\n\\nCHIVAS de GUADALAJARA vs TORONTO FC.  GRAN FINAL EN VIVO. CONCACHAMPEONS, CONCACAF LIGA DE CAMPEONES",2018-04-26T01:34:02.000Z,51178,27,66,17
MX,Hirving Chucky Lozano vs Excelsior | Jugadas y Gol | EXCELSIOR 1-2 PSV | Eredivisie 2017 HD,Memes FUT,Sports,"\"Hirving|\"\"Chucky\"\"|\"\"Lozano\"\"|\"\"vs\"\"|\"\"Excelsior\"\"|\"\"Jugadas\"\"|\"\"Gol\"\"|\"\"EXCELSIOR\"\"|\"\"1-2\"\"|\"\"PSV\"\"|\"\"Eredivisie\"\"|\"\"2017\"\"|\"\"HD\"\"\"",Hirving Chucky Lozano vs Excelsior | Jugadas y Gol | EXCELSIOR 1-2 PSV | Eredivisie 2017 HD,2017-11-26T15:22:30.000Z,50238,59,103,12
MX,LAS MEJORES BROMAS PESADAS DEL 2018,TheChacal547,Comedy,"\"bromas pesadas|\"\"Bromas graciosas\"\"|\"\"SI TE RÍES\"\"|\"\"si sonries pierdes\"\"|\"\"videos graciosos\"\"|\"\"los mejores videos graciosos\"\"|\"\"videos de risa\"\"|\"\"videos chistosos\"\"|\"\"chica sexy\"\"|\"\"caidas\"\"|\"\"bromas\"\"|\"\"sustos\"\"|\"\"bromas que matan\"\"|\"\"bromas en la calle\"\"|\"\"bromas de terror\"\"|\"\"videos de terror\"\"|\"\"Bromas a mujeres\"\"|\"\"caidas graciosas\"\"|\"\"susto de mujeres\"\"|\"\"funny videos\"\"|\"\"si te ries ganas\"\"|\"\"si te ries\"\"|\"\"riete\"\"|\"\"pierdes si te ries\"\"|\"\"si\"\"|\"\"2018\"\"|\"\"Videos De Risa\"\"|\"\"videos\"\"|\"\"de\"\"|\"\"risa\"\"|\"\"comedia\"\"|\"\"YouTube\"\"|\"\"Comedy\"\"|\"\"humor\"\"|\"\"top\"\"|\"\"susto\"\"|\"\"Terror\"\"|\"\"Hilarious\"\"|\"\"prank\"\"\"","Video para partirse de risa! pero cuidado, intenta no reírte o perderás el juego! dejad en los comentarios si te has reído o no! darle a like y suscribios si os ha gustado el video o queréis más don't laugh challenge!\\n\\nFacebook: https://www.facebook.com/Chacal537\\nTwitter: https://twitter.com/TheChacal537\\n\\nVER MÁS VIDEOS:\\n\\nSI TE RÍES, PIERDES | Videos Para Morirse De La Risa (Bromas Pesadas)\\nhttps://youtu.be/x6c8HFpIoQI\\n\\nLAS MEJORES BROMAS DEL 2018\\nhttps://youtu.be/E9h6Km2vowY\\n\\nSUSTOS GRACIOSOS\\nhttps://www.youtube.com/watch?v=nKjXZ_vU57M\\n\\nLas Mejores Bromas - chistosas graciosas pesadas\\nhttps://www.youtube.com/watch?v=h16uih1k-bo\\n\\nSi te Ries Pierdes Reto Gatos Graciosos\\nhttps://www.youtube.com/watch?v=rh6mmg3r-R0\\n\\nBROMA DE TERROR | Hombre Sin Cabeza | Bromas en las calles\\nhttps://www.youtube.com/watch?v=8OdbKQ5C_wk",2018-04-28T17:26:35.000Z,499152,2738,4016,590
MX,"Vuelto, no volvido, Presidente",Aristegui Noticias,News & Politics,"\"video aristegui|\"\"aristegui noticias\"\"|\"\"peridismo\"\"|\"\"mexico\"\"|\"\"aristegui en vivo\"\"|\"\"noticias\"\"|\"\"news\"\"|\"\"politics\"\"|\"\"américa\"\"|\"\"europa\"\"|\"\"estados unidos\"\"|\"\"trump\"\"|\"\"peña nieto\"\"|\"\"videgaray\"\"\"","El Presidente, durante una conferencia en la OCDE sobre la implementación de Reformas estructurales en México, confundió la palabra vuelto y dijo se ha volvido....\\n\\nVisita http://www.aristeguinoticias.com",2017-12-12T00:59:05.000Z,499098,678,973,212
MX,"Acaba de estallar la bomba para Shakira y Piqué, los rumores eran ciertos",TeleTomas,Entertainment,"\"Noticias|\"\"Famosos\"\"|\"\"Escándalo\"\"|\"\"Shakira\"\"|\"\"Gerard Piqué\"\"|\"\"rumores\"\"|\"\"escándalo\"\"|\"\"bomba\"\"|\"\"polémica\"\"\"","Tu noticias de celebridades, chismes y¡Las mejores exclusivas, todo sobre la música, cine, moda - Una comunidad para las chicas y Chicos.Síguenos en Facebook Instagram Y TwitterFacebook: https://www.facebook.com/tomascachohn/ Instagram: https://www.instagram.com/tomascachohn/ Twitter: https://twitter.com/tomascachohn",2018-06-02T21:13:02.000Z,49590,190,348,75
MX,Ejecutivos de Televisa le dan esta noticia a Magda en su primera semana en Hoy,SHOWBIZ NOTICIAS,Entertainment,"\"ejecutivos|\"\"televisa\"\"|\"\"dan esta noticia\"\"|\"\"magda\"\"|\"\"su primera semana\"\"|\"\"hoy\"\"|\"\"Ejecutivos\"\"|\"\"de\"\"|\"\"Televisa\"\"|\"\"le\"\"|\"\"dan\"\"|\"\"esta\"\"|\"\"noticia\"\"|\"\"Magda\"\"|\"\"en\"\"|\"\"su\"\"|\"\"primera\"\"|\"\"semana\"\"|\"\"Hoy\"\"|\"\"Ejecutivos de Televisa le dan esta noticia a Magda en su primera semana en Hoy\"\"|\"\"yt:cc=on\"\"\"",Ejecutivos de Televisa le dan esta noticia a Magda en su primera semana en Hoy,2018-03-17T01:48:27.000Z,4951,10,20,19
MX,Televisos se BURLAN de LAPIZITO y LOS SHULOS ρσr la estαfα de magda rodriguez,idea 22,People & Blogs,"\"enamorandonos|\"\"lapizito\"\"|\"\"lapizito y lapizin\"\"|\"\"los shulos\"\"|\"\"hoy\"\"\"","",2018-04-01T20:47:09.000Z,49434,528,790,97
MX,POR FIN!! DOS FICHAJES BOMBA PARA EL CRUZ AZUL RUMBO AL CLAUSURA 2018 LIGA MX,Lord Fer LEE,Sports,"\"CRUZ AZUL|\"\"MAQUINA CELESTE\"\"|\"\"CEMENTEROS\"\"|\"\"PACO JEMEZ\"\"|\"\"CRUZAZULEAR\"\"|\"\"JEMEZ\"\"|\"\"YAYAO DE LA TORRE\"\"|\"\"MICHAEL ARROYO\"\"|\"\"ARROYO\"\"|\"\"MIKY ARROYO\"\"|\"\"CARLOS SALCIDO\"\"|\"\"SALCIDO\"\"|\"\"CHIVAS\"\"|\"\"CHIVAS RAYADAS\"\"|\"\"CHIVAS DEL GUADALAJARA\"\"|\"\"AMERICA\"\"|\"\"CLUB AMERICA\"\"|\"\"AGUILAS DEL AMERICA\"\"|\"\"NIDO DE COAPA\"\"|\"\"ALMEYDA\"\"|\"\"MATIAS ALMEYDA\"\"|\"\"PIOJO HERRERA\"\"|\"\"MIGUEL HERRERA\"\"|\"\"FICHAJE BOMBA\"\"|\"\"FICHAJE\"\"|\"\"REFUERZO\"\"|\"\"CLAUSURA 2018\"\"|\"\"APERTURA 2017\"\"|\"\"LIGA MX\"\"|\"\"COPA MX\"\"|\"\"CONCACAF\"\"|\"\"CONCACHAMPIONS\"\"|\"\"MUNDIAL DE CLUBES\"\"|\"\"SELECCION MEXICANA\"\"\"",CRUZ AZUL YA TIENE DOS REFUERZOS PARA EL CLAUSURA 2018 DONDE SE PREPARAN PARA PELEAR EN UN NUEVO TORNEO\nSE TRATA DE CARLOS SALCIDO DE CHIVAS\nY MIKY ARROYO EX AMERICANISTA,2017-11-12T23:10:35.000Z,49349,41,55,11
MX,Kenia Os Explico todo acerca del Hackeo - Me sacaron del Team Jukilop Injustamente,Kenneth Peña,People & Blogs,[none],"❌sigueme en mis redes sociales❌⭕ instagram:  https://www.instagram.com/elkoflard/⭕Facebook: https://www.facebook.com/elkoflard.10⭕ Suscríbete a el canal RECOMENDADO👉    ⭕❌El Fin de este vídeo es entretener e informar al publico en General, ojala lo disfruten. Espero que te guste el vídeo, dale ''Me Gusta'' y Compártelo con todos tus Amigos en tus Redes Sociales. No olvides Suscribirte, subimos vídeos DIARIOS así que estén activos. Para eso activa la campana de NOTIFICACIONES.❌",2018-05-04T20:27:41.000Z,492069,3743,5576,862
