country,title,channel_title,category,tags,description,publish_time,views,likes,dislikes,comment_count
RU,"CPΟЧΗΟ! И3 C.Ш.A ДΟCТABИΛИ «ΗΟBИЧΟK», БΡИТAΗИЯ EГΟ ΠΡИМEΗИΛA — Сергей Лавров — 15.04.2018",Новости 24/365,News & Politics,"\"новости 24/365|\"\"лавров\"\"|\"\"лавров 2018\"\"|\"\"сергей лавров\"\"|\"\"сергей лавров интервью\"\"|\"\"сергей лавров последнее\"\"|\"\"сергей лавров новое 2018\"\"|\"\"сергей лавров последнее 2018\"\"|\"\"мид\"\"|\"\"мид рф\"\"|\"\"мид россии\"\"|\"\"новости россии\"\"|\"\"15.04.2018\"\"|\"\"новости 15.04.2018\"\"\"","ァ iPhone 7 по распродаже — https://goo.gl/aHCeLu (кол-во ограничено)\\nЛавров обличил западных партнёров\\nПоддержать канал (в поддержку патриотических сил) — http://donatepay.ru/donation/news24365\\nНаш сайт — https://imperialnews.tk/ (обзор укр. и рос. СМИ , аналитика + открытые для сражений, комментарии)\\nНовости 24/365 — лучший политический канал, на котором уютно",2018-04-15T09:25:23.000Z,67919,740,6477,413
RU,Как Грудинин свои деньги скрывает,Молодые Коммунисты,People & Blogs,"\"грудинин|\"\"грудинин2018\"\"|\"\"загрудинина\"\"|\"\"коммунисты\"\"|\"\"коммунистыроссии\"\"|\"\"молодыекоммунисты\"\"|\"\"капитал\"\"|\"\"счета\"\"|\"\"враньё\"\"|\"\"ложь\"\"|\"\"выборы\"\"\"","Это вообще нормальная ситуация, когда от партии носящей название КПРФ в президенты баллотируется не просто капиталист, но ещё и лжец? Да, мы выступаем против сложившейся системы власти, которая богатых делает богаче, а бедных - беднее. Но ещё более опасен враг, который втёрся в доверие и действует от твоего имени.",2018-01-14T13:14:03.000Z,67886,2519,2751,867
RU,Индексация пенсий работающих пенсионеров с 1 апреля будет или нет,Kommentarii,News & Politics,Индексация пенсий работающих пенсионеров с 1 апреля,"KommentariiRU — Только Актуальные 🔥 Новости Пенсионного и Социального обеспечения ! Следите за событиями, Вам важна свежая информацию? Тогда вы сделали правильный выбор...Приятного просмотра...!!!  (http://youtube.com/KommentariiRU)\\n\\nУважаемые Друзья, Поставьте Лайк, Подпишитесь, Прокомментируйте Видео! Нажмите  на колокольчик 🔔, ЭТО ВАЖНО !!! \\nПодписаться ☛ https://goo.gl/kwod1o \\nКомментарии к видео ☛https://youtu.be/XOTsgOhPE08",2018-03-25T15:36:35.000Z,6785,21,44,4
RU,Филипа Киркорова хотят лишить звания Народного артиста за клип ЦВЕТ НАСТРОЕНИЯ СИНИЙ,STAR NEWS,People & Blogs,"\"филип киркоров цвет настроения синий|\"\"цвет настроения синий клип\"\"|\"\"цвет настроения синий\"\"|\"\"филип киркоров\"\"|\"\"филип киркоров и бузова\"\"|\"\"филип киркоров скандал\"\"|\"\"цвет настроения синий скандал\"\"|\"\"новости звезд\"\"|\"\"новости шоу бизнеса\"\"|\"\"новости знаменитостей\"\"|\"\"новости сегодня\"\"|\"\"жизнь звезд\"\"|\"\"Celebrity News\"\"|\"\"STAR NEWS\"\"\"","Смотрите Назревает скандал! Россияне требуют лишить Киркорова звания Народного артиста за клип ЦВЕТ НАСТРОЕНИЯ СИНИЙ. Новости шоу бизнесаНаш канал посвящен самым последним новостям из жизни знаменитостей. Для Вас мы подготовили самые свежие новости о звездах кино, музыки, политики, телевидения и спорта. На канале вы сможете найти интересные факты о мировых и российских звездах, а также забавные рейтинги звезд и знаменитостей. Все о звездах и знаменитостях, какими звезды в были в детстве, их семьи и многое другое мы публикуем ежедневно.Подписывайтесь на канал, чтобы первыми быть в курсе всего, о чем Вы хотите знать из мира шоу-бизнеса!Подписывайтесь на мой канал https://www.youtube.com/channel/UC8_kv_onkfYp5I9WXSOgKLA",2018-05-04T03:00:02.000Z,67847,996,1246,423
RU,КЭШБЕРИ. ЦИФРЫ И ФАКТЫ. ЛИЧНЫЙ ОПЫТ.,Кристина Щеглова,People & Blogs,"\"КЭШБЕРИ|\"\"ПАССИВНЫЙ ДОХОД\"\"|\"\"ИНВЕСТИЦИИ\"\"\"",Регистрация в КЭШБЕРИ: https://cashbery.com/?ref=25001\n★Моя страница в Facebook: https://www.facebook.com/kristina.shcheglova.7\n★Viber/Whatsapp/Telegram +38066-900-25-10\n\n\n\nПомощь каналу для развития:\n★ PrivatBank - 4731185611370617 \n★ W1.ua - 166418788162\n★ Яндекс кошелек - 410013964758285\n★ Payeer - P32395988\n★ WMZ - Z104540956527\n★ WMR - R339265137216\n★ WMU - U328520220351\n★ Advanced Cash - R 9989 3617 1805\n★ Advanced Cash - U 8001 7304 4795\n★ Advanced Cash - E 9784 7198 0605\n★ Advanced Cash - H 7110 2337 4585,2017-11-13T04:57:24.000Z,67840,19,638,99
RU,Ксения Собчак. Время покажет. Выпуск от 11.12.2017,Новости на Первом Канале,News & Politics,"\"Политика|\"\"Анатолий Кузичев\"\"|\"\"Артем Шейнин\"\"|\"\"Ксения Собчак\"\"|\"\"политолог\"\"|\"\"ток-шоу\"\"|\"\"эксперт\"\"|\"\"обсуждение\"\"|\"\"выборы\"\"|\"\"президент\"\"\"","Ксения Собчак объявила о своем намерении баллотироваться на пост президента России.\\n\\nВ студии программы «Время покажет» Ксения Собчак рассказывает, что она думает о выборах в России, озвучивает свою позицию о присоединении Крыма и оценивает собственные шансы на победу в борьбе за пост главы государства.\\n\\nПодписывайтесь на официальный канал «Новости на Первом Канале» на YouTube, будьте в курсе всех новостей и не пропустите новые выпуски.\\nhttps://www.youtube.com/channel/UCKonxxVHzDl55V7a9n_Nlgg?sub_confirmation=1",2017-12-11T14:08:11.000Z,67799,2265,3352,0
RU,Ксения Собчак в Верховном суде,Ксения Собчак,News & Politics,"\"собчак|\"\"ксения собчак\"\"|\"\"собчак против всех\"\"|\"\"против всех\"\"|\"\"кандидат против всех\"\"|\"\"выборы\"\"|\"\"выборы президента\"\"|\"\"выборы 2018\"\"|\"\"2018\"\"|\"\"президент\"\"\"","«Я делаю это для того, чтобы подчеркнуть важность судебной реформы». Верховный суд России рассмотрел заявление Ксении Собчак о признании регистрации Владимира Путина кандидатом на выборах недействительной. Суд отказал кандидату в удовлетворении заявления.",2018-02-16T11:46:34.000Z,67780,5709,6834,609
RU,ШЕВЧЕНКО СМЕЛО О ТРАГЕДИИ В КЕМЕРОВО ЗИМНЯЯ ВИШНЯ,НОВОСТИ ЭКОНОМИКИ,News & Politics,"\"выборы|\"\"Путин\"\"|\"\"Грудинин\"\"|\"\"Россия\"\"|\"\"Трагедия в Кемерово\"\"|\"\"Пожар\"\"|\"\"ТРЦ\"\"|\"\"МЧС\"\"|\"\"Тулеев\"\"|\"\"Дети\"\"|\"\"КПРФ\"\"|\"\"Жертвы\"\"|\"\"Катастрофа\"\"|\"\"новости экономики\"\"\"",ШЕВЧЕНКО СМЕЛО О ТРАГЕДИИ В КЕМЕРОВО ЗИМНЯЯ ВИШНЯ\nИсточник: https://www.youtube.com/watch?v=23_0-QAtpjQ\n📌Подпишись на наш Яндекс Дзен\nhttps://zen.yandex.ru/id/5aa589e4256d5ca73927dc4f\nПомощь каналу по желанию!!!\nhttp://donatepay.ru/donation/75727\n🔴Подпишись на канал: Новости Экономики http://qps.ru/IsUXo,2018-03-28T20:52:25.000Z,67482,2898,24997,947
RU,Грудинин в Ставрополье,Нейромир-ТВ,News & Politics,"\"Нейромир-ТВ|\"\"Павел Грудинин\"\"|\"\"Ставрополье\"\"|\"\"Минеральные воды\"\"\"",Прямая трансляция о пребывании Павла Грудинина в Ставропольском крае. https://neuromir.tv/ помощь каналу https://neuromir.tv/info/donations/,2018-03-16T15:14:45.000Z,67337,5492,17095,435
RU,"Ройзман вывел людей на улицы, дело на 2,5 млрд, путь кокаина в посольство | ИТОГИ ДНЯ | 02.04.18",Настоящее Время,News & Politics,[none],"— Дело на 2 с половиной миллиарда рублей. В России арестовали бизнесмена Зиявудина Магомедова и его брата.\\n— Отстоять право выбирать мэра города. В Екатеринбурге местные жители вышли на митинг.\\n— Операция настолько рискованная, что вряд ли была проведена без одобрения Кремля. Какие сведения об отравлении Скрипаля просочились в прессу? \\n— Как 12 чемоданов кокаина оказались в российской посольской школе в Аргентине? Эксклюзивное интервью посла Виктора Коронелли. \\n— В Москве задержали организатора пикета с картонной фигурой Слуцкого.",2018-04-02T17:00:58.000Z,67332,1846,3442,206
RU,مداد نيوز | الفرق بين السعودية والإمارات ودول الشعارات,Midad News,People & Blogs,"\"علي|\"\"عبدالله\"\"|\"\"صالح\"\"|\"\"نيوز\"\"|\"\"تميم\"\"|\"\"تركيا\"\"|\"\"ايران\"\"|\"\"رئيس\"\"|\"\"الخليج\"\"|\"\"خبر\"\"|\"\"دولة\"\"|\"\"الجزيرة\"\"|\"\"بن\"\"|\"\"زايد\"\"|\"\"سلمان\"\"|\"\"سكاي\"\"|\"\"ترامب\"\"|\"\"امريكا\"\"|\"\"مصر\"\"|\"\"قطر\"\"|\"\"السعودية\"\"|\"\"الامارات\"\"|\"\"احداث\"\"|\"\"سياسة\"\"|\"\"شعب\"\"|\"\"وطن\"\"|\"\"السيسي\"\"|\"\"الدوحة\"\"|\"\"شاهد\"\"|\"\"السلطات\"\"|\"\"الارهاب\"\"|\"\"الاخوان\"\"|\"\"داعش\"\"\"",قناة مداد نيوز منصة إعلامية متخصصة في محاربة التطرف وتفضح الدول الداعمة للإرهاب\nشاركنا برأيك ،، \n\n#مداد #مداد_نيوز \n\nللتواصل معنا عبر حساب التويتر :- \nhttps://twitter.com/Midad_News\n\n ولمتابعتنا علي Google + :- \nhttps://plus.google.com/u/4/101390061611593650978?hl=ar,2017-12-16T13:12:12.000Z,67321,343,1758,790
RU,Будем наблюдать / Алексей Венедиктов // 03.03.18,Эхо Москвы,News & Politics,"\"эхо москвы|\"\"онлайн смотреть\"\"|\"\"прямой эфир\"\"|\"\"echo.msk.ru\"\"|\"\"Будем наблюдать / Алексей Венедиктов\"\"|\"\"Ведущий: Сергей Бунтман.\"\"\"",Ведущий: Сергей Бунтман. \n\nПолная расшифровка эфира на сайте: https://echo.msk.ru/programs/observation/2158194-echo\n\nЗвонки: +7 495 363-36-59\nСМС: +7 985 970-45-45\n\nСетка вещания — http://echo.msk.ru/schedule\n\nПодпишитесь на другие каналы Эха Москвы:\nЭхо Общество — https://goo.gl/Pb2Bkd\nЭхо Культура — https://goo.gl/4oSHPY\nЭхо Авто — https://goo.gl/pgkXNW\nЭхо Спорт — https://goo.gl/R69Uw3\nДетское Эхо — https://goo.gl/Q6ybof\nДилетант — https://goo.gl/AoS8H9,2018-03-03T11:04:42.000Z,67229,1035,6426,287
RU,Живая Россия - Возвращение на Родину,"Это Россия, детка",People & Blogs,#ЭРД #Россия #Russia #Топ #ЖиваяРоссия #Родина #Отечество,"",2018-01-31T05:25:10.000Z,67197,144,559,448
RU,Митинг в Кемерово. Врач сказал правду про погибших.,Волхонский ЛАЙВ,People & Blogs,[none],В Кемерово проходит митинг. Пришло более 3.000 человек.  Врач больницы сказал что погибших 300 человек.  Народ требует правительство в отставку.\n\nПомощь каналу:\nСбербанк 4276 3000 4554 1094\nТинькофф 5536 9137 5390 3158\n\nПодписывайтесь на наш телеграмм канал:\n@volkhonskylive,2018-03-27T06:49:51.000Z,671660,13170,15097,4400
RU,СМОТРИМ КЛИПЫ и ТАНЦУЕМ с Людмила ЛЮДМУРИК и Андрей ГОБЗАВР - 25.02.2018,ГОБЗ ШОУ,Music,"\"стрим|\"\"шоу\"\"|\"\"стрим шоу\"\"|\"\"life\"\"|\"\"live\"\"|\"\"stream\"\"|\"\"gobzavr\"\"|\"\"гобзавр\"\"|\"\"гопзавр\"\"|\"\"gopzavr\"\"|\"\"андрей\"\"|\"\"жека\"\"|\"\"фанфурик\"\"|\"\"fanfurik\"\"|\"\"людмурик\"\"|\"\"ludmurik\"\"|\"\"прямой\"\"|\"\"эфир\"\"|\"\"прямая трансляция\"\"|\"\"прямая\"\"|\"\"трансляция\"\"|\"\"с\"\"|\"\"гобзи\"\"|\"\"жека фанфурик\"\"|\"\"гобзик\"\"|\"\"gob\"\"|\"\"gop\"\"|\"\"zavr\"\"|\"\"гоб\"\"|\"\"гоп\"\"|\"\"завр\"\"|\"\"шин\"\"|\"\"#gobzavr\"\"|\"\"#гобзавр\"\"|\"\"#фанфурик\"\"|\"\"#fanfurik\"\"|\"\"#маргинал\"\"|\"\"#шоу\"\"|\"\"Маргинальная туса хмырей\"\"|\"\"Маргенальная туса хмырей\"\"|\"\"маргинальная\"\"|\"\"туса\"\"|\"\"хмырей\"\"|\"\"тусовка\"\"|\"\"маргенальная\"\"|\"\"маргинал\"\"|\"\"маргиналы\"\"|\"\"маргеналы\"\"|\"\"хмыри\"\"|\"\"хмырь\"\"|\"\"маргинальная тусовка\"\"|\"\"пьянка\"\"|\"\"алкаши\"\"|\"\"сериал\"\"|\"\"шоу маргиналов\"\"|\"\"маргиналшоу\"\"\"","СМОТРИМ КЛИПЫ и ТАНЦУЕМ с Людмила ЛЮДМУРИК и Андрей ГОБЗАВР - 25.02.2018 - Следующий стрим будет в следующую СРЕДУ и СУББОТУ и начнётся в 18:00 по МОСКОВСКОМУ ВРЕМЕНИ по адресам: \\n- на ГУДГЕЙМЕ - https://goodgame.ru/channel/GOPZAVR/ \\n- на ЮУТБЕ -  https://www.youtube.com/c/GOBZSHOW/live \\n- на ТВИЧЕ - https://www.twitch.tv/gopzavr \\n- А, ЗАКАЗАТЬ СИГНУ или ВИДЕО от нас МОЖНО в НАШЕЙ ГРУППЕ в контактах: http://vk.com/gobzavr\\n- ДРУЗЬЯ ПОЖАЛУЙСТА ПОДПИШИТЕСЬ НА НАШИ ДОПОЛНИТЕЛЬНЫЕ КАНАЛЫ:\\n- Людмила ЛЮДМУРИК: https://www.youtube.com/c/LUDMURIK\\n- ГОБЗ ШОУ - НАРЕЗКИ: https://www.youtube.com/c/GOBZSHOW\\n-- ПРИСЛАТЬ НАМ ПОДАРОК или ПОМОЩЬ ДОНАТ можно на: \\nСБЕРБАНК карта: 639002729015407742\\nYandex кошелёк: 410012856871158\\nWebMoney кошелёк: R145007920984\\nQIWI кошелёк: +79088283185\\nPayPal: paypal.me/GOBZAVR\\n#гобзавр #людмурик #ludmurik #gobzavr #гопзавр #гобзик #гобз #гобзшоу #gobzshow #gopzavr #фанфурик #fanfurik #стрим #stream #live #life",2018-02-26T00:06:39.000Z,6709,83,134,1
RU,САМОЙЛОВА: Вся правда о Провале на Евровидении / The Люди,The Люди,People & Blogs,"\"Самойлова|\"\"Евровидение\"\"|\"\"Первый Канал\"\"|\"\"Провал\"\"|\"\"Фадеев\"\"|\"\"Eurovision\"\"|\"\"Юля Самойлова\"\"|\"\"Юлия Самойлова\"\"|\"\"The люди\"\"|\"\"Люди\"\"|\"\"Интервью\"\"|\"\"Лядов\"\"|\"\"Антон лядов\"\"\"","Для участия в розыгрыше 50 000 рублей:1. Подписаться на канал Егора https://goo-gl.ru/tqK2. Оставить комментарий под последним видео (от 15 мая)3. Ждать 31 маяЮтуб Канал Юли Самойловой: https://www.youtube.com/channel/UCdbcNF2r0qcENep-2YJYkGAАвторский проект Антона Лядова —Подпишись, чтобы не пропустить следующий выпуск:  https://goo-gl.ru/3o4Инстаграмм Лядова: https://www.instagram.com/anton_gerzen/ВК Лядова: https://vk.com/id2733742",2018-05-17T15:06:12.000Z,670381,5086,8381,4977
RU,Смесь цинизма и идиотизма,Радио Свобода,News & Politics,"\"Радио Свобода|\"\"Елена Рыковцева\"\"|\"\"Артур Гаспарян\"\"|\"\"Борис Барабанов\"\"|\"\"Артемий Троицкий\"\"|\"\"МК\"\"|\"\"Коммерсант\"\"|\"\"юлия самойлова\"\"|\"\"евровидение\"\"|\"\"eurovision\"\"|\"\"song contest\"\"\"","Двойной провал России на Евровидении. Артемий Троицкий, Борис Барабанов, Артур Гаспарян",2018-05-11T17:07:09.000Z,67034,1722,1865,0
RU,Полный Альбац / Послание Путина стране и миру // 05.03.18,Эхо Москвы,News & Politics,"\"эхо москвы|\"\"онлайн смотреть\"\"|\"\"прямой эфир\"\"|\"\"echo.msk.ru\"\"|\"\"Гости: Глеб Павловский\"\"|\"\"политолог; Игорь Малашенко\"\"|\"\"медиаменеджер. По скайпу: Дмитрий Горенбург\"\"|\"\"политолог из Гарвардского университета;\"\"|\"\"Полный Альбац / Послание Путина стране и миру\"\"|\"\"Ведущая: Евгения Альбац.\"\"\"","Гости: Глеб Павловский, политолог;\\nИгорь Малашенко, медиаменеджер.\\n\\nПо скайпу: Дмитрий Горенбург, политолог из Гарвардского университета;\\n\\nВедущая: Евгения Альбац.\\n\\nПолная расшифровка эфира на сайте: https://echo.msk.ru/programs/albac/2159116-echo\\n\\nЗвонки: +7 495 363-36-59\\nСМС: +7 985 970-45-45\\n\\nСетка вещания — http://echo.msk.ru/schedule\\n\\nПодпишитесь на другие каналы Эха Москвы:\\nЭхо Общество — https://goo.gl/Pb2Bkd\\nЭхо Культура — https://goo.gl/4oSHPY\\nЭхо Авто — https://goo.gl/pgkXNW\\nЭхо Спорт — https://goo.gl/R69Uw3\\nДетское Эхо — https://goo.gl/Q6ybof\\nДилетант — https://goo.gl/AoS8H9",2018-03-05T18:07:40.000Z,66992,1133,6922,178
RU,Netta - Toy - Israel - LIVE - Grand Final - Eurovision 2018,Eurovision Song Contest,Entertainment,"\"Eurovision Song Contest|\"\"2018\"\"|\"\"Lisbon\"\"|\"\"Netta\"\"|\"\"Toy\"\"|\"\"Israel\"\"|\"\"live\"\"|\"\"Grand Final\"\"\"",Netta represented Israel at the Grand Final of the 2018 Eurovision Song Contest with the song Toy. Read more about Netta here: https://spott.tv/topic/netta/PARTY_ROLE%7C8436d491-a12a-4de3-add0-2a55498b947b,2018-05-12T21:00:52.000Z,6675701,59997,102395,38085
RU,ТЕЗКОР ХАБАР ХАММА ЕРДА АВТОБУС ФОЖЕАСИГА АЛОҚАДОР ВА  РЕКЛАМАДАГИ АВТОБУСЛАР ШОК ВИДЕО,UzbekistaN INC,Comedy,"\"ТЕЗКОР ХАБАР|\"\"АВТОБУС ФОЖЕАСИ\"\"|\"\"ҚОЗОҚИСТОНДАГИ АВТОБУС\"\"|\"\"52 НАФАР\"\"|\"\"ХАМДАРДЛИК\"\"|\"\"ТЕЛЕГРАМ ПРИКОЛЛАРИ\"\"|\"\"ТЕЛЕГРАМ ХИТЛАРИ\"\"|\"\"ТЕЛЕГРАМ УЗ\"\"|\"\"УЗ ТЕЛЕГРАМ\"\"|\"\"УЗ ВИДЕО\"\"|\"\"ТОШКЕНТДАГИ КАМЕРА\"\"|\"\"ЯШИРИН КАМЕРА\"\"|\"\"ЎЗБЕКЧА\"\"|\"\"ЎЗБЕКЛАР\"\"|\"\"УЗБЕКИ\"\"|\"\"ОЗБЕКЧА\"\"|\"\"ОЗБЕК\"\"|\"\"УЗБ 2018\"\"|\"\"TEZKOR XABAR\"\"|\"\"AVTOBUS FOJEASI\"\"|\"\"QOZOQISTONDAGI AVTOBUS\"\"|\"\"52 NAFAR\"\"|\"\"XAMDARDLIK\"\"|\"\"TELEGRAM PRIKOLLARI\"\"|\"\"TELEGRAM XITLARI\"\"|\"\"TELEGRAM UZ\"\"|\"\"UZ VIDEO\"\"|\"\"TOSHKENTDAGI KAMERA\"\"|\"\"YASHIRIN KAMERA\"\"|\"\"O'ZBEKCHA\"\"|\"\"O'ZBEKLAR\"\"|\"\"UZBEKI\"\"|\"\"OZBEKCHA\"\"|\"\"OZBEK\"\"|\"\"UZB 2018\"\"\"",REKLAMA VA HAMKORLIK UCHUN MUROJATLAR\n\nKANAL ADMINI BILAN BOG'LANISH: https://t.me/McDostoN\nTELEGRAMDAGI GRUPPAMIZ: https://t.me/uzbekistaninc\nTELEGRAMDAGI KANALIMIZ: https://t.me/uzbekistaninc00,2018-01-21T14:19:22.000Z,66756,213,240,247
RU,ФСБ пытки в СИЗО. Куда пропал Камикадзе? ВЫБОРЫ 2018,Stanislav Morozov,People & Blogs,"\"станислав|\"\"морозов\"\"|\"\"вата\"\"|\"\"головного\"\"|\"\"мозга\"\"|\"\"вгм\"\"|\"\"расеянская\"\"|\"\"история\"\"|\"\"российская\"\"|\"\"хэ\"\"|\"\"икс\"\"|\"\"путен\"\"|\"\"путин\"\"|\"\"помоги\"\"|\"\"памаги\"\"|\"\"мультик\"\"|\"\"мультфильм\"\"|\"\"новые\"\"|\"\"серии\"\"|\"\"серия\"\"|\"\"камикадзе ди\"\"|\"\"камикадзе ди пародия\"\"|\"\"kamikadze\"\"|\"\"kamikadzedead грудинин\"\"|\"\"kamikadze_d пародия\"\"|\"\"Выборы 2018\"\"|\"\"путин 2018\"\"|\"\"навальный 2018\"\"|\"\"грудинин 2018\"\"|\"\"кто победит\"\"|\"\"пытки в тюрьмах\"\"|\"\"тюрьма\"\"|\"\"зона\"\"|\"\"как пытают\"\"|\"\"как пытают током\"\"|\"\"вбросы на выборах\"\"|\"\"вбросы за единую россию\"\"|\"\"вбросы за путина\"\"|\"\"вбросы бюллетеней\"\"|\"\"бойкот\"\"|\"\"бойкот выборам\"\"|\"\"дмитрий иванов\"\"\"",Заказать рекламу: https://vk.com/topic-44930415_34008350\nПытки в СИЗО: https://zona.media/article/2018/02/09/penza-tortures\nМой сериал Расеянсякая История: https://viuly.io/channel/56667\nВторой канал: https://www.youtube.com/channel/UC6OJxdp6wO7fntyobsoChsw\nКанал Виули: https://viuly.io/channel/56667\n======================================================\nПомощь в развитии канала:\nhttp://www.donationalerts.ru/widget/donation-goal?id=892658&token=ePftpEYui2eWeTNvi6Rf\nКарта Сбербанка: 5336 6900 0796 8664\nПочта: ycfilm@mail.ru \nМоя страница ВК: https://vk.com/morozov_ycfilm\nТелеграмм: @stanislavpnz\nГруппа ВК: https://vk.com/dabendorf,2018-03-02T10:05:35.000Z,66728,4920,21196,919
RU,Инаугурация президента России Владимира Путина. Прямой эфир,Россия 24,News & Politics,"\"последние новости|\"\"Россия 24\"\"|\"\"онлайн\"\"|\"\"новости дня\"\"|\"\"мировые новости\"\"|\"\"новости России\"\"|\"\"новости мира\"\"|\"\"в прямом эфире\"\"|\"\"вести\"\"|\"\"вести 24\"\"|\"\"Russia24\"\"|\"\"политика\"\"|\"\"экономика\"\"|\"\"бизнес\"\"|\"\"курсы валют\"\"|\"\"культура\"\"|\"\"технологии\"\"|\"\"спорт\"\"|\"\"интервью\"\"|\"\"специальный репортаж\"\"|\"\"происшествия\"\"|\"\"ВГТРК\"\"|\"\"информационный канал\"\"|\"\"24 часа\"\"|\"\"новости регионов\"\"|\"\"Путин\"\"|\"\"инаугурация путина 2018\"\"|\"\"инаугурация\"\"\"","Подпишитесь на канал Россия24: https://www.youtube.com/c/russia24tv?sub_confirmation=1Последние новости России и мира, политика, экономика, бизнес, курсы валют, культура, технологии, спорт, интервью, специальные репортажи, происшествия и многое другое.Официальный YouTube канал ВГТРК. Россия 24 - это единственный российский информационный канал, вещающий 24 часа в сутки. Мировые новости и новости регионов России. Экономическая аналитика и интервью с влиятельнейшими персонами. Смотрите также:60 минут - https://www.youtube.com/channel/UCR16nHT1nkmG7g9AkE9tGeQ?sub_confirmation=1Новости в прямом эфире - https://www.youtube.com/playlist?list=PLLHjKKyQ4OaQ73BA1ECZR916u5EI6DnEEМеждународное обозрение - https://www.youtube.com/playlist?list=PLLHjKKyQ4OaSEmz_g88P4pjTgoDzVwfP7Специальный репортаж - https://www.youtube.com/playlist?list=PLLHjKKyQ4OaQLdG0uLyM27FhyBi6J0IkfИнтервью - https://www.youtube.com/playlist?list=PLLHjKKyQ4OaReDfS4-5gJqluKn-BGo3JsРеплика - https://www.youtube.com/playlist?list=PLLHjKKyQ4OaQHbPaRzLi35yWWs5EUnvOsФакты - https://www.youtube.com/playlist?list=PLLHjKKyQ4OaR4eBu2aWmjknIzXn2hPX4cМнение - https://www.youtube.com/playlist?list=PLLHjKKyQ4OaST71OImm-f_kc-4G9pJtSGАгитпроп - https://www.youtube.com/playlist?list=PLLHjKKyQ4OaTDGsEdC72F1lI1twaLfu9cРоссия и мир в цифрах - https://www.youtube.com/playlist?list=PLLHjKKyQ4OaRx4uhDdyX5NhSy5aeTMcc4Вести в субботу с Брилевым - https://www.youtube.com/playlist?list=PL6MnxjOjSRsQAPpOhH0l_GTegWckbTIB4 Вести недели с Киселевым - https://www.youtube.com/playlist?list=PLLHjKKyQ4OaTpipoWQNR1ya5zp19Gc4ZBСпециальный корреспондент - https://www.youtube.com/playlist?list=PLDsFlvSBdSWfD19Ygi5fQADrrc4ICefyG Воскресный вечер с Соловьевым - https://www.youtube.com/playlist?list=PLwJvP0lZee7zYMGBmzUqNn16P71vHzgkU",2018-05-07T09:43:26.000Z,666030,11347,21393,12608
