country,title,channel_title,category,tags,description,publish_time,views,likes,dislikes,comment_count
IN,"Bigg Boss 11: Contestants who were not invited for Grand finale | Shilpa shinde, hina khan, vikas",TOP 10 STAR,Entertainment,"\"TOP 10 STAR|\"\"top10star\"\"|\"\"Contestants who were not invited for Grand finale\"\"|\"\"Bigg Boss 11\"\"|\"\"Contestants who were not invited\"\"|\"\"not invited for Grand finale\"\"|\"\"Shilpa shinde\"\"|\"\"hina khan\"\"|\"\"vikas gupta\"\"|\"\"not invited for finale\"\"|\"\"bigg boss 11 finale\"\"|\"\"shilpa shinde bigg boss 11 winner\"\"|\"\"bigg boss 11 winner\"\"|\"\"bigg boss 11 grand finale\"\"|\"\"finale\"\"|\"\"bigg boss 11 win\"\"|\"\"bigg boss 11 contestant\"\"|\"\"bigg boss 11 contestant not invited\"\"|\"\"vikas\"\"|\"\"Contestants\"\"|\"\"who\"\"|\"\"were\"\"|\"\"not\"\"|\"\"invited\"\"|\"\"for\"\"|\"\"Grand\"\"|\"\"Bigg Boss\"\"|\"\"season\"\"\"","Bigg Boss 11: Contestants who were not invited for Grand finale | Shilpa shinde, hina khan, vikas gupta",2018-01-15T08:39:43.000Z,450908,936,974,183
IN,Sri Reddy Sensational Comments On Hero Nani  Sri Reddy At Press Club | 4G Entertainments |,4G Entertainments,Entertainment,"\"sri reddy|\"\"Shocking Comments On Hero Nani\"\"|\"\"Sri Reddy At Press Club\"\"|\"\"sri reddy shocking comments\"\"|\"\"sri reddy comments on nani\"\"|\"\"Sri Reddy about Kona Venkat\"\"|\"\"4g entertainments\"\"|\"\"somajiguda press club\"\"|\"\"pawan kalyan about sri reddy\"\"|\"\"Actress SRI REDDY Applied For MAA Membership\"\"|\"\"Sri Reddy Fires On Celebrities\"\"|\"\"abn\"\"|\"\"pawan kalyan about rangasthalam\"\"|\"\"naga babu\"\"|\"\"hero nani\"\"|\"\"kona venkat\"\"|\"\"Sri Reddy Sensational Comments\"\"\"",Sri Reddy Shocking Comments On Hero Nani  Sri Reddy At Press Club  4G Entertainments,2018-05-04T06:12:36.000Z,448896,643,4192,665
IN,గజల్ శ్రీనివాస్ ని పట్టించింది ఈ వీడియోనే | Gazal Srinivas Case Details | Eagle Media Works,Eagle Media Works,Entertainment,"\"Eagle Media Works|\"\"Eagle Media Works Logo\"\"|\"\"Eagle Media\"\"|\"\"Media\"\"|\"\"Subscribe\"\"|\"\"Gazal srinivas\"\"|\"\"ghazal srinivas songs\"\"|\"\"gazal srinivas video\"\"|\"\"cctv\"\"|\"\"ghazal srinivas cc tv footage\"\"|\"\"ghazal srinivas worker\"\"|\"\"parvathi\"\"|\"\"parvathi and ghazal srinivas video\"\"|\"\"latest\"\"|\"\"telugu news\"\"|\"\"telugu news live\"\"|\"\"police\"\"|\"\"video proof\"\"|\"\"ghazal srinivas leaked video\"\"|\"\"ghazal srinivas whats app video\"\"|\"\"trending videos\"\"|\"\"viral news\"\"|\"\"police case on ghazal srinivas\"\"|\"\"aruna kumari\"\"|\"\"massage\"\"\"",Watch గజల్ శ్రీనివాస్ ని పట్టించింది ఈ వీడియోనే. Gazal Srinivas Case Details. Eagle Media Works\n\nFor More Interesting videos Subscribe us on ►https://www.youtube.com/c/EagleMediaWorks\n\nFollow my social media!\n☛  Facebook : https://www.facebook.com/EagleMediaWorks\n☛ Eagle Media Blogger : http://eaglemediaworks.blogspot.in/\n☛ Follow Us on Twitter : https://twitter.com/eaglemediaworks\n☛ Visit our Official Website  : http://www.eagleandhra.com/\n\n\n► UnSolved Mysteries : https://goo.gl/fr0KOU\n\nLike & Subcribe & Comment\nThank You all member for watching !,2018-01-03T09:53:03.000Z,44233,33,148,18
IN,LOVE SCENARIO (RASI PALAN) | MADRAS CENTRAL,Madras Central,Entertainment,[none],"Laughter is the best medicine and it always works, every time. Your horoscope can tell some facts of your daily life,but if u believe then it might play in ur life!!!!! \\n\\n\\nCONCEPT & DIRECTION-SHRIRAM.J \\n\\n\\nD.O.P-ARJUN \\n\\n\\nEDITING & COLORING -SHRIRAM.J \\n\\n\\nMUSIC&SFX-VIKRAMAN \\n\\n\\nPOSTER DESIGN-VIJAY KRISH \\n\\n\\nMANAGING CREW-SHYAM \\n\\n\\nASST.DIRECTORS-SHYAM-AANAND \\n\\n\\nCAST:- \\n\\n\\nSHRIRAM.J-AADHI-PRASANA-PREETHI-SHYAM- \\n\\nAANAND-BRUNO \\n\\n\\nTHIS VIDEO IS PRESENTED BY \\n\\n\\nSUGAR MITTAI TEAM",2018-04-04T12:08:07.000Z,44225,821,1669,417
IN,కారులో ఉన్నఇద్ద‌రు అమ్మాయిలు ఎవ‌రో చెప్పేసిన ప్ర‌దీప్ | Anchor Pradeep Revealed Facts | Pradeep,OmFut,Entertainment,"\"Anchor Pradeep Revealed Facts|\"\"anchor pradeep\"\"|\"\"pradeep machiraju\"\"|\"\"pradeep anchor\"\"|\"\"pradeep\"\"|\"\"anchor pradeep drunk\"\"|\"\"drunk and drive test\"\"|\"\"drunk and drive in hyderabad\"\"|\"\"drunk and drive\"\"|\"\"telugu news\"\"|\"\"2 girls inanchor pradeep car\"\"|\"\"girls in pradeep car\"\"|\"\"tollywood celebrity news\"\"|\"\"tollywood news\"\"|\"\"celebrity updates\"\"|\"\"tv anchor pradeep\"\"|\"\"anchor pradeep drunk and drive\"\"|\"\"anchor pradeep interview\"\"|\"\"tollywood\"\"|\"\"కారులో ఉన్న\"\"|\"\"ఇద్ద‌రు అమ్మాయిలు\"\"|\"\"ఎవ‌రో చెప్పేసిన ప్ర‌దీప్\"\"\"","కారులో ఉన్న ఇద్ద‌రు అమ్మాయిలు ఎవ‌రో చెప్పేసిన ప్ర‌దీప్ || Anchor Pradeep Revealed Facts | Pradeep Watch this video for more details.\\n\\nHello And Welcome To Omfut Entertainments Youtube Official Channel . This Is The Place Where You Will Get  Inspiring videos in Telugu, Latest News, Tollywood, Tollywood Updates, Tollywood News,Latest Updates,Celebrity News,Celebrity Updates,Health Tips,Gossips,Latest Films,Movies Reviews,Interesting Videos,Viral videos,Fun,Education,, Entertainment,Tradition, And Political News. Hope You Will Enjoy Our Videos.\\nOmfut ఛానెల్ ను ఎంతగానో ఆదరిస్తున్న వ్యూయర్స్ అందరికి మా ధన్యవాదాలు..\\nకొన్ని సార్లు మేము ప్రచురించే వార్తలు మీకు అభ్యంతరకరంగా అనిపించినట్లయితే ఈ క్రింది Mail ID కి రిపోర్ట్ చెయ్యండి..\\nమేము ఆ అభ్యర్ధన పరిశీలించి ఆ వీడియో డిలీట్ చేయబడుతుంది..\\nThank you for being with us.. \\nomfutquery@gmail.com\\nFor More Videos Subscribe To Our Channel: https://goo.gl/f1ehRp\\nWatch this for more interesting videos: https://goo.gl/wz1Ahj\\nఅస‌లు నిజం ఇదే.. శాడిస్ట్ రాజేష్ రియల్ లైఫ్ స్టోరీ :   https://goo.gl/3ct98P\\nఈ వేలుకి వెండి ఉంగరం పెట్టుకుంటే జీవితంలో ఇక మీకు తిరుగుండ‌దు  :  https://goo.gl/YhAFx9\\nకార్పొరేట‌ర్ కూతురు లెక్క‌లేనంత క‌ట్నం తెచ్చింది.. చివ‌రికి.. : https://goo.gl/NP2ust\\nశాడిస్ట్ రాజేష్ ని మించిన సైకో భర్త.. శోభనం రోజు ఏంచేసాడో తెలుసా: https://goo.gl/1g1xc6\\nFOLLOW US ON:\\nFacebook :  https://www.facebook.com/OMFUT\\nTwitter :  https://twitter.com/OmFut_Live",2018-01-09T07:31:23.000Z,442244,649,1149,170
IN,Mahaa News Exclusive Interview With Comedian Vijay Sai Wife Vanitha over Suicide | Mahaa News,Mahaa News,News & Politics,"\"telugu news live|\"\"mahaatv\"\"|\"\"live telugu tv\"\"|\"\"mahaa Live\"\"|\"\"Telugu Live News\"\"|\"\"mahaaLive Channel\"\"|\"\"Telugu News\"\"|\"\"kcr\"\"|\"\"chandrababu\"\"|\"\"India\"\"|\"\"Telanagana\"\"|\"\"AP\"\"|\"\"YS Jagan\"\"|\"\"PM Modi\"\"|\"\"Face to Face with Comedian\"\"|\"\"Comedian Vijay Sai Wife\"\"|\"\"Vijay Sai Wife\"\"|\"\"Suicide\"\"|\"\"Mahaa News\"\"|\"\"Vijay Sai Wife over Suicide\"\"\"","Subscribe for More News: http://goo.gl/E3ekqY\\nLike us on Facebook @ https://www.facebook.com/mahaatv\\nFollow us on Twitter @ https://twitter.com/mahaanews\\n\\n\\nWatch Mahaa News,the no 1 Telugu news channel in AP & TS ,a 24 hour Telugu News Broadcaster, dedicated to report news across Telangana and Andra Pradesh, other parts of the world through live reports, breaking news, sports updates, weather reports, ntertainment, business trends, exclusive interviews, and current affairs.",2017-12-11T09:28:31.000Z,44223,33,67,32
IN,Agnathavasi Movie Kathi Mahesh Review | Agnathavasi Movie Review | Pawan Kalyan | Trivikram,5nMedia,People & Blogs,"\"Agnathavasi Movie Kathi Mahesh Review|\"\"Mahesh kathi Review On Agnathavasi Movie\"\"|\"\"mahesh kathi\"\"|\"\"mahesh kathi agnathavasi\"\"|\"\"agnathavasi\"\"|\"\"kathi review on agnthavasi '\"\"|\"\"kathi mahesh\"\"|\"\"kathi\"\"|\"\"mahesh\"\"|\"\"film critics\"\"|\"\"mahesh kathi comments\"\"|\"\"pawan kalyan fans\"\"|\"\"mahesh kathi vs pk fans\"\"|\"\"kathi mahesh about agnathavasi\"\"|\"\"Agnathavasi Movie Review\"\"|\"\"Keerthy suresh\"\"|\"\"Anu Emmanuel\"\"|\"\"trivikram\"\"|\"\"agnathavasi trailer\"\"|\"\"5nmedia\"\"|\"\"Kathi Mahesh Review\"\"\"","Mahesh kathi Review On Agnathavasi Movie | Agnathavasi Movie Kathi Mahesh Review | Agnathavasi Movie Review | Pawan Kalyan\\n\\nAgnathavasi Movie Review | agnyaathavaasi review | Pawan Kalyan | Keerthy suresh | Anu Emmanuel | Agnathavasi public Talk , agnathavasi first day collection\\n\\n\\nFor More and Latest News/Updates\\n\\nSubscribe Now ► https://goo.gl/CnJJ2S\\n\\nWatch More Videos Here ► https://goo.gl/h125xD\\n\\n5nMedia provide the Latest Telugu Movie Updates/News, Information Technology News,  Tollywood Movie Gossips, Best/Top Health Tips, Beauty Tips, Political News, Unknown Facts, Telugu/Tollywood Movie Reviews and Special Interviews.",2018-01-10T09:19:03.000Z,44062,131,161,15
IN,Sri Reddy Vs RGV || Sri Reddy sensational comments on RGV - TV9,TV9 NOW,News & Politics,"\"TV9 NOW|\"\"TV9 Telugu News\"\"|\"\"TV9 LIVE Telugu\"\"|\"\"TV9 news\"\"|\"\"TV9 online news\"\"|\"\"AP Latest News\"\"|\"\"Telugu latest news today\"\"|\"\"AP Political news\"\"|\"\"Political updates\"\"|\"\"TV9 Breaking news\"\"|\"\"Sri Reddy Vs RGV || Sri Reddy sensational comments on RGV\"\"\"",Sri Reddy Vs RGV || Sri Reddy sensational comments on RGV\n\n► Download Tv9 Android App: http://goo.gl/T1ZHNJ\n\n► For More: https://goo.gl/HcRvKc\n► Circle us on G+: https://plus.google.com/+tv9\n► Like us on Facebook: https://www.facebook.com/tv9telugu\n► Follow us on Twitter: https://twitter.com/Tv9Telugu\n► Pin us on Pinterest: https://www.pinterest.com/Tv9telugu,2018-04-19T04:40:05.000Z,437343,741,898,810
IN,"ഭാവനയുടെ കല്ല്യാണത്തിന്ന് ദിലീപ് കൊടുത്ത സമ്മാനം,വേറിട്ടുനിന്നു | Dileep gifted bhavana",FILM COURT,Entertainment,"\"Film news|\"\"malayalam news\"\"|\"\"film gossip\"\"|\"\"movie news\"\"|\"\"movie gossip\"\"|\"\"molywood\"\"|\"\"hot news\"\"|\"\"news\"\"|\"\"popular news\"\"|\"\"star news\"\"|\"\"location news\"\"|\"\"location\"\"|\"\"film location\"\"|\"\"film\"\"|\"\"movie\"\"|\"\"cinema\"\"|\"\"cinema news\"\"|\"\"film court\"\"|\"\"film review\"\"|\"\"review\"\"|\"\"new movies\"\"|\"\"new movie news\"\"|\"\"hot\"\"|\"\"dance\"\"|\"\"song\"\"|\"\"tamil\"\"|\"\"mohanlal\"\"|\"\"mammootty\"\"|\"\"nivin\"\"|\"\"pauly\"\"|\"\"dulquar\"\"|\"\"salman\"\"|\"\"nayanthara\"\"|\"\"dileep\"\"|\"\"bhavana wedding\"\"\"","Watch ഭാവനയുടെ കല്ല്യാണത്തിന്ന് ദിലീപ് കൊടുത്ത സമ്മാനം,വേറിട്ടുനിന്നു Dileep gifted bhavana \\nBlog  : http://filmcourt1.blogspot.in/",2018-01-23T09:33:01.000Z,43699,87,117,65
IN,Made for Each Other I S2 EP-30 I  Colourful 'Rajasthani Wedding' is here...I Mazhavil Manorama,Mazhavil Manorama,Entertainment,"\"epi 30|\"\"made for each other - season 2\"\"\"","Subscribe to Mazhavil Manorama now for your daily entertainment dose :\\nhttp://www.youtube.com/subscription_center?add_user=MazhavilManorama\\n\\nMade for Each Other Season 2: A colourful 'Rajasthan Wedding' is here... Watch Made for Each Other Season 2 \\n\\nFollow us on Facebook:  \\nhttps://www.facebook.com/mazhavilmanorama.tv\\nFollow us on Twitter : https://twitter.com/yourmazhavil\\nFollow us on Google Plus : https://plus.google.com/+MazhavilManoramaTV\\nTo go to the show playlist: http://bit.ly/2AviU9N\\n\\nAbout the show:\\nMade for Each Other is back with a new season on the theme 'Discover India'. Made for Each Other Season 2 is a travel/game/reality show revolves around 10 young couples from diverse backgrounds competing with each other in various challenges and fun tasks to become the grand winner. The season 2 will be an eye-catching experience for the viewers because it is shot in beautiful locations of India. The new season is hosted by actress and fashion designer Poornima Indrajith. Made for Each Other Season 2 airs on Monday to Wednesday at 9 pm only on Mazhavil Manorama.\\n\\nAbout the Channel:\\n\\nMazhavil Manorama, Kerala’s most popular entertainment channel, is a unit of MM TV Ltd — a Malayala  Manorama television venture. Malayala Manorama is one of the oldest and  most illustrious media houses in India. Mazhavil Manorama adds color to the group's diverse interest in media.Right from its inception on 31st October 2011, Mazhavil Manorama has redefined television viewing and entertainment in the regional space of Malayalam.  Headquartered in Kochi, the channel has offices across the country and overseas. Innovative content mix and cutting edge technology differentiates it from other players in the market. Mazhavil Manorama has a successful blend of fiction and nonfiction elements that has helped it to secure a substantial amount of viewership loyalty. Path breaking reality shows, exclusive weekend mix, fetching soaps makes Mazhavil Manorama extremely popular across all genres of audience.\\n\\nMM TV has a bouquet of 4 channels – Manorama News, Mazhavil Manorama, Mazhavil Manorama HD and Mazhavil International for the Gulf Region. MM TV. Mazhavil Manorama HD is the first television channel in Kerala to transmit its programs completely in HD.",2018-02-13T05:00:01.000Z,433994,2292,2556,1350
IN,നടി പാർവതിയുടെ ഇപ്പോഴത്തെ അവസ്ഥ കണ്ടാൽ ഞെട്ടും | Actress Parvathy,First Show,Entertainment,"\"film news|\"\"movie news\"\"|\"\"movie gossips\"\"|\"\"mollywood\"\"|\"\"bollywood\"\"|\"\"tollywood\"\"|\"\"mohanlal\"\"|\"\"mammootty\"\"|\"\"prithviraj\"\"|\"\"dileep\"\"|\"\"nivin pauly\"\"|\"\"dulquer\"\"|\"\"നടി പാർവതിയുടെ ഇപ്പോഴത്തെ അവസ്ഥ കണ്ടാൽ ഞെട്ടും | Actress Parvathy\"\"\"",നടി പാർവതിയുടെ ഇപ്പോഴത്തെ അവസ്ഥ കണ്ടാൽ ഞെട്ടും | Actress Parvathy,2018-03-08T05:30:15.000Z,42801,70,79,13
IN,Farah Khan Reaction Bollywood Singer Papon Kiss Controversy,Bollywood Bai,Entertainment,"\"Bollywood Bai|\"\"Bollywood Bai Hot\"\"|\"\"Bollywood Bai News\"\"|\"\"Bollywood Videos\"\"|\"\"Farah Khan\"\"|\"\"Farah Khan Reaction Bollywood Singer Papon Kiss Controversy\"\"|\"\"Farah Khan Angry Reaction\"\"|\"\"Bollywood Singer Papon Kiss Controversy\"\"|\"\"Papon Kiss Controversy\"\"|\"\"papon kiss child\"\"|\"\"papon kiss viral\"\"|\"\"papon kiss news\"\"|\"\"papon kiss case\"\"|\"\"papon kiss issue\"\"|\"\"papon kissing Minor Girl\"\"|\"\"papon kissing contestant\"\"|\"\"papon kissing controversy\"\"\"","Farah Khan Reaction Bollywood Singer Papon Kiss Controversy\\n\\n\\n\\nVisit https://primefeed.in/ for latest breaking news and top stories across politics, world affairs, entertainment, sport, innovation, travel, food and life in one easy- to- navigate package.\\n\\nSubscribe us at: https://www.youtube.com/user/bollywoodbai",2018-02-24T08:12:08.000Z,427670,754,842,90
IN,ఈ గోధుమ పిండి తో రోజు చపాతీలు తింటున్నారా అయితే వీడియో చూడండి జన్మలో ముట్టుకోరు | Media Masters,Media Masters,News & Politics,"\"Media Masters breaking news latest news latest news updates|\"\"ap\"\"|\"\"telangana\"\"|\"\"news\"\"|\"\"political news\"\"|\"\"ap news\"\"|\"\"ap political news\"\"|\"\"telangana news\"\"|\"\"telangana political news\"\"|\"\"ఈ గోధుమ పిండి తో రోజు చపాతీలు తింటున్నారా అయితే వీడియో చూడండి జన్మలో ముట్టుకోరు\"\"|\"\"ఈ గోధుమ పిండి తో\"\"|\"\"రోజు చపాతీలు తింటున్నారా\"\"|\"\"అయితే వీడియో\"\"|\"\"చూడండి\"\"|\"\"జన్మలో ముట్టుకోరు\"\"|\"\"media\"\"|\"\"masters\"\"|\"\"aashirvaad atta\"\"|\"\"aashirvaad atta plastic\"\"|\"\"aashirvaad atta cheating\"\"|\"\"aashirvaad atta plastic mixing\"\"\"","ఈ గోధుమ పిండి తో రోజు చపాతీలు తింటున్నారా అయితే వీడియో చూడండి జన్మలో ముట్టుకోరు | Media Masters\\n\\nMedia Masters channel brings you the Interesting facts about latest news updates, Entertainment, Gossips, tollywood news, tollywood updates, sports, political news, health tips, international happenings, comedy, best short films, Ap, Telangana News and much more.  Stay tuned to our channel for all the Telugu Movie News, Presenting information related to Lifestyle Education Technology Gadgets Automobile Beauty Glamour Facts and Health tips\\n( All Information in a single click)",2018-01-29T06:55:44.000Z,426298,184,734,31
IN,Grand Finale promo Enga veetu maplai | Arya selected suzana with token of love,Cinema 720,Entertainment,"\"cinema720|\"\"cinema news\"\"|\"\"cine updates\"\"|\"\"tamil cinema\"\"|\"\"enga veetu mapilai\"\"|\"\"enga veetu maplilai promo\"\"|\"\"voot\"\"|\"\"enga veetu mapilai arya\"\"|\"\"arya marriage\"\"|\"\"aagatha bittu padam\"\"|\"\"enga veetu mapilai aagatha\"\"|\"\"dirty madam x\"\"|\"\"shocking video\"\"|\"\"colors\"\"|\"\"colors tv\"\"|\"\"arya fans\"\"|\"\"arya wedding\"\"|\"\"arya videos\"\"|\"\"arya\"\"|\"\"actor arya\"\"|\"\"arya shocking\"\"|\"\"voot app\"\"|\"\"arya wife\"\"|\"\"enga veetu maplai promo\"\"|\"\"evm today\"\"|\"\"abarnathy eliminated\"\"|\"\"barnathy swetha\"\"|\"\"promo today\"\"|\"\"evm promo\"\"|\"\"grand finale\"\"|\"\"engaveetu maplai finale\"\"\"","Watch & Share.... Like & Comment \\n\\nTo Promote Your Videos Contact : cinemaa720@gmail.com \\n\\nFollow Us on Facebook : goo.gl/XlMuS0\\n\\nSubscribe : goo.gl/TH1cy3\\n\\n©Cinema720,2018,Cinema News. All Rights Reserved",2018-04-17T06:22:15.000Z,425327,718,786,0
IN,"పోలీసుల ముందు  స్వాతి, రాజేష్ ఎలా గొడ‌వ ప‌డ్డారో చూడండి || Swathi And Rajesh About Sudhakar Reddy",OmFut,Entertainment,[none],"",2017-12-16T13:31:14.000Z,424587,354,504,98
IN,പ്രിയ വാര്യരുടെ പ്രതിഫലം കേട്ട് സംവിധായകനും സിനിമ ലോകവും ഞെട്ടി | Priya Prakash Varrier Salary,First Show,Entertainment,"\"film news|\"\"movie news\"\"|\"\"movie gossips\"\"|\"\"mollywood\"\"|\"\"bollywood\"\"|\"\"tollywood\"\"|\"\"mohanlal\"\"|\"\"mammootty\"\"|\"\"prithviraj\"\"|\"\"dileep\"\"|\"\"nivin pauly\"\"|\"\"dulquer\"\"|\"\"പ്രിയ വാര്യരുടെ പ്രതിഫലം കേട്ട് സംവിധായകനും സിനിമ ലോകവും ഞെട്ടി | Priya Prakash Varrier Salary\"\"|\"\"Oru Adaar Love\"\"|\"\"priya varrier\"\"|\"\"Priya Warrier\"\"\"",പ്രിയ വാര്യരുടെ പ്രതിഫലം കേട്ട് സംവിധായകനും സിനിമ ലോകവും ഞെട്ടി | Oru Adaar Love Actress Priya Prakash Varrier Salary,2018-02-18T15:30:08.000Z,42314,156,199,70
IN,Pawan Kalyan horoscope || Venu Swamy Vs TV Rao - TV9 Live,TV9 Live,News & Politics,"\"Tv9|\"\"tv9live\"\"|\"\"Tv9 exclusive\"\"|\"\"Tv9 Telugu\"\"|\"\"Breaking news\"\"|\"\"Live TV\"\"|\"\"Online streaming\"\"|\"\"tv9 telugu live\"\"|\"\"telangana news live\"\"|\"\"ap news live\"\"|\"\"tv9 breaking news\"\"|\"\"india live news\"\"|\"\"india news live\"\"|\"\"telugu news live\"\"|\"\"Pawan Kalyan horoscope || Venu Swamy Vs TV Rao\"\"|\"\"pawan kalyan\"\"|\"\"venu swamy\"\"|\"\"ap politics\"\"|\"\"astrologer\"\"|\"\"janasena\"\"|\"\"venu swamy astrology about pawan kalyan\"\"|\"\"chandrababu naidu\"\"|\"\"ap cm\"\"|\"\"tdp\"\"|\"\"tdp support\"\"|\"\"balakrishna\"\"\"",Pawan Kalyan horoscope || Venu Swamy Vs TV Rao\n\n► Download Tv9 Android App: http://goo.gl/T1ZHNJ\n\n► Subscribe to Tv9 Live: https://goo.gl/wD19It\n► Like us on Facebook: http://www.facebook.com/tv9telugu\n► Follow us on Twitter: https://twitter.com/tv9telugu\n► Circle us on Tv9 Telugu G+: https://plus.google.com/+tv9\n► Follow us on Pinterest: https://www.pinterest.com/tv9telugu,2017-12-29T15:50:04.000Z,42218,175,342,271
IN,"Baal Veer - बाल वीर - Episode 871 - 15th  February, 2018",Sony PAL,Entertainment,"\"Powers|\"\"Hero\"\"|\"\"School\"\"|\"\"Baalveer\"\"|\"\"Dev Joshi\"\"|\"\"Karishma Tanna\"\"|\"\"Shama Sikandar\"\"|\"\"SABTV\"\"|\"\"Sab\"\"|\"\"TV\"\"|\"\"Sab TV India\"\"|\"\"SAB Comedy\"\"|\"\"Sony SAB\"\"|\"\"Sony SAB India\"\"|\"\"Hindi\"\"|\"\"Indian Television\"\"|\"\"Indian Soaps\"\"|\"\"funny\"\"|\"\"comedy\"\"|\"\"Channel\"\"|\"\"primetime\"\"|\"\"India\"\"|\"\"prime time\"\"|\"\"original\"\"|\"\"बालवीर\"\"|\"\"Sony LIV\"\"|\"\"Sony PAL\"\"|\"\"Full Episode\"\"|\"\"Yeh Pal Hamara Hai\"\"|\"\"Sony Pictures Networks\"\"|\"\"favorite shows\"\"|\"\"most-liked characters\"\"|\"\"indian superhero\"\"|\"\"fantasy show\"\"|\"\"superhero show\"\"|\"\"supervillans\"\"|\"\"montu comedy scenes\"\"|\"\"comic timing\"\"|\"\"baalveer hero\"\"\"","Click here to watch the full episode of Baalveer: \\nhttp://www.sonyliv.com/details/show/4645657703001/Baalveer#utm_source=YOUTUBE&utm_medium=slate&utm_campaign=YT_traffic\\n\\nMore Useful Links :\\n * Visit us at : http://www.sonyliv.com\\n * Like us on Facebook : http://www.facebook.com/SonyLIV\\n * Follow us on Twitter : http://www.twitter.com/SonyLIV\\nAlso get Sony LIV app on your mobile\\n * Google Play - https://play.google.com/store/apps/de...\\n * ITunes - https://itunes.apple.com/us/app/liv-s...\\n\\nAbout Baal Veer: \\n---------------------------\\nBestowed with superpowers by the fairies, Baal Veer fights crime and tips the balance towards good in the battle against evil. When he is not fighting crime, Baal Veer is at school with Manav and Meher. Blessed with the power of the nine fairies, Baal Veer has the ability to transform into a superhero and defeat evil with nine unique powers. The nine fairies reside in another dimension, in a magical place called the Parilok. If there are good fairies, there also ought to be the bad ones. Baal Veer helps safeguard Parilok from the forces of evil, while also protecting humans on Earth. Baal Veer hides his real identity as Ballu and lives with Manav and Meher. His two siblings are not as bold as him, but Baal Veer stands by their side and protects them from three bullies - Montu, Rohit and Keval. Manav and Meher, also blessed with superpowers from the fairies, join Baal Veer as Baal Mitra and Baal Sakhi to defeat the forces of evil.",2018-02-15T16:24:44.000Z,420770,370,411,91
IN,"Curfew In Shillong After Violent Clashes, 3 Arrested",NDTV,News & Politics,"\"Curfew in Shillong|\"\"Clashes in Shillong\"\"|\"\"Shillong violence\"\"|\"\"Shillong Clashes\"\"|\"\"NDTV\"\"|\"\"NDTV 24x7\"\"\"","Curfew was imposed in Meghalaya's capital Shillong on Friday following clashes between a group of bus drivers and residents of the city's Them Aew Mawlong area last evening.Three persons have so far been arrested for the violence. As the incident could have led to communal tension between tribal and non-tribal population, an indefinite curfew has been imposed, police said.NDTV is one of the leaders in the production and broadcasting of un-biased and comprehensive news and entertainment programmes in India and abroad. NDTV delivers reliable information across all platforms: TV, Internet and Mobile.Subscribe for more videos: https://www.youtube.com/user/ndtv?sub_confirmation=1Like us on Facebook: https://www.facebook.com/ndtvFollow us on Twitter: https://twitter.com/ndtvDownload the NDTV Apps: http://www.ndtv.com/page/appsWatch more videos: http://www.ndtv.com/video?yt",2018-06-01T06:23:26.000Z,41881,122,248,199
IN,"Mahesh Kathi vs Adhi || Oppose my comments on Pawan kalyan, don't shame my body || TV9",TV9 NOW,Entertainment,"\"Tv9 Entertainment|\"\"Telugu Cinema News\"\"|\"\"Tollywood News\"\"|\"\"Bollywood News\"\"|\"\"Latest Telugu Movie Updates\"\"|\"\"TV9 Interviews\"\"|\"\"TV9 News\"\"|\"\"mahesh kathi\"\"|\"\"hyper adhi\"\"|\"\"jabardasth jokes\"\"|\"\"jabardasth videos\"\"|\"\"pawan kalyan fans\"\"|\"\"janasena\"\"\"","Mahesh kathi vs Hyper Adhi || Oppose my comments on Pawan kalyan, don't shame my body || TV9  \\n\\n► Download Tv9 Android App: http://goo.gl/T1ZHNJ\\n\\n► ► Subscribe to Tv9 HD: https://goo.gl/qVgzGt\\n► Circle us on G+: https://plus.google.com/+tv9hd\\n► Like us on Facebook: https://www.facebook.com/tv9telugu\\n► Follow us on Twitter: https://twitter.com/Tv9Telugu\\n► Pin us on Pinterest: https://www.pinterest.com/Tv9telugu\\n\\nAthadu movie inspires me to write - Hyper Aadi - TV9",2017-11-14T08:18:37.000Z,41740,85,301,153
IN,Julie - VImal | ஜூலி விமல் திடீர் திருமணம் | Bigg boss julie | Julie Marriage | Julie Vimal marriage,Tamil Mithran,People & Blogs,"\"cine fans media|\"\"tamil cinema news\"\"|\"\"tamil cinema\"\"|\"\"cinema news\"\"|\"\"tamil news\"\"|\"\"julie\"\"|\"\"vimal\"\"|\"\"oviya\"\"|\"\"bigg boss julie\"\"|\"\"vijay tv\"\"|\"\"actor vimal\"\"|\"\"tamil\"\"|\"\"actor\"\"|\"\"latest news\"\"|\"\"bigg boss julie controversy\"\"|\"\"tamil crowd\"\"|\"\"indiaglitz\"\"|\"\"ஜூலி\"\"|\"\"விமல்\"\"|\"\"ஓவியா\"\"|\"\"அம்ருதா\"\"|\"\"தினகரன்\"\"|\"\"திருமணம்\"\"|\"\"திருமனம்\"\"|\"\"நமீதா\"\"|\"\"விஜய்\"\"|\"\"அத்தை\"\"|\"\"ஜெயலலிதா\"\"|\"\"மகள்\"\"|\"\"Julie Vimal marriage\"\"|\"\"Julie Marriage\"\"|\"\"Bigg Boss Julie Gets Married\"\"|\"\"vimal marraige\"\"|\"\"vima julie\"\"|\"\"julie vimal\"\"|\"\"ஜூலி திருமணம்\"\"|\"\"ஜூலி விமல் திருமணம்\"\"|\"\"kala master julie\"\"|\"\"julie hot\"\"\"","Julie - VImal | ஜூலி விமல் திடீர் திருமணம் | Bigg boss julie | Julie Marriage | Julie Vimal marriage\\n\\nCopyright Disclaimer Under Section 107 of the Copyright Act 1976, allowance is made for fair use for purposes such as criticism, comment, news reporting, teaching, scholarship, and research. Fair use is a use permitted by copyright statute that might otherwise be infringing. Non-profit, educational or personal use tips the balance in favor of fair use.\\n\\nClick the below link and subscribe to our Channel for more updates on Tamil Cinema.\\n\\nமேலும் எங்களை உற்சாகப்படுத்த like & subscribe செய்யுங்கள்.\\nhttps://www.youtube.com/c/TamilMithran?sub_confirmation=1",2017-11-29T05:57:04.000Z,41650,46,134,25
IN,Sri Reddy Strong Counter To Sekhar Kammula's Statement | ABN Telugu,ABN Telugu,News & Politics,"\"actress Sri reddy|\"\"Sri reddy counter to shekar kammula\"\"|\"\"Sri reddy over shekar kammula\"\"|\"\"shekar kammula committed casting couch\"\"|\"\"shekar kammula\"\"|\"\"director shekar kammula\"\"|\"\"shekar kammula movies\"\"|\"\"Sri reddy against casting couch\"\"|\"\"Sri reddy cautions shekar kammula\"\"|\"\"shekar kammula unprofessional behaviour\"\"|\"\"sri reddy counter\"\"|\"\"Sri reddy over directors\"\"|\"\"ABN\"\"|\"\"ABN Telugu\"\"|\"\"ABN live\"\"\"","Actress Sri reddy gave strong counter to shekar kammula over his statement regarding her as she told that she will prove with all the proofs that he committed in unprofessional way with heroins.\\n\\nFor more latest and breaking news subscribe @  https://www.youtube.com/user/ABNtelugutv?sub_confirmation=1 \\n\\nFollow us @\\nhttps://facebook.com/abntelugutv\\nhttps://twitter.com/abntelugutv\\nhttp://www.abnandhrajyothy.com/\\nhttps://play.google.com/store/apps/details?id=com.abn.jyothy&hl=en\\nhttps://itunes.apple.com/in/app/abn-andhrajyothy/id582664798?mt=8\\nhttps://plus.google.com/+abntelugutv\\nhttps://dailymotion.com/abntelugutv\\n\\nABN is a 24/7 Telugu news television channel run by Amoda Broadcasting Network dedicated to live reports, exclusive interviews, breaking news, sport, weather, entertainment, business updates and current affairs.",2018-04-04T16:13:15.000Z,415293,446,757,0
