country,title,channel_title,category,tags,description,publish_time,views,likes,dislikes,comment_count
RU,ΠΕPΕBOPOΤ B ΜOCKBΕ — «ЭЛИΤA» CBΕPГAΕΤ ПУТИНА — 18.01.2018,ЗДРАВЫЕ МЫСЛИ,People & Blogs,[none],На YouTube-канале «ЗДРАВЫЕ МЫСЛИ» вы всегда можете выслушать точку зрения лучших экспертов и политологов СНГ и подискутировать с другими слушателями в комментариях.,2018-01-17T03:00:00.000Z,259503,1940,8968,1247
RU,Виталина:  Горбатый младший хулиган .Новые планы.,Дедушка Ау,Gaming,"\"виталина|\"\"младший сенека\"\"|\"\"семейка горбатых\"\"|\"\"на каждого горбатого есть свой жиглов\"\"|\"\"нланы на будущее\"\"|\"\"откапываем и закапываем\"\"|\"\"ДЕДУШКА АУ\"\"\"","Семья народного Горбатого в полном сборе. Младшенький Сенека, за счет старшего видимо решил приподняться, молотит чуть ли не по фене, одним словом баклан. Джигарханян разогнавший всех, теперь наоборот собирает.Но вот ведь беда, все женщины которых он кинул, а он довольно таки плохо с ними обращался, не Виталина, а она его проучила конкретно. Берегите женщин...",2017-12-27T09:07:51.000Z,25926,47,69,234
RU,60 минут по горячим следам от 02.03.18,Россия 24,Entertainment,"\"последние новости|\"\"Россия 24\"\"|\"\"онлайн\"\"|\"\"новости дня\"\"|\"\"мировые новости\"\"|\"\"новости России\"\"|\"\"новости мира\"\"|\"\"в прямом эфире\"\"|\"\"вести\"\"|\"\"вести 24\"\"|\"\"Russia24\"\"|\"\"политика\"\"|\"\"экономика\"\"|\"\"бизнес\"\"|\"\"интервью\"\"|\"\"специальный репортаж\"\"|\"\"происшествия\"\"|\"\"ВГТРК\"\"|\"\"информационный канал\"\"|\"\"24 часа\"\"|\"\"новости регионов\"\"|\"\"путин\"\"|\"\"ольга скабеева\"\"|\"\"скабеева\"\"|\"\"попов\"\"|\"\"евгений попов\"\"|\"\"скабеева и попов\"\"|\"\"ток-шоу\"\"|\"\"новое ток-шоу\"\"|\"\"токшоу\"\"|\"\"ток шоу\"\"|\"\"Право голоса\"\"|\"\"место встречи\"\"|\"\"время покажет\"\"|\"\"право знать\"\"|\"\"первая студия\"\"\"",Подпишитесь на канал 60 минут: https://www.youtube.com/channel/UCR16nHT1nkmG7g9AkE9tGeQ?sub_confirmation=1,2018-03-02T11:04:43.000Z,259211,1501,1875,1659
RU,Байкал-Энергия - Енисей. Прямая трансляция,Борис Фоминых,Sports,"\"хоккей с мячом|\"\"бенди\"\"|\"\"bandy\"\"|\"\"Байкал-Энергия\"\"|\"\"Иркутск\"\"|\"\"Чемпионат России\"\"|\"\"Суперлига\"\"|\"\"Енисей\"\"|\"\"Красноярск\"\"\"","XXVI чемпионат России по хоккею с мячом. Суперлига. I этап. \\nБайкал-Энергия (Иркутск) - Енисей (Красноярск). \\nПрямая трансляция матча.\\nСъёмка одной камерой без комментатора.\\n\\n(с) Хоккейный клуб Байкал-Энергия, 2017.\\n\\nhttp://www.baikal-energy.ru",2018-01-18T13:10:36.000Z,25891,125,188,0
RU,ВЯЧЕСЛАВ МАЛЬЦЕВ. РАСХОДЫ НА ОБРАЗОВАНИЕ ВЫРОСЛИ НИЖЕ ПЛИНТУСА.,Народовластие,News & Politics,"\"вячеслав|\"\"мальцев\"\"|\"\"плохие\"\"|\"\"новости\"\"|\"\"артподготовка\"\"|\"\"вести\"\"|\"\"недели\"\"|\"\"прямой\"\"|\"\"эфир\"\"|\"\"путин\"\"|\"\"медведев\"\"|\"\"порошенко\"\"|\"\"политика\"\"|\"\"россии\"\"|\"\"россия\"\"|\"\"украина\"\"|\"\"киев\"\"|\"\"украине\"\"|\"\"крым\"\"|\"\"наш\"\"|\"\"власть\"\"|\"\"власти\"\"|\"\"режим\"\"|\"\"русские\"\"|\"\"нефть\"\"|\"\"рубль\"\"|\"\"доллар\"\"|\"\"курс\"\"|\"\"валют\"\"|\"\"эхо\"\"|\"\"москвы\"\"|\"\"белковский\"\"|\"\"шендерович\"\"|\"\"особое\"\"|\"\"мнение\"\"|\"\"дождь\"\"|\"\"демура\"\"|\"\"шарий\"\"|\"\"суд\"\"|\"\"кризис\"\"|\"\"russia\"\"|\"\"протесты\"\"|\"\"банк\"\"|\"\"банки\"\"|\"\"биржа\"\"|\"\"финансы\"\"|\"\"евро\"\"|\"\"невзоров\"\"|\"\"камикадзе\"\"|\"\"5112017\"\"|\"\"революция\"\"|\"\"51117\"\"|\"\"кремль\"\"|\"\"песков\"\"|\"\"лавров\"\"|\"\"митинг\"\"|\"\"пожар\"\"|\"\"кемерово\"\"|\"\"тулеев\"\"|\"\"дети\"\"|\"\"сгорели\"\"|\"\"похороны\"\"|\"\"вольнов\"\"|\"\"#hangoutsonair\"\"|\"\"Hangouts On Air\"\"|\"\"#hoa\"\"\"","Спасибо за Вашу поддержку каналу!\\n\\nНОВЫЙ ДОНАТ ДЛЯ ВОПРОСА В ПРЯМОЙ ЭФИР: http://www.donationalerts.ru/r/maltsev\\n\\nДОНАТ НА РЕВКОЙНЫ: http://www.donationalerts.ru/r/artpod...\\n\\nСайт СВИНОЧАЙКИ  -  https://t.co/ZJJoIzno9a\\n\\nТелеграмм Канал  https://t.co/ryffGnJ0Mt\\n\\nMAIL ДЛЯ ПРОГРАММИСТОВ avrorarevcoin@gmail.com\\n\\nНОВЫЙ КОШЕЛЕК:\\n≡ Bitcoin:  12dLhnQwuF4aUHXLgngvv2jZa6zYADb1uN\\n\\nВячеслав Мальцев. Плохие новости\\nОТКРЫТОЕ ТЕСТИРОВАНИЕ САЙТА http://testmaltsev.org/\\nРЕВКОЙНЫ:  https://nocorrupt.org\\nИнструкция как анонимно написать Вячеславу Мальцеву\\nhttps://www.dropbox.com/s/0kquwlu4s8k....\\n\\nЗарегистрируйтесь на Viuly, новом аналоге ютуба- \\nhttps://viuly.io/r/K7790395a9446988\\nнаш канал Народовластие на viuly  - https://viuly.io/channel/70053\\n\\n\\nTwitter: https://twitter.com/vvmaltsev\\nEMAIL В. В. МАЛЬЦЕВА: vvmaltsev64@gmail.com\\nКАНАЛ БЕЗУМНАЯ ГРЕТА: https://www.youtube.com/channel/UC6MZ...\\n\\nОБХОД БЛОКИРОВОК СОЦСЕТЕЙ: https://cloud.mail.ru/public/3JYX/tzW...\\n\\nАгитационный материал: https://cloud.mail.ru/public/ELtq/oJ3...\\nПисьма узникам режима: http://rosuznik.org/\\n================================",2018-04-26T19:52:02.000Z,25883,2455,6600,254
RU,Ўзбекистонда доллар муомаладан чиқади,Fox Uz,People & Blogs,[none],Ўзбекистонда доллар муомаладан чиқади,2018-05-07T17:48:40.000Z,25874,123,160,0
RU,Lunawada drone footage || PARROT BEBOP DRONE,Desi Shreyam,People & Blogs,[none],Checkout the drone footage by Shreyam shukla Of his Hometown Lunawada!,2017-12-15T14:06:03.000Z,25781,10,25,6
RU,Реальный рейтинг кандидатов в Президенты России Выборы 2018 Финал. Узнайте кто №1!!!,Polit tube channel,News & Politics,"\"Выборы 2018|\"\"Грудинин\"\"|\"\"Путин\"\"|\"\"Собчак\"\"|\"\"Кандидат Президент\"\"|\"\"Политика\"\"|\"\"Рейтинг\"\"|\"\"Политика Сегодня\"\"|\"\"Россия 24\"\"|\"\"Вечерний юмор\"\"|\"\"This is Хорошо\"\"|\"\"Comedy Radio\"\"|\"\"Алексей Навальный\"\"|\"\"вДудь\"\"|\"\"Ленинград | Leningrad\"\"|\"\"Big Russian Boss Show\"\"|\"\"Чоткий Паца\"\"|\"\"Дима Масленников\"\"|\"\"Mr. Freeman\"\"|\"\"GlebaTV\"\"|\"\"ПРИЯТНЫЙ ИЛЬДАР\"\"|\"\"Михаил Шибанков\"\"|\"\"MORGENSHTERN\"\"|\"\"Сыендук\"\"|\"\"Чикен Карри\"\"|\"\"ЮТУБ ТРЕНДЫ\"\"|\"\"ТОП 5 - КРЕМЛЮ СОСАТЬ\"\"|\"\"ФУРРИ ИЗ СЕВЕРНОЙ КОРЕИ\"\"|\"\"Мстители: Война бесконечностиОЙ КОРЕИ\"\"|\"\"AdamThomasMoran\"\"\"","Выборы 2018 Интересное видео о Выборах 2018 в России с элементами юмора Финальный рейтинг Путина, рейтинг Грудинина, рейтинг Собчак, рейтинг Жириновского рейтинг Явлинского и др. Политика",2018-03-18T04:56:05.000Z,257781,3161,33902,454
RU,Мальцев 27.02.18 полный эфир,REVOLUTION in Russia,News & Politics,"\"мальцев|\"\"вячеслав мальцев\"\"|\"\"Мальцев плохие новости последний выпуск\"\"|\"\"плохие новости 27 февраля 2018\"\"|\"\"мальцев 27 февраля\"\"|\"\"канал народовластие\"\"|\"\"народовластие\"\"|\"\"мальцев о протестах\"\"|\"\"политика\"\"|\"\"артподготовка\"\"|\"\"плохие новости\"\"|\"\"оппозиция\"\"|\"\"мальцев 27.02.18\"\"|\"\"мальцев новое\"\"|\"\"мальцев последнее\"\"|\"\"эфир мальцева 27.02.18\"\"|\"\"мальцев про путина\"\"|\"\"мальцев против путина\"\"|\"\"оппозиция в россии\"\"|\"\"выборы 2018\"\"|\"\"выборы2018\"\"|\"\"выборы 18 марта\"\"|\"\"обращение мальцева\"\"\"","Ставим ЛАЙКИ, кремлеботы подвозят дизы фурами !\\nМальцев плохие новости последний выпуск. Артподготовка с Вячеславом Мальцевым прямой эфир сегодня 27.02.2018 \\nМой резервный канал https://www.youtube.com/channel/UC7zns6qgqQb39JpslLQ_nYQ\\nОБЯЗАТЕЛЬНО ВСЕ ПОДПИСЫВАЕМСЯ НА Канал Народовластие https://www.youtube.com/channel/UCv5dc2Zi6j5IXQ_NKTZuSLA\\n\\nПЛOХИЕ НОВOСТИ с Вячеславом Мальцевым на канале Артподготовка. Эфир от 27 февраля 2018 года Вячеслав Мальцев | Плохие новости | Артподготовка | 27 февраля 2018 Народовластие\\nВоззвание В. Мальцева к народу https://www.youtube.com/watch?v=OzXN_wAcCvE\\nДОНАТ НА РЕВКОЙНЫ: http://www.donationalerts.ru/r/artpodgotovkainfo\\nКАК ПОЛУЧИТЬ РЕВКОИНЫ КАЖДОМУ БЕСПЛАТНО в описании. Ревкоин - как часть в нацбогатстве каждого\\nАдрес для писем Роману Губайдуллину: 607683,Нижегородская обл., Кстовский р-н, пос. Дружный, ФКУ СИЗО-2 Губайдуллину Роману Евгеньевичу\\nРевкойны https://nocorrupt.org/\\n\\nЗадать свой вопрос прямо в эфир http://www.donationalerts.ru/r/maltsev\\nНОВЫЙ КОШЕЛЕК:  Bitcoin:  12dLhnQwuF4aUHXLgngvv2jZa6zYADb1uN\\nMAIL ДЛЯ ПРОГРАММИСТОВ avrorarevcoin@gmail.com\\nПервоисточник https://www.youtube.com/channel/UCv5dc2Zi6j5IXQ_NKTZuSLA\\nEMAIL В. В. МАЛЬЦЕВА: vvmaltsev64@gmail.com\\n\\nсайт свиночаек http://testmaltsev.org/\\n\\nИнструкция как анонимно написать Вячеславу Мальцеву\\nhttps://www.dropbox.com/s/0kquwlu4s8k2tvb/instruksia.docx?dl=0\\n\\nИНСТАГРАММ  https://www.instagram.com/maltsev__vv/\\nтвиттер Мальцева  https://twitter.com/vvmaltsev\\nНаписать письмо политзаключённым: http://rosuznik.org/\\nНародный телефон:\\nвременно телефоны утеряны, по старым номерам не звонить, новые будут скоро, писать на почту vvmaltsev64@gmail.com\\nTelegram http://t.me/narodovlastie1\\nрадио Народовластие: radio.narodovlastie@gmail.com\\n\\nСайт РЕВОЛЮЦИИ 5112017.ОРГ скомпроментирован, ВОЗМОЖНО ВЗЛОМАН ФСБ, на него НЕ заходить !!!  \\n\\nКАК ПОЛУЧИТЬ РЕВКОИНЫ : \\n1. подписаться на основной канал АРТПОДГОТОВКА https://www.youtube.com/user/artpodgotovka\\n2. после этого перейти на сайт https://nocorrupt.org/newsubscr.html и вставить свою почту, с которой вы подписались на канал артподготовка (то есть ваша почта для логинана ютуб)\\n3. вы получите 1000 ревкоинов и каждый день до наступления народовластия получаете по 10% - это АБСОЛЮТНО бесплатно, получайте себе и всем знакомым, родственникам помогайте получить на их e-mail для всех\\n4. если вы внесете пожертвование через сайт ревкойнов, то также на каждое пожертвование получите по 10% ежедневно\\n\\nЧтобы скрыть вашу активность в интернете, пользуйтесь браузером TOR https://www.torproject.org/\\n\\nПодписывайтесь на канал!\\nСтавим лайки ! \\nДелимся в соцсетях, тем самым привлекая больше наших сторонников.\\n\\nГОТОВЫ !!!",2018-02-27T22:17:52.000Z,25775,153,12117,70
RU,Julia Samoylova - I Won't Break - First Rehearsal - Russia - Eurovision 2018,Eurovision Song Contest,Entertainment,"\"Eurovision Song Contest|\"\"2018\"\"|\"\"Lisbon\"\"|\"\"Russia\"\"|\"\"Julia Samoylova\"\"|\"\"I Won't Break\"\"|\"\"First Rehearsal\"\"|\"\"1st rehearsal\"\"|\"\"rehearsal\"\"\"",Julia Samoylova will represent Russia at the 2018 Eurovision Song Contest in Lisbon with the song I Won't Break.Read more about Julia Samoylova here: https://eurovision.tv/participant/Julia-samoylova,2018-05-01T13:55:48.000Z,257528,3009,9483,2639
RU,БОЙКОТ ВЫБОРОВ 2018 И АВТОБУС В МОСКВЕ,kamikadzedead,Comedy,"\"камикадзе|\"\"kamikadzedead\"\"|\"\"камикадзе ди\"\"|\"\"kamikadze\"\"|\"\"kamikadze_d\"\"|\"\"бойкот выборов\"\"|\"\"навальный\"\"|\"\"цик\"\"|\"\"памфилова\"\"\"","О жутком случае с автобусом в Москве и о бойкоте выборов Навальным. Будет ли Путин легитимным президентом? \\nБесплатные консультации призывникам в группе ВКонтакте \\nhttp://vk.me/prizyva_net Сайт «ПризываНет.ру» http://prizyvanet.ru/?yt\\nЗапад загнивает по полной https://youtu.be/IqjDnwe-9TE\\nПомощь денежкой http://www.donationalerts.ru/r/kamikadzedead\\nРеклама, сотрудничество https://goo.gl/ddnKhN\\nСообщить о багах YouTube https://goo.gl/6Mf5GV\\nПохоронные сражения\\nhttps://gorod48.ru/news/526133/\\nПрограмма для лайков и инструкция в readme тут  https://drive.google.com/drive/folders/1pI1trBxZSPNPppWIsAQpKaX6YFiU8riN\\nЗаботливая бабушка\\nhttps://ria.ru/incidents/20171225/1511687425.html\\nМиллионы на сломанные наушники https://lenta.ru/news/2017/12/25/feast/\\nАрест за арестом\\nhttp://www.cnews.ru/news/top/2017-12-26_glava_voentelekoma_arestovan_fsb\\nВзяли в заложники главу района https://rb.versia.ru/otchayavshiesya-zhiteli-rajona-v-bashkirii-zaxvatili-glavu-rajona-v-zalozhniki\\nСуперагрессивные ДПС https://youtu.be/wMoEBbm04yY\\nНаши новости в телеграме https://telegram.me/satirabezpozitiva\\nПаблик Сатира без Позитива- https://vk.com/satyrabezsortyra\\nРоссийский YouTube и мой канал, подробности:\\n1) https://youtu.be/DZwAVsAgsLQ\\n2) https://youtu.be/5V5lLXtRtCg\\n3) https://youtu.be/0Olt1eF4AGM\\nИмена и фамилии руководства кремлеботов https://yadi.sk/i/UoAsIIeb3LosjS\\nНаши новости в твиттере https://twitter.com/SatiraBezP\\nОбращение к сторонникам Путина в 2-х частях\\nhttps://youtu.be/GRl-Y8cN1UY\\nhttps://youtu.be/lvdUzBfsusA\\nВидео, отвечающие на вопросы А ЧТО ТЫ ПРЕДЛАГАЕШЬ?\\n1) https://youtu.be/upmD373wH-c\\n2) https://youtu.be/NHM02-pRDuk\\n3) https://youtu.be/T8sOB2NkIhA\\n4) https://youtu.be/odS7Lo8csyc\\n5) https://youtu.be/Vg0tAcn5FFY\\nПаблик Сатира без Позитива в ОК https://ok.ru/satirabezp\\nЯ в Ватноклассниках - http://www.ok.ru/profile/566798658882\\nЯ в контакте - http://vkontakte.ru/kamikadzedead\\nПаблик #Эксперты #Знатоки https://vk.com/realproblemsrussia\\nЛетсплеи - http://www.twitch.tv/kamikadzeplay\\nМой Twitter - http://twitter.com/kamikadze_d\\nЯ на ФБ http://www.facebook.com/dmitry.ivanov.9634?ref=tn_tnmn\\nGoogle+ https://plus.google.com/u/0/103614022894261388839/posts\\nЖЖ - http://kamikadze-d.livejournal.com\\nЛайв канал http://www.youtube.com/kamikadzelive",2017-12-26T12:04:03.000Z,256790,60288,62938,16367
RU,"Владимир Путин прибыл в Кемерово, где посетил место трагедии в торговом центре «Зимняя вишня».",Новости на Первом Канале,News & Politics,"\"Общество|\"\"Пожар в Кемерове\"\"|\"\"Дети\"\"|\"\"Владимир Путин\"\"|\"\"Аман Тулеев\"\"|\"\"Владимир Пучков\"\"|\"\"пожар\"\"|\"\"жертва\"\"|\"\"президент\"\"|\"\"Кемерово\"\"|\"\"Клим Санаткин\"\"\"","Трехдневный траур начался в Кемеровской области. Там, как и по всей стране, скорбят по погибшим во время пожара в торговом центре «Зимняя вишня». Утром в Кемерово прилетел Владимир Путин. Он посетил созданный горожанами импровизированный мемориал у сгоревшего здания, возложил букет роз, а потом встретился с местными чиновниками. Разговор получился не только обстоятельным, но и жестким.\\n\\nПодписывайтесь на официальный канал «Новости на Первом Канале» на YouTube,  будьте в курсе всех новостей и не пропустите новые выпуски.\\nhttps://www.youtube.com/channel/UCKonxxVHzDl55V7a9n_Nlgg?sub_confirmation=1",2018-03-27T06:51:25.000Z,256699,1498,3595,0
RU,LEO - Голос Банши,XFANATIX,Music,"\"LEO|\"\"BLACKSWAN\"\"|\"\"DJILYA\"\"|\"\"DJ-ILYA\"\"|\"\"XFANATIX\"\"|\"\"7ELEMENT\"\"|\"\"7ELEMENTRECORDS\"\"|\"\"TRAP\"\"|\"\"DIRTY\"\"|\"\"RAP\"\"|\"\"HIPHOP\"\"\"",XFANATIX (xLEOx / 7 ELEMENT)\n\nВКОНТАКТЕ:\nАртист LEO - (https://vk.com/public150323760)\nXFANATIX - (https://vk.com/fanatixofficial)\n7 ELEMENT - (https://vk.com/7elementrec)\nDJ-ILYA aka BLACKSWAN (https://vk.com/dj_ilya)\n\nINSTAGRAM:\nАртист LEO - (https://www.instagram.com/leo.vevo/)\nPROTA - (https://www.instagram.com/_protavdele_/)\nM INKO - (https://www.instagram.com/m_inko/)\nxNikolx - (https://www.instagram.com/poteklaottebiaaa/)\nDJ-ILYA aka BLACK SWAN (https://www.instagram.com/ilya_dj/)\n7 ELEMENT - (https://www.instagram.com/7_element_records/)\n\nПАРТНЕРЫ:\n7 ELEMENT (https://vk.com/7elementrec)\nБАРСУКЪ - (https://krasnodar-barsuk.ru/)\nBLACK LIGHT - (http://black-light.ru/),2017-12-29T12:57:19.000Z,256424,1341,2565,359
RU,"ЛЮДИ СВОДЯТ СЧЕТЫ С ЖИЗНЬЮ, ЧТОБЫ НЕ ВОЗВРАЩАТЬСЯ В пУТИНСКУЮ РОССИЮ...",Народовластие,News & Politics,"\"вячеслав|\"\"мальцев\"\"|\"\"плохие\"\"|\"\"новости\"\"|\"\"артподготовка\"\"|\"\"вести\"\"|\"\"недели\"\"|\"\"прямой\"\"|\"\"эфир\"\"|\"\"путин\"\"|\"\"медведев\"\"|\"\"порошенко\"\"|\"\"политика\"\"|\"\"россии\"\"|\"\"россия\"\"|\"\"украина\"\"|\"\"киев\"\"|\"\"украине\"\"|\"\"крым\"\"|\"\"наш\"\"|\"\"власть\"\"|\"\"власти\"\"|\"\"режим\"\"|\"\"русские\"\"|\"\"нефть\"\"|\"\"рубль\"\"|\"\"доллар\"\"|\"\"курс\"\"|\"\"валют\"\"|\"\"эхо\"\"|\"\"москвы\"\"|\"\"белковский\"\"|\"\"шендерович\"\"|\"\"особое\"\"|\"\"мнение\"\"|\"\"дождь\"\"|\"\"демура\"\"|\"\"шарий\"\"|\"\"суд\"\"|\"\"кризис\"\"|\"\"russia\"\"|\"\"протесты\"\"|\"\"банк\"\"|\"\"банки\"\"|\"\"биржа\"\"|\"\"финансы\"\"|\"\"евро\"\"|\"\"невзоров\"\"|\"\"камикадзе\"\"|\"\"5112017\"\"|\"\"революция\"\"|\"\"51117\"\"|\"\"кремль\"\"|\"\"песков\"\"|\"\"лавров\"\"|\"\"митинг\"\"|\"\"пожар\"\"|\"\"кемерово\"\"|\"\"тулеев\"\"|\"\"дети\"\"|\"\"сгорели\"\"|\"\"похороны\"\"|\"\"вольнов\"\"\"","Спасибо за Вашу поддержку каналу!\\n\\nНОВЫЙ ДОНАТ ДЛЯ ВОПРОСА В ПРЯМОЙ ЭФИР: http://www.donationalerts.ru/r/maltsev\\n\\nДОНАТ НА РЕВКОЙНЫ: http://www.donationalerts.ru/r/artpod...\\n\\nСайт СВИНОЧАЙКИ  -  https://t.co/ZJJoIzno9a\\n\\nТелеграмм Канал  https://t.co/ryffGnJ0Mt\\n\\nMAIL ДЛЯ ПРОГРАММИСТОВ avrorarevcoin@gmail.com\\n\\nНОВЫЙ КОШЕЛЕК:\\n≡ Bitcoin:  12dLhnQwuF4aUHXLgngvv2jZa6zYADb1uN\\n\\nВячеслав Мальцев. Плохие новости\\nОТКРЫТОЕ ТЕСТИРОВАНИЕ САЙТА http://testmaltsev.org/\\nРЕВКОЙНЫ:  https://nocorrupt.org\\nИнструкция как анонимно написать Вячеславу Мальцеву\\nhttps://www.dropbox.com/s/0kquwlu4s8k....\\n\\nЗарегистрируйтесь на Viuly, новом аналоге ютуба- \\nhttps://viuly.io/r/K7790395a9446988\\nнаш канал Народовластие на viuly  - https://viuly.io/channel/70053\\n\\n\\nTwitter: https://twitter.com/vvmaltsev\\nEMAIL В. В. МАЛЬЦЕВА: vvmaltsev64@gmail.com\\nКАНАЛ БЕЗУМНАЯ ГРЕТА: https://www.youtube.com/channel/UC6MZ...\\n\\nОБХОД БЛОКИРОВОК СОЦСЕТЕЙ: https://cloud.mail.ru/public/3JYX/tzW...\\n\\nАгитационный материал: https://cloud.mail.ru/public/ELtq/oJ3...\\nПисьма узникам режима: http://rosuznik.org/\\n================================",2018-04-27T20:31:20.000Z,25640,2512,4783,26
RU,Охраннику Зимней вишни избрали меру пресечения,Сибдепо в Кузбассе,Film & Animation,"\"пожар|\"\"зимняя вишня\"\"|\"\"кемерово\"\"|\"\"кузбасс\"\"|\"\"сидепо\"\"|\"\"суд\"\"|\"\"арест\"\"|\"\"пресечение\"\"\"","",2018-03-28T13:05:41.000Z,25611,40,62,78
RU,Куда ведет кампания Путина?,Радио Свобода,News & Politics,Радио Свобода,"Выборы-2018. Борьба за власть или за реформы? Возможна ли новая война с Украиной? В эфире Сергей Цыпляев, Евгений Ихлов, Илья Пономарев.",2018-01-18T17:07:16.000Z,25542,744,2125,0
RU,Разыскивается подозреваемый в поджоге ТЦ зимняя вишня в Кемерово,Константин Ответственный X,People & Blogs,"\"розыск|\"\"зимняя\"\"|\"\"вишня\"\"|\"\"Кемерово\"\"|\"\"Тулеев\"\"|\"\"путин\"\"|\"\"розжиг\"\"|\"\"огонь\"\"|\"\"пожар\"\"\"",https://vk.com/id412829769\nВК СТАСА\nhttps://www.youtube.com/watch?v=iNSdJOnLU9E\nочевидец о взрыве\nhttps://www.youtube.com/watch?v=-1Z8QLmnin0\n блогер в защиту Стаса\nhttps://www.youtube.com/watch?v=IgieysGOLfI\nблогер обвиняет Стаса\nhttps://moe-online.ru/material/1009466\nЗаявление главы МЧС,2018-03-28T12:50:45.000Z,25506,943,14980,394
RU,Гость Ночного контакта Гусейн Гасанов о съемках шоу,Ночной Контакт,Entertainment,"\"Гусейн Гасанов|\"\"Сергей Мезенцев\"\"|\"\"Ночной контакт\"\"\"",Смотри выпуск №2 в группе ВКонтакте 1 февраля в 20:00\nhttps://vk.com/nochnoy_kontakt,2018-02-01T05:56:54.000Z,254976,48,204,292
RU,«Деньги заплатил — что угодно подпишут»: совещание с Путиным в Кемерово (Полная версия),King's Top,Entertainment,"\"путин в кемерово|\"\"совещание путина в кемерово\"\"|\"\"путин по поводу пожара\"\"|\"\"пожар путин\"\"|\"\"путин в кемерове\"\"|\"\"путин разнос кемерово\"\"|\"\"путин дети\"\"|\"\"путин пожар\"\"\"",«Деньги заплатил - что угодно подпишут»: совещание с Путиным в Кемерово (Полная версия),2018-03-27T15:57:17.000Z,25478,85,113,139
RU,Проверяю билеты Русского Лото тираж 1212 от 01.01.2018 Новогодний МИЛЛИАРД!!! Я ВЫИГРАЛ!!,ВАК,People & Blogs,"\"столото|\"\"русское лото\"\"|\"\"русское лото 1211\"\"|\"\"отзывы\"\"|\"\"русское лото проверить билет\"\"|\"\"русское лото тираж 1211\"\"|\"\"результаты тиража 1211 русское лото\"\"|\"\"проверка билета русское лото\"\"|\"\"лото\"\"|\"\"лотерея\"\"|\"\"как выиграть в лотерею\"\"|\"\"как заработать денег\"\"|\"\"первый канал\"\"|\"\"нтв\"\"|\"\"победитель\"\"|\"\"москва\"\"|\"\"последние новости\"\"|\"\"социальные сети\"\"|\"\"лотереи\"\"|\"\"как заработать много денег\"\"|\"\"гослото\"\"|\"\"столото проверить билет\"\"|\"\"stoloto\"\"|\"\"cnjkjnj\"\"\"",1xbet https://refpamsy.top/L?tag=s_28800m_355c_&site=28800&ad=355\nСтолото---http://www.stoloto.ru/registration?referral=334765303\nСтатистика лотерей:\nВыиграно=1072р\nПотрачено=3000р\nИграло билетов=30\nМаксимальный выигрыш=140р (Русское Лото Тираж 1167)\nКошелек PAYEER---https://payeer.com/?partner=195413\nПодписывайся на мой инстаграм--https://www.instagram.com/mr.big.bos\nЯ в ВК---https://vk.com/wasiliykulagin\nЗаработок без вложений!--http://surfearner.me/26402\nМой личный видео блог!\nПодписывайся!!! https://www.youtube.com/channel/UCJVuzYZBQELW5zoKY2gat3Q/featured,2018-01-01T16:40:52.000Z,25468,65,134,60
RU,Эксклюзивное интервью Грудинина почему он покинул дебаты,Дмитрий Мартышенко,News & Politics,"\"Павел Грудинин|\"\"#Грудинин\"\"|\"\"#Грудинин2018\"\"|\"\"#ЯзаГрудинина\"\"|\"\"#НПСР\"\"|\"\"#ПДСНПСР\"\"|\"\"#СССР\"\"|\"\"#пдснпср\"\"|\"\"#ЛевыйФронт\"\"|\"\"#Путин\"\"|\"\"#Выборы2018\"\"|\"\"#ПавелГрудинин\"\"|\"\"#Грудининнашпрезидент\"\"|\"\"#НАШПРЕЗИДЕНТ\"\"|\"\"#Альтернатива\"\"|\"\"#АльтернативаПУ\"\"|\"\"#АльтернативаПутину\"\"|\"\"#Альтернативавыбора\"\"|\"\"#АльтернативаГрудинин\"\"\"","В эфире первого канала Павел Николаевич Грудинин ушел с дебатов. Он всерьез сомневается в полезности предложенного кремлевскими кукловодами формата предвыборных дебатов.\\n\\nСмотрите так же: Грудинин честно признался, что считает предложенный формат дебатов клоунадой. https://youtu.be/et4cR5fvYYg\\n\\nГруппа единомышленников в ВК - https://vk.com/alternativa_news",2018-03-01T08:22:40.000Z,254446,14251,19134,4538
RU,60 минут по горячим следам от 12.03.18,Россия 24,Entertainment,"\"последние новости|\"\"Россия 24\"\"|\"\"онлайн\"\"|\"\"новости дня\"\"|\"\"мировые новости\"\"|\"\"новости России\"\"|\"\"новости мира\"\"|\"\"в прямом эфире\"\"|\"\"вести\"\"|\"\"вести 24\"\"|\"\"Russia24\"\"|\"\"политика\"\"|\"\"экономика\"\"|\"\"бизнес\"\"|\"\"интервью\"\"|\"\"специальный репортаж\"\"|\"\"происшествия\"\"|\"\"ВГТРК\"\"|\"\"информационный канал\"\"|\"\"24 часа\"\"|\"\"новости регионов\"\"|\"\"путин\"\"|\"\"ольга скабеева\"\"|\"\"скабеева\"\"|\"\"попов\"\"|\"\"евгений попов\"\"|\"\"скабеева и попов\"\"|\"\"ток-шоу\"\"|\"\"новое ток-шоу\"\"|\"\"токшоу\"\"|\"\"ток шоу\"\"|\"\"Право голоса\"\"|\"\"место встречи\"\"|\"\"время покажет\"\"|\"\"право знать\"\"|\"\"первая студия\"\"\"",Подпишитесь на канал 60 минут: https://www.youtube.com/channel/UCR16nHT1nkmG7g9AkE9tGeQ?sub_confirmation=1,2018-03-12T11:04:47.000Z,253817,1247,1350,1422
