country,title,channel_title,category,tags,description,publish_time,views,likes,dislikes,comment_count
JP,アラフォー兄が、20代の女と婚約。私『こんな上品な人と結婚できるなんてすごい！』→両家の顔合わせで、兄の婚約者が車いすを押してきて…,スカッとDQN返し ほのぼのストーリー！！【泣けます(;_;)】,Entertainment,"\"DQN返し|\"\"修羅場\"\"|\"\"スカッとDQN返しほのぼのストーリー！！【泣けます(;_;)】\"\"|\"\"UC5vrk8aYZpao0RZtfwf6nZg\"\"|\"\"キチ\"\"|\"\"兄の婚約者\"\"\"",アラフォー兄が、20代の女と婚約。私『こんな上品な人と結婚できるなんてすごい！』→両家の顔合わせで、兄の婚約者が車いすを押してきて…完成間近の新居でトイレが誰かに使われてた。私「納得いくまで支払いしない」すると…https://youtu.be/ZjUg7TsPwHQ彼氏『婚約はなかったことに』私「はい」彼氏『怒ってないの？』私「全然！裏切りする奴なんて私の人生に要らない！」→すると次の日から…https://youtu.be/mR4maAkRzEw俺所有の空き地にDQN車が違法駐車！→除雪機使って3m級の雪山で囲って出られなくしたらｗｗｗｗhttps://youtu.be/Hs50AlsVg90Facebook ページはコチラ　↓https://www.facebook.com/Kandou-3-1071175739605826/Twitterはコチラ　↓https://twitter.com/mimorin2修羅場系のお話の中で、ちょっと泣ける、スカッとして、感動して、胸がスーとする短編記事や、ほのぼのして心あたたまる 、ちょっといいお話を配信していきます。DQN返しのおはなしもありますよ。,2018-05-24T13:00:09.000Z,21078,26,52,8
JP,バンドのガキ「俺らの音楽を理解できないクソジジイは出てけ！」俺「演奏止めろ」スタッフ「音声切りました」ガキ「えっ」,キニナル2chch,Entertainment,"\"スカッとする話|\"\"修羅場\"\"\"",仮想通貨で『億り人』に。今年がラストチャンス(´･ω･｀)→　https://goo.gl/vQSkXR★スマホでも再生速度が変更できるようになりました！★PCの方は歯車のマークから、スマホの方は右上の縦に並んだ3つ点から、0.25倍〜2倍まで変更できます。お好きな速度でお楽しみください(´･ω･｀)★先月のベスト５★出勤中に轢き逃げされた。私「軽傷だから出勤する」警察「送ります」→職場に着いたら、私を轢いた車があり・・・https://youtu.be/5aglA_bozdo彼女の家の前に、俺の姉＆妹が怖い顔で立ってた。俺「な、何だよ？」彼女「怖い…」姉「2人に話がある」→まさかの事態に・・・https://youtu.be/tDEg1i0uFi0いつの間にか車にGPSが仕掛けられてた！俺「PCでデータをチェックしよう」→嫁がPCの画面を見て硬直した。https://youtu.be/gs-ctRZabQY私「離婚して」夫「家事もしないお前を20何年も養ってやったのにこの仕打ちか！」→離婚後、不思議な話を聞いた。https://youtu.be/CsRGZ897-dQバイトの先輩とファミレスでバッタリ。先輩「彼女と難しい話をしてるんだ」女「違います！助けて！」俺「え？」https://youtu.be/J-Ok2kETRms★ひみつのLINE@始めました★興味がある方はご登録ください(´･ω･｀)http://bit.ly/2Hp76Zl★無料でできる社会貢献★もしあなたが一切お金を払わず、たった２タップで寄付ができたら嬉しいですか？登録いただくとベネズエラの貧しい方々に100円の寄付が入ります。あなたのあたたかい支援に感謝いたします。http://urx2.nu/FS8AStep1. 友だち追加Step2. 認証コード『よしむ』を入力※認証コードの入力をもって　寄付が完了となります。,2018-05-28T13:00:06.000Z,21020,74,97,37
JP,関ジャニ∞ 渋谷すばる 脱退会見 草       ジャニヲタざまぁwwwwwwwwwwwwwwwwwwwwwwwwwwwwwwwww,登録者1人につき1回モモでオナニーします,People & Blogs,[none],"",2018-04-15T03:24:41.000Z,21017,77,216,440
JP,ワイドナショー 2018年2月11日　180211 FULL,JP TV,Film & Animation,"\"平昌五輪!北の美女軍団は|\"\"西川貴教\"\"|\"\"【平昌五輪!北の美女軍団は?具志堅の愛弟子比嘉大吾&西川貴教】\"\"|\"\"ワイドナショー\"\"|\"\"具志堅の愛弟子比嘉大吾\"\"\"",ワイドナショー 2018年2月11日　180211,2018-02-13T04:54:04.000Z,20875,15,38,6
JP,「最終回」めちゃイケ しりとり侍,kenshin 07,People & Blogs,"\"めちゃイケ|\"\"最終回\"\"|\"\"七人のしりとり侍\"\"|\"\"野武士\"\"|\"\"戦\"\"\"",しりとり侍の最初の戦！！\n竹山のミスで野武士との戦が勃発👊,2018-03-31T11:26:46.000Z,208408,52,75,114
JP,東方神起 新曲のMVが即削除。事務所が最低だと言われる理由【Love Line（平行線）ミュージックビデオ】,芸能ニュースボックス,People & Blogs,"\"東方神起|\"\"love line\"\"|\"\"平行線\"\"|\"\"MV\"\"|\"\"ミュージックビデオ\"\"|\"\"ユノ\"\"|\"\"チャンミン\"\"|\"\"ユンホ\"\"|\"\"世界地図\"\"|\"\"日本削除\"\"\"",◇東方神起　TVXQ! Official◇\nTVXQ! 동방신기 '운명 (The Chance of Love)' MV\nhttps://www.youtube.com/watch?v=3wnHiK5sKgA\n\nTVXQ! 동방신기 '평행선 (Love Line)' MV\nhttps://www.youtube.com/watch?v=vHvwuBzimIU\n\nTVXQ! 동방신기 Comeback Stage '평행선 (Love Line)' KBS MUSIC BANK 2018.03.30\nhttps://www.youtube.com/watch?v=ohPbpmsoAJw\n\n\nご覧いただき、ありがとうございました。\n\n◆ぜひ、チャンネル登録お願いします◆\nhttps://www.youtube.com/channel/UCOzS...\n\n\ngood高評価をもらえると嬉しいです♪\nコメントもたくさんお待ちしています♪♪\n\n\n◆～芸能ニュースボックスおすすめ動画～◆\n\n東方神起 EXOボーリング対決!ファンの反応の違いが面白いことになってしまった理由（Vlive）\nhttps://www.youtube.com/watch?v=lvBSoLGeHfI\n\n\n東方神起カムバについて熱く語るも、それどころではなかったVlive\nhttps://www.youtube.com/watch?v=FGq0pIBSosU\n\n\n東方神起カムバックで日本ファンを苦しめる韓国のある事情とは…\nhttps://www.youtube.com/watch?v=QLNeGii4n0w\n\n\n\n\n＊＊＊,2018-04-03T16:01:33.000Z,20527,212,241,119
JP,俺たちガチでバンドはじめます,ヒカル2ndチャンネル,Entertainment,"\"ヒカル|\"\"ヒカルゲームズ\"\"|\"\"hikaru\"\"|\"\"hikarugames\"\"|\"\"バンド\"\"|\"\"ガールズロック革命\"\"|\"\"はじめます\"\"|\"\"ガチ\"\"\"",バンドの子の動画はこちらです（一緒に動画撮ってます！）https://www.youtube.com/watch?v=qdlAbn4Zu1s&feature=youtu.be★メインチャンネルはこちらhttps://www.youtube.com/channel/UCaminwG9MTO4sLYeC3s6udA★チャンネル登録はこちらhttps://www.youtube.com/channel/UCvc33FeURfaIN5M8x9wGVjQ?sub_confirmation=1★ファンクラブはこちらhttps://yukichi.fc.vaz.tokyo★ヒカルのゲーム実況チャンネルhttps://www.youtube.com/user/kinnpatuhikaru★ヒカルのTwitterhttps://twitter.com/kinnpatuhikaru★ヒカルまえす名人管理のTwitterはこちらhttps://twitter.com/hikaru2nd1031★ヒカルのインスタグラムhttps://www.instagram.com/tadanokarisuma/・VAZ公式HPhttp://vaz.tokyo/,2018-05-09T09:00:24.000Z,205080,2675,5302,823
JP,「紀州のドンファン」野崎幸助氏の妻 隠された素性２,story teller,People & Blogs,"\"図解|\"\"story\"\"|\"\"teller\"\"|\"\"神戸山口組\"\"|\"\"山口組\"\"|\"\"司忍\"\"|\"\"井上邦雄\"\"|\"\"暴力団\"\"|\"\"ヤクザ\"\"|\"\"やくざ\"\"|\"\"UCkja1fa7ZuaOImWfi8wdU4Q\"\"\"",「紀州のドンファン」野崎幸助氏の妻 隠された素性２ここの従業員の方たちは最初からこの妻のことをかなり怪しく思っていたのでしょうね。そうでなければ大々的に売り出しているわけでもないこの妻のことをすぐにみつけることは難しいです。しかも６人もの従業員がこのことを知っているだけではなく、スマホにそのデータを保存していたわけです。時々、観ていた可能性も高いわけです。やはりテレビではまだそこまでの報道は規制されているようです。今回の件は非常に構図としてわかりやすいので、素人でもこの２人が怪しいことは明らかです。和歌山県警もこの２人に絞り込んでいるという事ですから、ここは正念場です。ここまで連日連夜大きく報道されている中、それがプレッシャーになるのかあるいは励みになるのかわかりませんが、後は証拠固めだけという事ですね。本日６月７日には愛犬のイブちゃんの遺体が掘り起こされました。この愛犬から覚醒剤の成分が検出されればかなり強い確証になります。あそこまで溺愛していた野崎氏が愛犬に覚醒剤を盛るとは考えにくいですから、第三者でしかもかなり近い関係の人間と限定されることになります。野崎氏にこの妻を紹介した男性は自分からネタを持っていっているという事から考えると普通は判任とは考えにくいです。最初に紹介した女性とはある程度の契約があったのかもしれませんが、この妻とは間接的にしか知らないところから今回のこととは無関係だと感じます。しかし、全く見ず知らずの男性から声をかけられて女性と会い愛人契約を結ぼうとするこの野崎氏もどういう人なんでしょうか。元々女性を性のハケ口としかかんがえていないことからこのような無様な亡くなり方をする羽目になりました。また、「純朴なタイプ」と言いますがヤンキーばかりの学校で「純朴」と言われても説得力がありません。(笑)　結局、やっていることはその程度の内容です。ただ、警察の捜査の方法をばらしてしまっていいのでしょうか。今後は警戒して別の手段をとることになります。引用：週刊新潮　2018年６月14日号,2018-06-07T07:45:23.000Z,204472,380,428,228
JP,日大アメフト選手のタックルで関西学院大学QBの背骨が曲がるシーンまとめ！なぜ審判はすぐに注意しないの？,ニュースのウチ側,Entertainment,"\"アメフト|\"\"日大\"\"|\"\"関西学院大学\"\"|\"\"定期\"\"|\"\"反則\"\"|\"\"出場停止\"\"|\"\"追放\"\"|\"\"罰\"\"|\"\"謝罪\"\"\"",チャンネル登録お願いします！https://goo.gl/tzSJdU関連動画はこちら↓山口達也が７年前から苦しんでいた酒依存ではない障害に一同驚愕！城島・国分・松岡・長瀬、TOKIOの４人が知らぬ間に達也の心は蝕んでいった・・・https://www.youtube.com/watch?v=f7_d95Hvsuc山口達也を芸能界追放した黒幕が本当に欲しいものがコレ！TOKIOの４人の記者会見は黒幕が書いたシナリオ通り！https://www.youtube.com/watch?v=_FJxh1DUeUkTOKIOや山口より被害者JKの人生が一番地獄な理由！山口氏のジャニーズ事務所との契約解除によって一番重い十字架を強制的に背負うことになった被害者https://www.youtube.com/watch?v=cDYIK9WDBU8三浦桃香VSアン・シネ！保険の窓口レディースでの共演は？https://www.youtube.com/watch?v=E--qEMv6O_Aワイドナショー2018年5月6日で武田鉄矢が炎上発言！https://www.youtube.com/watch?v=32xSjxfFg3w三浦桃香とカメラマンの関係とは？２０１８ワールドレディスチャンピオンシップhttps://www.youtube.com/watch?v=6GN3ZshXPCA&t=34s,2018-05-12T03:41:04.000Z,204250,114,611,295
JP,ZIP! 山口達也への扱いがそっけなかったとある理由に一同驚愕【ファミリーと呼べない裏事情】,あんてな速報芸能,People & Blogs,"\"山口達也|\"\"坂上忍\"\"|\"\"バイキング\"\"|\"\"tokio\"\"|\"\"TOKIO\"\"|\"\"山口メンバー\"\"|\"\"城島\"\"|\"\"強制わいせつ\"\"|\"\"週間ニュースリーダー\"\"|\"\"ジャニーズ\"\"|\"\"UCs7pz1yfA2LURzTmZkv_p4g\"\"|\"\"芸能部モリアオガエル\"\"|\"\"十人十色\"\"|\"\"UCA4uQITt-1Ix3RwsCx55b1A\"\"|\"\"岡村隆史\"\"|\"\"国分太一\"\"|\"\"ニュース\"\"|\"\"芸能\"\"|\"\"ZIP\"\"|\"\"ZIPファミリー\"\"|\"\"山口 会見\"\"|\"\"長瀬智也\"\"|\"\"城島茂\"\"|\"\"松岡昌宏\"\"|\"\"Rの法則\"\"|\"\"エンタメすぷりんぐ\"\"|\"\"桝太一\"\"|\"\"桝アナ\"\"|\"\"日テレ\"\"|\"\"グッディ\"\"|\"\"安藤優子\"\"\"",ZIP! 山口達也への扱いがそっけなかったとある理由に一同驚愕【ファミリーと呼べない裏事情】\n\nチャンネル登録\nhttps://www.youtube.com/channel/UCIKO6HP1zaFgYdHA-cR93Pg\n\n■免責事項\n\n動画に掲載している画像の著作権・肖像権等は\n各権利所有者に帰属します。権利を侵害する目的ではありません。\n記事の内容や掲載画像等に問題がありましたら、\n各権利所有者様ご本人がメールにてご連絡下さい。\n 迅速に対応させて頂きます。\n\n■関連動画\n\n「山口達也の会見には正直驚いた」　坂上忍／バイキング\nhttps://youtu.be/M02NN0BcZ-M\n\nTOKIO　山口メンバーの件で城島怒りのコメント\nhttps://youtu.be/JspVs6ILBKE\n\nナイナイ岡村 山口メンバーの件で国分に連絡したら・・・\nhttps://youtu.be/tNFx3jRnYgk\n\n山口達也へのZIPファミリーの扱いが酷いと非難殺到…山口本人は会見でメンバーの名前を呼びあげて謝罪【TOKIO・Rの法則・山口メンバー・桝太一】\nhttps://youtu.be/Hk6R13tFHq8\n\n山口達也容疑者、示談成立した日のZIPで上機嫌♬\nhttps://youtu.be/E274ZQ9_xN8\n\nワイドなショー【TOKIO山口達也メンバー謝罪会見】 前園さんはコメント呼ばれず 松本人志は？\nhttps://youtu.be/Or2YmEywZzw,2018-04-30T04:21:12.000Z,201714,157,273,60
JP,優勝候補のフランス・ペア、ガブリエラ・パパダキス今度はポロリ,Go gossips,Entertainment,"\"パパダキス|\"\"ガブリエラ\"\"|\"\"フランス\"\"|\"\"アイス\"\"|\"\"ダンス\"\"|\"\"平昌\"\"|\"\"ピョンチャン\"\"|\"\"オリン\"\"|\"\"五輪\"\"|\"\"ポロリ\"\"|\"\"Gabriella\"\"|\"\"Papadakis\"\"\"",【チャンネル登録URL】\nhttps://www.youtube.com/channel/UCLrkX4tqu1qP15MA0AwIvfQ\n\n【関連動画】\nGabriella Papadakis/ Guillaume Cizeron European Championships 2018 FD - WR!\nhttps://www.youtube.com/watch?v=KjBlL7GMOuk\n\nB.ESP(HD). Gabriella PAPADAKIS / Guillaume CIZERON SD - 2017 Cup of China\nhttps://www.youtube.com/watch?v=Fwe-54eI7HI\n\nB.ESP. Gabriella PAPADAKIS / Guillaume CIZERON FD - 2016 Grand Prix Final\nhttps://www.youtube.com/watch?v=CPsxxpFQb1k,2018-02-19T13:02:36.000Z,201477,71,487,2
JP,らむめろ　彼氏と別れた直後にネットの王子と付き合う,しんえもん,People & Blogs,ふくれな,"",2018-05-08T14:52:24.000Z,20110,33,246,82
JP,Music Station 2018年3月9日 欅坂46「ガラスを割れ!,Irena Audiobook,People & Blogs,[none],ミュージックステーション Music Station 2018年3月9日 https://www.youtube.com/watch?v=bBn9r4F7ksI,2018-03-09T12:05:50.000Z,200776,466,670,918
JP,100人以上のLINEグげに入る人携帯鳴りっぱなし説(木)3/8【水曜日のダウンタウン】,水曜日のダウンタウン クロちゃん TBS,Entertainment,"\"水曜日|\"\"ダウンタウン\"\"|\"\"水曜日の\"\"|\"\"水曜日のダウンタウン\"\"|\"\"クロちゃん\"\"|\"\"水曜日のダウンタウンクロちゃん\"\"\"",【水曜日のダウンタウン】2018年03月08日\n【クロちゃん】,2018-03-08T14:11:52.000Z,199525,281,554,305
JP,【衝撃】オバマ氏来日した真の目的は!!驚きの真実があった!!!,WORLD-CENTERED NEWS,People & Blogs,"\"WORLD-CENTERED NEWS|\"\"UCQgvCZ8YSvJDb0ruTRZbtwQ\"\"|\"\"オバマ前大統領\"\"|\"\"バクラ・オバマ\"\"|\"\"安倍総理\"\"|\"\"安倍晋三\"\"|\"\"訪日\"\"|\"\"来日\"\"|\"\"アメリカ\"\"|\"\"日本\"\"|\"\"広島\"\"|\"\"訪問\"\"|\"\"北朝鮮\"\"|\"\"孤立\"\"|\"\"プレッシャー\"\"|\"\"金正恩\"\"\"",☆チャンネル登録お願い致します☆\nhttps://www.youtube.com/channel/UCQgvCZ8YSvJDb0ruTRZbtwQ\n\nお勧め関連動画\n\n安倍首相・オバマ大統領・ハワイ・真珠湾演説・和解の力・2016年12月27日\nhttps://www.youtube.com/watch?v=7gdw-2vFN8M\n\nオバマ前大統領が来日　安倍総理ときょう昼食会(18/03/25)\nhttps://www.youtube.com/watch?v=96xwhwDr2-0\n\nオバマ氏と安倍首相 25日に昼食会「特別な意味ない」 NHKニュース\nhttps://www.youtube.com/watch?v=qxDFmgIgUJA\n\nオバマ前大統領、今月下旬に来日へ…首相と会談\nhttps://www.youtube.com/watch?v=rz7oXYiVY8w\n\n安倍首相、トランプ大統領へのおもてなし、オバマ氏との差に意外な食事情！【さすが日本】\nhttps://www.youtube.com/watch?v=ki4kgZadgZE\n\nオバマ前米大統領が訪日へ\nhttps://www.youtube.com/watch?v=n_on_l1b57c\n\nオバマ氏と安倍首相 25日に昼食会「特別な意味ない」\nhttps://www.youtube.com/watch?v=2YcTLSg5pGQ\n\n安倍総理とオバマ大統領、ＡＰＥＣで韓国首相との会談を拒否ｷﾀ (ﾟ∀ﾟ) !! 他国首脳「日米が相手にしないなら俺達も」完全にハブられイジケて帰国ｗｗｗ\nhttps://www.youtube.com/watch?v=Sdj80MjMnHU\n\nオバマ大統領と安倍首相の日米首脳会談で世界に平和を示すことが出来た管官房長官が記者会見\nhttps://www.youtube.com/watch?v=6PLKIpIFFDo\n\n安倍総理「信頼できる指導者だ」トランプ氏と会談(16/11/18)\nhttps://www.youtube.com/watch?v=O7xDYZ87pPM\n\n引用元様\nhttp://news.livedoor.com/\nhttp://japanese.china.org.cn/\n\n引用元様\nhttps://videos.pexels.com/\nhttp://www.music-note.jp/,2018-03-25T08:41:14.000Z,19941,33,43,6
JP,義妹,大人の恋バナー,Entertainment,"\"刺激的|\"\"体験\"\"|\"\"刺激的な\"\"|\"\"夫婦\"\"|\"\"関係\"\"|\"\"体験談\"\"|\"\"話\"\"|\"\"経験談\"\"|\"\"恋\"\"|\"\"愛\"\"|\"\"恋愛\"\"|\"\"熱愛\"\"|\"\"噂\"\"|\"\"うわさ\"\"|\"\"ウワサ\"\"|\"\"職場\"\"|\"\"PTA\"\"|\"\"同級生\"\"|\"\"経験\"\"|\"\"NIPPON\"\"|\"\"会社\"\"|\"\"新人\"\"|\"\"同期\"\"|\"\"上司\"\"|\"\"部下\"\"|\"\"先輩\"\"|\"\"後輩\"\"|\"\"Japan\"\"|\"\"Japanese\"\"|\"\"日本語\"\"|\"\"和文\"\"|\"\"日语\"\"|\"\"物語\"\"|\"\"えっ\"\"|\"\"義理\"\"|\"\"義父\"\"|\"\"義母\"\"|\"\"義姉\"\"|\"\"義妹\"\"|\"\"義兄\"\"|\"\"義弟\"\"|\"\"父\"\"|\"\"母\"\"|\"\"妹\"\"|\"\"姉\"\"|\"\"兄\"\"|\"\"弟\"\"|\"\"再会\"\"|\"\"再開\"\"|\"\"兄嫁\"\"|\"\"酒\"\"|\"\"失敗\"\"|\"\"失敗談\"\"|\"\"Episode\"\"|\"\"エピソード\"\"|\"\"キス\"\"|\"\"新作\"\"|\"\"新着\"\"|\"\"話題\"\"|\"\"旦那\"\"|\"\"妻\"\"|\"\"夫\"\"|\"\"男らしさ\"\"|\"\"女らしさ\"\"|\"\"男性\"\"|\"\"女性\"\"|\"\"大人の\"\"|\"\"恋バナ\"\"|\"\"アンチエイジング\"\"\"",こっちも♪登録して待っててね♪\nhttp://vst4.com/Sgm5ko\n\n＜人気の動画・オススメの動画＞\n2018.4.7 大谷翔平 8番・DHスタメン！打席全球 エンゼルス vs アスレチックス Los Angeles Angels Shohei Ohtani\nhttps://www.youtube.com/watch?v=OCQOCch_6K0\n【速報】2018.4.7 大谷翔平 3試合連続弾！HR打席全球 エンゼルス vs アスレチックス Los Angeles Angels Shohei Ohtani\nhttps://www.youtube.com/watch?v=gUFAP37UKpI\n2018.4.5 大谷翔平 2戦連続◯◯！8番・DHスタメン！打席全球 エンゼルス vs インディアンス Los Angeles Angels Shohei Ohtani\nhttps://www.youtube.com/watch?v=ilwp94z3lwc\nエンゼルス大谷翔平　3試合連続ホームラン！　アスレチックス戦　4月7日\nhttps://www.youtube.com/watch?v=BwQ5iGzkKjw\n大谷翔平 2試合連続ホームラン\nhttps://www.youtube.com/watch?v=x6yCJ9-V4jA\n2018.4.5 大谷翔平連續兩場轟出全壘打\nhttps://www.youtube.com/watch?v=ymJoTDOfOh0\nエンゼルス大谷翔平　全打席ハイライト　アスレチックス戦　4月7日\nhttps://www.youtube.com/watch?v=3j1SnVgKvj4\n【全米熱狂】大谷翔平 驚愕の３試合連続ホームラン MLB 2018.4.7 エンゼルスvsアスレチックス\nhttps://www.youtube.com/watch?v=-ujGpMlIkzU\n大谷翔平　3試合連続ホームラン　３号ソロホームラン\nhttps://www.youtube.com/watch?v=z8qXK0o9rNU\nエンゼルス大谷翔平　球場の雰囲気を一振りで変える3試合連続HR 20180407\nhttps://www.youtube.com/watch?v=UMKrBm4x6c0\n2018.04.07 大谷翔平連三戰全壘打，今日打擊表現!! 天使 vs 運動家\nhttps://www.youtube.com/watch?v=ZchsBZpzFOA\n大谷翔平 衝撃!!メジャー史上4人目の快挙!!3戦連発ホームランは松井秀喜以来日本人2人目【すごい日本】\nhttps://www.youtube.com/watch?v=zfAerk9HVnA\n2018.04.07 大谷翔平連三場比賽開轟，本季第3號全壘打出爐!!\nhttps://www.youtube.com/watch?v=TUCNVxzE0S8\n【MLB】大谷翔平生涯第３轟！連三場開轟！\nhttps://www.youtube.com/watch?v=ovRHWpbIw2E\n2018 4 4 大谷翔平 8番・DHスタメン！打席全球 エンゼルス vs インディアンス Los Angeles Angels Shohei Ohtani\nhttps://www.youtube.com/watch?v=u-a4lf0IdlU\n大谷翔平メジャー第3号ホームラン\nhttps://www.youtube.com/watch?v=M-qNSSkPXY8\n2018.4.7 大谷翔平連續三場轟出全壘打 真是天才少年\nhttps://www.youtube.com/watch?v=9_zYyF-5fJ4\n【速報】2018.4.4 大谷翔平 メジャー初本塁打！HR打席全球 エンゼルス vs インディアンス Los Angeles Angels Shohei Ohtani\nhttps://www.youtube.com/watch?v=gI8K-a8EapA\n大谷翔平3号HRを見た実況の熱い言葉に一同驚愕！3試合連続ホームランをメジャーリーグで放った二刀流に興奮が止まらない\nhttps://www.youtube.com/watch?v=dX_w1l3lIik\n🔴大谷メジャー３戦連発！大歓声でスタジアムが揺れる映像！（現地ファン映像まとめ） 【スカッとＧＪ】 Shohei Ohtani THIRD MLB HOMERUN AT ANGEL STADIUM\nhttps://www.youtube.com/watch?v=7aQFFUFsFnk\n\n【生声】バナナマン日村結婚！とんねるず石橋のお祝い電話も！\nhttps://www.youtube.com/watch?v=-Aba1MZniic\nバナナマンのバナナムーンGOLD 2018年04月06日　日村結婚報告会\nhttps://www.youtube.com/watch?v=jrNXE6da-f8\nバナナマン日村がラジオで結婚発表したことはカッコイイ！（4月6日三四郎ラジオ音声）\nhttps://www.youtube.com/watch?v=dHigWcNIMnY\n【音源】バナナマン日村勇紀、神田愛花との結婚を発表！とんねるず石橋貴明も電話で祝福！\nhttps://www.youtube.com/watch?v=sBtswqjzPww\nバナナマンのバナナムーンGOLD 2018年04月06日 日村勇紀ついに神田愛花アナと熱愛の末にご結婚\nhttps://www.youtube.com/watch?v=RyvwHK8svGA\n【バナナマン】18.4.7~日村さんついに結婚！！\nhttps://www.youtube.com/watch?v=eXtIDwhEZY0\nバナナマン日村、神田愛花アナと結婚！\nhttps://www.youtube.com/watch?v=oBHTwUIWSZA\n【バナナマン】日村勇紀が神田愛花アナと結婚！！石橋貴明もお祝い！【ラジオ】\nhttps://www.youtube.com/watch?v=qywKMI1Yijk\n【乃木坂46】バナナマン日村の結婚で乃木坂のあるメンバーが悲しんでいる？w\nhttps://www.youtube.com/watch?v=Tdi5yOJ6xcQ\n【祝福】神田愛花さん、バナナマン日村と「とある共通点」を最大限に生かしてついに結婚!??こりゃ誰にももう邪魔できない二人だわ…\nhttps://www.youtube.com/watch?v=BledMR8hQI8\nバナナマン　日村さんと結婚したいです。どうしたらいいですか？\nhttps://www.youtube.com/watch?v=T_9-XG2xwQM\n公式お兄ちゃんバナナマン日村が結婚！おめでとう！\nhttps://www.youtube.com/watch?v=-nrVHixaY3s\nバナナマン日村と神田愛花が結婚！ズムサタ 0407\nhttps://www.youtube.com/watch?v=6YVNyoKtwfs\nバナナマン日村「結婚は…」神田愛花との熱愛の痕跡を鋭いリスナーと振り返る！\nhttps://www.youtube.com/watch?v=jLLmV-021G8\n日村勇紀さん結婚で乃木坂46のメンバーからの祝福メッセージを探したら\nhttps://www.youtube.com/watch?v=wTu3GR-IZAA\nバナナマン 日村勇紀さんの彼女は神田愛花さん！ ラジオで交際を生報告「付き合っています。」\nhttps://www.youtube.com/watch?v=K3VXbDJI-DA\nバナナマン日村勇紀と神田愛花との馴れ初めから現在の結婚までの経緯が衝撃的すぎた！！！\nhttps://www.youtube.com/watch?v=qj9tC6I8jug\n乃木坂46公式お兄ちゃんバナナマン日村結婚へカウントダウン！？『機は熟した！』との報道の理由とは…\nhttps://www.youtube.com/watch?v=cwKUYIWBUcg\n日村さん結婚報告！【バナナマンのバナナムーンGOLD/2018.4.6】\nhttps://www.youtube.com/watch?v=-mZTK-_auD4\n日村さんを見つけたときの西野七瀬のリアクション【ワシら永遠に勝てねえわ】\nhttps://www.youtube.com/watch?v=pruufuUwCK8,2018-04-09T07:00:02.000Z,19874,14,17,0
JP,坂上忍 やくみつるに「大激怒」放送事故!?  バイキング,nbsc006,People & Blogs,[none],"",2018-02-06T05:31:33.000Z,198340,527,886,1979
JP,ジャニヲタざまぁwwwwwwwwwwwwwwwwwwwwwwwwwwwwwwwwwwwwwwwwwwwwwwwwww,登録者1人につき1回モモでオナニーします,People & Blogs,[none],"",2018-04-15T03:24:41.000Z,197515,996,2579,3475
JP,韓国パシュート まさかの置き去り,metameta1979,Sports,パシュート,"",2018-02-20T08:43:28.000Z,1965705,1484,3220,3334
JP,【プロフェッショナルの流儀】本田圭佑 問題のシーン,セブンカフェ,Entertainment,"\"プロフェッショナルの流儀|\"\"本田圭佑\"\"|\"\"ハリルホジッチ\"\"|\"\"日本代表\"\"|\"\"サッカー\"\"|\"\"ACミラン\"\"|\"\"パチューカ\"\"|\"\"放送事故\"\"|\"\"炎上\"\"\"",「ハリルのサッカーに服従することが恥ずかしい」,2018-05-14T16:40:55.000Z,19655,75,112,166
JP,【スカッとする話】カフェで元夫と話した。元夫「家まで送るよ」私「エレベーター乗るだけだから」→元夫「はっ！？」（スカッとブレイン）,スカッとブレイン,Entertainment,"\"スカッとする話|\"\"スカッとブレイン\"\"|\"\"UCzkJhVIn88NJ0zz8GA-pl4Q\"\"|\"\"修羅場\"\"|\"\"浮気\"\"|\"\"キチママ\"\"|\"\"離婚\"\"|\"\"いじめ\"\"|\"\"トメ\"\"|\"\"復讐\"\"|\"\"ＤＱＮ\"\"|\"\"武勇伝\"\"|\"\"ＧＪ\"\"\"",カフェで元夫と話した。元夫「家まで送るよ」私「エレベーター乗るだけだから」→元夫「はっ！？」\n\n元旦那の不倫相手が乗り込んできて、それから１週間後には離婚届を提出したのが６年前\n子供は当時５歳と６歳で、上の子はあと半年で卒園だという時だったので本当に申し訳ないことをしてしまった\n家計は元旦那が管理していたから私は文字通りの一文無し、頭を下げて実家を頼った\n\n\n\n\nこちらからチャンネル登録お願します：http://ur0.work/I1bU\n\n\n関連動画：\n【スカッとする話】頻繁にﾄﾒに呼び出される私「仕事があるから行けませんとキレられても無理！」トメ「嫁ごときが婚家の者に逆らうなんて！」コトメ「てめえ……！」【club スカッとする話】\nhttps://www.youtube.com/watch?v=iIOEgUrwY5Y\n\n【修羅場】 駐車場に車を停めて鍵はジャンバーのポケットに。子供に気をとられて荷物から目を離してしまった。帰ろうとポケットに手を突っ込むも鍵がない！慌てて車に戻ると運転席に人が… スカッと修羅場ラバンダ\nhttps://www.youtube.com/watch?v=GQD94JI9Ldc\n\n衝撃的な話　キチ子「これ欲しい♪」キチママ「姫が欲しがってるからよこせ」俺「だったらコレを見てみろよ！」→結果…ｗ【スカッとAK】\nhttps://www.youtube.com/watch?v=C0F9_936u0A\n\n【スカッとする話】当時 諸事情あって俺は祖父と2人暮らしだった→小6の時に祖父が入院し伯母の家から電車通学することに→ある日の帰りの電車内オバさん2人組が声を掛けてきた…\nhttps://www.youtube.com/watch?v=ljifXdOiXDg\n\n修羅場な話　カレーパンをオバサンが大勢の目の前で買い占めた！→店員「揚げ立てを用意します」JK「ラッキー♪」→するとババアが大発狂！！【スカッとブレイク】\nhttps://www.youtube.com/watch?v=jVd9_vJt80k\n\n\n\n引用元：\nhttp://kazokuchannel.doorblog.jp/,2018-03-20T00:10:02.000Z,19617,44,51,8
JP,【公式】禁断の二人と生き地獄！復讐鬼の手段は異常な領域へー5月10日（木）よる10時放送「モンテ・クリスト伯」30秒予告,フジテレビ番組動画,Entertainment,"\"フジテレビ|\"\"モンテ・クリスト伯\"\"|\"\"華麗なる復讐\"\"|\"\"ディーン・フジオカ\"\"|\"\"大倉忠義\"\"|\"\"山本美月\"\"|\"\"高杉真宙\"\"|\"\"葉山奨之\"\"|\"\"岸井ゆきの\"\"|\"\"桜井ユキ\"\"|\"\"三浦誠己\"\"|\"\"渋川清彦\"\"|\"\"新井浩文\"\"|\"\"田中泯\"\"|\"\"風吹ジュン\"\"|\"\"木下ほうか\"\"|\"\"山口紗弥加\"\"|\"\"伊武雅刀\"\"|\"\"稲森いずみ\"\"|\"\"高橋克典\"\"\"",「モンテ・クリスト伯ー華麗なる復讐ー」その復讐方法は人の域を超えたー。復讐鬼が仕組む禁断の出逢い…5月10日（木）よる10時放送！冤罪の罪で投獄された純朴な青年は、完璧な紳士に姿を変え、壮大な復讐を開始！出会わせてはいけない二人を呼び寄せ、誘い込むのは生き地獄！復讐の残酷さが加速する…ディーン・フジオカの「狂気」はもう戻れない！＜出演＞ディーン・フジオカ　大倉忠義　山本美月　高杉真宙　葉山奨之　岸井ゆきの　桜井ユキ　三浦誠己　渋川清彦 ・ 新井浩文 ／ 田中泯 ・ 風吹ジュン ・ 木下ほうか ／ 山口紗弥加　伊武雅刀　稲森いずみ　高橋克典番組公式HP http://www.fujitv.co.jp/MONTE-CRISTO/,2018-05-03T13:55:00.000Z,19509,134,193,0
