country,title,channel_title,category,tags,description,publish_time,views,likes,dislikes,comment_count
MX,HONOR A ARIEL CAMACHO (D.E.P.),Enrique Morales,People & Blogs,"\"FUNERAL DEL PIRATA DE CULIACAN (D.E.P.)|\"\"funeral del pirata de culiacan\"\"|\"\"funeral\"\"|\"\"del\"\"|\"\"pirata\"\"|\"\"de\"\"|\"\"culiacan\"\"|\"\"pirata de culiacan\"\"|\"\"muerte\"\"|\"\"porque mataron al pirata de culiacan\"\"|\"\"firmo su sentencia\"\"|\"\"corrido al pirata de culiacan\"\"|\"\"ARIEL CAMACHO\"\"\"","POR UNOS ERA QUERIDO, POR OTROS ERA ODIADO, DESCANSA EN PAZ PIRATA DE CULIACAN\\n\\nFacebok personal: https://goo.gl/0QswsR\\n\\nApoya a este canal es mio también: https://goo.gl/uBbfUv\\n\\nMi redes esta en mi canal, sigueme y te sigo\\n\\nNo olvides descargar mi extensión para que te des cuenta cuando subo video: http://goo.gl/E8lUl5\\n\\nSuscribete: http://bit.ly/EnriqueLyrics\\nFUNERAL DEL PIRATA DE CULIACAN (D.E.P.)\\nFUNERAL DEL PIRATA DE CULIACAN (D.E.P.)",2017-12-22T01:16:14.000Z,103962,293,328,0
MX,LA VERDADERA RAZÓN POR LA QUE LOS RUMANOS SE BURLARON DE LOS MEXICANOS I EXATLÓN MÉXICO,Carlos Cohen,Entertainment,"\"Estación Arcade|\"\"Carlos Cohen\"\"|\"\"exatlon\"\"|\"\"mexico\"\"|\"\"rumania\"\"|\"\"enfrentamiento\"\"|\"\"contendientes\"\"|\"\"famosos\"\"|\"\"octagon\"\"|\"\"hijo de\"\"|\"\"ana\"\"|\"\"lago\"\"|\"\"daniel\"\"|\"\"corral\"\"|\"\"macky\"\"|\"\"doris\"\"|\"\"ernesto\"\"|\"\"cazares\"\"|\"\"chisme\"\"|\"\"noticia\"\"|\"\"spoiler\"\"|\"\"avance\"\"|\"\"equipo\"\"|\"\"rojo\"\"|\"\"azul\"\"|\"\"azules\"\"|\"\"rojos\"\"\"","HOLA QUE TAL BIENVENIDOS A UNA EMISION MAS ESTE ES EL VIDEO NUMERO 500 ESTA VEZ LES TRAIGO ESTE VIDEO A REACCION DE MUCHA GENTE QUE EN REDES SOCIALES AHORA DEFIENDEN A LOS MEXICANOS.... NO OLVIDES DARLE LIKE, COMENTAR, COMPARTIR Y SUSCRIBIRTE A ESTE HERMOSO CANAL.",2018-01-30T06:35:58.000Z,101501,226,227,170
MX,CUIDADO !!! CON ESTE NUEVO EVANGELIO - RAFAEL RAMIREZ,Vida Eterna En Jesus,Entertainment,"\"cristianos|\"\"dios\"\"|\"\"jesus\"\"|\"\"evangelio\"\"|\"\"evangelio de cristo\"\"|\"\"rafael ramirez\"\"|\"\"apostasia\"\"|\"\"biblia\"\"\"",GRACIAS POR SUSCRIBIRTE AQUI  https://www.youtube.com/user/centroebenezer2009/featured,2017-10-27T07:27:03.000Z,10077,46,67,76
KR,한성주 근황 전남친 크리스토퍼 수 사진 | KRVBA TV,연예인,People & Blogs,"\"KRVBA TV|\"\"연예인\"\"|\"\"연예계\"\"|\"\"스캔들\"\"|\"\"한성주\"\"|\"\"#한성주\"\"|\"\"#youtube\"\"|\"\"breaking news\"\"|\"\"korea news\"\"|\"\"#breaking news\"\"|\"\"#showbiz\"\"|\"\"#korea news\"\"|\"\"#news 24h\"\"|\"\"#breaking news 24h\"\"\"",잼있는 연예전문 종합 채널 KRVBA TV. 입니다 :) 동영상에 맘에 드시면 '추천' + '구독' + '공유' 부탁 드립니다. \n구독 신청 여기 채널: https://goo.gl/z7hKob,2018-04-07T13:00:03.000Z,99904,70,74,13
KR,예수 포착? 세계가 뒤집힌 교황청 타임머신 실체,뉴스 Daily News Stories,Entertainment,"\"신비|\"\"외계인\"\"|\"\"ufo\"\"|\"\"뉴스\"\"|\"\"korea\"\"\"",1972년 5월 이탈리아 주간지 '라 도메니카 델 코리에네'를 통해 엄청난 비밀이 하나 폭로되는데요. 놀랍게도 폭로 내용은 바티칸 교황청 비밀창고에 '타임머신'이 숨겨져 있다는 내용이었죠. 더군다나 이를 폭로한 사람이 다름 아닌 바티칸 교황청의 신부였던 펠레그리노 에르네티였기 때문에 진실 여부를 떠나 세계가 발칵 뒤집힐 수밖에 없었죠. \nSource : http://adam24eve.tistory.com/87?category=769944,2017-12-06T03:08:03.000Z,99555,72,89,63
KR,남편 손혁찬! 김원희 임신과 결혼,Korea News 24H,Entertainment,"\"남편|\"\"손혁찬\"\"|\"\"김원희\"\"|\"\"임신과\"\"|\"\"결혼\"\"|\"\"#youtube\"\"|\"\"#korea news 24h\"\"|\"\"#news\"\"|\"\"#kdh breaking news\"\"|\"\"#showsbiz\"\"\"","김원희 남편 손혁찬, 김원희 임신과 결혼 김원희는 현재 자기야를 통하여 대중들에게 큰 사랑을 받고 있습니다. 자기야에서 뛰어난 진행을 보여주고 있는데요. 김원희는 한 때 유재석과 함께 가장 인기 있는 MC 였지요. 배우로써도 많이 활동을 했지만, 최근에는 예능 MC로 주로 활동을 하는 것 같습니다. 김원희 프로필 김원희 나이는 1972년 6월 9일생입니다. 김원희 고향은 서울 출신이며, 김원희 키는 168cm이지요. 김원희.. \\nThank for watching my channel \\nIf you like this video, please Subscribe my channel: https://goo.gl/XV96qX \\n\\n================================ \\n#재혼 남편과 #재혼 남편과 이혼이유 # 식사망 #박찬호 #박 \\n#리혜 #박찬호아내 박리혜 #인생역전",2017-11-28T08:00:07.000Z,99239,56,81,7
KR,[충격 진실] 광주 쌍촌동 교통 사고 블랙박스 영상 뒤의 진실  [네티즌 반응],네티즌 반응,People & Blogs,"\"충격 비밀|\"\"비밀\"\"|\"\"진실\"\"|\"\"광주 쌍촌동\"\"|\"\"광주 쌍촌동 교통 사고 블랙박스 영상 뒤의 진실\"\"|\"\"2.027.637\"\"|\"\"네티즌 반응 #youtube\"\"\"",[충격 비밀] 진실!!! 광주 쌍촌동 교통 사고 블랙박스 영상 뒤의 진실 [네티즌 반응],2018-04-27T07:19:35.000Z,99227,52,297,85
KR,우울함도 한번에 사라지는 마블개그 marvel best!!,설녀SN,People & Blogs,"\"marvel|\"\"funny\"\"|\"\"마블\"\"|\"\"영화\"\"|\"\"마블개그\"\"|\"\"마블재미\"\"|\"\"영화리뷰\"\"|\"\"토르\"\"|\"\"아이언맨\"\"|\"\"로키\"\"|\"\"스파이더맨\"\"|\"\"인피니티워\"\"\"",안녕하세요! 설녀 입니다^^\n\n오늘은 마블의 개그요소를 가져왔습니다.\n우울함도 한번에 사라질 정도로 재밌으니까\n재밌게 보시고 추천과 구독 부탁드려요!,2018-04-19T15:38:16.000Z,99131,641,936,0
KR,이태임 은퇴. 이태임 이명박 관계! 비밀이 밝혀졌다.,Korea News 24H,Entertainment,"\"이태임 은퇴|\"\"이태임\"\"|\"\"이명박\"\"|\"\"관계\"\"|\"\"비밀이\"\"|\"\"밝혀졌다\"\"|\"\"#youtube\"\"|\"\"#korea news 24h\"\"\"","이태임 은퇴. 이태임 이명박 관계! 비밀이 밝혀졌다. 이태임 이명박 이시형, 같은 이씨...? 배우 이태임이 은퇴 선언을 했다. 이태임은 심경글을 남기며 평범한 삶을 살겠다고 밝혔지만, 이태임의 갑작스런 은퇴선언에 대중들은 깜짝 놀란 듯한 반응을 보이고 있다. 이는, 이태임 은퇴선언의 시점이 문제가 된 듯 하다. 과거 이태임은 정치인 2세와의 열애설이 제기되는 등 수많은 루머의 주인공이었다. task \\n\\n\\nThank for watching my channel \\nIf you like this video, please Subscribe my channel: https://goo.gl/XV96qX \\n\\n================================ \\n#재혼 남편과 #재혼 남편과 이혼이유 # 식사망 #박찬호 #박 \\n#리혜 #박찬호아내 박리혜 #인생역전",2018-03-20T06:00:02.000Z,989744,991,2836,463
KR,"노무현의 무서운 예언, 안희정은 '농사' 유시민은 '작가' 문재인은 '정치'",News NHH,People & Blogs,UCIOfz521YY3PjJok8h1olug,"노무현의 무서운 예언, 안희정은 '농사' 유시민은 '작가' 문재인은 '정치' \\n\\n+++++++++++++++++++++++++++++++++++++++++++ \\n구독 신청 박근혜 여기 채널 : https://goo.gl/nMs2Br \\n+++++++++++++++++++++++++++++++++++++++++++ \\nI am not the owner of the images,contents in the video above. \\nIf there is any complaint please send to the following address: japanesenewstoday01@gmail.com \\nI will remove the video as requested.",2018-03-07T12:07:48.000Z,988175,745,842,807
KR,조민기 딸 조윤경 차 대박!,24 news kr,Entertainment,"\"조민기|\"\"조윤경\"\"|\"\"UCLsQqvrY-C1D9LXsJGAXJHw\"\"|\"\"24 news kr\"\"|\"\"#news\"\"|\"\"#youtube\"\"|\"\"#Breakingnews\"\"|\"\"#english\"\"\"","조민기 딸 조윤경 차 대박! \\n\\nKBS 연예가 중계에서 배우 조민기가 나와 인터뷰를 하면서 많은 화제가 되고 있습니다. 조민기는 공채 탤런트 시험에서만 무려 5번 넘게 떨어진 경력이 있다고 하는데요. 그때를 생각하면 내가 진짜 연기를 못했다는 생각이 든다고 합니다. 예전 방송에서는 딸과 함께 출연한 모습이 화제가 됐었는데요. 그 당시 딸 조윤경씨의 미모가 많은 주목을 받았습니다 그럼 지금부터 자세한 내용 알아보도록 하겠습니다. \\n\\n\\n\\n\\n\\n\\n\\n조민기? \\n\\n대한민국의 배우로 서울에서 태어났습니다. 나이는 1965년 생으로 올해 나이 53살입니다. 원래 본명은 조병기라고 하는데요. 선한 인물부터 악역까지 다양한 배역을 넘나들며 소화할 수 있는 배우로 유명합니다. \\n\\n\\n\\n\\n\\n\\n또한 방송인으로 활동하고 있는 조형기씨의 실제 사촌동생을 알려져 있으며, 조민기가 배우로 진로를 결정했을 때 가족들의 반대가 심했다고 합니다. 그때 조형기씨가 많은 도움을 주었다고 합니",2018-02-22T01:00:01.000Z,98775,182,377,49
KR,"2018 평창, 함께 즐길 준비 됐나요?",Coca-Cola Korea,Entertainment,"\"CokePLAY|\"\"CocaCola\"\"|\"\"2018평창\"\"\"",아트디렉터 @DIGIPEDI 가 표현한\n2018 평창 동계올림픽대회 개막식의 짜릿함을 느껴봐!,2018-02-08T15:00:23.000Z,985185,2207,2227,1596
KR,노사연 녹화중단 사태..이무송과 부부싸움 '25년 묵은 감정',AU GR Entertaiment,Entertainment,"\"UCwV3THUu7iyIaX-OICY3Z6g|\"\"AU GR Entertaiment\"\"\"",노사연 녹화중단 사태..이무송과 부부싸움 '25년 묵은 감정' +++++++++++++++++++++++++++++++++++++++++++ Thanks for watching the video. Subscribe my channel to 100.000 subs :https://goo.gl/kqDkhu +++++++++++++++++++++++++++++++++++++++++++,2018-05-01T07:47:50.000Z,985150,929,931,276
KR,배현진 아나운서가 사장 바뀌자 무너진 이유,스타이야기,People & Blogs,"\"배현진|\"\"스타 이야기\"\"\"",배현진 아나운서가 사장 바뀌자 무너진 이유 \n---------------------------------------------------------- \n최신 비디오 업데이트에 가입: https://goo.gl/y8hgKp,2017-12-09T11:37:24.000Z,985134,964,999,921
KR,(대특종) 더이상 숨길 수 없는 관계! 정유라가 박근혜 딸이라는 사실 또 드러났다! 여기서 놀라운 사실을 확인하라!,노래왕,News & Politics,[none],더이상 숨길수 없는 관계!!!\n정유라가 박근혜 딸이라는 \n사실 또 드러났다!!!\n여기서 충격적인 사실을 확인하라!!!\n뉴스공장 중,2017-12-22T21:08:19.000Z,98290,287,447,397
KR,"MB 구속되던 날, 국밥집(?!) 욕쟁이 할머니의 고백?",미디어오늘,News & Politics,"\"이명박|\"\"욕쟁이 할머니\"\"|\"\"할머니\"\"|\"\"MB\"\"|\"\"이명박 전 대통령\"\"|\"\"국밥\"\"|\"\"국밥집\"\"|\"\"강종순\"\"|\"\"강종순 할머니\"\"\"","밥 처먹었으니까~ 경제는 꼭 살려라잉~ 알겄냐?! \\n\\nMB에게  거침없이 말했던 일명 국밥집(?) 욕쟁이 할머니!\\n알고보니, 촬영 직전까지 이명박이 CF 주인공인지도 몰랐다는데요\\n\\nMB가 구속되었던 그 날, \\n미디어오늘에서 욕쟁이 할머니를 직접 만나봤습니다",2018-03-27T01:23:27.000Z,982520,654,679,2440
KR,"이재용 여자관계와 연예인, 배우 이나영, 윤은혜가, 조수빈",조회수 3.186.283회,Entertainment,"\"이나영|\"\"윤은혜가\"\"|\"\"조수빈\"\"|\"\"이재용\"\"|\"\"UCtIqlGteWia0_HgUxsm6oZA\"\"\"","뉴스공장 : - 전부인인 임세령은 2009년 이재용의 사생활에 대한 소문 문제를 들어 이혼을 원하는 소장을 제출했다고 합니다. 그로 인해서 얼마나 여자관계가 복잡했으면? 혹은 여자 연예인들과 관계가 있을것!이라는 등의 추측과 찌라시등이 난무하고 있는데요.다른 여자와의 사이에 아이까지 있다!라는 얘기들도 돌았다고 합니다. \\n- 일이 이렇게 커지다보니, 이재용에 대한 여성편력에 대한 소문이 어느정도 인지 무척이나 궁금하였습니다. \\n연예인 중에서도 영화배우 엘양 소문부터, 심지어는 전 부인 임세령의 아머지가 바람피는 장면까지 증거로 가지고 있었었다는 소문도 있었답니다 \\n\\n+++++++++++++++++++++++++++++++++++++++++++ \\n구독 신청 박근혜 여기 채널 : https://goo.gl/vTgJqT \\n+++++++++++++++++++++++++++++++++++++++++++",2018-01-04T10:08:48.000Z,98185,97,240,91
KR,BJ세야 BJ동핵사건 (세야-유감스럽고 삼가 고인의 명복을 빕니다),웡풍,Entertainment,"\"BJ세야|\"\"세야 동핵\"\"|\"\"BJ동핵\"\"|\"\"팝콘 동핵\"\"|\"\"세야 폭행\"\"|\"\"세야 해명\"\"|\"\"세야 은혜\"\"|\"\"세야 윈도우\"\"|\"\"세야 이은혜\"\"|\"\"세야 먹방\"\"|\"\"세야 꽃자\"\"|\"\"세야 꽂자\"\"|\"\"세야 이기광\"\"|\"\"세야 차\"\"|\"\"세야 윽박\"\"|\"\"최고다윽박 세야\"\"|\"\"Seya 세야\"\"|\"\"세야 술\"\"|\"\"세야 야킹\"\"|\"\"세야 킹스맨\"\"|\"\"세야 남순\"\"|\"\"세야 만두\"\"|\"\"세야 집\"\"|\"\"세야 철구\"\"|\"\"세야 용느\"\"|\"\"세야 우결\"\"|\"\"아프리카TV 세야\"\"|\"\"BJ세야 아프리카TV\"\"|\"\"동핵\"\"|\"\"동핵이당\"\"|\"\"동핵 유부녀\"\"|\"\"동핵 유부초밥\"\"|\"\"동핵 철구\"\"|\"\"동핵 유부초밥 동영상\"\"|\"\"동핵 셀리\"\"|\"\"동핵 지코\"\"|\"\"이시우\"\"|\"\"팝콘TV 이시우\"\"|\"\"이시우 동핵\"\"|\"\"동핵 찬\"\"|\"\"동핵 근황\"\"|\"\"동핵 차\"\"|\"\"동핵 아들\"\"|\"\"동핵 자살\"\"|\"\"동핵 미국\"\"|\"\"동핵 지혜\"\"|\"\"웡풍\"\"|\"\"풍웡\"\"|\"\"맞구독\"\"|\"\"구독\"\"|\"\"좋아요\"\"|\"\"먹방BJ\"\"|\"\"롤브금\"\"|\"\"페이커\"\"|\"\"롤매드무비\"\"|\"\"BJ창현\"\"|\"\"철구형\"\"|\"\"배틀그라운드\"\"|\"\"신태일\"\"|\"\"밴쯔\"\"|\"\"먹방\"\"\"",이번 BJ동핵 사건으로 현재 아프리카TV 에서 추측성 글들이 쏟아져 나오고 있다. BJ창이 방송에서 언급이 나오면서 BJ세야는 생방송을 키고 시청자 들 한테 이야기를 하기 시작했다,2017-11-15T01:49:17.000Z,98041,49,59,76
KR,최진실 사주 재다신약 무엇? 최진실 조성민 궁합 둘 다 죽어 경악! 최진실 아버지 누구? 최진실 어머니 우울증 상태? | KRVBA TV,연예인,People & Blogs,"\"KRVBA TV|\"\"연예인\"\"|\"\"연예계\"\"|\"\"스캔들\"\"|\"\"최진실\"\"|\"\"#최진실\"\"|\"\"#youtube\"\"\"",최진실 사주 재다신약 무엇? 최진실 조성민 궁합 둘 다 죽어 경악! 최진실 아버지 누구? 최진실 어머니 우울증 상태? \n잼있는 연예전문 종합 채널 KRVBA TV. 입니다 :) 동영상에 맘에 드시면 '추천' + '구독' + '공유' 부탁 드립니다. \n구독 신청 여기 채널: https://goo.gl/z7hKob,2017-12-07T00:00:02.000Z,97958,55,85,49
KR,"김흥국 , 폭로 여성이 공개한 '김흥국과의 대화'",24 시간 연예 뉴스,Entertainment,"\"김흥국|\"\"Korea news 24h\"\"|\"\"UCtIqlGteWia0_HgUxsm6oZA\"\"|\"\"24 시간 연예 뉴스\"\"\"","24 시간 연예 뉴스: 김흥국 , 폭로 여성이 공개한 '김흥국과의 대화' \\n+++++++++++++++++++++++++++++++++++++++++++ \\n구독 신청 박근혜 여기 채널 : https://goo.gl/nRZMYv \\n+++++++++++++++++++++++++++++++++++++++++++ \\n우리 채널 2개를 응원 해주세요 갑사합니다 \\n24 시간 연예 뉴스: https://www.youtube.com/channel/UCL32t2O0D8QltXCnFjiEW4w \\n조회수 3.186.283회: https://www.youtube.com/channel/UCtIqlGteWia0_HgUxsm6oZA",2018-03-15T12:13:34.000Z,97628,97,98,127
KR,안희정부인은김지은개싶년을고소하라,BRAVO TEAM,Entertainment,"\"뉴스공장|\"\"안희정부인은김지은개싶년을고소하라\"\"|\"\"24시간\"\"\"",가장 재미있고 새 비디오를 보려고 신청하세요 \n구독 신청 박근혜 여기 채널 : https://goo.gl/HnXMCG,2018-03-11T21:30:01.000Z,97550,111,384,197
KR,김이브 & 윰댕 논란 속 충격적인 반전 Shocking antiwar sentiment in the debate on Kim Eve and Yum Dang,HWANHO TUBE 환호튜브,Howto & Style,"\"이슈|\"\"뉴스\"\"|\"\"연예\"\"|\"\"감동\"\"|\"\"공감\"\"|\"\"김이브\"\"|\"\"윰댕\"\"|\"\"김이브 윰댕\"\"|\"\"윰댕 김이브\"\"\"",김이브 & 윰댕 논란 속 충격적인 반전\n\n[환호튜브] 구독하기▼\nhttps://goo.gl/csGcyM\n구독은 힘이 됩니다^^,2017-12-12T10:20:06.000Z,96922,156,192,524
