country,title,channel_title,category,tags,description,publish_time,views,likes,dislikes,comment_count
RU,В ЧЕМ ГЛАВНАЯ ОШИБКА ФЕДОРА ✦ ФЕДОР ЕМЕЛЬЯНЕНКО - ФРЭНК МИР ✦ ПОЛНЫЙ ОБЗОР БОЯ,ЮФСИШНИК,Sports,"\"Федор емельяненко фрэнк мир|\"\"федор емельяненко против фрэнка мира\"\"|\"\"федор\"\"|\"\"емельяненко\"\"|\"\"бой федора емельяненко\"\"|\"\"емельяненко мир\"\"|\"\"полный бой\"\"|\"\"обзор боя\"\"|\"\"реакция александра емельяненко на бой федора\"\"|\"\"bellator 198\"\"|\"\"федор емельяненко против фрэнка мира бой\"\"|\"\"федор емельяненко против френка мира\"\"|\"\"слова брата\"\"|\"\"слова после боя\"\"|\"\"слова федора емельяненко\"\"|\"\"федор емельяненко против фрэнка мира полный бой\"\"|\"\"бой федор емельяненко фрэнк мир\"\"|\"\"реакция александра емельяненко\"\"\"",Букмекерская компания «1win» - http://1win55.top\n\n\nЮфсишник в Яндексе:\nhttps://zen.yandex.ru/ufc\n\nTelegram стикеры с Хабибом и Конором:\nhttps://t.me/addstickers/beststickerru\n\nVK автора:\nhttps://vk.com/stetsyu,2018-04-29T07:01:56.000Z,209069,825,1528,279
RU,ШОК! ГРУДИНИН МАРИОНЕТКА ЗЮГАНОВА?!,LDPR_Russia,People & Blogs,#LDPR #ЛДПР #Жириновский #Президент2018 #Грудинин #Зюганов #ВВЖ,Является ли Грудинин настоящим кандидатом в президенты или же он подставное лицо ?,2018-01-23T05:06:22.000Z,208616,3535,5655,1344
RU,Соловьев прокомментировал драку Норкина и Суворова в прямом эфире НТВ,НОВОСТИ ПОЛИТИКА,News & Politics,"\"новости|\"\"политика\"\"|\"\"проишествия\"\"|\"\"москва\"\"|\"\"россия\"\"|\"\"экономика\"\"|\"\"общество\"\"|\"\"культура\"\"|\"\"Соловьев прокомментировал драку Норкина и Суворова в прямом эфире НТВ\"\"\"","Соловьев прокомментировал драку Норкина и Суворова в прямом эфире НТВ\\n\\nНовостной канал НОВОСТИ ПОЛИТИКА\\n\\nНовости политической сферы в России и мире, события общественной, государственной жизни страны, внешняя политика сегодня, новости, события, происшествия, общество, экономика, наука",2018-02-23T11:18:44.000Z,20853,23,101,73
RU,Как Путин поступит с Собчак после победы на выборах,Шокирующие новости,News & Politics,"\"Путин|\"\"поступит\"\"|\"\"Собчак\"\"|\"\"после\"\"|\"\"победы\"\"|\"\"выборах\"\"\"",Как Путин поступит с Собчак после победы на выборах,2018-03-20T19:58:01.000Z,20820,51,3252,77
RU,ВЯЧЕСЛАВ МАЛЬЦЕВ. ТЕЛЕМОСТ ФРАНЦИЯ - РОССИЯ,Народовластие,News & Politics,"\"вячеслав|\"\"мальцев\"\"|\"\"плохие\"\"|\"\"новости\"\"|\"\"артподготовка\"\"|\"\"вести\"\"|\"\"недели\"\"|\"\"прямой\"\"|\"\"эфир\"\"|\"\"путин\"\"|\"\"медведев\"\"|\"\"порошенко\"\"|\"\"политика\"\"|\"\"россии\"\"|\"\"россия\"\"|\"\"украина\"\"|\"\"киев\"\"|\"\"украине\"\"|\"\"крым\"\"|\"\"наш\"\"|\"\"власть\"\"|\"\"власти\"\"|\"\"режим\"\"|\"\"русские\"\"|\"\"нефть\"\"|\"\"рубль\"\"|\"\"доллар\"\"|\"\"курс\"\"|\"\"валют\"\"|\"\"эхо\"\"|\"\"москвы\"\"|\"\"белковский\"\"|\"\"шендерович\"\"|\"\"особое\"\"|\"\"мнение\"\"|\"\"дождь\"\"|\"\"демура\"\"|\"\"шарий\"\"|\"\"суд\"\"|\"\"кризис\"\"|\"\"russia\"\"|\"\"протесты\"\"|\"\"банк\"\"|\"\"банки\"\"|\"\"биржа\"\"|\"\"финансы\"\"|\"\"евро\"\"|\"\"невзоров\"\"|\"\"камикадзе\"\"|\"\"5112017\"\"|\"\"революция\"\"|\"\"51117\"\"|\"\"кремль\"\"|\"\"песков\"\"|\"\"лавров\"\"|\"\"митинг\"\"|\"\"пожар\"\"|\"\"кемерово\"\"|\"\"тулеев\"\"|\"\"дети\"\"|\"\"сгорели\"\"|\"\"похороны\"\"|\"\"вольнов\"\"|\"\"#hangoutsonair\"\"|\"\"Hangouts On Air\"\"|\"\"#hoa\"\"\"","Спасибо за Вашу поддержку каналу!\\n\\nНОВЫЙ ДОНАТ ДЛЯ ВОПРОСА В ПРЯМОЙ ЭФИР: http://www.donationalerts.ru/r/maltsev\\n\\nДОНАТ НА РЕВКОЙНЫ: http://www.donationalerts.ru/r/artpod...\\n\\nСайт СВИНОЧАЙКИ  -  https://t.co/ZJJoIzno9a\\n\\nТелеграмм Канал  https://t.co/ryffGnJ0Mt\\n\\nMAIL ДЛЯ ПРОГРАММИСТОВ avrorarevcoin@gmail.com\\n\\nНОВЫЙ КОШЕЛЕК:\\n≡ Bitcoin:  12dLhnQwuF4aUHXLgngvv2jZa6zYADb1uN\\n\\nВячеслав Мальцев. Плохие новости\\nОТКРЫТОЕ ТЕСТИРОВАНИЕ САЙТА http://testmaltsev.org/\\nРЕВКОЙНЫ:  https://nocorrupt.org\\nИнструкция как анонимно написать Вячеславу Мальцеву\\nhttps://www.dropbox.com/s/0kquwlu4s8k....\\n\\nЗарегистрируйтесь на Viuly, новом аналоге ютуба- \\nhttps://viuly.io/r/K7790395a9446988\\nнаш канал Народовластие на viuly  - https://viuly.io/channel/70053\\n\\n\\nTwitter: https://twitter.com/vvmaltsev\\nEMAIL В. В. МАЛЬЦЕВА: vvmaltsev64@gmail.com\\nКАНАЛ БЕЗУМНАЯ ГРЕТА: https://www.youtube.com/channel/UC6MZ...\\n\\nПисьма узникам режима: http://rosuznik.org/\\n================================",2018-04-29T19:16:03.000Z,20765,1763,7538,69
RU,"В России рутениевое облако, а во Франции — сенатор Керимов",Навальный LIVE,News & Politics,"\"Навальный|\"\"Волков\"\"|\"\"политика\"\"|\"\"выборы\"\"|\"\"оппозиция\"\"|\"\"Димон\"\"|\"\"ДимонОтветит\"\"|\"\"Медведев\"\"|\"\"коррупция\"\"|\"\"Алексей Навальный\"\"|\"\"кандидат в президенты\"\"|\"\"штабы Навального\"\"|\"\"Челябинск\"\"|\"\"Пермь\"\"|\"\"радиация\"\"|\"\"Керимов\"\"\"","Навальный в 20:18. Эфир #029. Радиоактивное облако над Россией, заслуженный онколог Кадыров, пермские воры в погонах, нищий Керимов из списка Forbes, провал Памфиловой на референдумах в Татарстане и эксперимент Навального, на который его вдохновил Сечин. \\n\\nАлексей Навальный в прямом эфире по четвергам в 20 часов 18 минут. Пишите вопросы и комментарии в твиттере с хэштегом #Навальный2018.\\n\\nПодписывайтесь на рассылку «Навальный LIVE»:\\nhttps://navalny.live\\n\\nПодписывайтесь на «Навальный LIVE» в соцсетях:\\nТвиттер: https://twitter.com/navalnylive\\nИнстаграм: https://www.instagram.com/navalny.live/\\nВК: https://vk.com/navalny_live\\nФейсбук: https://www.facebook.com/navalnylive/\\nОК: https://www.ok.ru/navalnylive \\nТелеграм: https://t.me/navalny_live\\n\\nБлижайшие встречи с Алексеем Навальным:\\n\\nПермь, 24 ноября в 18:30\\nул. Уральская, 77\\nhttps://vk.com/meetnavalny_perm\\n\\nВладимир, 25 ноября в 12:00\\nпарк «Добросельский»\\nhttps://vk.com/meetnavalny_vld\\n\\nНижний Новгород, 25 ноября в 17:00\\nсквер на ул. Коминтерна, 250\\nhttps://vk.com/meetnavalny_nn_2\\n\\nЧелябинск, 26 ноября в 16:30\\nсквер им. Колющенко\\nhttps://vk.com/meetnavalny_che\\n\\nПоддержать предвыборную кампанию Алексея Навального: https://2018.navalny.com/?utm_source=youtube.com&utm_medium=live&utm_campaign=navalny29#donate  \\nПоставить подпись за выдвижение Алексея Навального в президенты: https://2018.navalny.com/?utm_source=youtube.com&utm_medium=live&utm_campaign=navalny29 \\n\\nВидеоблог Алексея Навального: https://www.youtube.com/user/NavalnyRu \\nПоддержать Фонд борьбы с коррупцией: https://donate.fbk.info/?utm_source=youtube.com&utm_medium=video&utm_campaign=navalny29\\n\\nТвиттер Алексея Навального: https://twitter.com/navalny \\nИнстаграм Алексея Навального: http://instagram.com/navalny\\nТелеграм Алексея Навального: https://t.me/navalny_telegram\\n\\nТаймкоды:\\n0:30 Начало. \\n1:22❗️Опрос: Жалко ли вам 2,5 руб. на залог для Керимова? Голосуйте в ВК (https://vk.com/wall-150565101_7061), твиттере (https://twitter.com/navalnylive/status/933747232301572096), фейсбуке (https://www.facebook.com/navalnylive/posts/329844460847602) и ОК (https://www.ok.ru/navalnylive/topic/67700477176619). \\n2:28 Над Россией летит радиоактивное облако. Что нам говорят СМИ? \\n4:05 «Если бы облако затронуло Москву, контекст обсуждения был другой. Чиновники на своих самолетах вывезли бы детей в Европу». \\n5:02 «Паттерн поведения властей при выбросе рутения и аварии в Чернобыле — одинаковый». \\n12:42 Как в России скрывают опасные аварии. \\n14:30 Более 2,5% населения Челябинской области стоит на учете в онкоцентрах. \\n15:08 Почему власти не говорят правду, которая может спасти людей от онкологии?\\n17:52 Пермь, Владимир, Нижний Новгород, Челябинск! К вам едет Навальный. \\n18:40 Наш штаб в Перми ограбили полицейские. \\n20:59 Жители Челябинска вынудили Путина возразить против строительства ГОКа. \\n23:05❓Алексей, остались ли в верхушке власти достойные люди?\\n24:01 «Нужно ликвидировать кадровые комиссии в администрации президента, которые назначают судей».\\n25:01❓Алексей, не боитесь ехать в Челябинск, в облако рутения?\\n25:50 «Мне жаль, что он арестован не в России», — Навальный о сенаторе из списка Forbes Сулеймане Керимове. \\n28:07 Задекларированный доход чиновника Керимова не может покрыть залог в пять миллионов евро. \\n29:15 «Сулейман Керимов по сравнению со мной — нищеброд!» — Навальный о лживой декларации о доходах и имуществе чиновника. \\n32:03 «Французы вцепились в несколько миллионов евро, которые могут быть потрачены с пользой для страны. А мы позволяли Керимову грабить “Сбербанк”». \\n33:43 Виллы Керимова в Ницце и его «райский» офшор. \\n36:40 «Мы постараемся сделать так, чтобы Россия также привлекла Керимова к ответственности». \\n37:48 ❓Алексей, что вы будете делать с большим количеством храмов?\\n39:00 Об «онкологе» Кадырове\\n41:25❓Алексей, упростите ли вы процедуру усыновления?\\n43:03 Придет ли Сечин в суд? \\n45:59 «Робкие судебные приставы перестают быть робкими, когда стучат ко мне в дверь». \\n46:36 Эксперимент Навального, на который его вдохновил Сечин. \\n47:45 ❓Алексей, стоит ли обложить церковь налогами?\\n48:56 Как быть с экологией в проблемных регионах. \\n51:42 Что имел в виду Путин, когда говорил, что крупные предприятия должны перейти на «военные рельсы»?\\n52:40 «Татарские референдумы прекрасно показали, как фабрикуется голосование в России». \\n54:13 46% явки на татарских референдумах нарисовано. \\n58:00 ❓Алексей, есть ли у вас план по возвращению рубля к прежнему курсу?\\n58:37 «В России объявлен год экологии, но только на словах». \\n1:00:13 Об абортах и сексуальном воспитании. \\n1:01:10 «Если я проиграю выборы, я все равно буду бороться за изменения в стране».",2017-11-23T18:26:33.000Z,207293,29388,32682,3612
RU,قـناة أزهري الفضائـية  | AzhariTv,قناة  أزهري الفضائية,Film & Animation,"\"الدين|\"\"التسامح\"\"|\"\"برامج\"\"|\"\"رائعه\"\"|\"\"الإسلام\"\"|\"\"الفقة\"\"|\"\"ساعة من سيناء\"\"|\"\"علم القرآن\"\"|\"\"فاسألوا\"\"|\"\"طريق العارفين\"\"|\"\"نغمات الروح\"\"|\"\"الإعلامي\"\"|\"\"تشاهدون\"\"|\"\"شاشة أزهري\"\"|\"\"أزهري\"\"|\"\"قناة أزهري الفضائية\"\"|\"\"www.azharitv.net\"\"|\"\"acebook\"\"|\"\"AzhariTV\"\"|\"\"Twitter\"\"|\"\"Google+\"\"|\"\"YouTube\"\"|\"\"Instagram\"\"|\"\"الموعظة الحسنة\"\"|\"\"الدعوة المتطورة\"\"|\"\"الدعوة\"\"|\"\"المناهج\"\"|\"\"الدعوية\"\"|\"\"الأزهرية\"\"\"",قناة أزهري الفضائية .. بالأخلاق والتسامح نرتقي\n\nقناة أزهري الفضائية \n\n قناة أزهري الفضائية أولى القنوات الدينية الداعمة لمنهج الأزهر الشريف والناهجة لنهجه\n\nقناة أزهري تدعو إلى الله بالحكمة والموعظة الحسنة، وتعمل على إبراز وتقديم الكفاءات الأزهرية الدعوية، و مجابهة التيارات والمناهج الفكرية والدعوية المتشددة؛ لتؤكد على عراقة الأزهر ومواكبته لوسائل الدعوة المتطورة\n\n\n\n تردد 11430\nعلى شاشة قناة أزهري الفضائية \n\nJoin and Follow us on :\nwebsite : http://www.azharitv.net\nYouTube : https://www.youtube.com/user/azharitv\nFacebook https://www.facebook.com/AzhariTV\nInstagram : https://instagram.com/AZHARITV/  \nGoogle+: http://goo.gl/hqqrY2 \nTwitter : https://twitter.com/azharitv,2017-12-19T18:18:00.000Z,20688,3,24,9
RU,Charmed | Extended First Look | The CW,The CW Television Network,Entertainment,"\"The CW|\"\"The CW Network\"\"|\"\"television\"\"|\"\"shows\"\"|\"\"TV\"\"|\"\"episodes\"\"|\"\"network\"\"|\"\"drama\"\"|\"\"Series\"\"|\"\"Show\"\"|\"\"Trailer\"\"|\"\"Episode\"\"|\"\"2016\"\"|\"\"CW\"\"|\"\"Extended First Look\"\"|\"\"Charmed\"\"|\"\"CW Seed\"\"|\"\"cwseed\"\"|\"\"MADtv\"\"|\"\"The O.C\"\"|\"\"O.C.\"\"|\"\"originals\"\"|\"\"The Flash Fan Talk\"\"|\"\"comedy\"\"|\"\"funny\"\"|\"\"laugh\"\"|\"\"humor\"\"|\"\"watch\"\"|\"\"new\"\"|\"\"webisode\"\"|\"\"parody\"\"|\"\"music\"\"|\"\"celebrity\"\"|\"\"movies\"\"|\"\"TV shows\"\"|\"\"variety show\"\"|\"\"online streaming\"\"\"","Charmed is coming Sundays this fall to The CW! SUBSCRIBE: http://go.cwtv.com/YTSubscribeAbout The CW:Official YouTube Channel for the CW Television Network featuring the hit series Riverdale, as well as Black Lightning, Life Sentence, The Flash, Arrow, Supergirl, DC’s Legends of Tomorrow, Supernatural, Jane The Virgin, Crazy Ex-Girlfriend, The Originals, The 100, iZombie, Dynasty, and Valor. Connect with The CW Online:Visit The CW WEBSITE: http://on.cwtv.com/homeLike The CW on FACEBOOK: http://www.facebook.com/thecwFollow The CW on TWITTER: http://twitter.com/thecw Follow The CW on INSTAGRAM: http://instagram.com/thecwFollow The CW on TUMBLR: http://cwnetwork.tumblr.comAdd The CW on GOOGLE+: http://plus.google.com/+thecwFollow The CW on PINTEREST: https://www.pinterest.com/thecw Extended First Look | The CWhttp://www.youtube.com/user/CWtelevision",2018-05-17T16:01:37.000Z,206421,1529,1897,1158
RU,Навальный в Самаре. Митинг. 03.12.17 Полиция включает музыку чтобы заглушить выступление,Кликбейт 2,Music,"\"самара|\"\"навальный\"\"|\"\"митинг\"\"|\"\"выборы\"\"|\"\"2018\"\"\"","",2017-12-03T14:09:43.000Z,20641,1422,1749,581
RU,Alexis Radzvilowicz aerial plank variations,Alexis Radzvilowicz,People & Blogs,"\"Alexis Radzvilowicz|\"\"fitness trainer\"\"|\"\"aerial\"\"\"",Alexis Radzvilowicz aerial plank variations,2018-01-28T22:09:38.000Z,20590,0,1,0
RU,Яшин разоблачил ЖКХ-МАФИЮ в Москве,Константин Ответственный X,People & Blogs,"\"Яшин|\"\"депутат\"\"|\"\"красносельский\"\"|\"\"район\"\"|\"\"Москва\"\"|\"\"ЖКХ\"\"|\"\"мафия\"\"|\"\"дело\"\"|\"\"уголовное\"\"|\"\"Собянин\"\"\"",https://www.youtube.com/channel/UCoHH5raTevyI35tfb1YF6qA,2018-03-06T04:29:11.000Z,20573,514,7012,75
RU,Дмитрий Дюжев разочаровался в россиянах.,Движ-ПарижSHOW,News & Politics,Дмитрий Дюжев разочаровался в россиянах.,"Вадим Радионов: Дмитрий Дюжев разочаровался в россиянах.\\nАктер и режиссер Дмитрий Дюжев считает, что российский зритель заслужил те низкопробные фильмы и сериалы, которым его пичкают. Об этом он рассказал в эфире программы Вадима Радионова «Без обид» на телеканале LTV7.\\nВ интервью он отметил, что сыграть Гамлета может не каждый, поскольку эта роль требует больших физических сил.\\n«Знаете, почему все хотят сыграть «Гамлета»? Такое изобилие убийств в одной пьесе — драматургически обоснованных, не про войну! — в социальной драме, в истории одной семьи — такого количества смертей, событий (сходят с ума, предательства и так далее) ну, что ли, нет в мире подобного накала… Поэтому это может далеко не каждый артист. Не каждый может просто физически вынести, — говорит Дюжев.\\nПо его словам, играя такую роль актер умирает на сцене в прямом смысле этого слова.\\n«Потому что ну, вообще, как правило, по школе, если это такая трагедия, где в конце героя убивают — то эта смерть, она на целый финал. И все — в максимальном эмоциональном потрясении от этого единственного убийства. Здесь же Шекспир начинает с убийства — и дальше больше, больше и больше. И просто психофизически для здоровья артиста — я вам говорю, многие умирают на этой роли, потому что просто зашкаливает артерия. Не выдерживает. Тромб рвется», — сказал Дюжев. И продолжил.\\n«Эта профессия (актерская), она такая — она тебя с определенной периодичностью заставляет играть со смертью. Ради чего? Ради того, чтобы увлечь, заинтересовать зрителя. Чтобы его удивить сегодня вечером. Показать кино, спектакль. Развлечь. Доставить зрителю досуг, интересное времяпрепровождение. Я не люблю глупости и пошлости — я радуюсь, когда мы проводим свой досуг с каким-то интеллектуальным любопытством. Чтобы оставалось послевкусие, — рассказал актер.\\nНо встреча со зрителями приносит не только радость, но и разочарование.",2017-11-15T06:10:38.000Z,20540,30,144,168
RU,ЕСЛИ БЫ FACE НЕ СТАЛ РЭПЕРОМ (Я роняю запад / Пародия),Пацаны вообще ребята,Entertainment,"\"Face|\"\"Фэйс\"\"|\"\"я роняю запад\"\"|\"\"фэйс я роняю запад\"\"|\"\"фэйс мне похуй\"\"|\"\"face бургер\"\"|\"\"эщкере\"\"|\"\"фэйс бургер\"\"|\"\"Бургер\"\"|\"\"я роняю запад пародия\"\"|\"\"фэйс рэпер\"\"|\"\"если бы face не стал рэпером\"\"|\"\"пародия\"\"|\"\"фэйс пародия\"\"|\"\"пародия на клип\"\"|\"\"пацаны вообще ребята\"\"\"","В новом ролике мы пытаемся понять, что произошло бы, если бы Face не стал рэпером! Или пародия на еще невышедший клип – Я роняю запад.\\n\\nЛилДождь: https://www.instagram.com/lildozzzhd/\\nГрэг: https://www.instagram.com/gregmus1c/\\n\\nПОДПИСКА НА НОВЫЕ ВИДЕО: https://goo.gl/mGkF1n\\n\\nЕсли хотите, чтобы мы сделали пародию на вашего любимого рэпера, присылайте свои идеи и деньги на почту info@divico.ru \\n\\nМы в интернетах: \\n\\nVk: https://vk.com/guystryeverything\\n\\nFb: https://www.facebook.com/guystry/\\n\\nInsta: https://www.instagram.com/guys_try/\\n\\nБургер!",2018-02-03T08:26:48.000Z,204639,2131,5219,501
RU,"🔻 ВЫНУЖДЕННАЯ ИЗОЛЯЦИЯ ЭЛИТЫ? ОКАЗАЛОСЬ, ВСЕ НЕ ТАК ГЛАДКО // Пронько / Набиуллина Медведев",Александр Северный,People & Blogs,"\"Пронько|\"\"единороссы\"\"|\"\"Власть\"\"|\"\"Грудинин\"\"|\"\"Катасонов\"\"|\"\"Кудрин\"\"|\"\"Дворкович\"\"|\"\"Медведев\"\"|\"\"Путин\"\"|\"\"Набиуллина\"\"|\"\"Греф\"\"|\"\"Силуанов\"\"|\"\"ЦБ\"\"|\"\"бизнес\"\"|\"\"инвестиции\"\"|\"\"экономика\"\"|\"\"евро\"\"|\"\"доллар\"\"|\"\"новости\"\"|\"\"деловые\"\"|\"\"валюта\"\"|\"\"новости о россии\"\"|\"\"новости финансы\"\"|\"\"кремль\"\"|\"\"в мире\"\"|\"\"сирия\"\"|\"\"евросоюз\"\"|\"\"вести24\"\"|\"\"факты\"\"\"",Борщ всему виной: ЦБ обвинил овощи в разгоне инфляции\nЮрий Пронько.\n\nГруппа ВК   https://vk.com/alexnews100\nИсточник: https://tsargrad.tv/\n--------------------------------\nПоиск дешевых авиабилетов  https://goo.gl/6cXm17\n                           https://goo.gl/S1uqrv,2018-04-20T21:41:30.000Z,20462,549,3911,239
RU,E1.RU: Снос недостроенной телебашни в Екатеринбурге,E1.RU,People & Blogs,"\"екатеринбург|\"\"снос\"\"|\"\"телебашни\"\"\"",Все подробности о сносе – в нашем онлайн-репортаже \nhttps://www.e1.ru/news/spool/news_id-54216521.html\nСпонсор видеотрансляции - компания по производству маркерных досок «Askell»,2018-03-24T05:33:03.000Z,204217,636,3350,294
RU,"HAМ ЖГУТ ДOМA И МAШИHЫ, ПУТИН 3AШEΛ CΛИШKOМ ДAΛEKO — Павел Грудинин — 11.03.2018",Новости 24/365,News & Politics,"\"павел грудинин|\"\"грудинин\"\"|\"\"павел грудинин 2018\"\"|\"\"грудинин 2018\"\"|\"\"грудинин последнее 2018\"\"|\"\"грудинин новое 2018\"\"|\"\"павле грудинин новое\"\"|\"\"павел грудинин последнее\"\"|\"\"новости россии\"\"|\"\"кпрф\"\"\"","Грудинин сделал важное заявление\\nПоддержать канал (в поддержку Грудинина) — http://donatepay.ru/donation/news24365\\nНаш сайт — https://imperialnews.tk/ (обзор укр. и рос. СМИ , аналитика + открытые для сражений, комментарии)",2018-03-10T16:54:21.000Z,20400,834,5649,568
RU,ГАИШНИКИ ДЛЯ НАС - НИКТО,kamikadzedead,Comedy,"\"камикадзе|\"\"kamikadzedead\"\"|\"\"камикадзе ди\"\"|\"\"kamikadze\"\"|\"\"kamikadze_d\"\"|\"\"казань\"\"|\"\"полиция\"\"\"","Полицейские услужливо подлизывают ФСБ, пока ФСБ откровенно плюёт на полицию. Новогоднее чудо. Бесплатные консультации призывникам в группе ВКонтакте \\nhttp://vk.me/prizyva_net Сайт «ПризываНет.ру» http://prizyvanet.ru/?yt\\nПомощь денежкой http://www.donationalerts.ru/r/kamikadzedead\\nРеклама, сотрудничество https://goo.gl/ddnKhN\\nСообщить о багах YouTube https://goo.gl/6Mf5GV\\nПрограмма для лайков и инструкция в readme тут  https://drive.google.com/drive/folders/1pI1trBxZSPNPppWIsAQpKaX6YFiU8riN\\nПолная версия беспредела полиции https://youtu.be/PHJ8d5fruNE\\nНаши новости в телеграме https://telegram.me/satirabezpozitiva\\nПаблик Сатира без Позитива- https://vk.com/satyrabezsortyra\\nРоссийский YouTube и мой канал, подробности:\\n1) https://youtu.be/DZwAVsAgsLQ\\n2) https://youtu.be/5V5lLXtRtCg\\n3) https://youtu.be/0Olt1eF4AGM\\nИмена и фамилии руководства кремлеботов https://yadi.sk/i/UoAsIIeb3LosjS\\nНаши новости в твиттере https://twitter.com/SatiraBezP\\nОбращение к сторонникам Путина в 2-х частях\\nhttps://youtu.be/GRl-Y8cN1UY\\nhttps://youtu.be/lvdUzBfsusA\\nВидео, отвечающие на вопросы А ЧТО ТЫ ПРЕДЛАГАЕШЬ?\\n1) https://youtu.be/upmD373wH-c\\n2) https://youtu.be/NHM02-pRDuk\\n3) https://youtu.be/T8sOB2NkIhA\\n4) https://youtu.be/odS7Lo8csyc\\n5) https://youtu.be/Vg0tAcn5FFY\\nПаблик Сатира без Позитива в ОК https://ok.ru/satirabezp\\nЯ в Ватноклассниках - http://www.ok.ru/profile/566798658882\\nЯ в контакте - http://vkontakte.ru/kamikadzedead\\nПаблик #Эксперты #Знатоки https://vk.com/realproblemsrussia\\nЛетсплеи - http://www.twitch.tv/kamikadzeplay\\nМой Twitter - http://twitter.com/kamikadze_d\\nЯ на ФБ http://www.facebook.com/dmitry.ivanov.9634?ref=tn_tnmn\\nGoogle+ https://plus.google.com/u/0/103614022894261388839/posts\\nЖЖ - http://kamikadze-d.livejournal.com\\nЛайв канал http://www.youtube.com/kamikadzelive",2017-12-28T11:35:06.000Z,203918,49336,56713,13364
RU,Крушение самолёта Ан-148 под в раменках!,TEMICH 1,News & Politics,[none],видео предоставлено телеканалом Москва 24,2018-02-11T12:43:13.000Z,20339,22,70,37
RU,"ГРУДИНИН 3AДAЛ ЖAPУ, HE 3HAЮT KAK 3ATKHУTЬ! Геннадий Гудков на Радио Свобода, 15.01.2018",Умные люди,People & Blogs,[none],"Пожалуйста, не забывайте ставить ЛАЙК, если вам понравился ролик!",2018-01-16T10:39:41.000Z,20240,200,448,83
RU,Исторический шанс! Все на выборы! (15.03.2018),Красная Линия,News & Politics,[none],"Какие сюрпризы преподнесла президентская избирательная кампания? Почему власть оказалась не готова к огромному потенциалу протестных настроений? И кто больше всего проиграет от низкой явки на выборы 18 марта? На эти и другие вопросы в студии «Точки зрения» отвечают секретарь ЦК КПРФ Сергей ОБУХОВ, экономист и публицист Юрий БОЛДЫРЕВ, председатель Наблюдательного совета Института демографии, миграции и регионального развития Юрий КРУПНОВ и профессор Российского государственного гуманитарного университета Геннадий КОЗЫРЕВ.  \\n Ведущий – Дмитрий АГРАНОВСКИЙ.",2018-03-15T20:09:03.000Z,20223,727,4386,280
RU,Шарманда,анти биго.тв,People & Blogs,[none],Записано с помощью DU Recorder для Android,2018-04-01T18:19:40.000Z,202099,170,2745,434
RU,Задержание Навального Видео  Забастовка избирателей Москва 28 января 2018 Навальный обманул полицейс,Россия,News & Politics,"\"Навальный|\"\"Забастовка избирателей\"\"|\"\"Задержание Навального\"\"|\"\"Задержание Навального Видео\"\"|\"\"Забастовка избирателей Москва\"\"|\"\"Забастовка избирателей Москва 28 января 2018\"\"|\"\"ФБК\"\"|\"\"Навальный лайф\"\"|\"\"Выборы 2018\"\"|\"\"Путин 2018\"\"|\"\"Путин выборы\"\"|\"\"Навальный выборы\"\"|\"\"Навальный 2018\"\"|\"\"Навальный задержан\"\"|\"\"Навальный видео\"\"|\"\"Новости\"\"|\"\"Новости сегодня\"\"|\"\"Навальный новости\"\"|\"\"Навальный последние новости\"\"|\"\"Навальный ютуб\"\"|\"\"Алексей Навальный\"\"|\"\"Алексей Навальный митинг\"\"\"",Задержание Навального Видео. Забастовка избирателей Москва 28 января 2018 Навальный обманул полицейских и... В СПЧ насчитали 400 участников акции Навального в Москве. Алексей Навальный задержан на Тверской улице в Москве. Полиция эвакуировала офис ФБК Навального в Москве из-за угрозы взрыва. Москвичи вышли на несогласованную «забастовку избирателей» Навального: Тверская перекрыта на акциях «Забастовки избирателей» задержали 180 человек. \n0:10 Задержание Навального \n0:59 Навальный обманул полицейских\n2:09 Забастовка избирателей Москва Тверская\nПодписывайся БУДЬ В КУРСЕ www.youtube.com/channel/UCLSUk_DwbnEj-69pJxCLSCQ?sub_confirmation=1 Дальше только интересней.,2018-01-28T13:19:19.000Z,201897,3275,5858,1298
