country,title,channel_title,category,tags,description,publish_time,views,likes,dislikes,comment_count
MX,"Exatlón México 2018 | Capítulo 100, 1 de Marzo 2018 | HiHi TV En Vivo",HiHi TV,People & Blogs,[none],Facebook: https://www.facebook.com/groups/HiHiTV/\nSuscribirse a mi canal: https://goo.gl/k5Y41a\nMi lista de reproducción: https://goo.gl/WE4jKY,2018-03-02T03:59:35.000Z,67336,509,550,399
MX,El Fin De Los Contendientes Exatlon México,BAD VERT,People & Blogs,"\"#Exatlon|\"\"#Danielcorral\"\"|\"\"#Trending\"\"|\"\"#Abuso\"\"|\"\"#RommelPacheco\"\"|\"\"#Tendenciamexico\"\"\"",Lee La Descripción \nEste Vídeo Es Propiedad Mía Cualquier Reclamación de Derechos De Autor Contactar A mi Gmail Personal Emiliosantamaria5@gmail.com\nDerechos Reservados ®,2017-12-13T02:23:28.000Z,6727,7,32,12
MX,Best Songs Of Kenny G - Kenny G Greatest Hits Album 2018 - Kenny G Best Collection,Jazz & Blues Experience,People & Blogs,"\"Kenny G|\"\"Kenny G live\"\"|\"\"Kenny G Greatest Hits\"\"|\"\"Kenny G Greatest Hits Full Album 2017\"\"|\"\"Top 30 Best Songs Of Kenny G\"\"|\"\"Kenny G Best Songs\"\"|\"\"Top Hits Kenny G\"\"|\"\"Kenny G Full Playlist\"\"|\"\"Kenny G Album\"\"|\"\"Kenny G Full Album\"\"|\"\"Kenny G 2017\"\"|\"\"the very Best of Kenny G\"\"|\"\"Kenny G Songs\"\"|\"\"Kenny G Collection\"\"|\"\"The Moment\"\"|\"\"Forever in Love\"\"|\"\"My Heart Will Go On\"\"|\"\"Songbird\"\"|\"\"The Wedding Song\"\"|\"\"Silhouette\"\"|\"\"kenny g live\"\"|\"\"forever in love\"\"|\"\"kenny g greatest hits\"\"|\"\"Kenny G Best Collection\"\"\"","Best Songs Of Kenny G - Kenny G Greatest Hits Album 2018 - Kenny G Best Collection\\nBest Songs Of Kenny G - Kenny G Greatest Hits Album 2018 - Kenny G Best Collection\\nBest Songs Of Kenny G - Kenny G Greatest Hits Album 2018 - Kenny G Best Collection\\nTag: Kenny G, Kenny G live, Kenny G Greatest Hits, Kenny G Greatest Hits Full Album 2017, Top 30 Best Songs Of Kenny G, Kenny G Best Songs, Top Hits Kenny G, Kenny G Full Playlist, Kenny G Album, Kenny G Full Album, Kenny G 2017, the very Best of Kenny G, Kenny G Songs, Kenny G Collection, The Moment, Forever in Love, My Heart Will Go On, Songbird, The Wedding Song, Silhouette, kenny g live, forever in love, kenny g greatest hits,",2018-02-20T13:00:07.000Z,67231,68,93,7
MX,Quien no enseña no vende,Cyberneticos,Entertainment,[none],"SÍGUEME EN FACEBOOK, TWITTER:\\n►FACEBOOK: https://www.facebook.com/Cyberneticosmx/\\n►TWITTER: https://twitter.com/CyberneticosMx\\n►Suscribete al Canal... https://goo.gl/JZlGvT\\n►visita mis blogs...  http://cyberneticosmx.blogspot.mx/\\n►                                 http://mecanicahho.blogspot.mx/\\n\\nCompra Bitcoins en Bitso\\nhttps://goo.gl/7ZnKyi\\n\\nObten Bitcoins gratis en freebitcoin\\nhttps://goo.gl/ggVFWa\\n\\nCompra en Banggood.com desde China muy barato\\nhttps://goo.gl/YPmkwy\\n\\nGana Mucho Dinero Acortando tus Links... http://bc.vc/?r=132622\\nPaga mas que AdFly y los demas, Registrate Aqui.",2018-01-21T19:47:13.000Z,67153,224,226,320
MX,Netta - Toy - Israel - LIVE - Grand Final - Eurovision 2018,Eurovision Song Contest,Entertainment,"\"Eurovision Song Contest|\"\"2018\"\"|\"\"Lisbon\"\"|\"\"Netta\"\"|\"\"Toy\"\"|\"\"Israel\"\"|\"\"live\"\"|\"\"Grand Final\"\"\"",Netta represented Israel at the Grand Final of the 2018 Eurovision Song Contest with the song Toy. Read more about Netta here: https://spott.tv/topic/netta/PARTY_ROLE%7C8436d491-a12a-4de3-add0-2a55498b947b,2018-05-12T21:00:52.000Z,6675701,60020,102435,38097
MX,"LAPIZITO explota contra MAGDA Y EL PROGRAMA HOY, NO MEREZCO  ESTOS TRATOS afirma",DulceMM,People & Blogs,"\"LAPIZITO explota contra MAGDA Y EL PROGRAMA HOY|\"\"LAPIZITO\"\"|\"\"MAGDA RODRIGUEZ Y LAPIZITO\"\"|\"\"PROGRAMA HOY\"\"\"",SUSCRIBETE :D\nCOMPARTE,2018-03-20T17:00:07.000Z,66470,65,381,60
MX,Guitar Music - Best Classic Country Songs Of 1950s -Top Old Country Songs - Country Music Collection,Music Relaxing,Music,"\"Guitar Music|\"\"Classic Country\"\"|\"\"Classic Songs\"\"|\"\"Best Classic Country Songs\"\"|\"\"Songs Of 1950s\"\"|\"\"Country Songs Of 1950s\"\"|\"\"Old Country Songs\"\"|\"\"Top Old Country Songs\"\"|\"\"Music Collection\"\"|\"\"Country Music Collection\"\"|\"\"Guitar\"\"|\"\"Music\"\"|\"\"Best\"\"|\"\"Classic\"\"|\"\"Country\"\"|\"\"Songs\"\"|\"\"1950s\"\"|\"\"Top\"\"|\"\"Old\"\"|\"\"Collection\"\"\"","Guitar Music - Best Classic Country Songs Of 1950s - Top Old Country Songs - Country Music Collection.\\nThis is the best Guitar music for relaxing and stress relief, sleep, spa and meditation. The content of the video is the lovely and romantic Guitar music in 2018, best love songs Guitar cover. The lovely and beautiful Guitar music will touch your heart and make you relax and healing. The beautiful and romantic music relaxing will erase all your fatigue or help you study and concentration. The background of the video with many beautiful nature landscape pictures will also help you relieve stress and relax. Enjoy 2 hour of best relaxing music romantic Guitar love songs cover for morning. You can use it for relax, sleep, meditation, healing, spa... etc. Just listen and feel it to relax your mind and yourself.\\nDon't forget to Comment and let me know what you think!\\nIf you like my playlist please LIKE and SHARE my videos! Subscribe for new uploads every day!\\nJoin the Relaxing Music community on social media:\\nhttps://www.youtube.com/channel/UCJD2TJ1z3iiKWCi169aA7pA?sub_confirmation=1\\n► Facebook: https://www.facebook.com/relaxdailymusicchannel\\n► Google+: https://plus.google.com/u/0/115417729902215212997\\n✖ IMPORTANT ✖ \\nIf there are any copyright infringement send e-mail to us or comment on this video!!!\\nThank You for Everything",2018-03-07T06:00:01.000Z,663820,259,354,36
MX,Mexico Vs Escocia 1-0 Resumen y Goles Partido Amistoso 2018,SeñorGolHD,Sports,"\"Mexico Vs Escocia|\"\"Mexico Vs Escocia 2018\"\"|\"\"Mexico Vs Escocia 1-0\"\"|\"\"Mexico Vs Escocia 1-0 2018\"\"|\"\"Mexico Contra Escocia 1-0 amistoso 2018\"\"|\"\"Mexico Vs Scotland 1-0\"\"|\"\"Mexico Vs Scotland 1-0 2018\"\"|\"\"Mexico Vs Scotland 1-0 friendly match 2018\"\"|\"\"Scotland Vs Mexico\"\"|\"\"Scotland Vs Mexico 0-1\"\"|\"\"Scotland Vs Mexico 0-1 2018\"\"|\"\"Scotland Vs Mexico 0-1 friendly match 2018\"\"\"",Baja la app de One Football: https://tinyurl.com/SenorGolHDJunioMexico Vs Scotlad 1-0 All Goals & Highlights Friendly Match 2018,2018-06-03T01:51:07.000Z,662854,787,955,3170
MX,¿Octagón y Nano serán los proximos expulsados de Exatlón?,La Nueva Dimensión,Entertainment,"\"videos terror la dimension desconocida mexico videos de suspenso videos misterios exatlon mexico|\"\"exatlon chsimes\"\"\"","Posiblemente los misterios que envuelven al mundo nunca serán revelados en su totalidad, y esta historia es uno de esos relatos. Qué te pareció?",2017-12-27T01:34:13.000Z,66162,164,186,46
MX,LA NOVIA DE El Pirata de Culiacán - Juan Luis Lagunas Rosales el pirata de culiacan,Videos Virales Noticias,Entertainment,"\"LA NOVIA DE El Pirata de Culiacán - Juan Luis Lagunas Rosales el pirata de culiacan|\"\"Recordando a el Pirata de Culiacán\"\"|\"\"Esto es lo que ganaba El Pirata de Culiacán\"\"|\"\"El Pirata de Culiacán' según HotSpanish y Ben 'El Gringo' youtubers\"\"|\"\"Último video de EL PIRATA DE CULIACÁN con BEN EL GRINGO En Guadalajara\"\"\"",LA NOVIA SE DESPIDE DE El Pirata de Culiacán - Juan Luis Lagunas Rosales el pirata de culiacan\nRecordando a el Pirata de Culiacán\n\nEsto es lo que ganaba El Pirata de Culiacán\n\nEl Pirata de Culiacán' según HotSpanish y Ben 'El Gringo' youtubers \n\n\nÚltimo video de EL PIRATA DE CULIACÁN con BEN EL GRINGO En Guadalajara\n\nLA VERDAD EL PIRATA DE CULIACAN  video (HotSpanish Vlogs,2017-12-23T17:19:33.000Z,65956,291,456,67
MX,ATALA SARMIENTO ¡SABIA QUE ERA EL FINAL¡¡ SUS CARAS Y ACTITUDES /ULTIMO PROGRAMA,Noticias Claras america,People & Blogs,"\"ATALA SARMIENTO|\"\"ULTIMO PROGRAMA\"\"|\"\"DESPEDIDA\"\"\"",Crestomatia Ventanendo Tv Azteca\nMusica Ni Fugaz Ni Eterno\nSergio Alberto,2018-03-25T05:41:10.000Z,65956,51,169,46
MX,La Rosa de Guadalupe - Por amor (Parte 2/2) [2009],La Virgen de Guadalupe Aqui,Entertainment,La Rosa de Guadalupe - Por amor (Parte 2/2) [2009],La Rosa de Guadalupe - Por amor (Parte 2/2) [2009]\n\n- Ve este video: https://goo.gl/5d7Rm7\n\n- Canción recomendada: https://goo.gl/YXjccM\n\n***Parte 1: https://youtu.be/w8zjAPQdMM8\n\nLa Rosa de Guadalupe es una serie de televisión mexicana creado para Televisa en 2008 hasta el presente. Esta serie es alusiva a la a la Virgen de Guadalupe.\n\nSiguenos en Nuestra Redes Sociales:\n\n» Facebook: https://www.facebook.com/LaVirgenConNosotros/\n» Twitter: https://twitter.com/lasfrasesbien/\n» Instagram: https://www.instagram.com/lasfrasesbien/\n» SnapChat: lasfrasesbien\n\nCorreo de contacto: lavirgenconnosotros@gmail.com,2018-04-25T17:20:16.000Z,6583,78,93,6
MX,DANIEL BISOGNO LLEGA A TELEVISA,ARGUENDE TV,Entertainment,DANIEL BISOGNO,SORPRESA E IMPACTO LA APARICIÓN  DEL DETRACTOR DE TELEVISA DURANTE AÑOS :DANIEL BISOGNO ELEMENTO CLAVE DE TV AZTECA DEJA A TODOS SORPRENDIDOS.,2018-05-17T16:42:39.000Z,65744,224,469,99
MX,Este trailero tiene los huevos que le faltan a muchos mexicanos,Modulando la 57,Entertainment,"\"traileros|\"\"camioneros\"\"|\"\"carretera\"\"|\"\"modulandola57\"\"|\"\"musica de camioneros\"\"|\"\"amos del camino\"\"|\"\"cachimberos\"\"|\"\"de corazon\"\"|\"\"por que tu mueves mexico\"\"|\"\"los amos del camino\"\"\"",Si te gusta ya sabes! Suscribirse en la parte superior de esta pantalla y manita arriba me gusta.\nhttp://facebook.com/ModulandoLa57\nhttp://steamcommunity.com/id/Modulandola57\nhttp://elrincondeltrokero.modulandola57.com\nhttps://www.facebook.com/CEOmodulandola57,2018-01-20T22:57:59.000Z,647480,364,762,885
MX,El Bronco se pone 'Bronco' con Periodistas de Tercer Grado,Dispara Margot Dispara,News & Politics,"\"El Bronco|\"\"Tercer Grado\"\"|\"\"Jaime Rodríguez Calderón\"\"|\"\"Noticieros Televisa\"\"|\"\"Televisa\"\"|\"\"candidato independiente\"\"|\"\"Joaquín López Dóriga\"\"\"","El día de ayer el candidato presidencial por la vía independiente, Jaime Rodríguez El Bronco, participó en el programa Tercer Grado",2018-05-18T20:35:04.000Z,64062,265,284,268
MX,Revelan groserla del Pirata de Culiacan a chica horas antes del hecho.,EL ALBOROTO DE LOS FAMOSOS,Entertainment,"\"chismes|\"\"mentiras\"\"|\"\"espectaculos\"\"|\"\"farandula\"\"|\"\"television\"\"|\"\"noticias\"\"|\"\"famosos\"\"|\"\"televisa\"\"|\"\"tv azteca\"\"|\"\"el chacaleo\"\"|\"\"noticias francas tv\"\"|\"\"el borlote\"\"|\"\"mexico al dia\"\"|\"\"polemica\"\"|\"\"viral\"\"|\"\"tv notas\"\"|\"\"tv y novelas\"\"|\"\"estrellas\"\"|\"\"pirata de culiacan\"\"|\"\"#piratadeculiacan\"\"|\"\"#pirata de culiacan celular a joven\"\"\"","Te dejo el link directo al canal Yo Te Lo Cuento, visitalo¡¡¡\\nhttps://www.youtube.com/channel/UCcJdikhtxOAYweBsvZpJWLw\\n\\nVisita el canal La Nota Feroz:\\nhttps://www.youtube.com/channel/UCiah2EnBdatOUJRU7spsqog/featured\\n\\nSiguenos en Twitter: \\nhttps://twitter.com/ElalborotoF\\n\\nSíguenos en Facebook:       \\nhttps://www.facebook.com/elalborotodelosfamosos/\\n\\n\\n------------------------------------ -----------------------------------------",2017-12-25T22:08:26.000Z,62753,192,336,90
MX,José Antonio Meade da mensaje a medios tras su salida de Hacienda,MILENIO,News & Politics,"\"milenio|\"\"milenio noticias\"\"|\"\"milenio diario\"\"|\"\"salida de meade\"\"|\"\"mensaje de meade\"\"|\"\"mensaje de jose antonio meade\"\"|\"\"Jose Antonio Meade\"\"|\"\"salida de meade de hacienda\"\"|\"\"Meade sale de Hacienda\"\"|\"\"SHCP\"\"|\"\"jose antonio meade sale de shcp\"\"|\"\"meade renuncia a hacienda\"\"|\"\"nacional\"\"|\"\"ultima hora\"\"|\"\"renuncia de meade\"\"|\"\"Mensaje a medios de José Antonio Meade tras su salida de Hacienda\"\"|\"\"Mensaje de Meade a medios de comunicacion\"\"|\"\"comunicado de Meade\"\"|\"\"política\"\"|\"\"méxico\"\"|\"\"SHCP Meade\"\"|\"\"jose antonio meade presidente\"\"\"","José Antonio Meade da un mensaje a medios de comunicación tras su salida de la Secretaría de Hacienda y Crédito Público.\\n\\nEl ahora ex secretario de Hacienda anunció que se registrará como pre candidato a la Presidencia de México por el PRI. “Me despido de esta Secretaría con el orgullo de pertenecer a este equipo. Voy a solicitar mi registro como pre candidato a la Presidencia de la República por el Partido Revolucionario Institucional (PRI)”, dijo en conferencia de prensa en Palacio Nacional.\\n\\nEntra a: http://tv.milenio.com/  \\n\\nMantente informado: http://www.milenio.com/  \\n\\nFacebook: https://www.facebook.com/MilenioDiario/  \\n\\nTwitter: https://twitter.com/Milenio",2017-11-27T19:40:52.000Z,6275,21,55,109
MX,Chivas vs  New York Red Bulls EN VIVO Concachampions 2018,CRUZ AZUL FUTBOL MX,Sports,"\"Chivas vs New York Red Bulls|\"\"Chivas vs New York Red Bulls en vivo\"\"|\"\"Chivas vs New York Red Bulls en directo\"\"|\"\"Chivas vs New York Red Bulls en vivo en directo\"\"|\"\"donde ver Chivas vs New York Red Bulls\"\"|\"\"en vivo\"\"|\"\"en directo\"\"|\"\"donde ver\"\"\"",Chivas vs  New York Red Bulls EN VIVO Concachampions 2018,2018-04-05T00:24:47.000Z,62739,96,116,13
MX,MOVIMIENTO NARANJA EN LA PELICULA COCO (2018),KE ROLLO TV,Entertainment,"\"COCO|\"\"PIXAR\"\"|\"\"MOVIMIENTO NARANJA\"\"|\"\"2018\"\"|\"\"CANCION DEL MOMENTO\"\"|\"\"MOVIMIENTO CIUDADADO\"\"|\"\"PELICULA COCO\"\"|\"\"DIA DE MUERTOS\"\"|\"\"COCO MOVIE\"\"|\"\"DISNEY\"\"|\"\"NINO CANTANDO\"\"|\"\"PELICULA EN ESPANOL\"\"|\"\"CINE\"\"|\"\"MEXICO\"\"\"","LA CANCION DEL MOVIMINETO NARANJA AHORA LLEGA A LA PELICULA DE COCO, DONDE UN NINO HACE HASTA LO IMPOSIBLE POR CANTAR SU CANCION JAJA",2018-01-19T20:03:09.000Z,62665,86,90,5
MX,"Asegura Paco Ignacio Taibo II que con AMLO, la expropiación sería el camino",El Mexicano Digital,People & Blogs,"\"AMLO|\"\"Elecciones208\"\"|\"\"expropiación\"\"|\"\"Chávez\"\"\"","El Secretario de Arte y Cultura del Comité Ejecutivo Nacional de Morena, Paco Ignacio Taibo II, afirma en un video que circula en redes sociales que, en caso de ganar López Obrador, si el sector empresarial no lo apoya, debería iniciar un proceso de expropiación como en la época cardenista.",2018-04-28T16:11:23.000Z,6258,31,49,127
MX,ESTE VIDEO SE TIENE QUE VIRALIZAR,VIDEOS VIRALES,Entertainment,"\"univision|\"\"telemundo\"\"|\"\"televisa\"\"|\"\"tv azteca\"\"|\"\"virales\"\"\"","Atención seguidores!!!Les aclaramos el sentido del vídeo ,son bicicletas que se venden en la ciudad de Mexico para cuidar el ambiente y no contaminar y son compradas por el Gobierno y los impuestos de todos ustedes. Muchas de esas bicicletas fueron a parar a la compra y venta de chatarra .Cada quien de su propio punto de vista.Saludos \\nBICICLETAS ECOLÓGICAS:Miren lo que descubrí miles de eco bicicletas de la CDMX van a dar a la  chatarra esto da lástima señores \\n¿ Para que creen que el gobierno utiliza ese dinero ?\\nCompartan por favor\\nCREDITOS VIDEOS: Tibio Tbn",2018-02-24T00:27:54.000Z,62401,317,1205,155
MX,Coco película'completa'en'español'latino'2017'hd,terkambu55,People & Blogs,[none],'[[::»Coco - 2017 :»»[ https://lov3m0v1ez.blogspot.com/tt2380307 ]««\n\n:~++~ Subscribe on #Youtube\n\n:~Coco película'completa'en'español'latino'2017:~:~Coco película'completa'en'español'latino'2017:~:~Coco película'completa'en'español'latino'2017:~:~Coco película'completa'en'español'latino'2017:~:~Coco película'completa'en'español'latino'2017:~:~Coco película'completa'en'español'latino'2017:~:~Coco película'completa'en'español'latino'2017:~:~Coco película'completa'en'español'latino'2017:~:~Coco película'completa'en'español'latino:~:~Coco película'completa'en'español'latino:~:~Coco película'completa'en'español'latino:~:~Coco película'completa'en'español'latino:~:~Coco película'completa'en'español'latino:~:~Coco película'completa'en'español'latino:~:~Coco película'completa'en'español'latino:~#Coco ganzer'Film'2017:~$Coco buong'pelikula'2017:~Coco Koko'elokuva'2017:~Coco pooree'philm'2017:~Coco pilnas'filmas'2017:~Coco film'completo'2017:~Coco P?rna'citra'2017:~$Coco película'completa'2017:~Coco polnyy'fil'm'2017:~$Coco hel'film'2017:~$Coco hnang't?m'2017:~Coco bo'phim'day'du'2017:~Coco scannán'iomlán'2017:~Coco tüm'film'2017:~Coco película'completa'en'español'latino:~#Coco film'complet'en'francais:~Coco film'completo'ita:~$Coco film'complet:~$Coco filme'completo:~Coco película'completa'español'latino:~#Coco película'en'espanol'latino:~:~%Coco'(2017)'película'completa'2017:~%Coco'1080p'BRRip'película'completa'2017:~%Coco'(2017)'720p'BDRip'x264'enlace'de'descarga'gratuita:~%Coco'(2017)'BluRay'completa'de'la'película:~%Coco'(2017)'descarga'gratuita'la'película'completa:~%Coco'(2017)'descargar'la'película'completa:~%Coco'(2017)'en'línea'gratis'en'movie4k:~%Coco'(2017)'Español'Castellano'película'completa'en'youtube:~%Coco'(2017)'español'megashare'libre:~%Coco'(2017)'hd'película'completa:~%Coco'(2017)'HDRip'Xvid'.mp4'megavideo'Contraseña'Gratis:~%\n\nAnd connect with us in our Social pages:\nFacebook: https://www.facebook.com/::Twitter: https://twitter.com/::Instagram: http://instagram.com/\n:Watch'Coco 2017,2018-01-06T19:30:15.000Z,62329,186,345,184
