country,title,channel_title,category,tags,description,publish_time,views,likes,dislikes,comment_count
RU,Mad lips gone wrong :D,Masty Rockers,People & Blogs,[none],When your friend betrays you,2017-12-26T03:49:52.000Z,17077,0,1,0
RU,Вечер с Владимиром Соловьевым от 21.03.18,Вечер с Владимиром Соловьевым,News & Politics,"\"Вечер с Владимиром Соловьевым|\"\"владимир соловьев\"\"|\"\"общественно-политические\"\"|\"\"ток-шоу\"\"|\"\"багдасаров\"\"|\"\"сатановский\"\"|\"\"шахназаров\"\"|\"\"михеев\"\"|\"\"жириновский\"\"|\"\"политика\"\"|\"\"экономика\"\"|\"\"общество\"\"|\"\"Ковтун\"\"|\"\"Кургинян\"\"|\"\"кедми\"\"|\"\"передача\"\"|\"\"интервью\"\"|\"\"политик\"\"|\"\"дискуссия\"\"|\"\"гость\"\"|\"\"вопрос\"\"|\"\"Владимир Соловьев\"\"|\"\"ответ\"\"\"","Вечер с Владимиром Соловьёвым. Эфир от 21 марта 2018\\nПодписаться на «Вечер с Соловьёвым»: https://www.youtube.com/c/poedinoktv?sub_confirmation=1\\n\\nОфициальный канал ток-шоу на общественно-политические темы: Воскресный вечер с Владимиром Соловьёвым, Поединок.\\n\\nСмотрите также:\\nВечер с Соловьевым: https://www.youtube.com/playlist?list=PLwJvP0lZee7wGKLURAENUVekHeK0nGO-A\\nВоскресный вечер с Соловьёвым: https://www.youtube.com/playlist?list=PLwJvP0lZee7zYMGBmzUqNn16P71vHzgkU\\nПоединок: https://www.youtube.com/playlist?list=PLwJvP0lZee7w8v4MSf0MftJqoDFW84U4M\\n60 минут: https://www.youtube.com/playlist?list=PLLHjKKyQ4OaTNAsBzZYNiJ3whlTLmyEyn\\nСпециальный корреспондент: https://www.youtube.com/playlist?list=PLDsFlvSBdSWfD19Ygi5fQADrrc4ICefyG\\nВести в субботу с Брилевым: https://www.youtube.com/playlist?list=PLLHjKKyQ4OaRo7DdFmy7lHQColWVXH5Ml\\nВести недели с Киселевым: https://www.youtube.com/playlist?list=PLLHjKKyQ4OaTpipoWQNR1ya5zp19Gc4ZB\\n60 минут: https://www.youtube.com/playlist?list=PLLHjKKyQ4OaTNAsBzZYNiJ3whlTLmyEyn\\nВести в 20:00: https://www.youtube.com/playlist?list=PLLHjKKyQ4OaQNfEVb1ssl-yu2dGPLLS7r\\nПолный контакт: https://www.youtube.com/playlist?list=PLwJvP0lZee7wpRxjb7FJmCQviusTNisFk",2018-03-22T01:13:42.000Z,170489,1429,1724,965
RU,Невероятная магия! Этому нет объяснений!,Невероятности,People & Blogs,"\"magic|\"\"магия\"\"|\"\"фокусы\"\"|\"\"шоу талантов\"\"|\"\"wow\"\"|\"\"фокусник\"\"|\"\"иллюзионист\"\"|\"\"иллюзия\"\"\"","",2018-01-18T15:36:49.000Z,170089,464,899,512
RU,Ребенок с зажигалкой спалил ТЦ в Кемерово,Шокирующие новости,News & Politics,"\"Ребенок|\"\"зажигалкой\"\"|\"\"спалил\"\"|\"\"Кемерово\"\"\"",Ребенок с зажигалкой спалил ТЦ в Кемерово,2018-03-25T21:19:12.000Z,16998,33,46,41
RU,БИАТЛОН 08.12.2017 СПРИНТ. МУЖЧИНЫ 10 КМ. БИАТЛОН 2017-2018. ПРЯМАЯ ТРАНСЛЯЦИЯ,Старый добрый Украинец,Sports,"\"биатлон прямой эфир|\"\"биатлон\"\"|\"\"биатлон 2017-2018\"\"|\"\"кубок мира по биатлону\"\"|\"\"биатлон кубок мира 2017 2018\"\"|\"\"Biathlon\"\"|\"\"биатлон 2017\"\"|\"\"биатлон кубок мира\"\"|\"\"кубок мира 2017.-2018\"\"|\"\"Кубок мира\"\"|\"\"кубок мира\"\"|\"\"мир биатлона\"\"|\"\"#IBU\"\"|\"\"#Biathlon\"\"|\"\"#Биатлон\"\"|\"\"biathlon\"\"|\"\"Губерниев\"\"|\"\"Россия\"\"|\"\"біатлон\"\"|\"\"спорт\"\"|\"\"стрим\"\"|\"\"биатлон hd\"\"|\"\"biathlon hd\"\"|\"\"лыжные гонки\"\"|\"\"шипулин\"\"|\"\"гонка\"\"|\"\"лыжи\"\"\"","",2017-12-08T10:23:20.000Z,16917,24,49,9
RU,"Ищем выход / Алексей Навальный, Алексей Венедиктов и Сергей Бунтман // 14.03.18",Эхо Москвы,News & Politics,"\"эхо москвы|\"\"онлайн смотреть\"\"|\"\"прямой эфир\"\"|\"\"echo.msk.ru\"\"|\"\"Ищем выход / Алексей Навальный\"\"|\"\"Алексей Венедиктов и Сергей Бунтман\"\"\"",Звонки: +7 495 363-36-59\nСМС: +7 985 970-45-45\n\nСетка вещания — http://echo.msk.ru/schedule\n\nПодпишитесь на другие каналы Эха Москвы:\nЭхо Общество — https://goo.gl/Pb2Bkd\nЭхо Культура — https://goo.gl/4oSHPY\nЭхо Авто — https://goo.gl/pgkXNW\nЭхо Спорт — https://goo.gl/R69Uw3\nДетское Эхо — https://goo.gl/Q6ybof\nДилетант — https://goo.gl/AoS8H9,2018-03-14T18:05:55.000Z,168341,11517,16420,3009
RU,Кандидат.doc: Собчак и Волков (Полная версия разговора за кадром) [15/01/18],Ксения Собчак,News & Politics,"\"собчак|\"\"ксения собчак\"\"|\"\"собчак против всех\"\"|\"\"против всех\"\"|\"\"кандидат против всех\"\"|\"\"выборы\"\"|\"\"выборы президента\"\"|\"\"выборы 2018\"\"|\"\"2018\"\"|\"\"президент\"\"\"","После эфира программы «Полный Альбац» Ксения Собчак и глава штаба Навального Леонид Волков встретились в студии радио «Эхо Москвы». Собчак попросила Волкова публично извиниться за размещенную в его фейсбуке фотографию с корпоратива на Бали, который она не вела. Реакцию главы штаба Навального вы можете увидеть в новом выпуске проекта «Кандидат.doc».\\n\\nАдрес нашего штаба в Москве: ул. Петровка 23/10 стр. 5, адреса штабов в других городах России вы можете найти на сайте http://sobchakprotivvseh.ru",2018-01-15T21:58:51.000Z,167846,1003,2601,1080
RU,Скандал!!! Никита Пресняков ЗАГОВОРИЛ о скором разводе...Свадьба пиар? #TheRelizzz,TheRelizzz / Дата Выхода,Film & Animation,"\"Трейлер|\"\"Премьера\"\"|\"\"Дата выхода\"\"|\"\"Фильм\"\"|\"\"Сериал\"\"|\"\"Дата релиза\"\"|\"\"Когда будет\"\"|\"\"Новый сезон\"\"|\"\"2017\"\"|\"\"1 серия\"\"|\"\"1 сезон\"\"|\"\"русский сериал\"\"|\"\"смотреть онлайн\"\"|\"\"онлайн сериал\"\"|\"\"фильм сериал\"\"|\"\"канал\"\"|\"\"сериал\"\"|\"\"нтв\"\"|\"\"стс\"\"|\"\"тнт\"\"|\"\"5канал\"\"|\"\"первый канал\"\"|\"\"Россия-1\"\"|\"\"Домашний\"\"|\"\"новый сериал\"\"|\"\"смотреть сериал\"\"|\"\"новая серия\"\"|\"\"продолжение\"\"|\"\"мелодрама\"\"|\"\"канал Ю\"\"|\"\"драма\"\"|\"\"боевик\"\"|\"\"комедия\"\"|\"\"смотреть в hd\"\"|\"\"hd сериал\"\"|\"\"продолжения\"\"|\"\"therelizzz\"\"|\"\"Анонс\"\"|\"\"Скандал!!! Никиты Преснякова ЗАГОВОРИЛ о скором разводе...Свадьба пиар? #TheRelizzz\"\"\"","Хватит считать свои волосы! Через МЕСЯЦ они станут длинными и густыми! Вам поможет уникальное средство для роста и восстановления волос! ☛ https://clck.ru/C8VtW\\n\\nСкандал!!! Никита Пресняков ЗАГОВОРИЛ о скором разводе...Свадьба пиар? #TheRelizzz \\n....................................................................\\n\\nTheRelizzz — Следите за новостями и ждете дату выхода любимых сериалов...Тогда это к нам, добро пожаловать...Приятного просмотра...!!!  (http://youtube.com/TheRelizzz)\\n....................................................................\\n\\nВсе плейлисты Канала : \\n\\nНОВОСТИ шоу-бизнеса! Новости #TheRelizzz : https://goo.gl/LXdehH      \\n\\nБОЕВИКИ Сериалы/Дата Выхода : https://goo.gl/5AxnPJ\\n\\nТУРЕЦКИЕ Сериалы/Дата Выхода : https://goo.gl/GSTh5s\\n\\nКОМЕДИЙНЫЕ Сериалы/Дата Выхода : https://goo.gl/FqjWpk\\n\\nМИСТИЧЕСКИЕ Сериалы/Дата Выхода : https://goo.gl/DKelnt\\n\\nДЕТЕКТИВНЫЕ Сериалы/Дата Выхода : https://goo.gl/cMKt4M\\n\\nИСТОРИЧЕСКИЕ Сериалы/Дата Выхода : https://goo.gl/D1K5BL\\n\\nМЕЛОДРАМАТИЧЕСКИЕ Сериалы/Дата Выхода : https://goo.gl/q5c3Zm\\n....................................................................\\n\\nОжидаемые Сериалы/Дата Выхода : https://goo.gl/r8pwkL\\n....................................................................\\n\\nДорогие Друзья : Ставим Лайки, Подписываемся, Комментируем Видео! TheRelizzz : подпишись » https://goo.gl/xc9AGW\\n\\nЕсли вам понравилось видео, не стесняйтесь добавить его на свою страничку в соц сети, нажав на кнопку Поделиться под видео. А так же поставить лайк Это способствует росту канала и более частому появлению новых видео. Спасибо:)\\n\\n\\n\\n\\n#новости_шоу_бизнеса новости шоу новости шоу бизнеса сегодня новости шоу бизнеса россии шоу бизнес россии звезда со звездами#звезды_шоу_бизнеса звезды голливуда звезды кино звезды музыки знаменитости россии звезды телевидения\\n#скандалы_факты_слухи_новости слава никитин\\n\\n#Сериалы #Фильмы #Анонс #Премьера #ДатаВыхода #Трейлер #1Серия #HD #TheRelizzz #ДатаРелиза #КогдаБудет #НоваяСерия",2017-12-01T13:36:34.000Z,16700,23,25,3
RU,Навальный в 20:18. Эфир 4 января 20!8 года,Навальный LIVE,News & Politics,"\"Навальный|\"\"Волков\"\"|\"\"политика\"\"|\"\"выборы\"\"|\"\"оппозиция\"\"|\"\"Димон\"\"|\"\"ДимонОтветит\"\"|\"\"Медведев\"\"|\"\"коррупция\"\"|\"\"Алексей Навальный\"\"|\"\"экономика\"\"|\"\"кризис\"\"|\"\"нефть\"\"|\"\"бензин\"\"|\"\"акцизы\"\"|\"\"резервный фонд\"\"|\"\"иран\"\"|\"\"протесты\"\"\"","Эфир #035. В своем первом эфире 2018 года Алексей Навальный призвал зрителей помочь отправить «Володю» на пенсию: мы собираем пожертвования на новый дрон, грозу коррупционеров, который назовем в честь самого щедрого жертвователя. Также Алексей подробно объяснил смысл забастовки избирателей и акции 28.01,  поговорил о ситуации в Иране и загадочном нападении-ненападении на российскую базу в Сирии, где до сих пор погибают наши сограждане, а Путин использует это в своих целях.\\n\\nАлексей Навальный в прямом эфире по четвергам в 20 часов 18 минут. Пишите вопросы и комментарии в твиттере с хэштегом #Навальный2018.\\n\\nЗабастовка избирателей 28.01.20!8: https://vk.com/teamnavalny?w=wall-55284725_678142 \\n\\nДОНЕЙТЫ: https://streamlabs.com/navalnylive\\nМинимальный донейт для бегущей строки — 100 руб.\\nМинимальный донейт для комментария на экране — 2018 руб.\\nМинимальный донейт для гифки — 2018 руб. (плюс платная подписка на Streamlabs $5 в месяц).\\n\\nПриложение для iOS: https://navalny.live/ios\\nПриложение для Android: https://navalny.live/android\\n\\nПодписывайтесь на рассылку «Навальный LIVE»: https://navalny.live/subscribe/  \\n\\nПодписывайтесь на «Навальный LIVE» в соцсетях:\\nТвиттер: https://twitter.com/navalnylive\\nИнстаграм: https://www.instagram.com/navalny.live/\\nВК: https://vk.com/navalny_live\\nФейсбук: https://www.facebook.com/navalnylive/\\nОК: https://www.ok.ru/navalnylive \\nТелеграм: https://t.me/navalny_live\\n\\nПрограмма Алексея Навального: https://navalny.com/p/5662/ \\nИстории конкретных людей и как на их жизнь повлияют изменения, предлагаемые Алексеем Навальным: https://2018.navalny.com/stories/ \\n\\nПоддержать кампанию Алексея Навального: https://goo.gl/etbAbg\\nПоставить подпись за выдвижение Алексея Навального в президенты: \\nhttps://goo.gl/78WMtq\\n\\nВидеоблог Алексея Навального: https://www.youtube.com/user/NavalnyRu \\nПоддержать Фонд борьбы с коррупцией: https://goo.gl/Ds2Rt9\\n\\nТвиттер Алексея Навального: https://twitter.com/navalny \\nИнстаграм Алексея Навального: http://instagram.com/navalny\\nТелеграм Алексея Навального: https://t.me/navalny_telegram",2018-01-04T18:29:04.000Z,166968,27412,60599,5114
RU,Как отжигали на свадьбе Дмитрия Тарасова и Анастасии Костенко 29.01.2018,Звезды шоу-бизнес и Дом2 Мнения о доме2,People & Blogs,[none],Свадьба Дмитрий Тарасов и Анастасия Костенко/ венчание/ когда официальная часть закончилась,2018-01-30T17:02:31.000Z,16690,54,105,30
RU,Алексей Навальный в Самаре. 3 декабря 2017. Митинг,foresterization1 стримы,News & Politics,[none],"",2017-12-03T13:54:25.000Z,16671,835,2913,81
RU,На самом деле - Было или не было. Выпуск от 18.01.2018,Первый канал,Shows,"\"Семья|\"\"Общество\"\"|\"\"Криминал\"\"|\"\"Дмитрий Шепелев\"\"|\"\"Диана Шурыгина\"\"|\"\"телеведущий\"\"|\"\"ток-шоу\"\"|\"\"отношения\"\"|\"\"правда\"\"|\"\"изнасилование\"\"|\"\"конфликт\"\"|\"\"подросток\"\"|\"\"алкоголь\"\"|\"\"На самом деле.\"\"\"","2018-01-18 Зрителей ждет неожиданный поворот в деле Дианы Шурыгиной. Накануне Диана впервые встретилась с Александром Рухлиным, который, как она утверждает, тоже изнасиловал ее в тот злополучный вечер. Программа закончилась дракой — муж Дианы накинулся с кулаками на обидчика жены. \\nСегодня оппоненты предъявят чудовищный компромат на мать Дианы Шурыгиной. Если обвинения подтвердятся на детекторе лжи, то женщине грозит уголовное преследование. И если это правда, то, возможно, это шанс оправдаться для Сергея Семенова — вдруг в этой истории все не так просто, как казалось? \\nСогласится ли теперь Сергей пройти проверку на детекторе лжи и встретиться со своей жертвой?",2018-01-18T17:28:17.000Z,166609,1120,2197,0
RU,Вечер с Владимиром Соловьевым от 07.05.18,Вечер с Владимиром Соловьевым,News & Politics,"\"Вечер с Владимиром Соловьевым|\"\"владимир соловьев\"\"|\"\"общественно-политические\"\"|\"\"ток-шоу\"\"|\"\"багдасаров\"\"|\"\"сатановский\"\"|\"\"шахназаров\"\"|\"\"михеев\"\"|\"\"жириновский\"\"|\"\"политика\"\"|\"\"экономика\"\"|\"\"общество\"\"|\"\"Ковтун\"\"|\"\"Кургинян\"\"|\"\"кедми\"\"|\"\"передача\"\"|\"\"интервью\"\"|\"\"политик\"\"|\"\"дискуссия\"\"|\"\"гость\"\"|\"\"вопрос\"\"|\"\"Владимир Соловьев\"\"|\"\"ответ\"\"\"",Вечер с Владимиром Соловьёвым. Эфир от 07 мая 2018,2018-05-08T01:25:42.000Z,165924,1354,1577,1652
RU,Yana Stonewalker / Coca -Cola Праздник к нам приходит ( COVER ),Yana Stønewaalker,Film & Animation,"\"праздник к нам приходит|\"\"кока кола\"\"|\"\"конкурс кока кола\"\"|\"\"конкурс от кока кола\"\"|\"\"пой с кока кола\"\"|\"\"пойскокакола\"\"|\"\"новогодний клип\"\"|\"\"#пойскокакола\"\"|\"\"новогодний кока кола клип\"\"|\"\"новогодний гимн\"\"|\"\"кавер праздник к нам приходит\"\"|\"\"cover празжник кнам приходит\"\"|\"\"Cova-Cola\"\"|\"\"Cova-Cola праздник к нам приходит\"\"\"","Всем привет это наш новый клип, над которым мы работали очень долго . Надеюсь вам понравилось ! Это мой первый клип , и честно говоря это был незабываемый опыт для меня . Для создание этого клипа ушло много сил и времени нашей команды 👇🏻\\nСайт-https://voicem.ru/\\nГруппа - https://vk.com/voicem\\nСпасибо им огромное . Наш клип мы снимали более 12 часов , ездили по разным местам и студиям Санкт-Петербурга , поэтому клип получился таким ярким и атмосферным . Да ,в клипе я снималась не одна , а с моей лучшей подругой Аней .\\nАнюте как и всем огромное спасибо 😊. Мне как и всегда было приятно проводить с ней время .  Клип мы снимали на прекрасную песню ,, ПРАЗДНИК К НАМ ПРИХОДИТ « от Coca-Cola  . Организация Coca- Cola устраивала конкурс в котором мы хотели очень сильно поучаствовать , и  вот собственно говоря это наша заявка на кастинг . Наш клип вышел практически в Новый Год  чтобы порадовать вас ! Чтобы наши труды не проходили даром , я бы хотела вас попросить поделиться этим видео с друзьями и подписаться на канал , ведь впереди на моём канале будет много интересных роликов . \\n                         Я \\nInstagram - https://www.instagram.com/yana_stonewalker\\n\\nmusica.ly - yanastonewalker",2018-01-06T06:32:48.000Z,165618,2114,7619,1625
RU,Зимняя вишня доклады нач. ПК базе ч.3,Old WM,People & Blogs,[none],"",2018-03-25T18:30:34.000Z,16552,94,2669,29
RU,Зачем Шойгу пустил ЧВК Вагнера под американский каток,Самый сок 2,People & Blogs,[none],"",2018-02-20T16:41:16.000Z,165466,9106,10682,1006
RU,Сергей Росси - Папа,Сергей Росси,Music,"\"сергей|\"\"сергей росси\"\"|\"\"шансон\"\"|\"\"музыка для поднятия настроения\"\"|\"\"сергей лазарев\"\"|\"\"папа\"\"|\"\"стас михайлов\"\"|\"\"грибы\"\"|\"\"ольга бузова\"\"|\"\"семья\"\"|\"\"рыбалка\"\"|\"\"топ лучших песен\"\"|\"\"хиты\"\"|\"\"григорий лепс\"\"|\"\"денис майданов\"\"|\"\"loboda\"\"|\"\"клипы\"\"|\"\"юмор\"\"|\"\"блог\"\"|\"\"россия\"\"|\"\"аккордеон\"\"|\"\"стас костюшкин\"\"\"","Отец, Батя, Папа, пускай будь что будет, лишь бы со мною был ты...\\nДрузья, будьте добрее и внимательнее к своим близким.\\n\\niTunes https://goo.gl/ofXPqT  \\nGoogle Play https://goo.gl/qXkwnJ \\nApple Music https://goo.gl/Znq8vY\\n\\nВКонтакте http://vk.com/sergeyrossi\\nFacebook https://www.facebook.com/sergeyrossio...\\nОдноклассники https://ok.ru/sergeyrossi\\nInstagram http://instagram.com/sergeyrossi\\nTwitter https://twitter.com/sergeyrossi\\n\\nМузыка - Сергей Росси\\nСлова - Сергей Росси\\n\\nРежиссер: Сергей Росси\\nСорежиссер: Константин Сергеев\\nОператор: Алексей Шлыков\\nСаундпродюсеры: Тарас Ващишин / Александр Чудопалов\\nПродюсер: Константин Сергеев",2017-12-04T05:51:47.000Z,165277,2155,2271,632
RU,Навальный 2018 - единственный президент,krupelgo,People & Blogs,[none],"",2017-12-08T07:04:36.000Z,165201,3223,7953,2296
RU,Вручение автомобилей российским олимпийским призерам,РИА Новости,News & Politics,[none],"Дмитрий Медведев вручил ключи от автомобилей BMW российским спортсменам, завоевавшим медали на зимних Олимпийских играх в Пхенчхане. \\n\\nПодписывайтесь на РИА Новости: http://www.youtube.com/subscription_center?add_user=rianovosti\\n\\nРИА Новости: https://ria.ru/\\nВКонтакте: https://vk.com/ria\\nFacebook: https://www.facebook.com/rianru/\\nОдноклассники: https://ok.ru/ria\\nTwitter: https://twitter.com/rianru\\nTwitter Breaking News: https://twitter.com/riabreakingnews\\nTelegram: https://t.me/rian_ru\\nInstagram: http://instagram.com/ria_novosti",2018-03-01T14:54:17.000Z,16369,49,84,70
RU,Новый хит года от Вована!,Роман Увалов,People & Blogs,"\"azino777|\"\"азино три топора\"\"|\"\"витя ак\"\"|\"\"бонус\"\"|\"\"бездеп\"\"|\"\"вован\"\"|\"\"реальные пацаны\"\"\"",AZINO777 https://goo.gl/C6JGyN,2018-01-15T05:49:15.000Z,162955,2298,6847,538
RU,Путинский митинг в Нижнем Новгороде,Штаб Навального в Нижнем Новгороде,People & Blogs,"\"Навальный|\"\"2018\"\"|\"\"Нижний Новгород\"\"|\"\"nn\"\"|\"\"nnov\"\"|\"\"Площадь Ленина\"\"|\"\"Ярмарка\"\"|\"\"Митинг\"\"|\"\"Акция\"\"|\"\"Путин\"\"|\"\"Выборы\"\"|\"\"март\"\"|\"\"Сталинград\"\"|\"\"Сталинградская битва\"\"|\"\"Олимпиада\"\"|\"\"Россия\"\"|\"\"Олимпийские игры\"\"|\"\"Штаб\"\"|\"\"Интервью\"\"|\"\"Единая Россия\"\"|\"\"Цирк\"\"|\"\"Рабочий\"\"|\"\"Администрация\"\"|\"\"Школа\"\"|\"\"Студент\"\"|\"\"Навальный 2018\"\"\"",Поговорили с участниками акции в честь 75-ой годовщины Сталинградской битвы в Нижнем Новгороде.\n\nЗаписаться наблюдателем: https://2018.navalny.com/zabastovka\n\nШтаб Навального в Нижнем Новгороде в социальных сетях:\nВконтакте: https://vk.com/teamnavalny_nn\nFacebook: https://facebook.com/teamnavalny.nn\nОдноклассники: https://ok.ru/group/58315109695531\nTwitter: https://twitter.com/teamnavalny_nn\nInstagram: https://instagram.com/teamnavalny_nn\nTelegram-канал: https://t.me/teamnavalny_nn\nTelegram-чат волонтёров: https://t.me/joinchat/CfZaBENFBgXdOuKiPSJNBQ,2018-02-03T15:26:23.000Z,162936,9461,13336,3935
RU,ПЕЛЬМЕНИ ОТ САМВЕЛА И НЕМНОГО ВИЛЛИ,GRANDENIKO VLOG,People & Blogs,"\"Самвел|\"\"Пельмени\"\"|\"\"Готовка\"\"|\"\"Влог\"\"|\"\"Блог\"\"|\"\"Собака\"\"|\"\"Джек Рассел\"\"|\"\"Прогулка\"\"|\"\"Рим\"\"|\"\"Италия\"\"|\"\"К столу\"\"|\"\"Обед\"\"|\"\"Кухня\"\"\"","Всем привет! Добро пожаловать на мой канал. Хочу поделиться главным свои увлечением - Кулинарией. Стараюсь показать рецепты,которые обязательно у всех получатся и будут радовать всю вашу семью.Также я просто снимаю свою жизнь на камеру и показываю это вам.Заходите, отдыхайте, развлекайтесь, комментируйте, общайтесь со мной и друг с другом, подписывайтесь, ставьте лайки - надеюсь все найдут тут свою часть по интересам! Открывая этот канал, я открываю частичку своей души для всех порядочных людей.\\nДОНАТ \\nhttp://www.donationalerts.ru/r/grandenik\\nСсылка на партнерку : https://youpartnerwsp.com/join?110260",2018-03-09T18:19:38.000Z,16253,965,1055,210
