country,title,channel_title,category,tags,description,publish_time,views,likes,dislikes,comment_count
RU,BODYPACK Business & Prodigers Series 2016,bodypack channel,People & Blogs,[none],"Di tahun 2016, Bodypack hadir dengan 2 kategori, yaitu Business Series yang dibuat untuk mengakomodir aktifitas para pebisnis, dan Prodigers Series yang ditujukan untuk anak muda kaum urban yang memiliki aktifitas tinggi di dunia kreatif.",2016-04-05T04:06:32.000Z,28402,4,36,6
RU,"LUDO STAR 2,800,000,000 coins ACCOUNT GIVEAWAY",GaMeRsViLLe,Gaming,ludo star ludo gaming hack,"share & like for a higher chance to win!!!\\nsubscribe for more giveaways \\nonce i reach 5K subs  and this video reaches 250,000 views i will award one lucky youtuber the account.\\n\\nwill do more ludo star giveways in the future. \\n\\n10k subscribers milestone (not completed)\\n250,000 views milestone (not completed)",2017-12-13T04:32:03.000Z,28366,5,34,7
RU,"Кемерово, митинг #ОнНамНеЦарь 5 мая 2018",БУЗОТЁР,People & Blogs,"\"кемерово|\"\"митинг\"\"|\"\"акция\"\"|\"\"шествие\"\"|\"\"кузбасс\"\"|\"\"навальный\"\"|\"\"оннамнецарь\"\"|\"\"протесты\"\"|\"\"5 мая 2018\"\"|\"\"полиция\"\"\"","",2018-05-05T15:07:58.000Z,28358,783,2601,414
RU,Экстренный выпуск! Кровавая резня в Перми! Школа №127,Сергей Локтин,People & Blogs,"\"Пермь|\"\"Пермь школа №127\"\"|\"\"кровавая бойня\"\"|\"\"кровавая бойня в Перми\"\"|\"\"бойня в Перми\"\"|\"\"резня в Перми\"\"|\"\"кровавая резня в Перми\"\"|\"\"резня в школе\"\"|\"\"колумбайн\"\"|\"\"школа 127 Пермь\"\"|\"\"инцидент в пермской школе\"\"|\"\"поножовщина в Перми\"\"|\"\"мой город Пермь\"\"|\"\"Сергей Локтин\"\"|\"\"кровавая резня детей в Перми\"\"|\"\"бойня кровавая в Перми\"\"|\"\"чрезвычайное происшествие\"\"|\"\"новости Перми\"\"|\"\"экстренный выпуск\"\"\"","В понедельник утром в Перми в школе №127 двое несовершеннолетних с ножами напали на школьников. Пострадали 15 человек, 12 из них были госпитализированы, двое находятся в тяжелом состоянии из-за ранения в область шеи. Подозреваемые задержаны, по факту произошедшего возбуждено уголовное дело о покушении на жизнь двоих или более человек.\\n\\nПоддержать канал материально - \\n1. Карта Сбербанка - 4276 8490 2531 7313 \\n2. Яндекс деньги - 410013254321077\\n\\nРеклама/сотрудничество - loktin90@mail.ru\\nЯ в ВК - https://vk.com/sergey_loktin",2018-01-15T11:28:03.000Z,28350,237,277,347
RU,Как гаишники оштрафовали водителя начальника ГИБДД по Чувашии,NasvyaziTV,Autos & Vehicles,[none],"Только представьте эту картину: под окнами нового здания МВД по Чувашии стоит инспектор ГИБДД, который трепетно общается с водителем «Крузака» с простыми номера Е251СР 21рус. Конечно же, можно предположить, что окна министра всё-таки выходят в сторону залива и не смотрят в сторону оврага позади Дома торговли…\\n\\nНарушитель стоит под запрещающим знаком? Стоит! Неужели его отпустят? Со слов регистратора, так и произошло.\\n https://cheb.media/2018/02/15/e251sr21/",2018-02-15T19:10:44.000Z,2834,2,31,0
RU,РОССИЯ в ШОКЕ от ПРАВДЫ!!! ► ПОЧЕМУ ПУТИН не НАЗНАЧИЛ ГРУДИНИНА ПРЕМЬЕР МИНИСТРОМ?!,Короче Говоря,People & Blogs,"\"срочные новости|\"\"сегодня\"\"|\"\"актуальные события\"\"|\"\"политика\"\"|\"\"россия\"\"|\"\"20 мая\"\"|\"\"21 мая\"\"|\"\"21.05.2018\"\"|\"\"срочно\"\"|\"\"канал короче говоря\"\"|\"\"новости мира\"\"|\"\"грудинин\"\"|\"\"путин\"\"|\"\"Павел Грудинин\"\"\"","Мастерская историй►https://goo.gl/Q3eMGUИсточник канал Радио Комсомольская правда►https://www.youtube.com/user/kpteleВ эфире Радио «Комсомольская правда» П.Н. Грудинин, бывший кандидат в Президенты рассказал о своих планах на будущее и о не решаемых проблемах в России.Уже отрасли усы, проиграл выборы, но выиграл бутылку коньяка в эфире и не жалеет от результатов выборов. «Все что сделано, то сделано, я морально был готов к борьбе за место, результат, конечно, не порадовал, но правды так и не узнать» - говорит Грудинин.",2018-05-20T20:08:27.000Z,282798,4579,4982,2153
RU,Роскомнадзор снова заблокировал сам себя.,Народовластие,News & Politics,"\"вячеслав|\"\"мальцев\"\"|\"\"плохие\"\"|\"\"новости\"\"|\"\"артподготовка\"\"|\"\"вести\"\"|\"\"недели\"\"|\"\"прямой\"\"|\"\"эфир\"\"|\"\"путин\"\"|\"\"медведев\"\"|\"\"порошенко\"\"|\"\"политика\"\"|\"\"россии\"\"|\"\"россия\"\"|\"\"украина\"\"|\"\"киев\"\"|\"\"украине\"\"|\"\"крым\"\"|\"\"наш\"\"|\"\"власть\"\"|\"\"власти\"\"|\"\"режим\"\"|\"\"русские\"\"|\"\"нефть\"\"|\"\"рубль\"\"|\"\"доллар\"\"|\"\"курс\"\"|\"\"валют\"\"|\"\"эхо\"\"|\"\"москвы\"\"|\"\"белковский\"\"|\"\"шендерович\"\"|\"\"особое\"\"|\"\"мнение\"\"|\"\"дождь\"\"|\"\"демура\"\"|\"\"шарий\"\"|\"\"суд\"\"|\"\"кризис\"\"|\"\"russia\"\"|\"\"протесты\"\"|\"\"банк\"\"|\"\"банки\"\"|\"\"биржа\"\"|\"\"финансы\"\"|\"\"евро\"\"|\"\"невзоров\"\"|\"\"камикадзе\"\"|\"\"5112017\"\"|\"\"революция\"\"|\"\"51117\"\"|\"\"кремль\"\"|\"\"песков\"\"|\"\"лавров\"\"|\"\"митинг\"\"|\"\"пожар\"\"|\"\"кемерово\"\"|\"\"тулеев\"\"|\"\"дети\"\"|\"\"сгорели\"\"|\"\"похороны\"\"|\"\"вольнов\"\"|\"\"#hangoutsonair\"\"|\"\"Hangouts On Air\"\"|\"\"#hoa\"\"\"","ЭФИР ОТ 1 АПРЕЛЯ - РЕАЛЬНАЯ ЖУРНАЛИСТИКА\\nhttps://www.youtube.com/watch?v=B5gVPhTnUFM\\n\\nСпасибо за Вашу поддержку каналу!\\n\\nНОВЫЙ ДОНАТ ДЛЯ ВОПРОСА В ПРЯМОЙ ЭФИР: http://www.donationalerts.ru/r/maltsev\\n\\nДОНАТ НА РЕВКОЙНЫ: http://www.donationalerts.ru/r/artpod...\\n\\nMAIL ДЛЯ ПРОГРАММИСТОВ avrorarevcoin@gmail.com\\n\\nНОВЫЙ КОШЕЛЕК:\\n≡ Bitcoin:  12dLhnQwuF4aUHXLgngvv2jZa6zYADb1uN\\n\\nВячеслав Мальцев. Плохие новости\\nОТКРЫТОЕ ТЕСТИРОВАНИЕ САЙТА http://testmaltsev.org/\\nРЕВКОЙНЫ:  https://nocorrupt.org\\nИнструкция как анонимно написать Вячеславу Мальцеву\\nhttps://www.dropbox.com/s/0kquwlu4s8k....\\n\\nЗарегистрируйтесь на Viuly, новом аналоге ютуба- \\nhttps://viuly.io/r/K7790395a9446988\\nнаш канал Народовластие на viuly  - https://viuly.io/channel/70053\\n\\n\\nTwitter: https://twitter.com/vvmaltsev\\nEMAIL В. В. МАЛЬЦЕВА: vvmaltsev64@gmail.com\\nКАНАЛ БЕЗУМНАЯ ГРЕТА: https://www.youtube.com/channel/UC6MZ...\\n\\nОБХОД БЛОКИРОВОК СОЦСЕТЕЙ: https://cloud.mail.ru/public/3JYX/tzW...\\n\\nАгитационный материал: https://cloud.mail.ru/public/ELtq/oJ3...\\nПисьма узникам режима: http://rosuznik.org/\\n================================",2018-04-17T19:38:04.000Z,28232,2735,6386,0
RU,Михаил Леонтьев: Грудинин напоминает бaндюкa купившего партию Зюганова. 09.02.2018,POLITICS GLOBAL,News & Politics,"\"михаил леонтьев вести фм|\"\"фильмы михаила леонтьева\"\"|\"\"михаил леонтьев онлайн\"\"|\"\"михаил леонтьев радио\"\"|\"\"смотреть онлайн леонтьев михаил\"\"|\"\"михаил леонтьев ведущий\"\"|\"\"программы михаила леонтьева\"\"|\"\"смотреть михаила леонтьева\"\"|\"\"михаил леонтьев видео 2018\"\"|\"\"михаил леонтьев последнее\"\"|\"\"михаил леонтьев видео\"\"|\"\"леонтьев михаил владимирович\"\"|\"\"михаил леонтьев 2018\"\"|\"\"михаил леонтьев\"\"\"","Михаил Леонтьев: журналист и публицист. Вице-президент и пресс-секретарь - директор департамента информации и рекламы корпорации «Роснефть».\\n\\nПОДПИСЫВАЙТЕСЬ НА КАНАЛ «POLITICS GLOBAL»: http://www.youtube.com/channel/UCx1zEWxdimb7lyEnINLhpnw?sub_confirmation=1\\n\\nСТАВЬТЕ ЛАЙКИ, ПИШИТЕ КОММЕНТАРИИ!\\n\\nЖЕЛАЕМ ВАМ ПРИЯТНОГО ПРОСМОТРА!",2018-02-09T06:11:41.000Z,2823,103,1082,173
RU,"Итоговый стрим (02.02.18): Летов, Грудинин, Сванидзе, Дагестан, ЛДНР, СССР, Путин, Мусульмане, Боты",Максим Шевченко,News & Politics,"\"выборы|\"\"Путин\"\"|\"\"Грудинин\"\"|\"\"Собчак\"\"|\"\"Россия\"\"|\"\"Стрим\"\"|\"\"Итоги недели\"\"|\"\"Навальный\"\"|\"\"Летов\"\"|\"\"Кастро\"\"|\"\"Сванидзе\"\"|\"\"Лайки\"\"|\"\"Дизлайки\"\"|\"\"Лнр\"\"|\"\"Днр\"\"|\"\"СССР\"\"|\"\"Михеев\"\"|\"\"олимпиада\"\"\"",В пятницу в 21:00 у нас был стрим. Поговорили об итогах недели.,2018-02-02T19:44:32.000Z,28183,4356,5034,890
RU,МОСКВА за 100 СЕКУНД! 5 мая ! Россия 2018,STAR NEWS,News & Politics,"\"москва|\"\"митинг\"\"|\"\"5 мая\"\"\"","Друзья ставьте лайки помогите поднять видео в ТОП!Сегодня, 5 мая, в нескольких самых крупных городах России проходят организованные Навальным и его командой митинги. Главный лозунг протестующих — «Он нам не царь», таким образом митингующие выступают против режима Владимира Путина. Все происходит за два дня до инаугурации президента, назначенной на 7 мая.В некоторых городах акции согласованы, а в некоторых нет. В Москве, в частности, проходит несанкционированная акция протеста, потому что власть была против проведения митинга на улице Тверской, они предлагали проспект Сахарова.Несколько часов назад, в самый разгар митинга, на место прибыла полиция и задержала Навального, вынеся его из толпы на руках.",2018-05-05T16:48:15.000Z,281745,3368,3490,2526
RU,Тосненский штаб о закрытии. Обращение к Навальному.,Штаб в Тосно,People & Blogs,"\"Андрей Ермилов|\"\"Андрей Ермилов штаб навального\"\"|\"\"штаб навального в тосно\"\"|\"\"город тосно\"\"|\"\"фбк\"\"|\"\"Собчак\"\"|\"\"президент\"\"|\"\"выборы\"\"|\"\"Волков\"\"\"","",2018-01-30T13:11:18.000Z,281728,2677,6625,2268
RU,"Локомотив - Спартак - Где смотреть 04.03.18, по какому каналу трансляция матча",Футбол на ТВ,Sports,"\"Трансляции футбола|\"\"Футбол на ТВ\"\"|\"\"футбол\"\"|\"\"где смотреть футбол\"\"|\"\"по какому каналу смотреть Локомотив - Спартак\"\"|\"\"смотреть сегодня футбол\"\"|\"\"на каком канале матч Локомотив - Спартак\"\"|\"\"онлайн трансляция\"\"|\"\"прямая трансляция 04 марта 2018\"\"|\"\"04-03-18\"\"|\"\"Чемпионат России\"\"|\"\"Локомотив - Спартак\"\"\"",Во сколько и на каком канале смотреть прямую видео трансляцию матча Локомотив - Спартак Москва 04 марта 2018 года,2018-03-04T12:23:45.000Z,28155,14,48,5
RU,ПЛОХИЕ НОВОСТИ в 21.00,Народовластие,News & Politics,"\"вячеслав|\"\"мальцев\"\"|\"\"плохие\"\"|\"\"новости\"\"|\"\"артподготовка\"\"|\"\"вести\"\"|\"\"недели\"\"|\"\"прямой\"\"|\"\"эфир\"\"|\"\"путин\"\"|\"\"медведев\"\"|\"\"порошенко\"\"|\"\"политика\"\"|\"\"россии\"\"|\"\"россия\"\"|\"\"украина\"\"|\"\"киев\"\"|\"\"украине\"\"|\"\"крым\"\"|\"\"наш\"\"|\"\"власть\"\"|\"\"власти\"\"|\"\"режим\"\"|\"\"русские\"\"|\"\"нефть\"\"|\"\"рубль\"\"|\"\"доллар\"\"|\"\"курс\"\"|\"\"валют\"\"|\"\"эхо\"\"|\"\"москвы\"\"|\"\"латынина\"\"|\"\"белковский\"\"|\"\"шендерович\"\"|\"\"особое\"\"|\"\"мнение\"\"|\"\"дождь\"\"|\"\"демура\"\"|\"\"шарий\"\"|\"\"потапенко\"\"|\"\"жуковский\"\"|\"\"суд\"\"|\"\"кризис\"\"|\"\"russia\"\"|\"\"протесты\"\"|\"\"банк\"\"|\"\"банки\"\"|\"\"гривна\"\"|\"\"биржа\"\"|\"\"финансы\"\"|\"\"евро\"\"|\"\"невзоров\"\"|\"\"камикадзе\"\"|\"\"5112017\"\"|\"\"революция\"\"|\"\"51117\"\"|\"\"кремль\"\"|\"\"песков\"\"|\"\"лавров\"\"|\"\"митинг\"\"|\"\"#hangoutsonair\"\"|\"\"Hangouts On Air\"\"|\"\"#hoa\"\"\"","Спасибо за Вашу поддержку каналу!\\n\\nНОВЫЙ ДОНАТ ДЛЯ ВОПРОСА В ПРЯМОЙ ЭФИР: http://www.donationalerts.ru/r/maltsev\\n\\nДОНАТ НА РЕВКОЙНЫ: http://www.donationalerts.ru/r/artpod...\\n\\nMAIL ДЛЯ ПРОГРАММИСТОВ avrorarevcoin@gmail.com\\n\\nНОВЫЙ КОШЕЛЕК:\\n≡ Bitcoin:  12dLhnQwuF4aUHXLgngvv2jZa6zYADb1uN\\n\\nВячеслав Мальцев. Плохие новости\\nОТКРЫТОЕ ТЕСТИРОВАНИЕ САЙТА http://testmaltsev.org/\\nРЕВКОЙНЫ:  https://nocorrupt.org\\nИнструкция как анонимно написать Вячеславу Мальцеву\\nhttps://www.dropbox.com/s/0kquwlu4s8k....\\n\\nЗарегистрируйтесь на Viuly, новом аналоге ютуба- \\nhttps://viuly.io/r/K7790395a9446988\\nнаш канал Народовластие на viuly  - https://viuly.io/channel/70053\\n\\nЗаписи эфиров в телеграмм https://t.me/narodovlastieefir\\nTelegran http://t.me/narodovlastie1\\nTwitter: https://twitter.com/vvmaltsev\\nEMAIL В. В. МАЛЬЦЕВА: vvmaltsev64@gmail.com\\nКАНАЛ БЕЗУМНАЯ ГРЕТА: https://www.youtube.com/channel/UC6MZ...\\n\\nОБХОД БЛОКИРОВОК СОЦСЕТЕЙ: https://cloud.mail.ru/public/3JYX/tzW...\\n\\nАгитационный материал: https://cloud.mail.ru/public/ELtq/oJ3...\\nПисьма узникам режима: http://rosuznik.org/\\n================================\\nНеофициальная группа ВКонтакте: https://vk.com/artpodgotovkamaltsev\\nTelegram: t.me/artpodgotovka1\\niTunes1: https://itunes.apple.com/ru/podcast/i...\\niTunes2: https://itunes.apple.com/de/podcast/a...\\nПодкаст для Android: http://subscribeonandroid.com/feeds.f...",2018-03-23T20:08:01.000Z,28132,2646,11184,361
RU,Встреча с Алексеем Навальным в Новокузнецке (Полная версия),Endless Ride,News & Politics,"\"навальный алексей|\"\"навальный\"\"|\"\"новокузнецк\"\"|\"\"митинг\"\"|\"\"встреча\"\"|\"\"навальный 2018\"\"|\"\"нвкз\"\"|\"\"2017\"\"|\"\"путин вор\"\"|\"\"коррупция\"\"|\"\"политика\"\"|\"\"выборы\"\"|\"\"встречи Навального\"\"|\"\"оппозиция\"\"|\"\"кампания Навального\"\"|\"\"2018\"\"|\"\"навальный новокузнецк\"\"|\"\"на\"\"|\"\"навальный митинг\"\"|\"\"nvkz\"\"|\"\"Навальный\"\"|\"\"навальный встреча\"\"|\"\"russia\"\"|\"\"alexei navalny\"\"|\"\"navalny\"\"\"","Встреча Алексея Навального с избирателями на площади общественных мероприятий Куйбышевского района на пересечении улиц Карла Маркса и 1 Мая. Новокузнецк, 9 декабря 2017 г.",2017-12-09T13:25:52.000Z,28101,1428,1473,680
RU,ОТРЯДЫ ПУТИНА ЗАКРЫЛИСЬ! / ТРАМП и ДУРОВ ПОБЕДИЛИ,СТАР РЕЙ,People & Blogs,"\"Отряды Путина|\"\"Отряды Путина Закрылись\"\"|\"\"Отряды Путина Дуров\"\"|\"\"Отряды Путина Трамп\"\"|\"\"Отряды Путина Телеграм\"\"|\"\"Отряды Путина канал\"\"|\"\"бабушки из отряда путина\"\"|\"\"ТРАМП и ДУРОВ ПОБЕДИЛИ\"\"|\"\"Дуров ген предательства\"\"|\"\"Бабушки из отрядов путина\"\"|\"\"Отряды Путина Навальный\"\"|\"\"Бабушки Путина\"\"|\"\"Новости\"\"|\"\"Политика\"\"|\"\"Россия Путин\"\"|\"\"Россия 2018\"\"|\"\"Отряды Путина прикол\"\"|\"\"Путин бабушки\"\"|\"\"Путин прикол\"\"|\"\"Путин вата\"\"|\"\"Ватник\"\"|\"\"бабушки путин\"\"|\"\"Ватники\"\"\"","🐲ДОИСТОРИЧЕСКИЕ МЕМЫ - https://vk.com/dinomemes--------------------------------------👑МОЙ INSTAGRAM - https://www.instagram.com/star_ray⚡МОЯ СТРАНИЦА В ВК - https://vk.com/star_ray🧠TELEGRAM КАНАЛ - https://t-do.ru/star_ray(если не работает, то вбивайте @star_ray)🎬МОЙ ПАБЛИК В ВК - http://vk.com/starrayshow💰КУПИТЬ РЕКЛАМУ - http://vk.cc/4fGrcW--------------------------------------Бабушки из Отрядов Путин закрылись. Трамп и Дуров победили их и казалось бы, справедливость восторжествовала! Но так ли это на самом деле и продолжат ли свою деятельность Отряды Путина?",2018-06-03T17:49:24.000Z,28080,2944,5291,873
RU,Воскресный вечер с Владимиром Соловьевым от 11.03.2018,Россия 24,Entertainment,"\"поединок|\"\"михеев\"\"|\"\"полный контакт\"\"|\"\"вечер с владимиром соловьевым\"\"|\"\"ковтун\"\"|\"\"жириновский\"\"|\"\"сатановский\"\"|\"\"соловьев\"\"|\"\"вечер\"\"|\"\"владимир соловьев\"\"\"",Воскресный вечер с Владимиром Соловьевым от 11.03.2018,2018-03-11T23:30:57.000Z,280193,2389,2477,999
RU,ОТВЕТ ДУРОВА пУТИНУ. РЕВОЛЮЦИЯ В АРМЕНИИ.,Народовластие,News & Politics,"\"вячеслав|\"\"мальцев\"\"|\"\"плохие\"\"|\"\"новости\"\"|\"\"артподготовка\"\"|\"\"вести\"\"|\"\"недели\"\"|\"\"прямой\"\"|\"\"эфир\"\"|\"\"путин\"\"|\"\"медведев\"\"|\"\"порошенко\"\"|\"\"политика\"\"|\"\"россии\"\"|\"\"россия\"\"|\"\"украина\"\"|\"\"киев\"\"|\"\"украине\"\"|\"\"крым\"\"|\"\"наш\"\"|\"\"власть\"\"|\"\"власти\"\"|\"\"режим\"\"|\"\"русские\"\"|\"\"нефть\"\"|\"\"рубль\"\"|\"\"доллар\"\"|\"\"курс\"\"|\"\"валют\"\"|\"\"эхо\"\"|\"\"москвы\"\"|\"\"белковский\"\"|\"\"шендерович\"\"|\"\"особое\"\"|\"\"мнение\"\"|\"\"дождь\"\"|\"\"демура\"\"|\"\"шарий\"\"|\"\"суд\"\"|\"\"кризис\"\"|\"\"russia\"\"|\"\"протесты\"\"|\"\"банк\"\"|\"\"банки\"\"|\"\"биржа\"\"|\"\"финансы\"\"|\"\"евро\"\"|\"\"невзоров\"\"|\"\"камикадзе\"\"|\"\"5112017\"\"|\"\"революция\"\"|\"\"51117\"\"|\"\"кремль\"\"|\"\"песков\"\"|\"\"лавров\"\"|\"\"митинг\"\"|\"\"пожар\"\"|\"\"кемерово\"\"|\"\"тулеев\"\"|\"\"дети\"\"|\"\"сгорели\"\"|\"\"похороны\"\"|\"\"вольнов\"\"|\"\"#hangoutsonair\"\"|\"\"Hangouts On Air\"\"|\"\"#hoa\"\"\"","ЭФИР ОТ 1 АПРЕЛЯ - РЕАЛЬНАЯ ЖУРНАЛИСТИКА\\nhttps://www.youtube.com/watch?v=B5gVPhTnUFM\\n\\nСпасибо за Вашу поддержку каналу!\\n\\nНОВЫЙ ДОНАТ ДЛЯ ВОПРОСА В ПРЯМОЙ ЭФИР: http://www.donationalerts.ru/r/maltsev\\n\\nДОНАТ НА РЕВКОЙНЫ: http://www.donationalerts.ru/r/artpod...\\n\\nMAIL ДЛЯ ПРОГРАММИСТОВ avrorarevcoin@gmail.com\\n\\nНОВЫЙ КОШЕЛЕК:\\n≡ Bitcoin:  12dLhnQwuF4aUHXLgngvv2jZa6zYADb1uN\\n\\nВячеслав Мальцев. Плохие новости\\nОТКРЫТОЕ ТЕСТИРОВАНИЕ САЙТА http://testmaltsev.org/\\nРЕВКОЙНЫ:  https://nocorrupt.org\\nИнструкция как анонимно написать Вячеславу Мальцеву\\nhttps://www.dropbox.com/s/0kquwlu4s8k....\\n\\nЗарегистрируйтесь на Viuly, новом аналоге ютуба- \\nhttps://viuly.io/r/K7790395a9446988\\nнаш канал Народовластие на viuly  - https://viuly.io/channel/70053\\n\\n\\nTwitter: https://twitter.com/vvmaltsev\\nEMAIL В. В. МАЛЬЦЕВА: vvmaltsev64@gmail.com\\nКАНАЛ БЕЗУМНАЯ ГРЕТА: https://www.youtube.com/channel/UC6MZ...\\n\\nОБХОД БЛОКИРОВОК СОЦСЕТЕЙ: https://cloud.mail.ru/public/3JYX/tzW...\\n\\nАгитационный материал: https://cloud.mail.ru/public/ELtq/oJ3...\\nПисьма узникам режима: http://rosuznik.org/\\n================================",2018-04-18T19:44:24.000Z,27995,2556,3362,0
RU,Путин: инаугурация-2018 с комментариями | 07.05.18,Настоящее Время,News & Politics,"\"Настоящее Время|\"\"телеканал\"\"|\"\"онлайн\"\"|\"\"смотреть онлайн российское телевидение\"\"|\"\"Путин\"\"|\"\"инаугурация\"\"|\"\"Владимир Путин\"\"\"",Инаугурация Владимира Путина 2018: смотрите прямую трансляцию с комментариями экспертов. Сегодня он вступит в должность еще на 6 лет. Подробнее: https://www.currenttime.tv/a/29212414.htmlПодпишись на НАСТОЯЩЕЕ ВРЕМЯ — http://goo.gl/Qaeg5aTwitter: http://twitter.com/CurrentTimeTVFacebook: http://www.facebook.com/CurrentTimeTVВКонтакте: http://vk.com/CurrentTimeTelegram: http://t.me/CurrentTime,2018-05-07T10:50:20.000Z,279478,3548,16515,4855
RU,Как написать письмо Путину. 2,Народный Мульт,News & Politics,[none],"",2018-01-13T07:00:26.000Z,279400,2382,15132,2183
RU,Смертельная двоечка!,Slacker,Comedy,"\"Кирилл Терешин|\"\"Синтол\"\"|\"\"Юмор\"\"|\"\"Фрик\"\"|\"\"Приколы\"\"|\"\"Прикол\"\"|\"\"Тренер\"\"\"","",2017-11-20T11:08:52.000Z,27922,314,558,347
RU,🔥 Печальная ВЕСТЬ! Ротару ТИХО умирает...! #TheRelizzz,TheRelizzz / Дата Выхода,Film & Animation,"\"новости|\"\"#новости_шоу_бизнеса\"\"|\"\"новости шоу\"\"|\"\"новости шоу бизнеса сегодня\"\"|\"\"новости шоу бизнеса россии\"\"|\"\"шоу бизнес россии\"\"|\"\"звезда\"\"|\"\"со звездами\"\"|\"\"звезды шоу бизнеса\"\"|\"\"звезды голливуда\"\"|\"\"звезды кино\"\"|\"\"звезды музыки\"\"|\"\"знаменитости россии\"\"|\"\"звезды телевидения\"\"|\"\"скандалы\"\"|\"\"факты\"\"|\"\"слухи\"\"|\"\"🔥 Печальная ВЕСТЬ! Ротару ТИХО умирает...! #TheRelizzz\"\"\"","Онлайн знакомства для тебя ☛ https://clck.ru/Cemtj\\nЗарегистрируйтесь бесплатно и найдите любимого человека\\nдля серьезных отношений (18+) ☛ https://clck.ru/Cemtj﻿\\n....................................................................\\n\\nTheRelizzz — Только Горячие 🔥 Новости! Следите за событиями, любите свежую информацию ...Тогда это к нам, добро пожаловать...Приятного просмотра...!!!  (http://youtube.com/TheRelizzz)\\n....................................................................\\n\\nВсе плейлисты Канала : \\n\\nФакты истории Therelizzz : https://goo.gl/DCaETM\\n\\nНОВОСТИ шоу-бизнеса! Новости #TheRelizzz : https://goo.gl/LXdehH      \\n\\nБОЕВИКИ Сериалы/Дата Выхода : https://goo.gl/5AxnPJ\\n\\nТУРЕЦКИЕ Сериалы/Дата Выхода : https://goo.gl/GSTh5s\\n\\nКОМЕДИЙНЫЕ Сериалы/Дата Выхода : https://goo.gl/FqjWpk\\n\\nМИСТИЧЕСКИЕ Сериалы/Дата Выхода : https://goo.gl/DKelnt\\n\\nДЕТЕКТИВНЫЕ Сериалы/Дата Выхода : https://goo.gl/cMKt4M\\n\\nИСТОРИЧЕСКИЕ Сериалы/Дата Выхода : https://goo.gl/D1K5BL\\n\\nМЕЛОДРАМАТИЧЕСКИЕ Сериалы/Дата Выхода : https://goo.gl/q5c3Zm\\n....................................................................\\n\\nОжидаемые Сериалы/Дата Выхода : https://goo.gl/r8pwkL\\n....................................................................\\n\\nДорогие Друзья : Ставим Лайки, Подписываемся, Комментируем Видео! TheRelizzz : подпишись » https://goo.gl/xc9AGW\\n\\nЕсли вам понравилось видео, не стесняйтесь добавить его на свою страничку в соц сети, нажав на кнопку Поделиться под видео. А так же поставить лайк Это способствует росту канала и более частому появлению новых видео. Спасибо:)\\n\\n\\n\\n\\nВидео загруженное на канал создано на основе принципа добросовестного использования, на данный материал разрешение правообладателя не требуется.\\nВсе авторские права принадлежат их законным владельцам.\\nЕсли вы являетесь автором фрагмента из выпуска и его\\nраспространение ущемляет ВАШИ авторские права...Свяжитесь с нами!\\n\\n\\n\\n\\n#НовостиШоу #НовостиШоуБизнесаСегодня #НовостиШоуБизнесаРоссии #ШоуБизнесРоссии  #Звезда #СоЗвездами #ЗвездыШоуБизнеса #ЗвездыГолливуда #ЗвездыКино #ЗвездыМузыки #ЗнаменитостиРоссии #ЗвездыТелевидения #Скандалы #Факты #Слухи",2018-02-06T18:25:54.000Z,27893,80,96,18
RU,ПУТИН И ТРАМП НА МАСЛЕНИЦЕ!,kamikadzedead,Comedy,"\"камикадзе|\"\"kamikadzedead\"\"|\"\"камикадзе ди\"\"|\"\"kamikadze\"\"|\"\"kamikadze_d\"\"\"","Насколько глупой может стать Масленица, если чучела заменить на Трампа и Путина? Сходим с ума. Бесплатные консультации призывникам \\nhttp://vk.me/prizyva_net Сайт «ПризываНет.ру» http://prizyvanet.ru/?yt\\nПомощь денежкой http://www.donationalerts.ru/r/kamikadzedead\\nРеклама, сотрудничество https://goo.gl/ddnKhN\\nСообщить о багах YouTube https://goo.gl/6Mf5GV\\nКак работают кремлеботы https://youtu.be/bMwpgafmt_E\\nВернуть лайк автоматом https://youtu.be/EDlPpMndIac\\nОпределить кремлебота в комментариях https://www.youtube.com/watch?v=HHEJkAUlYtE\\nУчастие в забастовке Выборов 2018:\\nраспечатай любую из этих листовок (https://vk.cc/7B5BFO или https://vk.cc/7B5BZj) и наклей у себя в подъезде\\n\\nСами знают, чем занимаются https://vk.com/video12325107_456239255\\nДолги - 5 триллионов https://www.rbc.ru/finances/17/02/2018/5a87fd869a7947e7926c4d21\\nМурманские учёные и майские указы Путина http://severpost.ru/read/62517/\\nВыборы на масленице https://youtu.be/XS0Y_NjZqvw\\n\\n\\n\\nНаши новости в телеграме https://telegram.me/satirabezpozitiva\\nПаблик Сатира без Позитива- https://vk.com/satyrabezsortyra\\nРоссийский YouTube и мой канал, подробности:\\n1) https://youtu.be/DZwAVsAgsLQ\\n2) https://youtu.be/5V5lLXtRtCg\\n3) https://youtu.be/0Olt1eF4AGM\\nИмена и фамилии руководства кремлеботов https://yadi.sk/i/UoAsIIeb3LosjS\\nКуда переехали кремлеботы https://www.rbc.ru/business/30/12/2017/5a465d969a79472a87a3c920\\nНаши новости в твиттере https://twitter.com/SatiraBezP\\nОбращение к сторонникам Путина в 2-х частях\\nhttps://youtu.be/GRl-Y8cN1UY\\nhttps://youtu.be/lvdUzBfsusA\\nВидео, отвечающие на вопросы А ЧТО ТЫ ПРЕДЛАГАЕШЬ?\\n1) https://youtu.be/upmD373wH-c\\n2) https://youtu.be/NHM02-pRDuk\\n3) https://youtu.be/T8sOB2NkIhA\\n4) https://youtu.be/odS7Lo8csyc\\n5) https://youtu.be/Vg0tAcn5FFY\\nПаблик Сатира без Позитива в ОК https://ok.ru/satirabezp\\nЯ в Ватноклассниках - http://www.ok.ru/profile/566798658882\\nЯ в контакте - http://vkontakte.ru/kamikadzedead\\nПаблик #Эксперты #Знатоки https://vk.com/realproblemsrussia\\nЛетсплеи - http://www.twitch.tv/kamikadzeplay\\nМой Twitter - http://twitter.com/kamikadze_d\\nЯ на ФБ http://www.facebook.com/dmitry.ivanov.9634?ref=tn_tnmn\\nGoogle+ https://plus.google.com/u/0/103614022894261388839/posts\\nЖЖ - http://kamikadze-d.livejournal.com\\nЛайв канал http://www.youtube.com/kamikadzelive",2018-02-19T08:32:20.000Z,278849,32311,47435,11382
