country,title,channel_title,category,tags,description,publish_time,views,likes,dislikes,comment_count
KR,도 넘은 인터넷 방송feat 보라고입는거야,MY IDOL,Education,"\"트위치 트수 도네이션 트게더 하스스톤 IRL 베리유투브 킹갓 베리 berry0314 TV베리 berry tv Berry TV|\"\"트위치\"\"|\"\"스트리머\"\"|\"\"유튜브\"\"|\"\"베리\"\"|\"\"빛베리\"\"|\"\"댄스\"\"|\"\"소통\"\"|\"\"노래\"\"|\"\"먹방\"\"|\"\"쿡방\"\"|\"\"여캠\"\"|\"\"존예\"\"|\"\"여신\"\"|\"\"꿀성대\"\"|\"\"꿀보이스\"\"|\"\"헌팅\"\"|\"\"해운대\"\"|\"\"부산\"\"|\"\"몰카\"\"|\"\"주작\"\"|\"\"밤바다\"\"\"",Love this : https://www.youtube.com/channel/UCPTKvC3N4tiMsjraHkCKrQQ,2018-05-13T16:04:18.000Z,243308,302,418,479
KR,"MB 손주들 눈물 흘리자 할아버지 빨리 올게 /  MB 조사 거부... 김윤옥 여사 조사 가능성 / 'MB 측근' 유인촌, 4년 진행한 토크쇼 하차",btnohit,News & Politics,"\"이명박|\"\"mb\"\"|\"\"손주\"\"|\"\"손자\"\"|\"\"유인촌\"\"|\"\"하차\"\"|\"\"토크쇼\"\"|\"\"아들\"\"|\"\"구속\"\"|\"\"구치소\"\"|\"\"동부구치소\"\"|\"\"이시형\"\"|\"\"김윤옥\"\"|\"\"다스\"\"|\"\"검찰\"\"|\"\"면회\"\"|\"\"거부\"\"|\"\"검찰조사\"\"|\"\"진술 거부\"\"\"","180327 MB 변호인 접견 내일로 연기\\n조사하더라도 진술 거부 예정\\nMB, 자필 서면으로 검찰 조사 거부\\n검찰 조사 'MB 거부'로 차질\\n가족과 측근 압박 카드 쓰나?\\n검찰 또 한 번의 자충수 반응\\n검찰, 이상은과 이상득 면회 금지... 왜?\\n검찰 증거인멸 우려로 면회 금지\\n김윤옥 여사와 이시형은 면회 가능\\n옥중 조사 전면 거부한 MB... 추후 일정은?\\n검찰 MB 조사 거부, 기소에 영향 없어\\nMB, 구치소에서도 SNS 업데이트?\\nMB 측근들, 천안함 묘역 참배\\nMB, 보수 재결집 노리는 '옥중 정치'?\\n검찰 조사 거부... MB, 옥중 투쟁 돌입?\\n80 가까운 나이에 또 감옥에 가다니...\\nMB, 구속 예상했나? 영장 결과 기다리며 목욕재계\\n자택 찾은 측근에 라면 좀 끓일까\\nMB, 측근들에게 미안하다. 면목이 없다\\nMB, 검찰을 집에 들이는 건 거부\\nMB 애들도 있고... 내가 나가겠다\\n아들 이시형에게 왜 이렇게 약하냐? 강해져야지\\n유인촌도 연극에 전념하겠단 의사 밝혀",2018-03-27T05:48:51.000Z,23962,37,64,118
KR,서장훈 아내(부인)오정연 이혼이유 보리차 사건,연예인,People & Blogs,"\"KRVBA TV|\"\"연예인\"\"|\"\"연예계\"\"|\"\"스캔들\"\"|\"\"서장훈\"\"|\"\"오정연\"\"|\"\"#서장훈\"\"|\"\"#오정연\"\"|\"\"#youtube\"\"|\"\"breaking news\"\"|\"\"korea news\"\"|\"\"#breaking news\"\"|\"\"#showbiz\"\"\"",서장훈 아내(부인)오정연 이혼이유 보리차 사건 \n잼있는 연예전문 종합 채널 KRVBA TV. 입니다 :) 동영상에 맘에 드시면 '추천' + '구독' + '공유' 부탁 드립니다. \n구독 신청 여기 채널: https://goo.gl/z7hKob,2018-01-11T08:30:00.000Z,236605,196,209,91
KR,"조민기 딸 조윤경, 아빠에 대한 실망감 역시 으...",Kim Tae-hee,Entertainment,"\"조민기 딸 조윤경|\"\"조민기\"\"|\"\"조윤경\"\"|\"\"UCqgfhFh_S9CqDOKO-x3PJaw\"\"|\"\"Kim tae Hee\"\"|\"\"뉴스 속보\"\"\"","KIM TAE HEE: 조민기 딸 조윤경, 아빠에 대한 실망감 역시 으...  \\n+++++++++++++++++++++++++++++++++++++++++++ \\n구독 신청 박근혜 여기 채널 : https://goo.gl/pJPj6R \\n+++++++++++++++++++++++++++++++++++++++++++ \\ncontact us : manhtruongnews90@gmail.com \\n내 동영상을 시청 해 주셔서 감사합니다.",2018-03-09T01:00:00.000Z,235806,257,489,159
KR,"30대여성 BJ, 인.터넷 생.방*송 중 투신.해 숨.져 | KRVBA TV",연예인,People & Blogs,"\"KRVBA TV|\"\"연예인\"\"|\"\"연예계\"\"|\"\"스캔들\"\"|\"\"#youtube\"\"|\"\"breaking news\"\"|\"\"korea news\"\"|\"\"#breaking news\"\"|\"\"#showbiz\"\"|\"\"#breaking news 247\"\"|\"\"#breaking news 24h\"\"|\"\"news 24h\"\"|\"\"#news 24h\"\"\"",잼있는 연예전문 종합 채널 KRVBA TV. 입니다 :) 동영상에 맘에 드시면 '추천' + '구독' + '공유' 부탁 드립니다. \n구독 신청 여기 채널: https://goo.gl/z7hKob,2018-03-07T08:09:27.000Z,232361,74,78,98
KR,이재명 형수 기자회견...거짓 해명 말고 참회하라 / YTN,YTN NEWS,News & Politics,"\"YTN|\"\"뉴스\"\"|\"\"정치\"\"\"","■방송: YTN 뉴스나이트■진행: 김선영 앵커■출연: 이현종 문화일보 논설위원, 최진봉 성공회대 교수▶앵커 : 욕설 동영상 파문. 자유한국당이 홈페이지에 녹취 파일을 올리기도 했는데요. 오늘 이재명 후보의 욕설 동영상의 당사자죠. 녹취 파일의 당사자죠. 형수 박인복 씨가 기자회견을 직접 해서 입장을 밝혔습니다. 어떤 얘기인지 들어보시죠. [박인복 / 이재명 후보 형수]2012년 6월 5일 김혜경 동서가 전화가 와서 만나자고 해서. 서로 비판하거나 하지 않겠다, 우리도 글도 내릴 테니까. 그런 일을 하고 헤어졌는데 밤 10시 반에 또 이재명 후보가 우리 신랑한테 전화해서 욕을 욕을 하고 어머니를 어떻게 했다는 둥 하면서 계속 그렇게 전화가 왔었어요. 2012년 6월 7일 동서인 김혜경이가 저희 딸한테 전화를 해서 야, 내가 여태까지 너네 아빠 강제입원 시키는 거 말렸는데, 강제입원 소리를 하게 된 거예요. 김혜경 입에서. 6월 9일인가 10일 날 전화가 온 거예요. 이재명 성남시장이. 욕을 그렇게 해댄 거예요. 애 아빠가 어머니를 찾아뵙고 한번 얘기 좀 해보자. 그래서 7월 15일 어머니 뵈러 찾아간 거예요. 근데 마침 그 자리에 시동생하고 시누이가 같이 저녁을 먹던 자리였기 때문에, 애 아빠가 자기 동생이 썼던 글이 갑자기 생각이 난 거예요. 그래서 너는 왜 인터넷에 알지도 못하면서 글을 쓸 수가 있느냐 했더니 그 막내 동생이 덤벼드는 거예요. 저희 신랑한테. 그 자리에 어머니는 계시지도 않았어요. 밖에 계셨고. 제발 거짓말을 자꾸만 해서 자기의 진실을 해명하려는 노력은 하지 말고 지금부터는 우리 가족 얘기를 아예 안 했으면 좋겠어요. 김부선 씨한테도 얘기하고 싶어요. 용기를 내셔서 녹취도 하셨으면 나와서 저처럼 얘기하세요. 굉장히 마음이 후련해요.▶앵커 : 저희가 긴 기자회견을 아주 간략하게만 보여드렸는데요. 대충의 내용 다시 한 번 보시겠습니다. 그러니까 이재명 후보의 형수가 직접 기자회견을 한 거고요. 거짓 해명을 자꾸 하지 말고 이재명 후보가 참회했으면 좋겠다 이런 주장을 했습니다. 지난 2010년에 이재명 후보가 성남시장이 된 후에 남편이 성남시를 위한 비판 글을 쓰면서 관계가 틀어진 게 시작점이었고요.그 후에 많은 다툼이 있었고 이재명 후보가 그후 자신의 남편을 정신병원에 강제로 입원시키려고도 했다라고 오늘 주장을 했습니다. 오늘 기자회견 내용을 보면 이재명 후보의 그간 해명과 좀 다른 내용도 있습니다. 오늘 형수 박인복 씨는 2012년 7월 15일 어머니 집에서 막냇동생과 싸움이 있었지만 어머니는 사건이 일어난 방에 있지도 않았고 폭언도 없었다라고 해명을 했고요.이재명 후보는 이렇게 주장했었죠. 형님 부부가 어머니께 차마 입에 담을 수 없는 패륜, 폭언하는 것 때문에 내가 너무 화가 나서 형수에게 욕을 했던 것이다 이렇게 얘기를 했는데 지금 양쪽의 해명이 또 다르지 않습니까? 누군가는 거짓말을 하는 거 아니겠습니까?▷인터뷰 : 그렇습니다. 사실 이 문제는 성남시장 선거 때도 나왔었고 지난 대선 경선 때도 나왔지만 또 이번에 나왔고. 문제는 이번에는 녹취 동영상을 일단 자유한국당이 일단 홈페이지에 올렸지 않습니까? 지난번 성남시장 선거 같은 경우는 가처분신청을 받아서 사실은 이게 확산이 안 됐어요.그런데 이번에는 이게 오픈이 되면서 많은 분들이 다 볼 수 있도록 되어 있기 때문에 또 다른 하나의 쟁점이 되는 것 같은데 가장 핵심적인 쟁점은 이것인 것 같습니다. 아마 이재명 후보가 해명을 했는데 본인이 사실은 형님 부부가 어머니한테 패륜적 ... (중략)▶ 기사 원문 : http://www.ytn.co.kr/_ln/0101_201806082343371061▶ 제보 안내 : http://goo.gl/gEvsAL, 모바일앱, 8585@ytn.co.kr, #2424▣ YTN 유튜브 채널 구독 : http://goo.gl/Ytb5SZ[ 한국 뉴스 채널 와이티엔 / Korea News Channel YTN ]",2018-06-08T14:53:38.000Z,232073,593,636,2142
KR,"1.6] 슬라임 개부자 갓건배방송. 오버워치 부캐 배치봅니다. 그마갑니다. 여러분들 새해복많이받으세요~! 오버워치, 데바데(안함), 배그(안함) 프로게이머 갓건배",갓건배,Gaming,[none],"",2018-01-07T07:39:37.000Z,22978,656,912,278
KR,가수 이소라 이승을 떠나다...팬들은 충격! - Edith G.Green,Edith G. Green,News & Politics,"\"가수|\"\"이소라\"\"|\"\"이승을\"\"|\"\"떠나다\"\"|\"\"#youtube\"\"|\"\"UC52TCZhH5IEBeSz47\"\"|\"\"Edith G.Green\"\"\"",가수 이소라 이승을 떠나다...팬들은 충격! \n우리의 지원 채널 등록에 대 한 링크를 누르십시오,2018-04-18T00:00:01.000Z,22825,22,89,31
KR,[응원] LG트윈스 - 김현수 응원가(2018),형도,Sports,[none],엘지 김현수 응원가,2018-03-18T06:22:33.000Z,22390,30,81,132
KR,X는 누가 쌌는데... 김성태 국회 연설을 빛낸(?) 추임새들,OhmynewsTV,News & Politics,"\"김성태|\"\"자유한국당\"\"|\"\"문재인\"\"|\"\"국회\"\"|\"\"연설\"\"|\"\"더불어민주당\"\"|\"\"위안부\"\"\"",김성태 자유한국당 원내대표가 1일 국회 교섭단체 대표연설을 했습니다. 김 원내대표는 이날 최저임금 논란과 사회적 참사 등을 거론하며 문재인 정부를 맹공격했는데요. \n\n김 원내대표는 문재인 대통령 지지자들이 서울 주요 지하철역과 뉴욕 타임스퀘어에 ‘문 대통령 생일 축하 광고’를 낸 것을 두고도 “이런 나라가 내 삶이 나아지는 나라냐”라고 트집을 잡았습니다. \n\n김 원내대표가 미리 준비한 원고에도 없는 내용을 즉석에서 추가해 문재인 정부 공격에 나서자 본회의장은 그를 응원하는 야당 의원들의 외침과 항의하는 여당 의원들의 고성이 뒤섞여 소란스러워졌는데요. 그 현장을 오마이TV가 취재했습니다. \n\n(취재 : 정교진·이승열 기자 / 영상편집 : 이승열 기자),2018-02-01T09:46:07.000Z,217991,421,696,1270
KR,"이서진, 정유미 결혼 언급 이효리 김정은 결별이유 한지민 집안 군대 프로필",스타뉴스,People & Blogs,"\"이서진|\"\"정유미\"\"|\"\"이효리\"\"|\"\"김정은\"\"|\"\"스타뉴스\"\"\"",------------------------------------------------------------------------------------- \n최신 비디오 업데이트에 가입: https://goo.gl/QQS4HP,2018-03-25T03:24:01.000Z,213762,268,275,18
KR,안철수 국민의당 대표 긴급 기자회견 - 생중계,NocutV,News & Politics,"\"nocutV|\"\"노컷V\"\"|\"\"CBS\"\"|\"\"스마트뉴스\"\"|\"\"안철수\"\"|\"\"국민의당\"\"|\"\"바른정당\"\"\"",바른정당과 통합을 밀어붙이고 있는 국민의당 안철수 대표가 20일 오전 국회에서 긴급 기자회견을 열었습니다.\n이날 회견에서 안철수 대표는 당대표 직위를 걸고 통합을 위한 전 당원의 의견을 묻겠다며 전당원투표를 제안했습니다. \n안 대표는 당원들의 통합 찬성 의사가 확인되면 단호하고 신속하게 전당대회 등 통합 절차를 밟겠다고 밝혔습니다.\n이와 함께 안 대표는 당의 미래를 가로막고 자신의 정치 이득에만 매달리는 사람이 있다면 거취를 분명히 하라며 통합에 반대하는 호남 중진의원들에게 직격탄을 날렸습니다.,2017-12-20T02:30:36.000Z,20946,70,113,148
KR,"마사이족과 결혼한 일본여성이 들려주는 마사이족의 충격적인 결혼생활, 친구와 아내를 공유?!",4everyoung TV,Entertainment,마사이,"구독과 공유 좋아요는 가족의 건강입니다\\n\\n4everyoung TV는 유튜브 커뮤니티 가이드라인을 철저히 준수하며, 성적인 컨텐츠, 위협적인 컨텐츠를 제작하지 않습니다\\n\\nKevin MacLeod의 Bright Wish은(는) Creative Commons Attribution 라이선스(https://creativecommons.org/licenses/by/4.0/)에 따라 라이선스가 부여됩니다.\\n출처: http://incompetech.com/music/royalty-free/index.html?isrc=USUAN1100377\\n아티스트: http://incompetech.com/",2017-12-02T15:11:07.000Z,206956,160,322,51
KR,오늘 서울에서 늦어져서 하루만 휴방할께요^^,장추자,Comedy,[none],일정이 밀려서 막차타고 내려가요 ~;;,2018-05-08T12:28:15.000Z,20603,81,97,43
KR,"코미디언 정종철 아내 황규림 자살 유서 사망? 정종철 이혼 재혼 루머,",NHH Daily News Stories,People & Blogs,"\"nhhdailynewsstories|\"\"UCZeyMmqsiIEGAAOs5tYQG4w\"\"\"","코미디언 정종철 아내 황규림 자살 유서 사망? 정종철 이혼 재혼 루머, \\n[Subscribe My Channel]: https://goo.gl/UY2SGc",2017-11-11T02:56:57.000Z,205677,124,416,93
KR,"1.14] 오버워치 부캐(남친계정대리중)참교육방송 및 11시 스크림팀!!!  오버워치, 데바데(안함), 배그(안함) 프로게이머 슬라임부자 갓건배",갓건배,Gaming,[none],"",2018-01-15T00:42:44.000Z,20526,555,602,36
KR,양예원 씨 카톡 논란① 스브스뉴스와 인터뷰하게 된 사연,스브스뉴스 SUBUSU NEWS,Entertainment,스브스뉴스,"스튜디오 실장이지난 2015년 유튜버 양예원 씨와 주고받았다고 밝힌카톡 메시지가 공개됐습니다 실장은 카톡에양 씨가 촬영 일정을 먼저 잡아달라는 내용이 포함돼 있다며강제성 없는 촬영이었다고 밝혔습니다. 이에 대해 유튜버 양예원 씨도스브스뉴스를 통해 처음으로 입장을 밝혔습니다✔ 뉴스에는 아래위가 없다, 스브스뉴스- 스브스뉴스 링크 -Facebook : https://www.facebook.com/subusunewsInstagram :  https://www.instagram.com/subusunews/홈페이지 : http://news.sbs.co.kr/news/subusuNews.do?plink=GNB&cooper=SBSNEWS",2018-05-26T07:58:45.000Z,199850,1771,3224,4019
KR,김성태 단식 농성장 방문한 홍준표 '비틀비틀',일요서울TV,News & Politics,"\"홍준표|\"\"김성태\"\"|\"\"자유한국당\"\"|\"\"단식\"\"|\"\"드루킹\"\"|\"\"특검\"\"\"",홍준표 자유한국당 대표가 3일 '드루킹 특검'을 촉구하며 국회에서 단식농성에 돌입한 김성태 원내대표를 찾아 대화를 나누고 있다.2018.05.03 일요서울TV 정대웅 기자,2018-05-03T10:33:54.000Z,197568,307,328,1563
KR,노보스인더스트리 노사장이야기,노보스튜브NoBossTube,People & Blogs,"\"노사장|\"\"노인스\"\"|\"\"노보스\"\"|\"\"노은규\"\"|\"\"떳다방\"\"|\"\"노보스인더스트리\"\"|\"\"노보스 인더스트리\"\"\"","",2018-04-21T08:02:56.000Z,196971,2478,2673,2269
KR,블랙박스에 찍힌 소름돋는 영상들 ㄷㄷ,S.W.entertainment,People & Blogs,[none],ㄷㄷ,2018-01-23T15:02:00.000Z,191179,234,261,211
KR,배현진에게 질문하는 MBC기자 말 끊는 홍준표,H Ham,People & Blogs,[none],"",2018-03-09T04:25:33.000Z,190500,441,933,1730
KR,"엄태웅 이혼 아내, 딸 궁금증 알아보기?",24 news kr,Entertainment,"\"엄태웅 이혼|\"\"24 news kr\"\"|\"\"UCLsQqvrY-C1D9LXsJGAXJHw\"\"|\"\"youtube\"\"|\"\"엄태웅\"\"|\"\"엄태웅 홍영기\"\"\"","엄태웅 이혼 아내, 딸 궁금증 알아보기? real more video :https://goo.gl/HRZyiU thanks for whatching if you are channel to subcriber : https://goo.gl/XyJ5j4",2018-05-15T01:00:05.000Z,189353,237,537,0
