country,title,channel_title,category,tags,description,publish_time,views,likes,dislikes,comment_count
IN,అమ్రపాలిని ఎలా ఆడుకున్నారో చూడండి | Amrapali Funny Speech on Republic Day | Eagle Media Works,Eagle Media Works,Entertainment,"\"Eagle Media Works|\"\"Eagle Media Works Logo\"\"|\"\"Eagle Media\"\"|\"\"Media\"\"|\"\"Subscribe\"\"|\"\"collector amrapali funny speech at republic day\"\"|\"\"IAS Amrapali Republic Day Speech\"\"|\"\"trending news\"\"|\"\"world news\"\"|\"\"telugu news\"\"|\"\"Warangal Collector Amrapali Funny Telugu Speech at 69th Republic Day\"\"|\"\"Collector Amrapali Funny Speech\"\"|\"\"urban collector amrapali\"\"|\"\"marriage news\"\"|\"\"trending news about amrapali\"\"|\"\"warangal urban collector funny speech\"\"|\"\"warangal collector about her marriage\"\"|\"\"sameer sharma\"\"|\"\"gossips\"\"|\"\"viral\"\"\"",Watch అమ్రపాలిని ఎలా ఆడుకున్నారో చూడండి. Amrapali Funny Speech on Republic Day. Eagle Media Works\n\nFor More Interesting videos Subscribe us on ►https://www.youtube.com/c/EagleMediaWorks\n\nFollow my social media!\n☛  Facebook : https://www.facebook.com/EagleMediaWorks\n☛ Eagle Media Blogger : http://eaglemediaworks.blogspot.in/\n☛ Follow Us on Twitter : https://twitter.com/eaglemediaworks\n☛ Visit our Official Website  : http://www.eagleandhra.com/\n\n\n► UnSolved Mysteries : https://goo.gl/fr0KOU\n\nLike & Subcribe & Comment\nThank You all member for watching !,2018-01-27T07:02:56.000Z,298070,618,843,0
IN,Veere Di Wedding Movie review by Rajeev Masand,Rajeev Masand,People & Blogs,"\"Rajeev Masand|\"\"review\"\"|\"\"Veere Di Wedding\"\"|\"\"Sonam Kapoor\"\"|\"\"Kareena Kapoor\"\"|\"\"film\"\"|\"\"cinema\"\"|\"\"movie\"\"|\"\"critic\"\"|\"\"CNN News18\"\"|\"\"Bollywood\"\"|\"\"Hindi\"\"|\"\"India\"\"|\"\"Mumbai\"\"|\"\"Swara Bhaskar\"\"|\"\"Shikha Talsania\"\"|\"\"veere di wedding\"\"|\"\"veere di wedding review\"\"|\"\"veere di wedding full movie\"\"|\"\"veere di wedding movie review\"\"|\"\"veere di wedding songs\"\"|\"\"veere di wedding movie\"\"|\"\"veere di wedding public review\"\"|\"\"veere di wedding film review\"\"|\"\"movie review veere di wedding\"\"|\"\"veere di wedding interview\"\"|\"\"veere di wedding review masand\"\"\"","CNN News18 film critic Rajeev Masand reviews this week's new Hindi film Veere Di Wedding, starring Kareena Kapoor, Sonam Kapoor, Swara Bhaskar, and Shikha Talsania, and directed by Shashanka Ghosh. This review first aired on CNN News18 on June 01, 2018.",2018-06-01T11:30:09.000Z,297304,1944,11347,643
IN,యాంకర్ ప్రదీప్ కు పోలీస్ కౌన్సిలింగ్..! | Anchor Pradeep Caught in Drunk & Drive Test || HIGHLIGHTS,CVR Telugu News,News & Politics,"\"Cvr Telugu News|\"\"Telugu States\"\"|\"\"Latest Updates\"\"|\"\"Telugu News\"\"|\"\"Cvr Channal\"\"|\"\"Telugu Live News\"\"|\"\"Hyderabad\"\"|\"\"Andhra Pradesh\"\"|\"\"Telangana\"\"|\"\"Anchor Pradeep\"\"|\"\"Drunk & Drive Test\"\"|\"\"Pradeep Machiraju\"\"|\"\"Anchor\"\"|\"\"dhee 10 Anchor\"\"|\"\"Anchor Pradeep Machiraju\"\"|\"\"Drunk and Drive\"\"|\"\"anchor pradeep news\"\"|\"\"anchor pradeep videos\"\"|\"\"anchor pradeep shows\"\"|\"\"anchor pradeep interview\"\"|\"\"drunk & drive\"\"|\"\"tv anchor pradeep\"\"|\"\"achor pradeep arrest\"\"|\"\"anchor pradeep drunk\"\"|\"\"anchor pradeep caught in drunk & drive\"\"|\"\"telugu varthalu\"\"\"","Anchor Pradeep Machiraju Caught in Drunk & Drive Test. During New Year Hyderabad Police Conducted  Drunk & Drive test in various parts of the city. Actor Pradeep’s car was stopped at Banjara Hills road number 45. When Breathe analyzed it shows 178 points. Watch the full video for more information.\\n\\nSubscribe to Us @ Youtube : http://goo.gl/OIHvom\\nFacebook :http://www.facebook.com/cvrnewstv\\nWebsite : http://www.cvrnews.tv\\nTwitter :https://www.twitter.com/CVRNEWSTV\\n\\n\\nWatch CVR News, the 24/7 news channel with exclusive breaking news, special interviews, latest updates on movies, sports and current affairs.",2018-01-02T09:41:38.000Z,29593,36,64,18
IN,జైలు పాలైన నాగబాబు రోజా అనసూయ.. కారణం తెలుస్తే షాక్ | jabbardasth Sow,Entertainment Circle,Entertainment,[none],జైలు పాలైన నాగబాబు రోజా అనసూయ.. కారణం తెలుస్తే షాక్ | jabbardasth Sow,2017-11-27T08:58:42.000Z,29426,61,72,20
IN,నన్ను ఏసుకున్నావా అజయ్ కౌడిన్య | Sri Reddy Strong Warning To Director Ajay Kaundinya | Friday Poster,Friday Poster,Entertainment,"\"Director Ajay Koundinya Comments On Sri Reddy|\"\"Sri Reddy Controversy\"\"|\"\"Socialpost Explosives\"\"|\"\"Directer Ajay Koundinya\"\"|\"\"Ajay koundinya\"\"|\"\"Directer Ajay Koundinya Interview\"\"|\"\"Directer Ajay Koundinya Movies\"\"|\"\"Ajay Koundinya Boot Bangla Movie\"\"|\"\"ajay kaundinya comments on roja\"\"|\"\"ajay kaundinya comments on gayatri gupta\"\"|\"\"Sri Reddy Movies\"\"|\"\"Sri Reddy Photos\"\"|\"\"Sri Reddy Choclate Video\"\"|\"\"Sri Reddy Interview\"\"|\"\"Sri Reddy Maha News\"\"|\"\"Directer Ajay Koundinya Sri Reddy\"\"|\"\"friday poster\"\"\"",నన్ను ఏసుకున్నావా అజయ్ కౌడిన్య | Sri Reddy Strong Warning To Director Ajay Kaundinya | Friday Poster\n\nSubscribe To Us On : https://www.youtube.com/channel/UCtlKtzqGvKAXDRSxzweic-w\n\nFollow Us On: https://twitter.com/IamFridayPoster\n\nLike Us On: https://www.facebook.com/fridaypostertollywood/\n\nFollow Us On : https://plus.google.com/+fridayposter,2018-03-19T12:46:00.000Z,292543,964,983,448
IN,പാർവതിയെ തേച്ചൊട്ടിച്ച് മമ്മൂട്ടിയുടെ തകർപ്പൻ മറുപടി | Mammoootty Mass Reply to Parvathy | Kasaba,a2z Media,Entertainment,"\"film news|\"\"movie news\"\"|\"\"movie gossips\"\"|\"\"mollywood\"\"|\"\"bollywood\"\"|\"\"tollywood\"\"|\"\"mohanlal\"\"|\"\"mammootty\"\"|\"\"prithviraj\"\"|\"\"dileep\"\"|\"\"nivin pauly\"\"|\"\"dulquer\"\"|\"\"പാർവതിയെ തേച്ചൊട്ടിച്ച് മമ്മൂട്ടിയുടെ തകർപ്പൻ മറുപടി | Mammoootty Mass Reply to Parvathy | Kasaba\"\"|\"\"mammootty parvathy\"\"|\"\"parvathy\"\"|\"\"kasaba\"\"|\"\"masterpiece\"\"|\"\"streetlight\"\"\"","പാർവതിയെ തേച്ചൊട്ടിച്ച് മമ്മൂട്ടിയുടെ തകർപ്പൻ മറുപടി | Mammoootty Mass Reply to Parvathy | Kasaba Masterpiece Street Light\\n\\nFor any Copyright related issues contact us @ a2zmedia007@gmail.com\\n\\nCopyright Disclaimer: Under Section 107 of the Copyright Act 1976, allowance is made for fair use for purposes such as criticism, comment , news reporting, teaching, scholarships and research.\\n\\nBGM Credits : Bensounds",2017-12-16T07:06:22.000Z,292270,541,598,48
IN,Kathi Vs PK || Kathi Mahesh on comparing Pawan Kalyan to Dileep Sunkara - TV9 Live,TV9 Live,News & Politics,"\"Tv9|\"\"tv9live\"\"|\"\"Tv9 exclusive\"\"|\"\"Tv9 Telugu\"\"|\"\"Breaking news\"\"|\"\"Live TV\"\"|\"\"Online streaming\"\"|\"\"tv9 telugu live\"\"|\"\"telangana news live\"\"|\"\"ap news live\"\"|\"\"tv9 breaking news\"\"|\"\"india live news\"\"|\"\"india news live\"\"|\"\"telugu news live\"\"|\"\"Kathi Mahesh on comparing Pawan Kalyan to Dileep Sunkara\"\"|\"\"pawan kalyan\"\"|\"\"kathi mahesh\"\"|\"\"kona venkat\"\"|\"\"punam kaur\"\"|\"\"pawan kalyan fans pawan kalyan vs kathi mahesh\"\"|\"\"kathi mahesh vs pawan kalyan\"\"|\"\"kathi mahesh vs pawan kalyan fans\"\"|\"\"tummati bharatwaj\"\"|\"\"bhardwaj about pawan kalyan\"\"\"",Kathi Vs PK || Kathi Mahesh on comparing Pawan Kalyan to Dileep Sunkara - TV9 Live\n\n► Download Tv9 Android App: http://goo.gl/T1ZHNJ\n\n► Subscribe to Tv9 Live: https://goo.gl/wD19It\n► Like us on Facebook: http://www.facebook.com/tv9telugu\n► Follow us on Twitter: https://twitter.com/tv9telugu\n► Circle us on Tv9 Telugu G+: https://plus.google.com/+tv9\n► Follow us on Pinterest: https://www.pinterest.com/tv9telugu,2018-01-16T14:22:51.000Z,291254,839,1822,1784
IN,Sri Reddy Exposed Name of Another Executive Producer | Chiranjeevi | Vakada Apparao | Adya Media,Adya Media,Entertainment,"\"sri reddy|\"\"chiranjeevi\"\"|\"\"producer\"\"|\"\"vakada apparao producer\"\"|\"\"adya media\"\"|\"\"Sri Reddy Exposed Name of Another Executive Producer\"\"|\"\"sri reddy controversy\"\"|\"\"sri reddy protest\"\"|\"\"actress sri reddy\"\"|\"\"sri reddy semi dressed at film chamber\"\"|\"\"actress sri reddy protest\"\"|\"\"sri reddy on maa\"\"|\"\"sri reddy comments\"\"|\"\"sri reddy on producers\"\"\"","Watch : Sri Reddy Exposed Name of Another Executive Producer | Chiranjeevi | Vakada Apparao | Adya Media  and also Sri Reddy Exposed Name of Another Executive Producer | Chiranjeevi | Vakada Apparao | Adya Media \\n\\nAll you need to do is click the subscribe button , bell icon and stay tuned to our Non-stop Political/Entertainment video channel.\\n\\nFor more Telugu Latest News and Updates visit : http://www.adya.news\\nhttp://www.adya.news/telugu\\n\\nFollow With Additional Information \\nSubscribe us : https://goo.gl/W9Skqx\\n\\nAnd Follow Us At : \\nFacebook : https://www.facebook.com/adyamedia\\nTwitter : https://twitter.com/adyamedia\\nGoogle+ : https://goo.gl/92zAAu",2018-04-13T07:16:04.000Z,288445,370,499,201
IN,Hero Nani Accident Caught on CCTV | సీసీ టీవీ లో రికార్డు..హీరో నాని కార్ ఆక్సిడెంట్ | Nani Accident,Tollywood Central,Entertainment,"\"movie news|\"\"latest film updates\"\"|\"\"telugu full movies\"\"|\"\"allu arjun films\"\"|\"\"telugu films\"\"|\"\"telugu heroines\"\"|\"\"Hero Nani Accident Caught on CCTV | సీసీ టీవీ లో రికార్డు అయిన హీరో నాని కార్ ఆక్సిడెంట్ వీడియో..!\"\"|\"\"nani\"\"|\"\"natural star nani\"\"|\"\"mca\"\"|\"\"nenu local\"\"|\"\"nani best actor\"\"|\"\"nani movies\"\"|\"\"nani car\"\"|\"\"Krishnarjuna Yuddham Movie\"\"|\"\"middle class abbayi\"\"|\"\"sai pallavi\"\"|\"\"tv9\"\"|\"\"tv9 live\"\"|\"\"tv9 news\"\"|\"\"live tv9\"\"|\"\"tv9 telugu\"\"|\"\"tv9 ap\"\"|\"\"telugu news\"\"|\"\"tv9 youtube\"\"|\"\"tv9 online\"\"|\"\"Hero Nani has a road accident - TV9\"\"\"","Tollywood Central FB: https://fb.com/tollywoodcentral11/\\n\\nSubscribe: | https://goo.gl/6RRNmu\\n\\n☛Our Channels  :\\n       ☛ Telugu Mojo | https://goo.gl/94R4P7\\n       ☛ Tollywood Central | https://goo.gl/zEbHe7\\n       ☛ Telugu Mojo Kathalu | https://goo.gl/GnEFsd\\n       ☛ Prapancha Rahasyalu | https://goo.gl/2QJdLi\\n       ☛ Mana Health | https://goo.gl/4ZWKxb\\n       ☛ Temple Rahasyalu | https://goo.gl/Koaaes\\n\\nMore Videos: | https://goo.gl/fPmjd5\\n\\nTwitter:       https://twitter.com/tollywoodcentra\\n\\nTumblr:       https://tollywoodcentral.tumblr.com/\\n\\nBlogger:       http://tollywoodcentrall.blogspot.in/\\n\\n\\nTollywood Central is your source to every latest happening from Telugu movie industry. \\n\\nTags:☛ For latest updates on Telugu Mojo Channels | https://goo.gl/sk3qjh   \\n☛ Subscribe for more latest Videos | https://goo.gl/5MRNbH \\n☛ Like us on | https://www.fb.com/telugumojoofficial\\n☛ Follow us on | https://twitter.com/telugumojo\\n\\n☛ Prapancha Rahasyalu Videos | https://goo.gl/NsMRVN\\n☛ Prapancha Rahasyalu Fb Page | \\n     https://www.fb.com/prapancharahasyalu/   \\n☛  Blogger: http://telugumojo.blogspot.in/\\n☛  Twitter: https://twitter.com/telugumojo\\n☛  Tumbler: https://www.tumblr.com/blog/telugumojo\\n☛  More Videos | https://goo.gl/sk3qjh     \\n\\nTags:telugu movies,\\ntelugu songs,telugu new movies,telugu rhymes,telugu short films,telugu latest movies,telugu dj songs,telugufullmovies,telugunew songs,telugu comedy movies,telugu,telugu audio songs,telugu action movies,telugu all movies,telugu album songs,telugu actress,telugu ayyappa songs,\\ntelugu all songs,telugu audio,telugu arjun reddy movie,telugu ads,a telugu movie,a telugu movie trailer,a telugu teaser,\\na telugu trailer,a telugu movie teaser,a telugu full movie,\\na telugu songs,a telugu movie songs,a telugu movie video songs,a telugu movie trailer 2017,telugu bf,telugu badi,telugu best songs,telugu best movies,telugu bahubali,telugu bhakti songs,\\ntelugu bahubali 2,telugu best short films,telugu bigg boss,telugubommalu,b telugu full movie,b telugu movie,b telugu movies online,grade b telugu movies,ultra b telugu,13 b telugu movie,ultra b telugu episodes,mr b telugu review,hepatitis b telugu,13 b telugu,telugu comedy,telugu comedy scenes,telugu cinema,telugu christmas songs,telugu comedy videos,telugu cinemalu,telugu comedy short films,telugu cartoons,\\ntelugu calendar,c telugu tech tuts,c telugu tutorial,c telugu lesson,telugu b movies,ctrl c telugu movie,pointers in c telugu,sundar c telugu movies,recursion in c telugu,hepatitis c telugu,arrays in c telugu,telugu dj,telugu dance,telugu doraemon,telugu dj movie,telugu dubbed,telugu dialogues,telugu dubsmash,telugu dj folk songs,telugu dubbed english movies,d telugu movie,d telugu show,d telugu dance show latest,d telugu tv,dj telugu songs,d telugu film,d telugu cinema,d telugu dance show 2018,\\nd telugu movie songs,d telugu etv,telugu emotional songs,teluguetv,elugu evergreen songs,telugu emotional movies,\\nelugu english movies,\\ntelugu etv live,telugu entertainment,telugu emotional video songs,telugu etv news,telugu evergreen movies,\\ne telugu movie,e telugu songs,\\ne telugu movie trailer,e telugu movie scenes,e telugu movie songs,e telugu live,e telugu movie hot,e telugu movie video songs,e telugumovies 2016 full length movies,e telugu full movie jeeva hindi dubbed,telugu film,\\ntelugu folk songs,telugu funny videos,telugu feeling songs,\\ntelugu family movies,telugu full hd movies,telugu funny,telugu famous songs,telugu film songs,\\nf telugu short film,f telugu movie,kumari 21f telugu movie,\\nb f telugu,u of telugu,kumari 21f telugu songs,telugu movies 2016 fmovies,telugu god songs,telugu geeks,telugu gana,\\ntelugu grammar,telugu guninthalu,telugu ghost movies,\\ntelugu god movies,telugu gossips,telugu good movies,\\ntelugu good songs,g telugu golden awards,\\ng telugu serial zee telugu serial,g telugu movie,\\ng telugu golden awards 2017,g telugu mudda mandaram serial,\\ng telugu live channel,g telugu live today,g telugu awards telugu live tv,g telugu today,telugu horror movies,telugu hit songs,telugu hit movies,telugu hd movies,telugu hd,telugu hd video songs,telugu hit video songs,telugu heroines,telugu hollywood movies,telugu hd songsh telugu boy names,aah telugu movie,telugu h d movies,telugu movies h,telugu h d songs,telugu hot songs hhmtv telugu,telugu songs videos h,new telugu h,telugu movies 2016 h d,\\ntelugu item songs,telugu i movie,telugu interview,telugu itam songs,telugu item video songs,telugu infobells,\\ntelugu inspirational videos,telugu i movie songs,telugu in telugu,telugu industry,i telugu movie,\\ni telugu songs,i telugu movie songs,\\ni telugu movie scenes,\\ni telugu movie video songs,\\ni telugu trailer,i telugu scenes,i telugu cinema,i telugu film,\\ni telugu video songs,telugu jokes,\\ntelugu jabardasth,telugu janapadalu,telugu janapada,\\ntelugu jukebox,telugu janapada geetalu,\\ntelugu jesus,telugu jabardasth comedy,telugu jathakam,telugu",2018-01-27T07:38:58.000Z,285556,282,3288,502
IN,Debate On Jabardasth Show Controversy | Part 1 | ABN Telugu,ABN Telugu,News & Politics,"\"abn debate|\"\"debate on jabardasth\"\"|\"\"jabardasth\"\"|\"\"jabardasth show\"\"|\"\"jabardasth controversy\"\"|\"\"controversy over jabardasth\"\"|\"\"jabardasth show controversy\"\"|\"\"hyper aadi\"\"|\"\"hyper aadi comedy\"\"|\"\"hyper aadi controversy\"\"|\"\"hyper aadi comments\"\"|\"\"jabardasth hyper aadi\"\"|\"\"nagababu\"\"|\"\"jabardasth roja\"\"|\"\"kathi mahesh\"\"|\"\"kathi mahesh vs hyper aadi\"\"|\"\"jabardasth comedy\"\"|\"\"hyper aadi case\"\"|\"\"anasuya\"\"|\"\"reshmi\"\"|\"\"jabardasth satires\"\"|\"\"jabardasth comedy show\"\"|\"\"extra jabardasth\"\"|\"\"breaking news\"\"|\"\"abn\"\"|\"\"abn live\"\"\"","ABN Special Debate with Actor Kadambari Kiran, Producer Nagabala Suresh, and Social Activist Mani Pavitra over Jabardasth comedy show is turning controversial as the comedian participants have been choosing sensitive subjects to crack some comedy and they have been allegedly involved in different unwanted conflicts. All these people alleged that comedians are encouraging vulgarity in the name of generating comedy.\\n\\nFor more latest and breaking news subscribe @ https://www.youtube.com/user/ABNtelugutv?sub_confirmation=1 \\n\\nFollow us @\\nhttps://facebook.com/abntelugutv,\\nhttps://twitter.com/abntelugutv,\\nhttp://www.abnandhrajyothy.com/\\nhttps://play.google.com/store/apps/details?id=com.abn.jyothy&hl=en\\nhttps://itunes.apple.com/in/app/abn-andhrajyothy/id582664798?mt=8\\nhttps://plus.google.com/+abntelugutv\\nhttps://dailymotion.com/abntelugutv\\n\\nWatch ABN Andhrajyothy, the no 1 Telugu news channel, a 24/7 LIVE news channel dedicated to live reports, exclusive interviews, breaking news, sports, weather, entertainment, business updates and current affairs.",2017-11-25T13:49:33.000Z,285532,933,2091,0
IN,First Look of Daisy Shah as Sanjana | Race 3 | Remo D'Souza | Salman Khan | #Race3ThisEID,Tips Official,Entertainment,"\"race 3 trailer|\"\"race 3 teaser\"\"|\"\"race 3 first look\"\"|\"\"salman khan\"\"|\"\"jacqueline fernandez\"\"|\"\"race 3 salman khan\"\"|\"\"salman khan new movie\"\"|\"\"salman bhai\"\"|\"\"jacqueline fernandez movies\"\"|\"\"new release movies 2018\"\"|\"\"daisy shah\"\"|\"\"remo d'souza\"\"|\"\"race 3\"\"|\"\"race\"\"|\"\"race 3 full movie\"\"|\"\"new bollywood movies 2018\"\"|\"\"bollywood movies\"\"|\"\"bollywood\"\"|\"\"new hindi movies 2018\"\"|\"\"bollywood movie trailer\"\"|\"\"bollywood movie 2018\"\"|\"\"salman khan movies\"\"|\"\"salman\"\"|\"\"salman new film\"\"|\"\"salman poster\"\"|\"\"race 3 poster\"\"|\"\"race 3 daisy shah\"\"\"","Here we go with the First Look Digital Poster of 'Daisy Shah' as Sanjana, from biggest Hindi Movie of 2018 RACE 3. Movie directed by Remo D'Souza.\\n\\nRace 3 releasing 15th June 2018.\\n\\nStay updated with RACE 3 videos, Subscribe on below link.\\nbit.ly/TipsOfficial\\n\\nRace 3 Movie Credits:\\nCast:                                             \\nAnil Kapoor \\nSalman Khan\\nJacqueline Fernandez\\nBobby Deol\\nDaisy Shah \\nSaqib Saleem\\nFreddy Daruwalla\\n\\nSalman Khan films & Tips Industries Limited. Presents Race 3                    \\nDirected by: Remo D'Souza\\nProduced by: Ramesh S. Taurani and Salma Khan                      \\nStory & Screenplay: Shiraz Ahmed\\nDialogues: Shiraz Ahmed, Kiran Kotrial         \\nDirector of photography: Ayananka Bose  \\nMusic Directors: Jam8, Meet Bros, Vishal Mishra, Vicky - Hardik, Shivay Vyas\\nLyrics: Kumaar, Hardik Acharya, Shabbir Ahmed, Shloke, Shanky and Shivai Vyas, Salman Khan.                                         \\nProduction Designer: Rajnish Hedao\\nAction Director: Anal Arasu & Thomas Struthers \\nEditor: Steven Bernard\\nSound Designer: Parikshit Lalwani & Kunal Mehta \\nCostume Stylist: Manish Malhotra, Alvira Agnihotri and Ashley Rebello, Anaita Adajania, Akshay Tyagi & Rhea Kapoor                                  \\nDesigns: Rahul Nanda\\n\\nJoin Us On\\nhttp://youtube.com/tipsofficial\\nhttps://www.facebook.com/TipsMusic\\nhttps://www.instagram.com/tips\\nhttps://twitter.com/tipsofficial\\nhttps://plus.google.com/+TipsMusic\\nhttp://dailymotion.com/tipsmusicfilms",2018-03-22T08:30:01.000Z,283778,9033,9788,236
IN,ബോണിയുടെ ആദ്യ ഭാര്യ മോണ കപൂറിന്റെ ജീവിതാവസാനം പോലെ ശ്രീദേവിയുടെയും|actress|sreedevi|photos|bony|,Entertainment Journalist,Entertainment,[none],ബോണിയുടെ ആദ്യ ഭാര്യ മോണ കപൂറിന്റെ ജീവിതാവസാനം പോലെ ശ്രീദേവിയുടെയും|actress|sreedevi|photos|bony|,2018-02-26T07:38:43.000Z,28198,18,27,0
IN,Seeman reason for suicide - குலுங்கி அழுத வைகோ,Dinamalar,News & Politics,"\"dinamalar tamil daily|\"\"dinamalar daily\"\"|\"\"dinamalar tamil news today\"\"|\"\"dinamalar - world's no 1 tamil news website\"\"|\"\"dinamalar news paper in tamil today\"\"|\"\"dinamalar latest news\"\"|\"\"seeman\"\"|\"\"nam thamilar\"\"|\"\"party\"\"|\"\"politician\"\"|\"\"nutrino\"\"|\"\"sterlie\"\"|\"\"money\"\"|\"\"bribe\"\"|\"\"gossip\"\"|\"\"memes\"\"|\"\"media\"\"|\"\"social media\"\"|\"\"memes creators\"\"\"","வைகோவும், அவரது குடும்பத்தினரும் ஸ்டெர்லைட், நியூட்ரினோ விவகாரத்தில் பணம் வாங்கி விட்டதாக சீமான், அவரது கட்சியினர் சமூகவலைதளங்களில் தொடர்ந்து மீம்ஸ் வெளியிட்டனர். இதனால் மன உளைச்சலுக்கு ஆளான வைகோவின் மைத்துனர் மகன் சரவணசுரேஷ் விருதுநகரில் பெட்ரோல் ஊற்றி தீக்குளித்தார். 100 சதவீத தீக்காயத்துடன் மதுரை அப்போலோ மருத்துவமனையில் அனுமதிக்கப்பட்டுள்ளார். அவரை பார்க்கவந்த வைகோ கண்ணீர் விட்டு கதறினார். சரவணசுரேஷ் தீக்குளிப்பிற்கு, நாம் தமிழர் கட்சியும், சீமானும் தான் காரணம் என வேதனையுடன் தெரிவித்தார்.",2018-04-13T11:13:05.000Z,280477,733,1473,848
IN,பிரபு தேவா மகன் மரணம் பரிதாபமாக முடிந்த வாழ்க்கை பற்றி தொியுமா ! Prabhu Deva Son,Connecting,Entertainment,"\"actor prabhu deva|\"\"Prabhu Deva Family\"\"|\"\"Prabhu Deva Dance Videos\"\"|\"\"Actor Prabudeva\"\"|\"\"ajith\"\"|\"\"vijay\"\"|\"\"ajith next movie\"\"|\"\"vijay next movie\"\"|\"\"tamil cinema news\"\"|\"\"kollywood news\"\"|\"\"kollywood cinema\"\"|\"\"comedy\"\"|\"\"kamal hasan\"\"|\"\"rajini\"\"|\"\"actor\"\"|\"\"tamil latest video songs\"\"|\"\"vadivelu\"\"|\"\"vivek\"\"|\"\"vijay tv\"\"|\"\"ajith family\"\"|\"\"tamil movies\"\"|\"\"tamil news\"\"|\"\"raja rani serial today episode\"\"|\"\"raja rani today episode\"\"|\"\"2.0\"\"|\"\"actor arya\"\"|\"\"IPL 2018\"\"|\"\"Enga Veetu Mapillai -\"\"|\"\"Susanna\"\"|\"\"Aparnathi\"\"|\"\"Arya Marriage\"\"|\"\"Dhoni\"\"|\"\"CSK\"\"|\"\"CSK Raina\"\"|\"\"Chennai\"\"\"",பிரபு தேவா மகன் மரணம் பரிதாபமாக முடிந்த வாழ்க்கை பற்றி தொியுமா ! Prabhu Deva Son,2018-04-06T16:23:58.000Z,27928,73,90,16
IN,నా భర్తకి చాలా మంది అమ్మాయిలతో సంబంధాలు ఉన్నాయి | Vijay Sai's Wife Vanitha Reacts On His Demise,ABN Telugu,News & Politics,"\"vijay sai|\"\"vijay sai suicide\"\"|\"\"vijay sai wife\"\"|\"\"vijay sai wife vanitha\"\"|\"\"vanitha on vijay sai suicide\"\"|\"\"comedian vijay sai\"\"|\"\"comedian vijay sai ends life\"\"|\"\"comedian vijay sai suicide\"\"|\"\"comedian vijay sai commits suicide\"\"|\"\"telugu comedian vijay sai\"\"|\"\"vijay sai suicide in hyderabad\"\"|\"\"vijay sai commits suicide\"\"|\"\"ammayilu abbayilu\"\"|\"\"vijay deverakonda\"\"|\"\"tollywood\"\"|\"\"vijay sai telugu comedian\"\"|\"\"bommarillu\"\"|\"\"vijay sai comedian\"\"|\"\"vijay sai movies\"\"|\"\"vijay sai dead\"\"|\"\"breaking news\"\"|\"\"abn\"\"|\"\"abn live\"\"|\"\"tv9 live\"\"\"","Comedian-actor Vijay's wife Vanitha said there is no need for her husband to commit suicide at this stage as they have been living separately. Speaking to media, Vanitha said that court case is going on between them for the last two years and added that she asked her amount only to look after her daughter. She has alleged that Vijay was having an illegal affair with another woman. \\n\\nFor more latest and breaking news subscribe @  https://www.youtube.com/user/ABNtelugutv?sub_confirmation=1 \\n\\nFollow us @\\nhttps://facebook.com/abntelugutv,\\nhttps://twitter.com/abntelugutv,\\nhttp://www.abnandhrajyothy.com/\\nhttps://play.google.com/store/apps/details?id=com.abn.jyothy&hl=en\\nhttps://itunes.apple.com/in/app/abn-andhrajyothy/id582664798?mt=8\\nhttps://plus.google.com/+abntelugutv\\nhttps://dailymotion.com/abntelugutv\\n\\nWatch ABN Andhrajyothy, the no 1 Telugu news channel, a 24/7 LIVE news channel dedicated to live reports, exclusive interviews, breaking news, sports, weather, entertainment, business updates and current affairs.",2017-12-11T10:54:39.000Z,278523,261,266,0
IN,Actress Sri Reddy Revealed About Tollywood producer Son | CVR News,CVR Telugu News,News & Politics,"\"actress sri reddy|\"\"sri reddy\"\"|\"\"sri reddy about producer son\"\"|\"\"sri reddy over producer son\"\"|\"\"producer son\"\"|\"\"producer son cheating\"\"|\"\"producer son cheat\"\"|\"\"sri reddy over producer son chaeting\"\"|\"\"producer son cheating sri reddy\"\"|\"\"sri reddy about tollywood\"\"|\"\"sri reddy about producers\"\"|\"\"sri reddy about one night stay\"\"|\"\"sri reddy about directors using her\"\"|\"\"directors of tollywood\"\"|\"\"tollywood directors in casting couch\"\"|\"\"cating couch\"\"|\"\"sri reddy reveals names\"\"|\"\"breaking new\"\"|\"\"scvr news\"\"|\"\"cvr news live\"\"\"","Actress Sri reddy made sensational comments about tollywood producer son as she told that she was facing problems in an unprofessional way.\\n\\nSubscribe to Us @ Youtube : http://goo.gl/OIHvom\\nFacebook : https://www.facebook.com/cvrnewstv\\nWebsite : http://www.cvrinfo.com\\nTwitter :https://www.twitter.com/CVRNEWSTV\\n\\n\\nWatch CVR News, the 24/7 news channel with exclusive breaking news, special interviews, latest updates on Politics, Movies, Sports and Current Affairs.",2018-04-04T14:24:32.000Z,26903,42,55,29
IN,Abhishek Bachchan Lashes Out As Paparazzi Click Aishwarya Rai Bachchan In A Wrong Light,Business Of Cinema,Entertainment,"\"businessofcinema|\"\"boc\"\"|\"\"bollywood\"\"|\"\"abhishek bachchan\"\"|\"\"aishwarya rai bachchan\"\"|\"\"aishwarya rai bachchan wardrobe malfunction\"\"|\"\"abhishek aishwarya\"\"|\"\"aishwarya rai bachchan at manish malhotra\"\"|\"\"aishwarya rai bachchan fanney khanamitabh bachchan aishwarya rai bachchan at manish malho†ra\"\"|\"\"aishwarya rai bachchan gets angry\"\"|\"\"aishwarya rai bachchan with full bachchan family\"\"|\"\"jaya bachchan\"\"|\"\"jaya bachchan angry aishwarya rai bachchan\"\"|\"\"abhishek bachchan party\"\"\"","While attending a party Aishwarya Rai Bachchan was dressed in a cute denim dress and hubby Abhishek Bachchan wore a sweatshirt and track pants. Seeing the actress in a dress, one of the photographers tried to capture Aishwarya’s legs while getting in the car with Abhishek.\\n\\nThe ever vigilant Abhishek exclaimed that he knew what they were photographing. He went further and called one of the photographers and asked him to show the pictures that he had clicked but left the photographer with a stern warning.\\n\\nThe couple was attending a party at Aishwarya’s Fanney Khan costume designer— Manish Malhotra’s house. Earlier today Manish Malhotra posted an inside party photo with his guests Aishwarya Rai Bachchan, Abhishek Bachchan and Karan Johar on instagram. The photographer incident happened whilst the couple was getting in the car driven by Abhishek.\\n\\nThe reports of the Fanney Khan actress throwing a tantrum and being upset with her designer friend Manish Malhotra due to the costumes not being apt for her role were widely circulated. However, Manish's photograph proves that all is well between Aishwarya and the designer.\\n\\nRecently Aishwarya Rai Bachchan celebrated her 44th birthday. The entire event was very low key owing her father Krishnaraj passing in March earlier this year. The actress visited Mumbai’s Siddhivinayak Ganapati temple in Prabhadevi with her mother and daughter Aaradhya. Later that evening Abhishek Bachchan hosted a party with close friends and family in attendance.\\n\\nWatch Video To Know More\\nFollow Us On:\\n(Website)        www.businessofcinema.com\\n(Facebook)     www.facebook.com/businessofcinema\\n(Twitter)          www.twitter.com/BOCLive\\n(Instagram)    https://instagram.com/business_of_cinema/",2017-11-08T11:34:35.000Z,2664065,2351,4169,883
IN,గ‌జ‌ల్ శ్రీ‌నివాస్.. తట్టుకోలేక జైల్లో ఏం చేసాడో తెలిస్తే మీరు ఛీ…అంటారు! | Ghazal Srinivas arrested,Cinema Muchatlu,Entertainment,"\"ghazal srinivas|\"\"ghazal srinivas arrest\"\"|\"\"ghazal srinivas arrested\"\"|\"\"radio jockey kumari\"\"|\"\"breaking news\"\"|\"\"telugu news\"\"|\"\"singer ghazal srinivas\"\"|\"\"ghazal srinivas case\"\"|\"\"aalaya vani\"\"|\"\"ghazal srinivas harassment\"\"|\"\"ghazal srinivas massage\"\"|\"\"gajal srinivas\"\"|\"\"singer ghazal srinivas arrest\"\"|\"\"ghazal srinivas massage video\"\"|\"\"ghazal srinivas visuals\"\"|\"\"kumari on srinivas harassment\"\"|\"\"radio jockey kumari case on ghazal srinivas\"\"|\"\"ghazal srinivas harrasing woman\"\"|\"\"ghazal srinivas harassment video\"\"\"",గ‌జ‌ల్ శ్రీ‌నివాస్.. తట్టుకోలేక జైల్లో ఏం చేసాడో తెలిస్తే మీరు ఛీ…అంటారు! | Ghazal Srinivas arrested\n\n►Subscribe For More Cinema Muchatlu : - https://goo.gl/CmjghJ\n\nMusic: Rock Intro 1 by Audionautix is licensed under a Creative Commons Attribution license (https://creativecommons.org/licenses/by/4.0/)\nArtist: http://audionautix.com/,2018-01-03T10:00:03.000Z,26574,19,25,9
IN,Sthreepadham | Episode 251 - 16 March 2018 | Mazhavil Manorama,Mazhavil Manorama,Entertainment,"\"Mazhavil Manorama|\"\"Sthreepadham\"\"|\"\"Episode 251\"\"|\"\"16 March 2018\"\"\"","Subscribe to Mazhavil Manorama now for your daily entertainment dose :\\nhttp://www.youtube.com/subscription_center?add_user=MazhavilManorama\\n\\nFollow us on Facebook  : https://www.facebook.com/mazhavilmanorama.tv\\nFollow us on Twitter : https://twitter.com/yourmazhavil\\nFollow us on Google Plus : https://plus.google.com/+MazhavilManoramaTV\\n\\nTo go to the show playlist go to : https://www.youtube.com/playlist?list=PLQNCaDxtvXKTsXl821n0_eirIUoDnaa6y\\n\\nAbout the Serial\\n\\nSthreepadam is a tele screen adaptation of the famous Novel of the same title written by the renowned  novelist Joycee. Being produced by seasoned veteran producer SREEMOVIES UNNITHAN from his renowned Production House SREE COMMUNICATIONS.\\nBalasudha(Shelly) was born in to a respectable family and grew up with lots of ambitions dreams and hopes. Her romantic inclination towards Suraj who was the brother of her best friend Preethy blossomed to its dizzy heights when both their families approved it. But fate had a different agenda. Bala’s father had to face a big setback in business and had to move to a rented house in a distant town, selling his factory, ancestoral house and all other properties for a throw-away price. Al’beit he had set apart a certain amount for the marriage of Bala. But his unwise deals and egostic temper created whirls and a major part of that money had to be spent on compensations and reasons. This was followed by a cardiac arrest that demanded an  immediate surgery for him.  And finally what was left  was only a negligible amount which when offered as Dowery Suraj’s parents felt as insulting. \\nSuraj didn’t show the guts to stand by Bala and she found herself isolated, deserted and abandoned. From thereon her life takes a downward flight..\\nAbout the Channel:\\nMazhavil Manorama, Kerala’s most popular entertainment channel, is a unit of MM TV Ltd — a Malayala  Manorama television venture. Malayala Manorama is one of the oldest and  most illustrious media houses in India. Mazhavil Manorama adds colour to the group's diverse interest in media.Right from its inception on 31st October 2011, Mazhavil Manorama has redefined television viewing and entertainment in the regional space of Malayalam.  Headquartered in Kochi, the channel has offices across the country and overseas. Innovative content mix and cutting edge technology differentiates it from other players in the market. Mazhavil Manorama has a successful blend of fiction and nonfiction elements that has helped it to secure a substantial amount of viewership loyalty. Path breaking reality shows, exclusive weekend mix, fetchingsoaps makes Mazhavil Manorama extremely popular across all genres of audience.\\nMM TV has a bouquet of 4 channels – Manorama News, Mazhavil Manorama, Mazhavil Manorama HD and Mazhavil International for the Gulf Region. MM TV. Mazhavil Manorama HD is the first television channel in Kerala to transmit its programmes completely in HD.",2018-03-17T05:00:02.000Z,260279,446,454,121
IN,షాకింగ్: పెళ్ళికి ముందే తల్లి కాబోతున్న సాయి పల్లవి   రీజన్ ఇదే  ! || Omfut,OmFut,Entertainment,[none],"",2017-11-18T12:09:31.000Z,25951,25,55,10
IN,Nani Awe 'అ!' Movie Public Talk|Awe Movie Public Review|Awe Movie Public Reaction/Rating|Awe Movie,Cine Talkies,Entertainment,"\"Nani Awe 'అ!' Movie Public Talk|\"\"'అ!' Movie Public Talk\"\"|\"\"Awe Movie Public Review\"\"|\"\"Awe Movie Public Talk\"\"|\"\"Awe Movie Public Reaction/Rating\"\"|\"\"Awe Movie Public Reaction\"\"|\"\"Awe Movie\"\"|\"\"#Awe\"\"|\"\"#AweMovie\"\"|\"\"#AweTrailer\"\"|\"\"#Nani\"\"|\"\"#KajalAggarwal\"\"|\"\"#NithyaMenen\"\"|\"\"#Regina\"\"|\"\"#PrasanthVarma\"\"|\"\"awe movie trailer\"\"|\"\"awe teaser\"\"|\"\"awe movie\"\"|\"\"kathi mahesh review on awe movie\"\"|\"\"mahesh kathi review on awe movie\"\"|\"\"awe movie real genuine public talk\"\"|\"\"fans reaction on awe telugu movie\"\"|\"\"awe movie collections\"\"|\"\"awe movie review\"\"\"","Nani Awe 'అ!' Movie Public Talk|Awe Movie Public Review|Awe Movie Public Reaction/Rating|Awe Movie\\n\\nWatch #Awe Movie Public Talk\\n2018 telugu film featuring Kajal Aggarwal, Nithya Menen, Regina Cassandra, Eesha Rebba, Srinivas Avasarala, Priyadarshi Pulikonda, Murali Sharma, Rohini Molleti.\\nVoice over by Natural Star Nani and Mass Maharaja Ravi Teja.\\nDirected by Prasanth Varma, Music is composed by Mark K Robin, \\nProduced by Prashanti Tipirneni and Presented by Natural Star \\n\\n#Awe #AweMovie #AweTrailer #Nani #KajalAggarwal #NithyaMenen #Regina #PrasanthVarma\\n\\nDirector: Prasanth Varma\\nDOP: Karthik Gattamneni \\nMusic: Mark K Robin\\nEditor: Goutham Nerusu\\nArt: Sahi Suresh\\nProducer: Prashanti Tipirneni \\nPresenter: Natural Star Nani\\nBanner: Wall poster Cinema",2018-02-16T04:08:49.000Z,25822,66,95,9
IN,ప్రదీప్ కారులో ఉన్న అమ్మాయిలు ఎవరు? || Anchor Pradeep Machiraju Drunk And Drive Issue,OmFut,Entertainment,"\"Anchor Pradeep Machiraju Drunk And Drive Issue|\"\"anchor pradeep\"\"|\"\"pradeep\"\"|\"\"pradeep machiraju\"\"|\"\"anchor pradeep drunk\"\"|\"\"drunk and drive test\"\"|\"\"pradeep in drunk and drive test\"\"|\"\"drunk and drive in hyderabad\"\"|\"\"telugu news\"\"|\"\"drunk and drive\"\"|\"\"Anchor Pradeep Machiraju Drunk And Drive\"\"|\"\"Anchor\"\"|\"\"Pradeep Machiraju Drunk And Drive\"\"|\"\"drunk and drive on new year\"\"|\"\"celebrity news\"\"|\"\"tollywood latest updates\"\"|\"\"celebrity updates\"\"|\"\"ప్రదీప్ కారులో ఉన్న అమ్మాయిలు\"\"|\"\"new year updates\"\"|\"\"drunk\"\"|\"\"drive\"\"\"","ప్రదీప్ కారులో ఉన్న అమ్మాయిలు ? || Anchor Pradeep Machiraju Drunk And Drive Issue. Watch this video for more details.\\n\\nHello And Welcome To Omfut Entertainments Youtube Official Channel . This Is The Place Where You Will Get  Inspiring videos in Telugu, Latest News, Tollywood, Tollywood Updates, Tollywood News,Latest Updates,Celebrity News,Celebrity Updates,Health Tips,Gossips,Latest Films,Movies Reviews,Interesting Videos,Viral videos,Fun,Education,, Entertainment,Tradition, And Political News. Hope You Will Enjoy Our Videos.\\n\\nOmfut ఛానెల్ ను ఎంతగానో ఆదరిస్తున్న వ్యూయర్స్ అందరికి మా ధన్యవాదాలు..\\nకొన్ని సార్లు మేము ప్రచురించే వార్తలు మీకు అభ్యంతరకరంగా అనిపించినట్లయితే ఈ క్రింది Mail ID కి రిపోర్ట్ చెయ్యండి..\\nమేము ఆ అభ్యర్ధన పరిశీలించి ఆ వీడియో డిలీట్ చేయబడుతుంది..\\nThank you for being with us.. \\nomfutquery@gmail.com\\n\\nFor More Videos Subscribe To Our Channel: https://goo.gl/f1ehRp\\nWatch this for more interesting videos: https://goo.gl/wz1Ahj\\n\\nఅస‌లు నిజం ఇదే.. శాడిస్ట్ రాజేష్ రియల్ లైఫ్ స్టోరీ :   https://goo.gl/3ct98P\\nఈ వేలుకి వెండి ఉంగరం పెట్టుకుంటే జీవితంలో ఇక మీకు తిరుగుండ‌దు  :  https://goo.gl/YhAFx9\\nకార్పొరేట‌ర్ కూతురు లెక్క‌లేనంత క‌ట్నం తెచ్చింది.. చివ‌రికి.. : https://goo.gl/NP2ust\\nశాడిస్ట్ రాజేష్ ని మించిన సైకో భర్త.. శోభనం రోజు ఏంచేసాడో తెలుసా: https://goo.gl/1g1xc6\\n\\nFOLLOW US ON:\\n\\nFacebook :  https://www.facebook.com/OMFUT\\n\\nTwitter :  https://twitter.com/OmFut_Live",2018-01-02T07:00:01.000Z,254988,366,774,154
