country,title,channel_title,category,tags,description,publish_time,views,likes,dislikes,comment_count
RU,О делах текущих и не только,Сергей Алексашенко,News & Politics,[none],"Новости недели:\\nРешение КС по Навальному (00:20)\\nИздевательство над Никитой Белых (02:10)\\nГайдаровский форум (03:50)\\n\\nПо вашим просьбам:\\nСнова о санкциях: станет ли 29 января Судным днем?\\nНефть, рубль, доллар - похоже, все хорошо",2018-01-20T20:40:06.000Z,49757,842,4706,51
RU,Зимняя вишня Кемерово,KLEFLIX,Entertainment,[none],"",2018-03-25T10:08:51.000Z,49693,89,2106,102
RU,"НАДЕЮСЬ, МЕНЯ ЗА ЭТО НЕ ПОСАДЯТ",Вечный,People & Blogs,[none],"Даже в моей родной школе идут фальсификации, честные выборы - такие выборы",2018-03-18T14:00:00.000Z,49663,4518,5747,764
RU,В Пхенчхане торжественно открылись XXIII зимние Олимпийские игры,Первый канал,Sports,"\"tv|\"\"1tv\"\"|\"\"канал\"\"|\"\"1 канал\"\"|\"\"передача\"\"|\"\"смотреть\"\"|\"\"телеканал\"\"|\"\"первый\"\"|\"\"эфир\"\"|\"\"премьера\"\"|\"\"онлайн\"\"|\"\"первый канал\"\"|\"\"программа\"\"|\"\"видео\"\"|\"\"интернет\"\"|\"\"шоу\"\"|\"\"звезды\"\"|\"\"история\"\"|\"\"шок\"\"|\"\"люди\"\"|\"\"смотреть онлайн\"\"|\"\"Channel One (TV Network)\"\"|\"\"Talk Show (TV Genre)\"\"|\"\"анонс\"\"|\"\"промо\"\"|\"\"неделя\"\"|\"\"круглосуточно\"\"\"",Спецпроект XXIII ОЛИМПИЙСКИЕ ЗИМНИЕ ИГРЫ смотрите на https://www.1tv.ru/olympics\n\nСмотрите  также прямое вещание Первого канала в Интернете на  http://stream.1tv.ru/live\n\nОфициальные каналы в социальных сетях:\nhttps://vk.com/1tvnews\nhttp://vk.com/1tv\nhttps://www.facebook.com/1tvnews\nhttps://www.facebook.com/1tvru\nhttp://www.odnoklassniki.ru/news1tv\nhttp://www.odnoklassniki.ru/1tv\nhttps://twitter.com/1tvru_news\nhttps://twitter.com/channelone_rus,2018-02-09T17:28:53.000Z,49661,335,794,0
RU,Навальный.Предвыборная  пресс - конференция 24. 12. 2017,releips007,People & Blogs,[none],"",2017-12-24T16:12:18.000Z,49632,3179,12579,673
RU,Бизнес Академия Кэшбери Урок № 9,Кэшбери,Education,"\"кэшбери|\"\"кэшбери отзывы\"\"|\"\"Бизнес Академия Кэшбери\"\"|\"\"cashbery\"\"\"",Кэшбери с нами просто и прибыльно\nhttp://cashbery.info/\n\n--------------------\nСсылки на соц сети:\nГруппа ВКонтакте: https://vk.com/cashbery\nТелеграм ЧАТ: https://t.me/cashbery_com\nТелеграм Новости:  https://t.me/cashbery\n\n--------------------\nБизнес Академия Кэшбери:\nhttps://www.youtube.com/playlist?list=PL3afyXb1WoPje_WR-oeLt00Gg1QSBxMoS\n\n--------------------\nПо вопросам пишите\nв онлайн поддержку на сайте:\nhttp://cashbery.info/\nТелефоны: \n 8 (800) 302-88-39\n+7 (495) 127-09-39,2017-12-07T05:42:17.000Z,49590,38,129,24
RU,Будем наблюдать / Алексей Венедиктов // 28.04.18,Эхо Москвы,News & Politics,"\"эхо москвы|\"\"онлайн смотреть\"\"|\"\"прямой эфир\"\"|\"\"echo.msk.ru\"\"|\"\"Ведущий: Сергей Бунтман.\"\"|\"\"Будем наблюдать / Алексей Венедиктов\"\"\"",Ведущий: Сергей Бунтман.\n\nЗвонки: +7 495 363-36-59\nСМС: +7 985 970-45-45\n\nСетка вещания — http://echo.msk.ru/schedule\n\nПодпишитесь на другие каналы Эха Москвы:\nЭхо Общество — https://goo.gl/Pb2Bkd\nЭхо Культура — https://goo.gl/4oSHPY\nЭхо Авто — https://goo.gl/pgkXNW\nЭхо Спорт — https://goo.gl/R69Uw3\nДетское Эхо — https://goo.gl/Q6ybof\nДилетант — https://goo.gl/AoS8H9,2018-04-28T11:06:32.000Z,49563,1076,9091,194
RU,"БУДET ПEPEBOPOT, ECЛИ ПУTИH APECTУET MEHЯ — Пaвeл Гpyдинин — 03.02.2018",Высокоточный Расклад Событий,Howto & Style,"\"павел грудинин|\"\"грудинин последнее\"\"|\"\"грудинин новое\"\"|\"\"новости россии\"\"|\"\"путин\"\"|\"\"владимир путин\"\"|\"\"павел грудинин последнее 2018\"\"|\"\"павел грудинин новое 2018\"\"\"","Рекомендуем послушать экспертов.\\nСпикеры этого канала: Владимир Пyтин, Сергей Лaвpoв, Мария 3axapoва, Валерий Пякuн, Евгений Mypaeв и другие.\\nНе забудь подписаться на канал, чтобы быть в курсе всех событий. Свежая и актуальная информация, здесь.",2018-02-03T07:00:01.000Z,49559,2005,10121,955
RU,СОЛОВЬЕВ VS СОБЧАК - Вечер с Владимиром Соловьевым,TabrizShakhidi,News & Politics,"\"собчак|\"\"соловьев\"\"|\"\"владимир Соловьев\"\"|\"\"ксения собчак\"\"|\"\"россия 1\"\"|\"\"Vladimir Soloviev\"\"|\"\"собчак против всех\"\"|\"\"Ksenia Sobchak\"\"\"","СОЛОВЬЕВ VS СОБЧАК - Вечер с Владимиром Соловьевым. Эфир от 23 ноября, Россия 1.\\n\\nwww.SOLOVIEV.tv",2017-11-24T09:21:03.000Z,495193,5128,5685,6890
RU,На пляж выползло живое чудище! Впечатлительным СМОТРЕТЬ!,Про животных и не только!!!,People & Blogs,[none],"Эти фотографии сделаны местной жительницей Мелиссой Даблдэй. Женщина не смогла понять, с чем имеет дело, и выложила снимки в соцсети для идентификации организма.\\n\\nисточник  http://kometa.red/morskoe-chudovishche/",2018-04-24T18:44:51.000Z,49509,579,863,99
RU,Нефть для Вагнера Ихтамнеты полезли на США,БАРМАЛЕЙКА,News & Politics,"\"Последние новости России и мира|\"\"экономика\"\"|\"\"бизнес\"\"|\"\"курсы валют\"\"|\"\"культура\"\"|\"\"технологии\"\"|\"\"спорт.\"\"\"","Подписывайся на канал!!!\\n🔴 Поддержать проект: Бармалейка \\nhttp://www.donationalerts.ru/r/barmaleyka777\\n\\nПоследние новости России и мира, экономика, бизнес, курсы валют, культура, технологии, спорт.",2018-02-13T15:29:37.000Z,49484,2904,8157,442
RU,Драка Болельщиков Спартака и Стюардов Краснодар vs Спартак (Москва) Гол Квинси Промеса,Mikhail Kochenevsky,Sports,"\"Краснодар|\"\"ФК Краснодар\"\"|\"\"Драка\"\"|\"\"Спартак\"\"|\"\"Москва\"\"|\"\"Битва\"\"|\"\"Фанаты\"\"|\"\"Беспорядок\"\"|\"\"Беспорядки\"\"|\"\"Ультрас\"\"|\"\"Krasnodar\"\"|\"\"Spartak\"\"|\"\"Vjskow\"\"|\"\"Moskow\"\"|\"\"Fights\"\"|\"\"Футбольная драка\"\"|\"\"Драка на футболе\"\"\"",Драка Фанатов и Стюардов \nКраснодар - Спартак Москва \n18.11.2017 г. \nГол Квинси Промеса,2017-11-18T17:28:56.000Z,4947,7,13,11
RU,"России не простят ни Крыма, ни Донбасса",Радио Свобода,News & Politics,"\"Радио Свобода|\"\"санкции\"\"|\"\"МИД Канады\"\"|\"\"G7\"\"|\"\"Андрей Колесников\"\"|\"\"Юрий Векслер\"\"|\"\"Тарас Березовец\"\"|\"\"Елена Рыковцева\"\"\"","Можно ли политику Запада в отношении России по прежнему считать консолидированной при том, что российские медиа уверяют свою аудиторию, что Запад требует от США ослабления санкций? Обсуждают аналитик Фонда Карнеги Андрей Колесников, собкор РС в Германии Юрий Векслер и политтехнолог Тарас Березовец (Украина). Ведущая Елена Рыковцева",2018-04-23T17:06:26.000Z,49368,1695,4726,0
RU,Бишкекте 30 студент кызды интернет СОЙКУ кылган ЖИГИТ белгилүү ЫРЧЫБЫ?  | Акыркы Кабарлар,Акыркы Кабарлар - Санжар Калматай,People & Blogs,"\"санжар калматай|\"\"акыркы кабарлар\"\"|\"\"Кыргызча ТВ\"\"|\"\"кыргыз тв\"\"|\"\"кыргыз акыркы жанылыктар\"\"|\"\"санжар калматай акыркы кабарлар\"\"|\"\"Даниэль Ажиев\"\"|\"\"Mino\"\"|\"\"Даниэль Ажиев Mino\"\"\"","Маалымат булагы: http://limon.kg/news:70552https://chagylgan.kg/?p=29865Акыркы Кабарлар, Кызыктуу жанылыктар, Сайтка Саякат!Притон с веб-моделями «накрыли» в Бишкеке. Подозревается певец Даниэль Ажиев Mino",2018-05-04T13:25:15.000Z,49262,147,270,197
RU,Алексей Венедиктов / Ганапольское: Итоги без Евгения Киселева // 18.02.18,Эхо Москвы,News & Politics,"\"эхо москвы|\"\"онлайн смотреть\"\"|\"\"прямой эфир\"\"|\"\"echo.msk.ru\"\"|\"\"политика\"\"|\"\"навальный\"\"|\"\"мнение\"\"|\"\"ганапольский последнее\"\"|\"\"Алексей Венедиктов\"\"|\"\"Алексей Венедиктов и Сакен Аймурзаев / Ганапольское: Итоги без Евгения Киселева\"\"\"","Ведущие: Алексей Соломин, Алексей Нарышкин, Алексей Венедиктов. \\n\\nПолная расшифровка эфира: https://echo.msk.ru/programs/ganapolskoe_itogi/2150082-echo\\n\\nЗвонки: +7 495 363-36-59\\nСМС: +7 985 970-45-45\\n\\nСетка вещания — http://echo.msk.ru/schedule\\n\\nПодпишитесь на другие каналы Эха Москвы:\\nЭхо Общество — https://goo.gl/Pb2Bkd\\nЭхо Культура — https://goo.gl/4oSHPY\\nЭхо Авто — https://goo.gl/pgkXNW\\nЭхо Спорт — https://goo.gl/R69Uw3\\nДетское Эхо — https://goo.gl/Q6ybof\\nДилетант — https://goo.gl/AoS8H9",2018-02-18T17:16:30.000Z,49181,785,4150,423
RU,Цены на бензин уже не остановить!!!,НЕ ПЕРВЫЙ КАНАЛ,News & Politics,[none],Нефтяная сверхдержава: Цены на бензин взлетят еще на 10%Про цены на бензин подробно.Источник:https://www.youtube.com/watch?v=1Z9yOjnPsTo,2018-05-31T07:59:37.000Z,49170,2287,4403,919
RU,Встреча Павла Грудинина с иностранными журналистами в совхозе им. Ленина 26.01.2018,Красная Линия,News & Politics,"\"КПРФ|\"\"Грудинин\"\"|\"\"выборы президента РФ 2018\"\"\"","",2018-01-26T12:28:27.000Z,48956,3917,5974,2103
RU,Митинги Навального 5 Мая / Он нам не Царь!,Артур Лебедев,News & Politics,"\"5 мая|\"\"навальный\"\"|\"\"митинги\"\"|\"\"москва\"\"|\"\"петербург\"\"|\"\"фбк\"\"|\"\"он нам не\"\"|\"\"царь\"\"|\"\"димон\"\"|\"\"политика\"\"|\"\"путин\"\"|\"\"акции\"\"|\"\"протесты\"\"|\"\"против коррупции\"\"|\"\"власть\"\"|\"\"коррупция\"\"|\"\"медведев\"\"|\"\"события\"\"|\"\"новости\"\"|\"\"заявил\"\"|\"\"сказал\"\"|\"\"про\"\"|\"\"сторонники\"\"|\"\"шествие\"\"|\"\"расследование\"\"|\"\"фильм\"\"|\"\"команда\"\"|\"\"артур лебедев\"\"|\"\"канал\"\"|\"\"радио свобода\"\"|\"\"ввп\"\"|\"\"правительство\"\"|\"\"санкции\"\"|\"\"телеграм\"\"|\"\"глава\"\"|\"\"рф\"\"|\"\"иннагурация\"\"|\"\"выборы\"\"|\"\"2018\"\"|\"\"18 марта\"\"|\"\"пропаганда\"\"|\"\"дуров\"\"|\"\"светов\"\"|\"\"лпр\"\"|\"\"повестка\"\"|\"\"трансляция\"\"|\"\"задержание\"\"|\"\"количество\"\"|\"\"итоги\"\"|\"\"разбор\"\"\"","Разбираем прошедшие митинги 5 мая, которые имели название Он нам не царь. О чем идет речь: Акции «Он нам не царь» приурочены к инаугурации президента Владимира Путина, которая пройдет 7 мая. В ряде городов, в том числе Москве и Санкт-Петербурге, они не согласованы местными властями. В некоторых регионах перед акциями начались задержания активистов. ТВИТТЕР: https://twitter.com/lbartourТЕЛЕГРАМ-КАНАЛ: https://www.t.me/lbartourПАБЛИК ВК: https://vk.com/lbartourcomЯ В ВК: https://vk.com/lbartourЯ В ФБ: https://www.facebook.com/lbartourДОНАТ: http://www.donationalerts.ru/r/lebedevart",2018-05-05T15:46:12.000Z,48926,1598,5058,690
RU,Фейковая статистика смертности,Навальный LIVE,Entertainment,"\"Слуцкий|\"\"выборы\"\"|\"\"наблюдение\"\"|\"\"ФБК\"\"|\"\"Навальный\"\"|\"\"Памфилова\"\"|\"\"явка\"\"|\"\"Путин\"\"\"","Новости. 12 марта. День \\nМы следим за развитием событий и сообщаем вам самую актуальную и правдивую информацию.\\n\\nПодписывайтесь на Новости «Навальный LIVE» в соцсетях:\\nВК: https://vk.com/novostiNL\\nФейсбук: https://www.facebook.com/novostiNL\\nТвиттер:https://www.twitter.com/novostiNL\\nОК: https://ok.ru/novostiNL\\n\\nРасследование ФБК про Леонида Слуцкого: https://www.youtube.com/watch?v=4zPXrkeCeX0\\n\\nЗаписывайтесь в наблюдатели: https://2018.navalny.com/observer/\\n\\nМы рассказываем о том, о чем не говорят по телевизору.",2018-03-12T12:11:45.000Z,48887,2980,5447,229
RU,Почему в штабе Грудинина произошёл развал,Молодые Коммунисты,People & Blogs,"\"грудинин|\"\"грудинин2018\"\"\"","В поледнее время в интернете появилось большое количество информации о Павле Грудинине, что ещё в начале января подкосило уверенность в нем не только народа, но и приближенных лиц. Одним из которых является Юрий Болдырев. \\nВыглядит так, будто вслед за Сергеем Удальцовым сливается и Юрий.",2018-02-05T06:02:46.000Z,488705,3284,8133,1487
RU,Паника в кабине. Первые данные о переговорах пилотов упавшего Ан-148,JPOD Новости,News & Politics,"\"Новости|\"\"Политика\"\"|\"\"Экономика\"\"|\"\"Россия\"\"|\"\"Украина\"\"|\"\"Мир\"\"|\"\"Блоги\"\"|\"\"Видео\"\"|\"\"самолет\"\"|\"\"упал\"\"|\"\"москва\"\"|\"\"орск\"\"|\"\"катастрофа\"\"|\"\"кабина\"\"|\"\"пилоты\"\"|\"\"скорость\"\"|\"\"причина\"\"|\"\"саравиа\"\"\"",Расхождения в показателях скорости заметили сразу,2018-02-16T05:59:28.000Z,488140,985,6253,806
RU,Путин...мстит..Асхабу,Асхаб Алибеков,People & Blogs,[none],"",2018-02-27T06:36:40.000Z,486447,38647,63963,18507
