country,title,channel_title,category,tags,description,publish_time,views,likes,dislikes,comment_count
DE,Kölner Ultras klauten in Halbzeitpause die Zaunfahne vom Scenario Fanatico,Faszination Fankurve,People & Blogs,"\"Effzeh\"|\"Köln\"|\"Mönchengladbach\"|\"Borussia\"|\"Ultras\"|\"Fahnenklau\"","Kölner Ultras klauten in Halbzeitpause die Zaunfahne vom Scenario Fanatico, einer Ultràgruppe von Borussia Mönchenglabach. Hier ist das Video mit besser platziertem Wasserzeichen zu sehen: https://www.youtube.com/embed/WlA5r39qrMw",2018-01-14T18:09:21.000Z,64168,93,921,29
DE,Helene Fischer: schockierender Betrugs-Skandal!,Celebridades News,News & Politics,Helene Fischer,"Schlechte Nachrichten: Obwohl Helene Fischer mit ihrer ZDF-Show am ersten Weihnachtsfeiertag den Quoten-Rekord knackte, sind ihre Fans",2017-12-29T11:07:38.000Z,6398,13,26,0
DE,Sturm Orkan Friederike erreicht Bahnhof Münster Albachten und leichtfertige Menschen,Roland Nellen,News & Politics,"\"Lost_Places\"|\"Urbex\"|\"Urban_Exploring\"|\"Verlassene_Orte\"|\"abandoned\"|\"Decy\"|\"Zerfall\"|\"Thailand\"|\"Khao_Lak\"|\"Phuket\"|\"Urlaub\"|\"Holiday\"|\"Roland_Nellen\"|\"Sonne\"|\"Strand\"|\"Meer\"|\"Münster\"|\"Deutschland\"|\"Malediven\"|\"Sunset\"|\"Sunriese\"|\"USA\"|\"America\"|\"People\"|\"Food\"|\"Sturm\"|\"Orkan\"|\"Friedericke\"",#Roland_Nellen,2018-01-18T10:34:10.000Z,63599,52,83,16
DE,Parkhotel Herne brennt,Maleek Ramirez,Film & Animation,[none],"",2018-01-13T15:00:41.000Z,6357,6,62,8
DE,Dagi Bee singt jetzt auch?!,Promy.news,News & Politics,"\"Promy.news\"|\"dagi\"|\"bee\"|\"bibis\"|\"beauty\"|\"palace\"|\"song\"",Promy.news kostenlos abonnieren: http://bit.ly/2iN1mRD\nFolge uns auf Facebook: https://www.facebook.com/promy.news/\nBei Urheberrechtsbeschwerden wenden Sie sich bitte an: support@neuste.news,2018-03-23T17:30:01.000Z,63286,1225,1508,341
DE,Heilbronn: Protest für türkische Militäroffensive in Syrien – Frauen gehen aufeinander los,RT Deutsch,News & Politics,"\"RT\"|\"RT Deutsch\"|\"Russia Today\"|\"Ruptly\"|\"Heilbronn\"|\"Türkei\"|\"Erdogan\"|\"Afrin\"|\"Syrien\"|\"Militär\"|\"Krieg\"|\"Kurden\"|\"YPG\"","Auch an diesem Wochenende zogen Tausende Menschen gegen die türkische Militärintervention im syrischen Afrin auf die Straßen. In den vergangenen Tagen ist es erneut zu gewaltsamen Zusammenstößen zwischen pro-kurdischen und pro-türkischen Protestlern gekommen. In den Niederlanden, Großbritannien und Deutschland sind erneut körperliche Auseinandersetzungen zwischen den beiden Lagern auf Video festgehalten worden. \\n\\nIn Heilbronn hingegen protestierten gestern Unterstützer des türkischen Präsidenten Recep Tayyip Erdoğan für die Militäroffensive in Syrien. Rund 350 Menschen nahmen an der Aktion teil. Kurze Raufereien brachen aus, als eine Gruppe von Gegnern des türkischen Vorgehens sich ihnen entgegenstellte. Die örtliche Polizei musste eingreifen, um mehrere Frauen auseinanderzuhalten.\\n\\n\\nMehr auf unserer Webseite: https://deutsch.rt.com/\\n\\nFolge uns auf Facebook: https://www.facebook.com/rtdeutsch \\nFolge uns auf Twitter: https://twitter.com/RT_Deutsch \\nFolge uns auf Google+: https://plus.google.com/106894031455027715800/about \\nRT Deutsch nimmt die Herausforderung an, die etablierte deutsche Medienlandschaft aufzurütteln und mit einer alternativen Berichterstattung etablierte Meinungen zu hinterfragen. Wir zeigen und schreiben das, was sonst verschwiegen oder weggeschnitten wird. RT - Der fehlende Part.",2018-02-05T10:25:11.000Z,6291,67,142,262
DE,"Ultras Chemie Leipzig vs. 1.FC Lokomotive Leipzig!! Support, choreo and Pyro!! 22.11.2017",Squeezer Drips,Sports,Derby Sachsen Football Ultras Hooligans Leipzig Chemie Lok Pyro Support Choreo,"",2017-11-22T16:34:33.000Z,6175,7,12,0
DE,Zadruga - Svađa Jelene Krunić sa Nadeždom Biljić - 05.03.2018.,Zadruga Official,Entertainment,"\"zadruga\"|\"pink\"|\"official\"|\"oficijalni\"|\"tv\"",Label and copyright: \n \nZabranjeno svako kopiranje video i/ili audio snimaka i postavljanje na druge kanale!,2018-03-05T20:44:58.000Z,615758,719,2550,877
DE,Harry Potter theme song played by a pencil + math equation,SEEZEE,People & Blogs,"\"harry potter\"|\"theme\"|\"song\"|\"pencil\"|\"cover\"|\"remake\"|\"remix\"|\"voldemort\"|\"tom riddle\"|\"albus dumbledore\"|\"hermione granger\"|\"emma watson\"|\"daniel radcliffe\"|\"ron\"|\"music\"|\"video\"|\"asmr\"|\"sounds\"|\"oddly satisfying\"|\"math\"|\"mathematics\"|\"teaching\"|\"fun learning\"",x=-6/15. See Pitch Perfect Cup Song played by a pencil: \nhttps://www.youtube.com/watch?v=18ch5oCK0hM\n\nSee Havana by Camila Cabello played by a pencil:\nhttps://www.youtube.com/watch?v=UaPuNRDuaMg\n\n-14x - 17 = -14 + x + 4 -1\n-14x - x = -14 + 4 - 1 + 17\n-15x = 6\nx = -6/15,2018-01-12T05:20:49.000Z,60936,566,582,45
DE,LIVE: Holocaust-Mahnmal besucht Höcke,Zentrum für Politische Schönheit,News & Politics,[none],Hier geht es zum neuen Livestream: https://youtu.be/DwuySlQR3os\n\nFinanziere das Holocaust-Mahnmal direkt vor Höckes Haus: http://www.deine-stele.de,2017-11-22T06:58:05.000Z,60880,762,1196,436
DE,Большая пресс-конференция Владимира Путина 2017,НТВ,News & Politics,"\"Большая пресс-конференция\"|\"Путин\"|\"Владимир Путин\"|\"пресс-конференция Путина\"|\"журналисты\"|\"вопросы Путину\"|\"пресс-конференция президента\"|\"НТВ\"|\"прямой эфир\"|\"LIVE\"|\"Putin LIVE\"","06:07 — Начало большой пресс-конференции Владимира Путина. \\n07:55 — «Говорит Москва»: «Владимир Владимирович, зачем вы идете на выборы?» \\n10:03 — Life: «Почему за 20 лет в стране не появился влиятельный кандидат от оппозиции?» \\n10:40 — Путин заметил плакат «Путин байбай». \\n11:02 — Журналистка из Татарстана с плакатом «Путин Бабай» задает вопрос о языке и планах по укрупнению республик. \\n19:41 —«Коммерсантъ»: «Как вы собираетесь идти на выборы и кто возглавит предвыборный штаб?»\\n21:37 — КЛОПС.RU, Калининград: вопросы про решение проблем людей в «ручном режиме» и про Приморское кольцо. \\n27:15 — «Российская газета»: «За счет чего идет экономический рост, о котором постоянно говорят в правительстве?» \\n28:20 — «Центр свободной журналистики»: «48 предприятий и проектов были заблокированы НКО, выступающими за защиту окружающей среды. Как в таких условиях развиваться?» \\n34:15 — «Россия 24»: «Предприниматели жалуются на чиновников и рейдерство. Как вы думаете, может, такие чиновники и силовики и есть та самая «пятая колонна» и предатели?» \\n35:09 — «Федерал Пресс»: вопрос о надзоре за деятельностью Центробанка. \\n41:55 — «Первый канал»: вопрос о майских указах и их исполнении.\\n46:43 — ГТРК Псков: вопрос о повышении налога на землю. \\n47:32 — Республика Коми: вопрос о приоритетах в освоении Арктики. \\n53:22 — «Россия 1»: вопрос о договоре СНВ-3, не ждет ли нас гонка вооружений и не скажутся ли военные расходы на социальных?» \\n58:13 — «Здесь кортик был, ты не видел?!»: Путин рассказал анекдот, отвечая на вопрос о военных расходах. \\n59:38 — Портал «Одаренные дети»: Путин перекрестился после шутки журналистки о «совместном ребенке».\\n01:01:18 — «Теледетки»: вопрос о поддержке государством талантливых детей. \\n01:05:54 — «Челнинские известия»: вопрос об увеличении пенсионного возраста. \\n01:10:49 — «Матч ТВ»: ситуации с МОК и WADA. Какой есть выход из положения? \\n01:13:32 — «Мир и политика»: вопрос об информаторе WADA  Родченкове. \\n01:18:15 — «Советский спорт»: справятся ли города с Чемпионатом мира по футболу? \\n01:20:48 — ABC News: вопрос об оценке работы Трампа на посту президента США и контактах России с командой Трампа.  \\n01:27:17 — «ТВ Центр»: вопрос о политике таргетирования инфляции. \\n01:33:18 — ГТРК Новосибирск: вопрос о сельском хозяйстве.\\n01:35:21 — «Газета.RU»: «Будут ли расти налоги в 2018 году?» \\n01:42:00 — «Общественная электронная газета», Уфа:  вопрос о  налоговой реформе, по которой регионы могли бы получать больше средств.\\n01:43:32 — «Ваши новости», Великий Новгород: вопрос о дотационных регионах, регионах-донорах и реструктуризации долгов.  \\n01:49:05 — Associated Press: «Поддержит ли РФ более жесткие санкции против КНДР?» \\n01:54:53 — Вопрос от украинского журналиста (УНИАН): «Если вы все-таки выиграете выборы, будете занимать и дальше такую абсурдную позицию по Донбассу?»\\n01:56:42 — «РИА Новости»: вопрос по эффективности минских договоренностей и судьбе политика Саакашвили. \\n02:10:10 — МТРК «Мир»: «Чего удалось добиться ЕАЭС и что предстоит сделать?» \\n02:15:02 — ТКР, Рязань: вопрос о росте тарифов ЖКХ и жалобах населения\\n02:16:07 — сайт «Калуга 24»: вопрос о черных дырах в сфере ЖКХ и недобросовестных управляющих компаниях. \\n02:17:21 — 47NEWS.RU: вопрос о военных городках в Ленинградской области. \\n02:23:02 — вопросы от китайских журналистов.\\n02:31:25 — TVN, Польша: вопрос о крушении самолета экс-президента Польши Леха Качиньского. \\n02:29:21 — НТВ: вопрос о том, что будет с правительством после выборов президента в 2018-м. \\n02:35:25 — «Интерфакс»: вопрос по сирийскому урегулированию и восстановлению инфраструктуры? \\n02:36:45 — РИА Дагестан: «Как найти тех, кто финансирует террористов?» \\n02:37:39 — «Учительская газета»: что будет с этими детьми в Сирии?\\n02:45:49 — «Комсомольская правда: вопрос о здоровье нации и расходах на здравоохранение. \\n02:49:05 — ТК «Губерния», Воронеж: появится ли федеральная программа по строительству онкологических центров? \\n02:54:44 — «Эхо Москвы»: вопрос о верховенстве права и двух разных правовых реальностях. \\n02:57:45 — Вопрос от Михаила Зуба из Мурманска. \\n03:04:03 — Ксения Собчак: вопрос про конкуренцию на выборах. \\n03:09:10 — ГТРК Бурятия: вопрос о запрете на вылов омуля. \\n03:10:21 — Вопрос из Улан-Удэ о расширении экологической зоны Байкала. \\n03:12:55 — RT: вопрос о давлении на российские СМИ за границей. \\n03:16:00 — «Иракский Курдистан»: «Как Россия намерена поддерживать отношения с Иракским Курдистаном?» \\n03:18:16 — ТВ НР и «Ведомости»: вопрос о ситуации в нефтяном секторе. \\n03:23:22 — вопрос из Афганистана. \\n03:25:59 — вопрос о помощи организация, помогающим детям до рождения. \\n03:32:58 — ТК «Грозный»: вопрос о детях в зонах конфликтов.",2017-12-14T13:37:07.000Z,608735,13133,32111,10564
DE,DSDS 2018: Diego packt über Dieter Bohlen aus!,focus nachrichten,News & Politics,"\"Dieter Bohlen\"|\"DSDS 2018\"|\"DiegoDSDS\"|\"Diego packt über Dieter Bohlen aus\"|\"Nachrichten\"|\"Deutschland\"|\"Promi News\"|\"Star\"|\"Tag24\"|\"Promiflash\"|\"Nachrichten Deutschland\"|\"Focus Nachrichten\"",DSDS 2018: Diego packt über Dieter Bohlen aus! source : https://intouch.wunderweib.de/dsds-2018-diego-packt-ueber-dieter-bohlen-aus-81262.html,2018-04-03T12:41:29.000Z,6086,23,66,6
DE,KLASSENTREFFEN 1.0 Trailer German Deutsch (2018),KinoCheck,Entertainment,"\"Klassentreffen 1.0\"|\"Til Schweiger\"|\"Die unglaubliche Reise der Silberrücken\"|\"Klassentreffen\"|\"1;\"|\"0;\"|\"unglaubliche\"|\"Reise\"|\"Silberrücken\"|\"Klassentreffen Trailer\"|\"Klassentreffen Trailer German\"|\"Klassentreffen Trailer Deutsch\"|\"Klassentreffen 1.0 Die unglaubliche Reise der Silberrücken (Film)\"|\"trailer deutsch\"|\"trailer german\"|\"trailer\"|\"deutsch\"|\"german\"|\"KinoCheck\"|\"2018\"","Offizieller Klassentreffen 1.0: Die unglaubliche Reise der Silberrücken Trailer Deutsch German 2018 | Abonnieren ➤ http://abo.yt/kc | (OT: Klassentreffen 1.0: Die unglaubliche Reise der Silberrücken) Movie Trailer | Kinostart: 20 Sep 2018 | Filminfos https://KinoCheck.de/film/phj/klassentreffen-1-0-2018Nils, Familienvater Mitte 40, steckt in der absoluten Midlife-Crisis: Nicht nur, dass seine pubertierende Tochter Sarah (Bianca Nawrath) nur noch Augen für ihren neuen Freund Lenny (Timur Bartels) hat und sein Sohn Oliver (Alessandro Schuster) seinen Vater ziemlich peinlich findet, muss sich Nils zudem noch mit altersbedingten Hämorrhoiden und seiner Lesebrille arrangieren. Damit nicht genug: Während seine Frau Jette (Katharina Schüttler) sein Gejammer schon lange nicht mehr ernst nimmt, flattert ausgerechnet noch die Einladung zum 30-jährigen Klassentreffen ins Haus. Nils hat es jetzt schwarz auf weiß: Er ist alt geworden! Auch Klassenkamerad Andreas hat so gar keine Lust auf das Jubiläum. Frisch von seiner Jugendliebe Tanja (Jeanette Hain) getrennt, steht ihm überhaupt nicht der Sinn nach einer Reise in die Vergangenheit. Zumal die Ex gerade mit dem zwanzig Jahre jüngeren Paartherapeuten Karsten (David Schütter) durchgebrannt ist. Ein Glück, dass der dritte im Bunde, Thomas, erfolgreicher DJ und bislang Schwerenöter, zur Ablenkung schon Party- und Flirt-Pläne für das ganze Klassentreffen-Wochenende hat. Käme ihm da nicht plötzlich Lilli (Lilli Schweiger) in die Quere, die Tochter seiner Traumfrau Linda (Stefanie Stappenbeck), mit der er diesmal wirklich eine ehrlich monogame Liebes-Beziehung führen möchte. So hat jeder der drei Kumpels sein Päckchen zu tragen und lernt es mit den anderen zu teilen. Durch ausschweifende Partys und potentielle Affären (bei denen garantiert immer irgendwas dazwischen kommt!) rücken die Freunde immer näher zusammen und stellen fest, dass ihr tatsächliches Alter genau das Richtige ist. Und obwohl das Klassentreffen in eine herrlich komische Vollkatastrophe ausartet, steht für die Freunde am Ende eine wichtige und berührende Erkenntnis fest.Klassentreffen 1.0 leihen/kaufen ➤ http://amzo.in/s/Klassentreffen-1-0Die aktuell beliebtesten Filme ➤ http://amzo.in/bestmoviesDie meist gewünschten Filme ➤ http://amzo.in/moviereserveDie neuesten Game Trailers ➤ http://youtube.com/SpieleNote | #Klassentreffen german #Trailer courtesy of Warner Bros. Pictures Germany. | All Rights Reserved. | http://amzo.in sind Affiliate Links. Bei einem Kauf ändert sich für euch nichts, aber ihr unterstützt dadurch unsere Arbeit. | #KinoCheck®",2018-05-16T15:30:02.000Z,59949,798,931,89
DE,"Bruno Mars,Charlie Puth,Ed Sheeran Best Christmas Songs,Greatest Hits Pop Playlist Christmas 2018",Audio Music,Music,"\"Charlie puth\"|\"Charlie puth Greatest\"|\"Charlie Puth Songs\"|\"Best Charlie Puth\"|\"charlie puth album\"|\"We Don't Talk Anymore\"|\"Marvin Gaye\"|\"Charlie Puth Best Of\"|\"bruno mars\"|\"bruno mars greatest\"|\"bruno mars playlist\"|\"bruno mars best of\"|\"bruno mars songs\"|\"bruno mars top songs\"|\"Grenade\"|\"Shape of You\"|\"Ed Sheeran\"|\"Ed Sheeran live\"|\"bruno mars christmas song\"|\"bruno mars christmas album\"|\"charlie puth christmas album\"|\"charlie puth ch\"","Bruno Mars,Charlie Puth,Ed Sheeran Best Christmas Songs,Greatest Hits Top Playlist Christmas 2018\\nBruno Mars,Charlie Puth,Ed Sheeran Best Christmas Songs,Greatest Hits Top Playlist Christmas 2018\\nBruno Mars,Charlie Puth,Ed Sheeran Best Christmas Songs,Greatest Hits Top Playlist Christmas 2018\\nThank You For Watching Video\\nYou please support the channel by :\\nSubscribe Channel : https://goo.gl/uX9syJ\\nFollow Tweet : https://goo.gl/DskcZm\\nFollow G+ : https://goo.gl/uJd5jr\\nFollow Facebook : https://goo.gl/rcefo2",2017-12-21T01:05:53.000Z,5965605,5930,7964,793
DE,Zentrum für politische Schönheit: Jetzt hat Björn Höcke sein eigenes Holocaust-Mahnmal vor der Tür,N24,News & Politics,"\"N24\"|\"Nachrichten\"|\"News\"|\"Video\"|\"Björn Höcke\"|\"AfD\"|\"Alternative für Deutschland\"|\"Zentrum für politische Schönheit\"|\"Holocaust-Mahnmal\"|\"Geschichtspolitik\"|\"Philipp Ruch\"|\"ZPS\"|\"Bornhagen\"|\"Zweiter Weltkrieg\"|\"Mahnmal-Stiftung\"|\"Berlin\"","Das Künstlerkollektiv «Zentrum für politische Schönheit» (ZPS) hat auf einem Nachbargrundstück des Thüringer AfD-Chefs Björn Höcke das Berliner Holocaust-Mahnmal nachempfunden. Mit Blick auf eine Rede Höckes in Dresden vom vergangenen Januar hatte das ZPS am Mittwochmorgen zahlreiche Betonstelen in Sichtweite von Höckes Haus im thüringischen Bornhagen (Eichsfeld) aufgestellt. Eine Polizeisprecherin bestätigte, dass es sich um Höckes Wohnhaus handelt. \\n\\n«Wir wollen und können die grotesken Forderungen zur Geschichtspolitik nicht auf sich beruhen lassen», sagte der künstlerische Leiter Philipp Ruch laut Mitteilung. Das ZPS forderte Höcke dazu auf, vor dem Denkmal in Berlin oder dem Nachbau in Bornhagen auf die Knie zu fallen und um Vergebung für die deutschen Verbrechen des Zweiten Weltkriegs zu bitten. Höcke selbst oder sein Sprecher waren für eine Reaktion zunächst nicht erreichbar. Die Mahnmal-Stiftung in Berlin wollte sich zu der Aktion auf Anfrage nicht äußern.\\n\\nDer N24 Nachrichten-Livestream http://bit.ly/2fwuMPg\\n\\nDie Top-Nachrichten auf WELT.de https://www.welt.de/\\nDie Mediathek auf WELT.de https://www.welt.de/mediathek/\\nBesuche uns bei Facebook https://www.facebook.com/N24/\\nFolge uns auf Twitter https://twitter.com/N24\\nBesuche uns auf Instagram https://www.instagram.com/n24/\\n\\nHelp us caption & translate this video!\\n\\nhttps://amara.org/v/cmIU/",2017-11-22T11:35:33.000Z,5929,128,133,93
DE,MasterChefGR – 2ος Κύκλος – Επεισόδιο 33,MasterChef Greece,People & Blogs,"\"MasterChef\"|\"MasterChefGR\"|\"MasterChefGreece\"|\"MasterChef GR\"|\"MasterChef Greece\"|\"Master Chef\"|\"master\"|\"chef\"|\"μαστερ\"|\"ψεφ\"|\"ΜαστερΨεφ\"|\"star\"|\"σταρ\"|\"skarmoutsos\"|\"σκαρμουτσος\"|\"Πάνος Ιωαννίδης\"|\"Σωτήρης Κοντιζάς\"|\"μαγειρική\"|\"συνταγή\"|\"σεφ\"|\"μάγειρας\"|\"διαγωνισμός μαγειρικής\"",-----------------------------------------------------------------------------------------------------------\n#MasterchefGR\nTρίτη έως Σάββατο στις 21:00 και Κυριακή 18:15 Masterclass\nFacebook: https://goo.gl/xuGs8C\nTwitter: https://goo.gl/LTtZSG\nInstagram: https://goo.gl/tNopkn,2018-02-21T22:18:52.000Z,59065,259,4685,1830
DE,Michael Schumacher: Das wunder der weihnacht - endlich zurück!,Promi News,Entertainment,"\"Michael Schumacher\"|\"Das große Weihnachts Wunder\"|\"endlich zurück im Leben\"|\"Michael Schumacher endlich zurück im Leben\"|\"nachrichten\"|\"promiflash\"|\"Tag24\"|\"entertainment\"|\"star deutsch\"|\"promiflash news\"",Michael Schumacher: Das große Weihnachts-Wunder - endlich zurück im Leben! source : https://intouch.wunderweib.de/michael-schumacher-das-grosse-weihnachts-wunder-endlich-im-leben-77718.html,2017-12-20T10:21:32.000Z,588667,1515,21958,1823
DE,Göring-Eckardt gegen Jürgen Braun (AfD) über Familiennachzug (Komplett),TutorialsGerman,News & Politics,"\"Jürgen Braun\"|\"Göring-Eckardt\"|\"grüne gegen afd\"|\"zwischenfrage verboten\"|\"afd kurzintervention\"|\"familiennachzug afd\"",Göring-Eckardt gegen Jürgen Braun am 01.02.2018 in der 11. Sitzung im deutschen Bundestag über Familiennachzug zu subsidär Schutzberechtigten.,2018-02-01T16:35:53.000Z,5857,22,99,88
DE,Influencer: Die neuen Stars aus dem Netz - Berühmt mit Instagram und Co. | DIE REPORTAGE | NDR,NDR Doku,People & Blogs,"\"Influencer\"|\"Youtube\"|\"Instagram\"|\"Facebook live\"|\"Riccardo Simonetti\"|\"Louisa Dellert\"|\"Louisa Dellert Influencer\"|\"Influencer Doku\"|\"Influencer Reportage\"|\"Riccardo Instagram\"|\"Doku\"|\"Reportage\"|\"Dokumentation\"","Sie sind 24 Stunden am Tag für ihre Fans online und stellen ihr eigenes Leben wie eine Art Reality Soap in Echtzeit zur Schau - die neuen Stars aus dem Netz, Influencer genannt. Sie erreichen über Onlinedienste wie Instagram und Snapchat Millionen Fans.\\n\\nIn ihrer Welt sind sie echte Superstars und Vorbilder für viele junge Menschen einer ganzen Generation. Riccardo Simonetti, 24, gehört zu diesen Stars. Ob Riccardo zur Post geht oder auf eine exklusive Promi-Party: Seine 100.000 Fans sind täglich live dabei. Wenn ich mal drei Stunden lang nichts poste, fragen mich die Leute, ob ich tot bin. Das kann ich mir nicht erlauben. Die Hamburgerin Louisa Dellert erreicht über ihren Account 330.000 Menschen und verdient wie Riccardo damit ihr Geld - große Unternehmen bezahlen beide dafür, dass sie ihre Produkte in ihre Videoclips und Fotos einbauen.\\n\\nDie Reportage hat die die beiden jungen Stars aus dem Netz monatelang begleitet. Ist ihr Leben so glamourös wie es scheint? Wie funktionieren Instagram, Snapchat und Co? Und was ist so faszinierend daran, sein Leben im Internet zur Schau zu stellen?\\n\\nMehr Informationen finden Sie hier: https://www.ndr.de/fernsehen/sendungen/die_reportage/Beruehmt-mit-Instagram-und-Co,sendung709408.html",2017-11-23T13:18:42.000Z,58490,488,601,454
DE,What happens when you pull the plug on the Marianas Trench,Vivid Maps,Education,"\"Marianas Trench\"|\"Ocean\"|\"Maps\"","The Mariana Trench or Marianas Trench is the deepest part of the world's oceans. It is located in the western Pacific Ocean, an average of 200 kilometers (124 mi) to the east of the Mariana Islands, in the Western Pacific East of Philippines. It is a crescent-shaped scar in the Earth's crust, and measures about 2,550 km (1,580 mi) long and 69 km (43 mi) wide on average. It reaches a maximum-known depth of 10,994 meters (36,070 ft) at a small slot-shaped valley in its floor known as the Challenger Deep, at its southern end, although some unrepeated measurements place the deepest portion at 11,034 meters (36,201 ft). For comparison: if Mount Everest were dropped into the trench at this point, its peak would still be over 1.6 kilometers (1 mi) underwater. In 2009, Marianas Trench was established as a United States National Monument.\\n\\nSource: https://www.reddit.com/user/Vinnytsia\\nGif: http://www.vividmaps.com/2017/12/what-happens-when-you-pull-plug-on.html",2017-12-11T13:51:01.000Z,5840,3,4,0
DE,Afrin tarafındaki terörist tarafından çekilen video.Türk askeri geliyor bekleyin siz daha orda !!!,NE ARARSAN VAR// N.A.V,Science & Technology,Afrin,DİĞER GELECEK VİDEOLAR İÇİN ABONE OLMAYI UNUTMAYIN...HEPSİNİN SONU GELECEK İNŞALLAH.Videoyu beğenin ve paylaşın arkadaşlar....,2018-01-24T00:22:00.000Z,582897,855,1909,1006
