country,title,channel_title,category,tags,description,publish_time,views,likes,dislikes,comment_count
RU,Алексей Навальный высказал неожиданное мнение о Павле Грудинине Провал Выборов 2018,Волшебная Россия,People & Blogs,"\"Павел Грудинин|\"\"Алексей Навальный\"\"|\"\"Путин\"\"|\"\"Медведев\"\"|\"\"Собчак\"\"|\"\"Жириновский\"\"|\"\"КПРФ\"\"|\"\"Партия\"\"|\"\"Госдума\"\"|\"\"Выборы\"\"|\"\"Власть\"\"|\"\"Политика\"\"|\"\"Правительство\"\"|\"\"аналитика\"\"|\"\"Выборы 2018\"\"|\"\"Президент\"\"|\"\"Новости\"\"|\"\"СМИ\"\"|\"\"Вести\"\"|\"\"Депутаты\"\"|\"\"Коррупция\"\"|\"\"Срочно\"\"|\"\"В новый год\"\"|\"\"Новый год 2018\"\"|\"\"Крым\"\"|\"\"Украина\"\"|\"\"Новое\"\"|\"\"Смотреть всем\"\"|\"\"Жесть\"\"|\"\"Треш\"\"|\"\"приколы\"\"|\"\"Ёлки\"\"|\"\"Соболев\"\"|\"\"Клип\"\"|\"\"Версус\"\"\"","Навальный о выборах 2018 и Павле Грудинине!\\nБойкот выборам и четкая позиция Алексея Навального.\\nСписок недостойных кандидатов от Навального.\\nГрудинин понравился Навальному...?\\nВыборы - 2018!!! Вся правда о кандидатах.\\nПомощь каналу на развитие! WebMoney кошелек - WMR\\nR705718986248.\\nРЕПОСТ!!! В топ! =)\\nДрузья, не забываем подписываться на канал и делиться видео!\\nЭти деньги пойдут на социальные эксперименты!\\nhttp://www.donationalerts.ru/r/magic",2017-12-31T02:51:36.000Z,43405,916,4505,604
RU,"Владимир Яковлев о счастье в старости, развитии личности и жизненной стратегии",Идеономика,Education,"\"Владимир Яковлев|\"\"Возраст Счастья\"\"|\"\"Саморазвитие\"\"|\"\"Жизненная Стратегия\"\"|\"\"Старость\"\"|\"\"Молодость духа\"\"\"","Издатель, журналист и автор проекта Возраст счастья Владимир Яковлев рассказал Идеономике о том, как раздвинулись наши жизненные горизонты, сколько карьер смогут строить люди будущего и какую жизненную стратегию выбрать, чтобы, будучи старым, оставаться молодым\\n\\nТекстовая версия интервью – http://ideanomics.ru/articles/12451. \\n\\nПодписывайтесь на Идеономику в: \\nFacebook – https://www.facebook.com/ideanomics.ru\\nВКонтакте – https://vk.com/ideanomics\\nТелеграме – https://t.me/ideanomicsru",2018-02-02T07:02:45.000Z,43383,289,350,162
RU,Керлингистка Брызгалова сводит с ума весь мир // Алексей Казаков,Алексей Казаков,People & Blogs,"\"алексей казаков|\"\"казаков\"\"|\"\"ак 24\"\"|\"\"винишко тян\"\"|\"\"Керлингистка Брызгалова\"\"|\"\"Брызгалова\"\"|\"\"олимпиада\"\"|\"\"пхенчхан\"\"|\"\"керлинг\"\"|\"\"анджелина джоли\"\"|\"\"джоли\"\"|\"\"русская джоли\"\"\"",Анастасия Брызгалова - новый секс-символ Олимпийских Игр. Почему именно к российским спортсменкам всегда так много внимания?\n\nПодписывайся на канал Алексея Казакова: https://www.youtube.com/channel/UC9N-JBhBcmSKJRxuEshFlUQ?sub_confirmation=1,2018-02-13T18:33:13.000Z,43329,2814,3217,311
RU,Мария Максакова: Год спустя новый возлюбленный? Андрей Малахов. Прямой эфир от 22.03.18,Россия 1,Entertainment,"\"Мария Максакова|\"\"Максакова\"\"|\"\"Год спустя новый возлюбленный\"\"|\"\"новый возлюбленный\"\"|\"\"возлюбленный\"\"|\"\"Андрей Малахов\"\"|\"\"Прямой эфир 22.03.18\"\"|\"\"андрей малахов максакова\"\"|\"\"максакова прямой эфир\"\"|\"\"экс-депутат\"\"|\"\"денис вороненков\"\"|\"\"мария максакова и денис вороненков\"\"|\"\"оперная дива\"\"|\"\"одна с маленьким ребенком\"\"|\"\"Как сложилась её жизнь\"\"|\"\"правда ли что\"\"|\"\"мария максакова новости\"\"|\"\"мария максакова последние новости\"\"|\"\"мария максакова личная жизнь\"\"\"","Мария Максакова: Год спустя новый возлюбленный? Прямой эфир с Андреем Малаховым смотреть онлайн. Последний выпуск от 22.03.18.\\nПодпишись на канал: https://www.youtube.com/c/tvrussia1?sub_confirmation=1\\nГод назад не стало экс-депутата Дениса Вороненкова. Его супруга, оперная дива Мария Максакова, осталась одна с маленьким ребенком на руках на чужбине. Как сложилась её жизнь? И правда ли, что у неё появился новый возлюбленный? Все подробности в «Прямом эфире».\\n\\nТелепрограмма канала Россия Прямой эфир - настоящая хроника нашей жизни. Уже много лет в прайм-тайм зрители собираются в студии и у экранов своих телевизоров, чтобы узнать о проблемах, которые волнуют всех. О том, что будет обсуждать вся страна. О том, что можно увидеть только в Прямом эфире! Наступил новый этап в истории программы – в эфире Прямого эфира новый ведущий – Андрей Малахов! Смотрите в программе – истории и расследования, полюбившиеся зрителям и ставшие визитной карточкой программы, всё то, что по-настоящему важно и интересно зрителям нашей страны.\\n\\nЧтобы принять участие в программе, задать вопрос и высказать свое мнение, звоните по телефону 8 (499) 653-65-55​ или пишите на info@amefir.tv\\n\\nАрхив выпусков программы с Борисом Корчевниковым: https://www.youtube.com/playlist?list=PLHI1ZlIXQzpFOl6rIV8_IBbeNiLZjjTZL",2018-03-22T14:54:51.000Z,43226,103,238,167
RU,"ГРУДИНИН ДAЛ KPEMЛЮ ПPOCPATЬCЯ! Гудков, Мельман, Удальцов на Радио Свобода, 15.01.2018",Умные люди,People & Blogs,[none],"Пожалуйста, не забывайте ставить ЛАЙК, если вам понравился ролик!",2018-01-15T17:19:49.000Z,43017,594,881,380
RU,Рома определился с местом? Разборки с соседями. Куриный соцопрос,Трансформатор,People & Blogs,"\"Трансформатор|\"\"Дмитрий Портнягин\"\"|\"\"бизнес блог\"\"|\"\"трансформатор портнягин\"\"|\"\"трансформатор дмитрий портнягин\"\"|\"\"как создать бизнес\"\"|\"\"бизнес мотивация\"\"\"","До открытия ресторана ChikenChick осталось совсем немного времени, а на пути Ромы – всё новые трудности. Уменьшилась площадь фудкорта по договору – как разместить всё оборудование на 18 квадратах? Обсуждаем аксонометрию с проектировщиком. \\nТочка Ромы мешает планам соседей – общая вытяжка, загороженная вывеска – Рома идёт разбираться. \\nТочки с куриным фастфудом по всей Москве закрываются одна за другой. В чем причина? Не повторит ли проект Ромы их судьбу? Обсуждаем проблему с людьми на улицах. \\nГлавный вопрос выпуска – подпишет ли Рома договор с Усачевским?\\n\\nКупить мою книгу: https://www.ozon.ru/context/detail/id/142722832/\\n\\nМои страницы в социальных сетях:\\nInstagram — https://www.instagram.com/portnyagin/\\nTelegram — https://t.me/transformatortv\\nFacebook — https://www.facebook.com/dmitry.portnyagin\\nВконтакте — https://vk.com/d.portnyagin\\n\\n\\nМои источники дохода:\\n\\n1. Transitplus Logistic 75% доля http://www.transitplus.ru\\n2. Choice 60% доля http://choice.studio\\n3. Universal Gift 30% доля http://universalgifts.ru\\n4. Tourister 50% доля https://www.tourister.com\\n5. Ай,Молодец! 60% доля http://аймолодец.рф\\n6. Transformator TV 90% доля http://transformator.tv\\n7. Transformator Club 90% доля https://transformator.club\\n8. Transformator Store 90% доля https://transformator.store\\n9. Transformator Book 15% гонорар http://book.transformator.store\\n10. Криптовалютный портфель\\n11. Оборудование для майнинга",2018-03-19T18:52:19.000Z,430057,7985,9102,2263
RU,СЛАВА КПСС - ВЛАДИМИР ПУТИН,СЛАВА КПСС,People & Blogs,[none],Production: https://www.instagram.com/nnm_404\nMusic: https://vk.com/nazzmuzik\nDirector: https://www.instagram.com/lewa_patxi \nDop: https://www.instagram.com/leonidkalin\nProducer: https://www.instagram.com/karaulov_ivan  \n\nStyle: https://www.instagram.com/denis_merkushev\nMake up: https://www.instagram.com/wondergalkate \nSpecial thx: https://youthstore.ru ; https://vk.com/hleb.space\n\nПАБЛИК ВК:\nhttps://vk.com/kpss_public\n\nMANAGEMENT:\nantiypetrain@gmail.com\n\nBOOKING:\nhttps://vk.com/stasbritva\n\nМЕРЧ АНТИХАЙП:\nhttps://vk.com/kpss_public\n\nСледи за РЕНЕССАНС / АНТИХАЙП :\nYouTube - http://goo.gl/oIPWmk\nВконтакте - https://vk.com/rnsns\nTwitter - https://twitter.com/newrnsns\nЯндекс.Музыка - https://vk.cc/5VHBbt\n\n© 2017 Ренессанс / Антихайп,2017-12-28T16:36:27.000Z,429782,91567,97194,6566
RU,Навальный - Я есть кандидат,NVLNY HLO,People & Blogs,"\"навальный|\"\"алексей навальный\"\"|\"\"навальный хуйло\"\"|\"\"навальный хло\"\"|\"\"блогер навальный\"\"|\"\"видео навальный\"\"|\"\"навальный 2018\"\"|\"\"топ\"\"|\"\"тренды\"\"|\"\"популярное\"\"|\"\"россия\"\"|\"\"стражи галаттики смотреть\"\"|\"\"стражи галактики\"\"|\"\"смотреть фильм стражи галактики\"\"|\"\"грут\"\"|\"\"я есть грут\"\"\"",Ну точно!,2017-12-26T08:59:47.000Z,429248,30048,36132,6326
RU,"Вся Госдума РФ Замолкла, когда Зюганов Произнёс Свою Речь - 26.02.2018",Аналитика Мира,News & Politics,"\"зюганов|\"\"геннадий зюганов 2018\"\"|\"\"зюганов 2018\"\"|\"\"геннадий зюганов\"\"|\"\"кпрф\"\"|\"\"политика\"\"|\"\"СССР\"\"|\"\"Сталин\"\"|\"\"Россия\"\"|\"\"геополитика\"\"|\"\"внешняя политика\"\"|\"\"зюганов новое 2018\"\"|\"\"зюганов последнее 2018\"\"|\"\"геннадий зюганов новое\"\"|\"\"новости россии\"\"|\"\"павел грудинин\"\"|\"\"грудинин\"\"|\"\"путин\"\"|\"\"владимир путин\"\"|\"\"россия\"\"|\"\"последние новости\"\"|\"\"грудинин новое 2018\"\"|\"\"павле грудинин новое\"\"|\"\"грудинин последнее 2018\"\"|\"\"павел грудинин 2018\"\"|\"\"грудинин 2018\"\"|\"\"зюганов последнее\"\"|\"\"новости дня\"\"|\"\"зюганов новое\"\"|\"\"зюганов кпрф\"\"|\"\"КПРФ\"\"\"","Вся госдума РФ замолкла, когда Геннадий Зюганов произнёс свою горькую речь.\\n******************************************************\\nПодписка на канал Аналитика Мира Лучше Доната:\\nhttps://www.youtube.com/channel/UCs4_QABdNQxlB255ZsSIt-g/featured?sub_confirmation=1\\n\\nДорогие зрители! На канале Аналитика Мира вы не найдёте воды в роликах, только самая сочная выжимка из новостей и аналитики политологов, политиков и ведущих экономистов. Подписывайтесь, смотрите, ставьте лайки или дизлайки, оставляйте комментарии и пишите нам ваши пожелания!",2018-02-26T06:30:00.000Z,42713,1109,11660,482
RU,Лучший подарок на Новый Год 2018. Муж в шоке!,Юлианна Кобцева,Comedy,"\"подарок на новый год|\"\"идея подарка\"\"|\"\"что подарить на новый год\"\"|\"\"лучший подарок\"\"|\"\"кобцева\"\"|\"\"танцы на тнт\"\"|\"\"4hands\"\"|\"\"маникюр\"\"|\"\"франшиза\"\"|\"\"педикюр\"\"|\"\"рождество подарок\"\"|\"\"юлианна кобцева\"\"|\"\"kobtseva\"\"|\"\"танцы\"\"|\"\"танцуй\"\"|\"\"стрип\"\"\"","Лучший подарок на Новый Год 2018 - это подарок, сделанный своими... \\nЗвезда шоу Танцы на ТНТ - чувственная Юлианна Кобцева совместно с http://4hands.ru/ (сеть студий маникюра и педикюра) сделала мужчине подарок, который не забудется никогда!\\n—---—\\nИнстаграм-аккаунты всех участников\\n.................\\n- Офф. Аккаут Юлианны Кобцевой - https://www.instagram.com/kobtseva\\nhttp://www.vk.com/juliannakobtseva\\n\\n- Сеть 4hands - https://www.instagram.com/4hands_life/\\n- Александр Трибунский - https://www.instagram.com/tribunskii_...\\n—---------------------—\\nБизнес-план и франшиза 4hands здесь - http://4hands-franchise.ru/ \\n...................\\nПодписывайтесь на мой канал: https://www.youtube.com/channel/UCJqYOh2yA9jxdt2ZrClolXA?sub_confirmation=1\\n—---------------------—\\nЗа участие в проекте и операторскую работу благодарим Владимира Глущенко  \\nhttps://videoprisma.ru\\nhttps://www.instagram.com/gaerton",2017-12-28T11:17:42.000Z,427082,6919,9549,1229
RU,Оксимирон или Гнойный? Навальный или Собчак? Блиц с Федором Бондарчуком,BBC Russian,News & Politics,"\"BBC|\"\"Навальный\"\"|\"\"Оксимирон\"\"|\"\"Собчак\"\"|\"\"Гнойный\"\"|\"\"Бондарчук\"\"|\"\"Россия\"\"\"",Девять быстрых вопросов режиссеру и кинопродюсеру от Русской службы Би-би-си.\nПодписывайтесь: http://www.youtube.com/user/bbcrussian?sub_confirmation=1,2017-11-18T16:49:39.000Z,4270,87,225,42
RU,Путин ответил на вопрос водителя о росте цен на бензин. Прямая Линия Путина 2018,Интернет 24,People & Blogs,"\"Путин ответил на вопрос о росте цен на топливо. Прямая Линия 2018|\"\"вопросы путину\"\"|\"\"онлайн\"\"|\"\"смотреть\"\"|\"\"вопрос о бензине\"\"|\"\"07.06.2018\"\"|\"\"прямая трансляция путин\"\"|\"\"онлайн трансляция с путиным\"\"|\"\"видеозвонок\"\"|\"\"Дядя Вова\"\"|\"\"мы с тобой!\"\"|\"\"Путин ответил водителю на вопрос о бензине по 45 рублей‍\"\"|\"\"Новак: «Рост цен на бензин остановлен»\"\"|\"\"«Володя\"\"|\"\"ты не устал?»\"\"\"","Прямая линия с Путиным 07.06.2018Путин ответил водителю на вопрос о бензине по 45 рублей‍.По словам Путина, правительство пересмотрело ряд налоговых мер, но это привело к стимулированию экспорта сырой нефти, что привело к росту цены на нефть, а чтобы загрузить НПЗ компании решили компенсировать потери за счет цены на бензин.Чтобы выслушать экспертное мнение Путин обратился по видеосвязи к министру энергетики РФ Александру Новаку.Как отметил глава Минэнерго, ранее действительно был зафиксирован рост цен, но уже в мае был ряд мер, которые направлены на стабилизацию ситуации на рынке, кроме того, были достигнуты договоренности с нефтекомпаниями о стабилизации цен и росте предложения топлива на внутреннем рынке.Путин добавил, что считает введение налога с продаж нецелесообразным, а также заявил, что у правительства есть другие предложения, которые обсуждают и должны быть приняты. Глава государства не стал конкретизировать, какие именно предложения имеет в виду.Ведущие показали Путину интернет-шутку – фото на котором президент заправляет машину и удивляется ценам. Глава государства назвал ее  смешной.Вопрос Владимиру Путину задал водитель из Санкт-Петербурга .Новак: «Рост цен на бензин остановлен»Прямая Линия Путина 2018ПРЯМАЯ ЛИНИЯ С ПУТИНЫМ 2018. ПРЯМОЙ ЭФИРПУТИН ОБЪЯСНИЛ ПРИЧИНЫ РОСТА ЦЕН НА БЕНЗИН+++++++++++++++Размещенные в видеоролике материалы использованы исключительно в новостных и критических целях. Просьба не переходить на оскорбления друг друга в комментариях.",2018-06-07T09:43:37.000Z,42543,123,890,673
RU,Звезды под гипнозом. Выпуск от 25.02.2018,Шоу на Первом,Entertainment,"\"Шоу-бизнес|\"\"Максим Галкин\"\"|\"\"Иса Багиров\"\"|\"\"Стас Пьеха\"\"|\"\"Анна Хилькевич\"\"|\"\"Игнатий Акрачков\"\"|\"\"Арсений Бородин\"\"|\"\"Анна Котова\"\"|\"\"Лариса Рубальская\"\"|\"\"Сергей Белоголовцев\"\"|\"\"Дмитрий Миллер\"\"|\"\"гипноз\"\"|\"\"артист\"\"|\"\"ведущий\"\"|\"\"гипнолог\"\"|\"\"артистка\"\"|\"\"актер\"\"|\"\"актриса\"\"|\"\"певец\"\"|\"\"телеведущий\"\"|\"\"поэт\"\"\"","На Первом канале - самое загадочное и непредсказуемое шоу, в котором известные люди переживают внезапные смены настроений и кардинальные изменения в поведении. И все это – благодаря гипнозу.\\n\\nВ выпуске: поэтесса Лариса Рубальская забывает собственные стихи, а актер Игнатий Акрачков проваливает съемки в рекламе, актрису Анну Хилькевич насильно выдают замуж, а актер, телеведущий Сергей Белоголовцев и певец Арсений Бородин попадают в зависимость от куклы, актриса Анна Котова примагничивается к актеру Дмитрию Миллеру, певец Стас Пьеха становится модным дизайнером, а еще звезды борются с огнедышащим Змеем и летают на ковре-самолете.\\n\\nПодписывайтесь на официальный канал Шоу на Первом на YouTube и не пропустите новые выпуски, самые яркие выступления шоу и эксклюзивные кадры из-за кулис http://bit.ly/tochvtocv1tv",2018-02-25T19:07:05.000Z,42499,633,690,626
RU,"ПАВЕЛ ГРУДИНИН МНЕ ЗАПРЕТИЛИ ГОВОРИТЬ, НО ПРО СЕЧИНА СКАЖУ ВСЮ ПРАВДУ",Антиплатон,News & Politics,"\"Павел Грудинин|\"\"Сечин\"\"|\"\"Путин\"\"|\"\"выборы\"\"|\"\"политика\"\"|\"\"новости\"\"|\"\"Антиплатон\"\"\"","ПАВЕЛ ГРУДИНИН МНЕ ЗАПРЕТИЛИ ГОВОРИТЬ, НО ПРО СЕЧИНА СКАЖУ ВСЮ ПРАВДУ\\n🔴 Поддержать проект: Антиплатон\\nhttp://www.donationalerts.ru/r/antiplaton\\n►Киви https://qiwi.me/antiplaton\\n🚚 Подпишись на канал Антиплатон: http://qps.ru/cVO70",2018-01-16T20:06:01.000Z,42487,1267,1642,371
RU,"Путин о новом российском оружии и о том, что угрожает России",Голос Америки,News & Politics,[none],"По оценкам экспертов, послание президента России Федеральному стало сигналом Западу и элементом его предвыборной кампании",2018-03-01T22:59:17.000Z,4244,69,1569,76
RU,"Анын жыныстык мүчөсүнө баклажка тыгылган эмес,-подполковниктин жубайы",Aimak Akipress,People & Blogs,[none],"Бүгүн, 31-майда АКИпресс-Ошто өткөн маалымат жыйында киши колдуу болуп өлтүрүлгөн подполковник Таирбек Уларовдун жакындары айыпталуучу тараптын аялы Н.Ражапованын «кыйноо» фактысы боюнча көрсөтмөсүнө түшүндүрмө беришти. Жыйынга чогулгандардын айтымында, Н.Ражапова буга чейин көрсөтмөлөрүн бир нече жолу өзгөрткөн. Андагы абактагы кыйноо, боюнан түшкөнү тууралуу маалыматтар экспертизанын кортундусуна дал келбейт. «2017-жылдын 5-апрелинде УЗИге түшүп, 6-апрелде аборт жасаткан. Көп өтпөй Ош шаардык прокуратурасына арыз менен кайрылып, милиция кызматкерлери желим бөтөлкө менен зордуктап, боюнан түшкөндүгүн айткан. Бирок соттук-медициналык экспертизанын корутундусуна ылайык Ражапованын жыныстык мүчөлөрүндө жаракаттар байкалбагандыгы жана анын боюнан түшүүсү дагы дал келген эмес. Ал жөн гана кош бойлуулукту коргонуу мактасында, калкан катары колдонууда»,-деди маркум Т.Уларовдун жубайы Нургүл Меңдиева.",2018-05-31T08:48:52.000Z,42360,109,139,261
RU,Реакция нормального человека на пропаганду,Сардели России,People & Blogs,[none],"",2018-01-29T06:03:49.000Z,422528,7235,40219,5751
RU,Полный Альбац / Чего ждать от нового правительства? // 14.05.18,Эхо Москвы,News & Politics,"\"эхо москвы|\"\"онлайн смотреть\"\"|\"\"прямой эфир\"\"|\"\"echo.msk.ru\"\"|\"\"Ведущая: Евгения Альбац.\"\"|\"\"Гости: Олег Сысуев\"\"|\"\"бывший вице-премьер правительства РФ; Олег Вьюгин\"\"|\"\"экономист; Евсей Гурвич\"\"|\"\"руководитель Экономической экспертной группы.\"\"|\"\"Полный Альбац / Чего ждать от нового правительства?\"\"\"","Гости: Олег Сысуев, бывший вице-премьер правительства РФ;Олег Вьюгин, экономист;Евсей Гурвич, руководитель Экономической экспертной группы.Ведущая: Евгения Альбац. Звонки: +7 495 363-36-59СМС: +7 985 970-45-45Сетка вещания — http://echo.msk.ru/scheduleПодпишитесь на другие каналы Эха Москвы:Эхо Общество — https://goo.gl/Pb2BkdЭхо Культура — https://goo.gl/4oSHPYЭхо Авто — https://goo.gl/pgkXNWЭхо Спорт — https://goo.gl/R69Uw3Детское Эхо — https://goo.gl/Q6ybofДилетант — https://goo.gl/AoS8H9",2018-05-14T18:07:55.000Z,42213,879,1444,218
RU,Битва за Волоколамск. Социальный взрыв по-соседству с Кремлем. Что дальше? Гость: Ю.Гиммельфарб,Реальная журналистика,News & Politics,"\"реальная журналистика|\"\"саша белый\"\"|\"\"экономика россии\"\"|\"\"политика россии\"\"|\"\"новости россии\"\"|\"\"россия 2018\"\"|\"\"волоколамск\"\"|\"\"ядрово\"\"|\"\"волоколамск отравление\"\"|\"\"воробьев\"\"|\"\"волоколамск выброс\"\"|\"\"свалка ядрово\"\"|\"\"полигон ядрово\"\"|\"\"народ против путина\"\"|\"\"путин 2018\"\"|\"\"ложь сми\"\"|\"\"пропаганда сми\"\"|\"\"выборы 2018\"\"|\"\"протесты в волоколамске\"\"|\"\"бунт в волоколамске\"\"\"","То, что в Волоколамске произошел социальный взрыв.. сомневаться не приходится. Это не политическая акция. Это никак не связано с выборами. Это даже не забастовка трудовых коллективов. Люди вышли на улицы, чтобы защитить себя, свои семьи и будущее своих детей. И расходиться по домам ни с чем они точно не собираются. Когда-то такое должно было произойти, наплевательское отношение власти к своему народу не может продолжаться бесконечно. И вот..  чайник закипел. Причем, в самом неожиданном месте. Если бы это произошло в глубинке, в каком-нибудь Запедрищенске, протест, может, и удалось бы свести на нет, спустить на мягких лапах. В данном же случае - пожар начался практически у Кремлевских стен. Кто виноват и что делать? Какими будут действия властей? И удастся ли жителям Подмосковья отстоять свое право жить? А самое главное - где полыхнет дальше? И какова вероятность, что это случится? Мы хотим предложить свою версию происходящего, которую почему-то мало, кто озвучивает. Это Реальная журналистика, увидимся 25 марта 2018 года в 20.00 мск. \\n=====================================================\\nВопросы и сообщения присылайте сюда: \\nhttp://www.donationalerts.ru/r/r_journalism \\n======================================================\\nПрими участие в опросе, перейдя по этой ссылке: https://vk.com/real_journalism?w=wall-1218332_97606\\n======================================================\\nРеклама на канале: http://rjournalism.regela.ru/Kommercheskoe_predlozhenie_kanala_RJ.pdf\\n=====================================================\\nПомощь каналу: \\nКиви Кошелек: +79645516385 \\nЯндекс кошелек: 410015483039977\\nКарта Сбербанка: 4276 1627 6568 1678 \\nPayPal – пользователь tvrealj@gmail.com \\n=====================================================\\nСсылка на мой канал: https://www.youtube.com/channel/UCgbZ5Zi0sIbwvUwiGCIom1g\\nСсылка на канал для англоязычной аудитории Real Russian News: https://www.youtube.com/channel/UChpUzS-wzKjaT-2HPoQeLiQ\\nГруппа ВК: http://vk.com/real_journalism\\nГруппа ОК: http://ok.ru/realjournalism \\nЯ В ФБ, ДОБАВЛЯЙТЕСЬ В ДРУЗЬЯ!: https://www.facebook.com/groups/realjour\\n===================================================== \\nТакже..вниманию всех заинтересованных лиц! Теперь программа Реальная журналистика выходит еще и в эфире федерального информационного телеканала Крик ТВ. Официальный сайт канала: http://ricekb.ru/16 Потенциальный охват аудитории телеканалом - 150 млн.человек в России и за рубежом. Вашу рекламу увидят не только пользователи You Tube \\n_________________________________________________________________ \\nБизнес e-mail: tvrealj@gmail.com",2018-03-25T18:45:56.000Z,41947,2469,10153,600
RU,Ан-148 An-148 САМОЛЕТ avion russie plane russia Saratov Airlines,Ella oursa,News & Politics,"\"САМОЛЕТ|\"\"avion\"\"|\"\"plane\"\"|\"\"Ан-148\"\"|\"\"An-148\"\"|\"\"russie\"\"|\"\"russia\"\"\"","Russian plane 'crashes' after taking off from Moscow \\nA Russian plane has crashed after taking off from Moscow, according to Russian media. \\n\\nThe  Saratov Airlines An-148 jet, was en route to the city of Orsk when it vanished from radar. \\n\\nRussian news agencies reported 65 passengers and 6 crew were on board.\\nМосква. 11 февраля. INTERFAX.RU - Пассажирский самолет Саратовских авиалиний потерпел крушение после вылета из Домодедово в Орск, сообщил Интерфаксу источник в экстренных службах.\\n\\nПредположительно самолет разбился в районе деревни Аргуново. Шансов выжить у членов экипажа и пассажиров не было, - сказал источник.\\n\\nРанее источник сообщил Интерфаксу, что Ан-148 пропал с экранов радаров после вылета из Москвы в Орск. Связь с экипажем установить не удалось. На борту находился 71 человек - 65 пассажиров и шесть членов экипажа.\\n\\nОчевидцы сообщили в экстренные службы о падении самолета в Раменском районе Подмосковья.\\n\\nАО Саратовские авиалинии создано в мае 1994 года, выполняет перевозки внутри России и международные чартерные рейсы. Парк авиакомпании включает пять самолетов Ан-148-100, семь Як-42 и два Embraer-190.\\nВ Подмосковье разбился пассажирский самолёт Ан-148\\nАн-148 An-148 САМОЛЕТ avion russie plane russia Saratov Airlines",2018-02-11T12:53:24.000Z,41934,79,746,86
RU,Голая баба со скакалкой! Такого чумового номера никто не ОЖИДАЛ! Зал в истерике - приколы До СЛЕЗ!,чебурашка это мышь,Entertainment,"\"голая баба|\"\"голая баба со скакалкой\"\"|\"\"парни на колесах\"\"|\"\"разрыв\"\"|\"\"угар\"\"|\"\"ржака\"\"|\"\"порвали зал\"\"|\"\"до слез\"\"|\"\"прикол\"\"|\"\"юмор\"\"|\"\"шутки\"\"|\"\"зал\"\"|\"\"зал плакал\"\"|\"\"в зале истрика\"\"|\"\"номер\"\"|\"\"смешной номер\"\"|\"\"смешное видео\"\"\"","Такого чумового номера на Лиге Смеха от этих парней никто не ожидал, порвали зал до слез.\\n\\nСтавьте лайки под видосами подписывайтесь на канал: https://www.youtube.com/channel/UCi83ozw-4OZkkfKTfpjXrhA\\n\\nСмотрите новые прикольные ролики на канале:\\n\\nЗашло! Бухой балет под шедевры классики - это сильно! Зал плакал от смеха!!!\\nhttps://www.youtube.com/watch?v=QDsjKy-qCu4\\n\\nШуму, дайте шуму, господа! Это Versus и это опера! Два мощных певца устроили Battle / Пародия\\nhttps://www.youtube.com/watch?v=QW-pSDIPc8g\\n\\nБезумие - блюдо Шляпа Ткача Импровизация от Зеленского - Ржу не Могу!\\nhttps://www.youtube.com/watch?v=-A6NibMPO8A\\n\\nСмотрите наш плейлист где собрано лучшее видео на канале:\\n\\nСамые лучшие приколы! Подборка смешных видео ДО СЛЕЗ!\\nhttps://www.youtube.com/playlist?\\n\\n#приколыдослез #чебурашкаэтомышь",2018-03-10T15:00:03.000Z,418769,6353,8871,442
RU,Царь дает послабления?,Радио Свобода,News & Politics,"\"Радио Свобода|\"\"инаугурация\"\"|\"\"путин\"\"|\"\"Дмитрий Гудков\"\"|\"\"Константин Боровой\"\"|\"\"Александр Соловьев\"\"|\"\"Елена Рыковцева\"\"|\"\"кремль\"\"|\"\"выборы\"\"\"","О России в канун инаугурации - политики Дмитрий Гудков, Константин Боровой, Александр Соловьев. \\nВедущая - Елена Рыковцева.",2018-04-25T17:08:58.000Z,41825,1537,4653,0
