country,title,channel_title,category,tags,description,publish_time,views,likes,dislikes,comment_count
FR,Portrait et interview de Jamel Debbouze,Entrée libre,Entertainment,"\"#EntréeLibre\"\"|\"\"France 5\"\"|\"\"Entrée Libre\"\"|\"\"Culture\"\"|\"\"Scène\"\"|\"\"One man show\"\"|\"\"Portrait\"\"|\"\"Interview\"\"|\"\"Jamel Debbouze\"\"|\"\"Claire Chazal\"\"|\"\"Invité\"\"|\"\"magazine\"\"|\"\"cinéma\"\"|\"\"rôle\"\"|\"\"personnalité préférée des Français\"\"|\"\"Humour\"\"|\"\"Humoriste\"\"|\"\"spectacle\"\"|\"\"retour\"","Jamel Debbouze est l’invité de Claire Chazal, en plateau, dans Entrée Libre. L’humoriste est de retour sur scène, après six ans d'absence, avec un one-man-show intitulé « Maintenant ou Jamel ». Portrait et interview de l’une des personnalités préférées des Français, célèbre pour ses rôles dans « H » ou encore « Astérix et Obélix : Mission Cléopâtre ».",2017-12-19T08:29:50.000Z,92420,69,87,45
FR,澳門格蘭披治電單單大賽 Grand-Prix 2017 Macau Motorcycle嚴重意外。（英國車手赫加迪漁翁彎失控撞欄，其後送院不治。 ）Daniel Hegarty R.I.P.,carcam,Autos & Vehicles,[none],"Daniel Hegerty Fatal Motorcycle crash \\n8號英國車手Daniel Hegarty失控撞欄由救護車送院治理。\\n大會出示紅旗暫停賽事,其後大會宣佈賽事結束。\\nhttps://www.facebook.com/photo.php?fbid=10214127766417525&set=gm.1803685173087529&type=3&theater&ifg=1",2017-11-18T10:44:30.000Z,92194,26,51,53
FR,GLORIA OLANGI TABASSE ET ENLEVÉE EPA BA MAÎTRE YA HÉRITIER WATA BOLANDA,Congo Réalité Vision,People & Blogs,[none],"",2017-12-04T20:08:43.000Z,9219,43,44,123
FR,PNL parodié aux Césars 2018,On m'appelle BN,Music,"\"PNL\"\"|\"\"nouvel album\"\"|\"\"rap\"\"|\"\"rnb\"\"|\"\"2 mars\"\"|\"\"damso\"\"|\"\"théorie\"\"|\"\"snapchat\"\"|\"\"snap\"\"|\"\"ademo\"\"|\"\"NOS\"\"|\"\"N.O.S\"","Vendredi 02 Mars 2018, se tenait la cérémonie des Césars sur Canal+.\\nAu moment de la présentation de la cérémonie, Manu Payet, le présentateur se lance dans une parodie de PNL.\\n\\n0:10 : On le voit clairement faire le signe QLF\\n0:14 : La pleine Lune en fond qui rappelle la théorie du 2 mars !\\n0:29 : Il refait le signe QLF et prononce le sigle\\n\\nPour moi, pas de doute : PNL nous prépare quelque chose !",2018-03-02T21:42:21.000Z,920,16,26,3
FR,Le KO d'Anthony Lopes sur Kylian Mbappé.,Le Sportif,Gaming,"\"OL-PSG\"\"|\"\"neymar\"\"|\"\"alves\"",Le KO d'Anthony Lopes sur Kylian Mbappé.,2018-01-21T22:45:52.000Z,91989,155,177,136
FR,Alain Delon ses jours sont comptés,koi de neuf? Buzz,Entertainment,Alain Delon,"La vie ne m'apporte plus grand-chose. J'ai tout connu, tout vu. Mais surtout, je hais cette époque, je la vomis». Ce sont, parmi d'autres, les mots d'Alain Delon.\\nCLIQUEZ ICI POUR INSCRIRE: https://goo.gl/qmbYuA",2018-02-11T18:20:37.000Z,9191,52,83,95
FR,Michel Drucker a donné son avis sur le testa­ment de la Hally­day,France 24/7,People & Blogs,"\"Michel Drucker\"\"|\"\"Hally­day\"",► Abonnez-vous à ma chaîne! Merci! : https://goo.gl/7j4Wwz,2018-02-15T13:50:09.000Z,91832,264,882,128
FR,Aubin MINAKU appelle les forces de l’ordre de barrer la route à la marche de la CENCO,CleboaPointCom News,Gaming,"\"cleboa.com\"\"|\"\"cenco\"\"|\"\"aubin minaku\"\"|\"\"rassopp\"",Abonnez-vous sur nos chaines sur Youtube!\nTéléphone :  00 33 62 780 8565 / 00 46 73 891 2628\nFacebook (groupe) : CleboaPointCom\nFacebook (Page) :  RdCongo Infos,2017-12-29T19:04:09.000Z,9177,17,87,76
FR,عــاااجل : الاميره لالة سلمي ترد بقوه علي طلاقها من ملك المغرب محمد السادس وتصـدم الجميع,اخترنا لك,People & Blogs,[none],"",2018-03-26T06:38:51.000Z,916914,3135,3316,746
FR,Chinese Workers Build Railway in Nine Hours,Everything Top 10,Autos & Vehicles,"\"Everything\"\"|\"\"Top\"\"|\"\"10\"\"|\"\"Ganlong Railway\"\"|\"\"Ganruilong Railway\"\"|\"\"Zhanglong Railway\"\"|\"\"Chinese workers build railway in nine hours\"\"|\"\"Pear\"\"|\"\"traffic monitoring equipment\"\"|\"\"Nanlong Railway Station\"\"|\"\"Longyan\"\"|\"\"January 19 and finished in the wee hours of January 20\"\"|\"\"builder\"\"|\"\"China Tiesiju Civil Engineering Group\"\"|\"\"railroad builder\"\"|\"\"246 kilometres (152 miles) in length\"","An aerial video released by Pear shows how the construction workers connected three major railroads - the Ganlong Railway, Ganruilong Railway and Zhanglong Railway - with the new Nanlong Railway.\\n\\nThey also installed the traffic signals and a series of traffic monitoring equipment. \\n\\nThe construction took place at the Nanlong Railway Station in the city of Longyan according Xinhua News Agency. \\n\\nIt began on January 19 and finished in the wee hours of January 20, said the report. \\n\\nThe project was finished so quickly because the workers had been arranged into seven units to tackle different tasks simultaneously, said Zhan Daosong, a deputy manager at China Tiesiju Civil Engineering Group, the country's main railroad builder.\\n\\nThe construction of the Nanlong Railway is ongoing and is expected to complete at the end of 2018.\\n\\nMeasuring 246 kilometres (152 miles) in length, the railway is due to be a main transport link between south-east China and central China, Xinhua reported.\\n\\nPlease subscribe to my YouTube channel for more videos like this\\n\\nDon't forget to Like, Comment & Share This video\\n\\nLet Me Know In The Comments Down Below Which Video You Want to Watch Next",2018-01-23T18:34:19.000Z,9161,3,19,4
FR,Kenny G Greatest Hits Album 2018 - Best Songs Of Kenny G - Best Collection Kenny G,Jazz & Blues Experience,People & Blogs,"\"Kenny G\"\"|\"\"Kenny G live\"\"|\"\"Kenny G Greatest Hits\"\"|\"\"Kenny G Greatest Hits Full Album 2017\"\"|\"\"Top 30 Best Songs Of Kenny G\"\"|\"\"Kenny G Best Songs\"\"|\"\"Top Hits Kenny G\"\"|\"\"Kenny G Full Playlist\"\"|\"\"Kenny G Album\"\"|\"\"Kenny G Full Album\"\"|\"\"Kenny G 2017\"\"|\"\"the very Best of Kenny G\"\"|\"\"Kenny G Songs\"\"|\"\"Kenny G Collection\"\"|\"\"The Moment\"\"|\"\"Forever in Love\"\"|\"\"My Heart Will Go On\"\"|\"\"Songbird\"\"|\"\"The Wedding Song\"\"|\"\"Silhouette\"\"|\"\"kenny g live\"\"|\"\"forever in love\"\"|\"\"kenny g greatest hits\"\"|\"\"Best Collection Kenny G\"","Kenny G Greatest Hits Album 2018 - Best Songs Of Kenny G - Best Collection Kenny G \\nKenny G Greatest Hits Album 2018 - Best Songs Of Kenny G - Best Collection Kenny G \\nKenny G Greatest Hits Album 2018 - Best Songs Of Kenny G - Best Collection Kenny G \\nTag: Kenny G, Kenny G live, Kenny G Greatest Hits, Kenny G Greatest Hits Full Album 2017, Top 30 Best Songs Of Kenny G, Kenny G Best Songs, Top Hits Kenny G, Kenny G Full Playlist, Kenny G Album, Kenny G Full Album, Kenny G 2017, the very Best of Kenny G, Kenny G Songs, Kenny G Collection, The Moment, Forever in Love, My Heart Will Go On, Songbird, The Wedding Song, Silhouette, kenny g live, forever in love, kenny g greatest hits, Kenny G Best Collection",2018-02-27T13:00:03.000Z,913755,744,758,41
FR,Nathalie Baye : La révélation choc d'un proche de l'actrice sur Laeticia Hallyday,koi de neuf? Buzz,Entertainment,"\"Nathalie Baye\"\"|\"\"Laeticia Hallyday\"\"|\"\"actrice\"",Johnny Hally­day : le jour où Laeti­cia a empê­ché Natha­lie Baye de lui rendre visite à l’hô­pi­ta.l.\nCLIQUEZ ICI POUR INSCRIRE: https://goo.gl/qmbYuA,2018-02-15T19:31:36.000Z,91251,67,87,89
FR,Hommage à Johnny Hallyday : L'attitude de Claude Lelouch choque les internautes (vidéo),Zapping TV Video,Entertainment,"\"Zapping TV Video\"\"|\"\"zapping tv video\"\"|\"\"Zapping TV\"\"|\"\"zapping tv\"\"|\"\"Zapping\"\"|\"\"zapping\"\"|\"\"VIDEO\"\"|\"\"SÉRIES\"\"|\"\"SPORTMUSIQUE\"\"|\"\"CINÉMA\"\"|\"\"LES\"\"|\"\"ZAPS\"\"|\"\"NEWS\"\"|\"\"EXCLUS\"\"|\"\"TOUS\"\"|\"\"Hommage à Johnny Hallyday\"\"|\"\"L'attitude de Claude Lelouch\"\"|\"\"Johnny Hallyday à Paris\"\"|\"\"Claude Lelouch\"","#zapping #zappingtv #zappingweb\\nEn ce samedi 9 décembre, après l'hommage populaire de Johnny Hallyday à Paris, c'est l'attitude de Claude Lelouch qui a retenu l'attention des internautes. Certains ont été scandalisés par certaines petites maladresses du réalisateur. Une séquence à retrouver sur Zapping TV Video.\\n\\nZapping TV Video: Les nouvelles générales  https://www..com/playlist?list=PLlIuyVMdfy_eVhv8Fh_s7aYVsNCqsSEBx\\nPeut-être que vous voulez voir ... https://www..com/watch?v=PfBzjvuQOkw&list=PLRiQsLaLx2kVPEUoVMncGWb5V4__HzTw1\\nRegarder plus de nouvelles: https://www..com/channel/UCqbFGHcY4oIJ_26AS3ExuhQ\\nDISCLAIMER: \\nUnder Section 107 of the Copyright Act 1976, allowance is made for fair use for purposes such as criticism, comment, news reporting, teaching, scholarship, and research. Fair use is a use permitted by copyright statute that might otherwise be infringing. https://en.wikipedia.org/wiki/Copyright_Act_of_1976\\n\\n****************************************************************",2017-12-09T17:05:44.000Z,9123,9,11,8
FR,"T'es qui toi ? Squeezie, le youtubeur aux 4 milliards de vues - Salut les Terriens",Salut les terriens !,Entertainment,"\"salut les terriens\"\"|\"\"squeezie\"\"|\"\"jeux videos\"\"|\"\"interview\"\"|\"\"ardisson\"\"|\"\"baffie\"\"|\"\"cordula\"\"|\"\"c8\"","Dans Salut Les Terriens, Thierry Ardisson, reçoit Squeezie, le youtubeur au 4 milliard de vues. Extrait de l'émission du 11/11/2017.\\n\\nSalut Les Terriens sur les réseaux sociaux :\\n\\n- Facebook : https://www.facebook.com/salutlesterriens\\n- Twitter : https://twitter.com/lesterriens\\n- Instagram : https://www.instagram.com/salutlesterriens",2017-11-13T17:30:01.000Z,91051,1674,1903,701
FR,DYLAN RÉAGIT aux ACCUSATION d'EVY à son SUJET,SUPREME SNAPCHAT,People & Blogs,"\"dylan les princes et les princesses de l'amour\"\"|\"\"evy les princes et les princesses de l'amour\"\"|\"\"dylan et evy\"\"|\"\"dylan gruson\"\"|\"\"dylan sam zirah\"\"|\"\"dylan sam zirah interview\"\"|\"\"evy sam zirah\"\"|\"\"Evy largue Dylan (LPDLA5) très violemment et affiche les preuves de ses Tromperies ! (LIVE)\"\"|\"\"dylan clash\"\"|\"\"clash les pricnes et les princesses de l'amour\"\"|\"\"sam zirah clash\"\"|\"\"sam zirah friends trip 4\"\"|\"\"sam zirah LPDLA5\"\"|\"\"snapchat\"\"|\"\"snapchat red\"\"|\"\"les princes et les princesses de l'amour episode\"","Alors qu'il y a quelques jours à peine, on découvrait qu'Evy Caysac et Dylan Gruson des Princes et les Princesses de l'Amour étaient en couple, les deux candidats de télé-réalité viennent de se séparer, et le moins qu'on puisse dire, c'est que leur histoire s'est plutôt mal terminée. En effet, Evy a découvert que son chéri la trompait, comme elle le révèle très énervée dans une interview accordée au blogueur Sam Zirah.\\n\\nAprès la publication de cette interview choc, Dylan annonce qu'il compte utiliser son droit de parole pour répondre aux accusation de son ex.",2018-02-05T14:09:07.000Z,9097,45,46,12
FR,أول رد من أسرائيل بعد قرار ترامب (مترجم),galal elgzery,Music,[none],رئيس وزراء اسرائيل نتانياهو يرد علي قرار ترامب بان القدس عاصمه اسرائيل,2017-12-08T21:36:02.000Z,90274,98,774,376
FR,الثلاميذ عطاو مزيان للأستادة قدام الوكيل، وها المستجدات الغير متوقعة,شاشة الواقع المغربي,News & Politics,"\"أخبار\"\"|\"\"مستجدات\"\"|\"\"حقائق\"\"|\"\"وقائع\"\"|\"\"المغرب\"",قناة 🔴 شاشة الواقع المغربي من إدارة شابة مغربية مريم الإدريسي 23 سنة، كبرت في دار الأيتام وعاشت ظروف صعبة لم تساعدها لتحقيق حلم الصحفية الناجحة ! أسست هذه القناة وأمنيتها الآن أن تملك قناة إخبارية ناجحة في اليوتيوب ! فشكرا لكل من دعمني يوما بزر لايك وإشترك في قناتي وفهل زر الجرس ! شكرا جزيلا ..🏵🌹🌷\nنحاول البحث عن الخبر من مختلف المنابر الإعلامية والصحف الةرقية والإلكترونية لننقله لكم بحيادية وإحترافية ..\n⛥هذا الفيديو حول⛥ : \nهناك المزيد والمزيد من أخبار المغرب والعالم العربي وأخبار النجوم والرياضة  فشكرا لكم ..,2017-11-28T15:50:07.000Z,89591,587,868,491
FR,Johnny Hallyday : Laeticia attaque Laura Smet en justice,TaxiOneVideo,People & Blogs,[none],"",2018-02-17T06:22:45.000Z,89185,71,78,60
FR,Marseille Ça pue et c'est sale Patrice Quarteron clashe violemment Marseille et l'OM,louis rascasse,Entertainment,"\"Marseille\"\"|\"\"Marseille Ça pue et c'est sale\"\"|\"\"Patrice Quarteron\"\"|\"\"l'OM\"\"|\"\"OM\"","Décidément, Patrice Quarteron n'en finit plus d'enflammer la Toile avec du bad-buzz. Son interminable brouille avec le rappeur Booba en est la parfaite illustration. Cette fois-ci, le champion français de boxe Muay thai a une autre cible : l'OM et plus généralement Marseille. Après avoir appelé une boutique de l'OM pour demander un flocage de Patrice Evra sur un maillot du PSG, il est allé plus loin en postant une nouvelle vidéo sur son compte Facebook.\\n\\nDans cette dernière, on le voit devant le stade Vélodrome, paré de son maillot floqué Evra, en train de brûler le drapeau du club olympien. Marseille, ça pue, c'est sale, lance-t-il avant d'accomplir son œuvre et de se filmer en train d'uriner sur les lettres Marseille. Ça se passe de commentaire...",2017-12-05T10:27:53.000Z,8906,40,154,58
FR,Slurpee waves on Cape Cod 2018,Cape Cod Times,News & Politics,slurpee waves,You know it's cold out when Slurpee waves start lapping at the shores of Cape Cod Bay--like here at Paines Creek in Brewster on Cape Cod! Video by Eric Williams.,2018-01-02T20:06:19.000Z,89029,302,303,238
FR,L'Heure des Pros (2e débat) du 23/04/2018,CNEWS,News & Politics,#HDPros,"Du lundi au vendredi, Pascal Praud et ses invités débattent sur les grands thèmes de l'actualité dans #HDPros",2018-04-23T09:07:38.000Z,8882,14,26,114
FR,Labes S07 Episode 15 16-12-2017 Partie 03,Elhiwar Ettounsi,Entertainment,"\"hkayet tounsia\"\"|\"\"elhiwar ettounsi\"\"|\"\"denya okhra\"\"|\"\"oumour jedia\"\"|\"\"andi mankolek\"\"|\"\"hkeyet tounsia\"\"|\"\"oumour jeddya\"\"|\"\"karim el gharbi\"\"|\"\"dari deco\"\"|\"\"360 degrees\"\"|\"\"klem ennes\"\"|\"\"ma binetna\"\"|\"\"liman yajroo fakat\"\"|\"\"labes\"\"|\"\"labas\"\"|\"\"roufiaat al jalssa\"\"|\"\"happy nes\"\"|\"\"wled mofida\"\"|\"\"awled mofida\"\"|\"\"maktoub\"\"|\"\"el hak maak\"\"|\"\"wled moufida\"\"|\"\"awled moufida\"\"|\"\"لا بــــاس\"\"|\"\"اليوم الثامن\"\"|\"\"عندي ما نقلك\"\"|\"\"مكتوب\"\"|\"\"أمور جدّية\"\"|\"\"أولاد مفيده\"\"|\"\"nhar lahad ma hemek fi had\"\"|\"\"sami fehri\"\"|\"\"نهار الأحد ما يهمّك في حدّ\"\"|\"\"نهار الأحد\"",► Découvrez ElhiwarEttounsi : https://goo.gl/gxtCTu\n► Abonnez-vous à la chaîne : https://goo.gl/v5Nz1p\n► Rejoignez-nous sur Facebook: https://goo.gl/sfjrWb\n► Abonnez-vous sur instagram : https://goo.gl/mTJlTL,2017-12-16T21:39:14.000Z,88636,267,338,174
