country,title,channel_title,category,tags,description,publish_time,views,likes,dislikes,comment_count
MX,Ñeeeeee,ElTrollino,Gaming,[none],https://mixer.com/eltrollino,2018-03-05T22:59:08.000Z,619132,9664,9688,5670
MX,YosStop se burla de Kimberly Loaiza!!?? Parodia de lo ocurrido con Chumel Torres🤔🤔,YOUTUBERS AL DIA,People & Blogs,YosStop Kimberly Loaiza,YosStop\nInstagram stories\n15/12/17,2017-12-16T05:48:47.000Z,6187,26,51,16
MX,Mira Cómo Era Macky González Antes del Exatlón,Noticias Youtube con Regina Blue y Ax Mode O,Entertainment,"\"Noticias Youtube|\"\"Regina Blue\"\"|\"\"Ax Mode O\"\"|\"\"exatlon\"\"|\"\"mexico\"\"|\"\"macky\"\"|\"\"antes y despues\"\"|\"\"evolucion\"\"|\"\"niña\"\"|\"\"curiosidades\"\"|\"\"no lo sabias\"\"|\"\"ana lago\"\"|\"\"kenia lechuga\"\"|\"\"doris del moral\"\"\"","Amancay González, mejor conocida como Macky es una de las dos finalistas del equipo azul en la competencia de Exatlón México, desde su inicio se caracterizó por su fuerte actitud y su gran velocidad, actualmente tiene 28 años.\\n\\nMira aquí las fotos: http://axmodeo.blogspot.mx/2018/02/macky-antes-de-exatlon-fotos.html\\n\\nVisita nuestras páginas oficiales:\\nhttp://axmodeo.blogspot.mx\\nhttps://www.tvimperia.com\\n\\n\\nSíguenos en Facebook e Instagram:\\nhttps://www.facebook.com/noticiasyoutubeoficial\\nhttps://www.instagram.com/noticiasyoutubeoficial\\n\\nVisita nuestros otros canales con contenido alternativo:\\nhttps://www.youtube.com/reginablueoficial\\nhttps://www.youtube.com/archivoviral\\nhttps://www.youtube.com/noticiasfuertes\\nhttps://www.youtube.com/FamososalDesnudo\\n\\nSi te gustó nuestro contenido no olvides suscribirte al canal aquí:\\nhttps://www.youtube.com/noticiasyoutube\\n\\nY no te olvides de activar la campanita para recibir todas las noticias en el momento justo.\\n\\nEste canal siempre va a tener contenido original, no nos patrocina Venga la Alegría ni el programa Hoy, tampoco somos un noticiero de Televisa o de TV Azteca.\\n\\nAquí encontrarás las noticias más impactantes del espectáculo, también podrás ver tops, curiosidades, recopilaciones, la evolución musical de tus artistas favoritos, el antes y después de los famosos, videos graciosos, caídas de los famosos, novedades en tecnología y mucho más contenido.\\n\\nRecuerda suscribirte y te aseguramos que siempre pasarás un buen rato.",2018-02-11T00:42:29.000Z,61553,464,965,641
MX,"Bruno Mars,Charlie Puth,Ed Sheeran Best Christmas Songs,Greatest Hits Pop Playlist Christmas 2018",Audio Music,Music,"\"Charlie puth|\"\"Charlie puth Greatest\"\"|\"\"Charlie Puth Songs\"\"|\"\"Best Charlie Puth\"\"|\"\"charlie puth album\"\"|\"\"We Don't Talk Anymore\"\"|\"\"Marvin Gaye\"\"|\"\"Charlie Puth Best Of\"\"|\"\"bruno mars\"\"|\"\"bruno mars greatest\"\"|\"\"bruno mars playlist\"\"|\"\"bruno mars best of\"\"|\"\"bruno mars songs\"\"|\"\"bruno mars top songs\"\"|\"\"Grenade\"\"|\"\"Shape of You\"\"|\"\"Ed Sheeran\"\"|\"\"Ed Sheeran live\"\"|\"\"bruno mars christmas song\"\"|\"\"bruno mars christmas album\"\"|\"\"charlie puth christmas album\"\"|\"\"charlie puth ch\"\"\"","Bruno Mars,Charlie Puth,Ed Sheeran Best Christmas Songs,Greatest Hits Top Playlist Christmas 2018\\nBruno Mars,Charlie Puth,Ed Sheeran Best Christmas Songs,Greatest Hits Top Playlist Christmas 2018\\nBruno Mars,Charlie Puth,Ed Sheeran Best Christmas Songs,Greatest Hits Top Playlist Christmas 2018\\nThank You For Watching Video\\nYou please support the channel by :\\nSubscribe Channel : https://goo.gl/uX9syJ\\nFollow Tweet : https://goo.gl/DskcZm\\nFollow G+ : https://goo.gl/uJd5jr\\nFollow Facebook : https://goo.gl/rcefo2",2018-02-13T00:30:01.000Z,61045,5930,7964,8
MX,VANDA N0 QUI3R3 A LUISFER D3 AM0R0S0 || #fuera,nath mu,People & Blogs,[none],"",2018-03-14T15:32:37.000Z,6090,6,7,0
MX,EL INE DESPERTÓ AL MÉXICO BRONCO  !!,fejevi fejevi,Entertainment,"\"INE desperto mexico bronco|\"\"jaime rodriguez calderon\"\"|\"\"el bronco\"\"|\"\"INE incompetente\"\"|\"\"el bronco fuera contienda electoral\"\"|\"\"meade\"\"|\"\"jose antonio meade\"\"|\"\"amlo\"\"|\"\"lopez obrador\"\"|\"\"peña nieto\"\"|\"\"ricardo anaya\"\"|\"\"fejevi\"\"\"",EL INE YA HUELE MAL  !!!\n------------------------------------------------------------------------------------------------------------\nSuscríbete dale Click aquí  Gracias!! \n Subscribe Click Here Thanks !! \n https://www.youtube.com/user/fejevipo?sub_confirmation=1&feature=iv&src_vid=tDqswzR-du0&annotation_id=annotation_4075764779\n------------------------------------------------------------------------------------------------------------\nDailymotion     https://dailymotion.com/fejevipo\nFacebook          https://www.facebook.com/lococovideos\nCollection         https://plus.google.com/collection/oAXGkB\nYoutube           https://www.youtube.com/c/fejevifejevi/videos\nGoogle Plus      https://plus.google.com/+fejevifejevi\nTwitter              https://twitter.com/fejevipo       @fejevipo\n------------------------------------------------------------------------------------------------------------\nMUSIC\nIntro\nPresent Standard by Silent Partner\nFrom Youtube Audio Library Free Music,2018-03-17T21:18:07.000Z,6064,56,159,136
MX,Fan besa en la boca a Cristiano Ronaldo ¡y CR7 enfurece!,Los Capitanes HD,Entertainment,"\"Fan|\"\"besa\"\"|\"\"besa en la boca\"\"|\"\"Cristiano Ronaldo\"\"|\"\"CR7\"\"|\"\"enfurece\"\"\"","",2018-03-27T20:51:57.000Z,60309,150,211,68
MX,La reacción de Messi al ver el golazo de chilena de Cristiano Ronaldo ante la Juventus en Turín,New Soccer,Sports,La reacción de Messi al ver el golazo de chilena de Cristiano Ronaldo ante la Juventus en Turín,TAGS:\nLa reacción de Messi al ver el golazo de chilena de Cristiano Ronaldo ante la Juventus,2018-04-04T15:36:19.000Z,600393,644,917,538
MX,INCREIBLE! ESTO FUE LO QUE DIJO JORGE VERGARA DE RODOLFO PIZARRO TRAS INSULTAR AL AMERICA!,Ricky Futbol,Sports,"\"chivas noticias|\"\"rodolfo pizarro\"\"|\"\"jorge vergara\"\"|\"\"rodolfo pizarro noticias\"\"|\"\"rodolfo pizarro chivas\"\"|\"\"rodolfo pizarro insulta al america\"\"|\"\"america noticas\"\"|\"\"chivas 2018\"\"|\"\"rodolfo pizarro nuevo equipo\"\"|\"\"rodolfo pizarro multa\"\"|\"\"rodolfo pizarro a europa\"\"|\"\"rodolfo pizarro insulta al ame\"\"|\"\"miguel herrera insulta a pizarro\"\"|\"\"chivas novedades\"\"|\"\"chivas\"\"|\"\"america cf\"\"|\"\"herrera habla de pizarro\"\"\"",INCREIBLE! ESTO FUE LO QUE DIJO JORGE VERGARA DE RODOLFO PIZARRO TRAS INSULTAR AL AMERICA!,2018-04-28T14:05:57.000Z,59978,83,86,102
MX,#ProudToCreate: Pride 2018,YouTube Spotlight,Entertainment,"\"#Pride|\"\"#ProudToCreate\"\"|\"\"#ProudToBe\"\"|\"\"#ProudToLove\"\"|\"\"#Pride2018\"\"|\"\"Pride\"\"|\"\"Pride 2018\"\"|\"\"#PrideMonth\"\"|\"\"Adam Rippon\"\"|\"\"Tyler Oakley\"\"|\"\"Janelle Monae\"\"|\"\"Lena Waithe\"\"|\"\"PatrickStarrr\"\"|\"\"ConnerFranta\"\"|\"\"MyHarto\"\"|\"\"Jay Versace\"\"|\"\"Mykki Blanco\"\"|\"\"Big Freedia\"\"|\"\"ASAPScience\"\"|\"\"Hayley Kiyoko\"\"|\"\"Team2Moms\"\"|\"\"TodrickHall\"\"|\"\"Sasha Velour\"\"|\"\"Peppermint\"\"|\"\"Alexis Michelle\"\"|\"\"Aja Kween\"\"|\"\"LGBTQ\"\"|\"\"LGBTQPride\"\"|\"\"youtube\"\"|\"\"proud\"\"|\"\"trans\"\"|\"\"queer\"\"|\"\"lesbian\"\"|\"\"gay\"\"|\"\"pride\"\"\"","You don't just imagine a better future – you create it. This Pride Month, we're celebrating LGBTQ voices that shape our world – past, present, and future. To read more, please visit our blog: https://youtube.googleblog.com/2018/06/what-are-you-proudtocreate.htmlMusic: “Drop” by Big Freedia, DJ Snake, and DiploSpecial thanks to:A Dazed Film, Bravo NYC - Directed by Aurélien HeilbronnAustralian Broadcasting Corporation Library SalesYoung M.A and her Brooklyn Roots: Noisey Raps | https://youtu.be/QveOY-2eCygMykki Blanco Celebrates Johannesburg’s Born-Free Queer Artists and Activists | https://youtu.be/6AXWQT486_E Curtis Blair - Beauty is Confidence - Director; Marissa Baklayan - ModelSHHE 'Eyes Shut': A Dazed Film - Directed by Harry Clark @harryclarkphotography - Music by SHHE @shhemusic - Performed by James Southward @jimbz1 and Francesco Ferrari Queer Couple Reveal the Key to Modern Marriage and Happiness | https://youtu.be/ymoB2YMoNac Interrupt This Program/CBC ArtsThe New YorkerNBC Universal Archives; Ballez Company, Katy Pyle - Artistic Director; Jules Skloot - DancerDJ Mitch Ferrino; C.L.A.T - ProducerQueer (Self) Portrait/CBC ArtsGlamour MagazineLOVERBOY: Charles Jeffrey Takes New York’s Underground Queer Club Scene | https://youtu.be/VECiJoBu0h8 i-D Meets: Troye Sivan | https://youtu.be/uPJ6NT2RXk4",2018-06-07T19:08:51.000Z,597669,29784,71624,55110
MX,Andrea Legarreta SE ENREDA al EXPLICAR LAS CRÍTICAS al NUEVO HOY,Zhows,Entertainment,"\"hoy|\"\"programa hoy\"\"|\"\"nuevo hoy\"\"|\"\"hoy lo haces tu\"\"|\"\"#hoyloghacestu\"\"|\"\"andrea legarreta\"\"|\"\"se enreda\"\"|\"\"andrea legarreta se enreda\"\"|\"\"explica las críticas al nuevo hoy\"\"|\"\"críticas al nuevo hoy\"\"|\"\"critican al nuevo hoy\"\"|\"\"explica las críticas\"\"|\"\"andrea legarreta críticas\"\"|\"\"andrea legarreta explica criticas\"\"|\"\"le llueven críticas al nuevo hoy\"\"|\"\"lapidada en criticas\"\"|\"\"nuevo hoy criticado\"\"|\"\"nuevo hoy comentarios\"\"|\"\"zhows\"\"\"",Andrea Legarreta explica que en el nuevo HOY están en proceso de adaptación y que ésto ocurre con todas las nuevas producciones.,2018-03-14T20:16:13.000Z,59607,97,152,63
MX,Agónico triunfo del PSV con gol de último minuto,futbol cracks,Sports,[none],Suscríbete,2017-11-19T16:02:51.000Z,59411,46,69,16
MX,El Último Mensaje del Acróbata Yann Arnaud Antes de su Trágica Muerte en el Cirque du Soleil,Nacho Gomez,News & Politics,"\"cirque du soleil|\"\"el ultimo mensaje del acrobata\"\"|\"\"yann arnaud\"\"|\"\"acrobata fallece\"\"|\"\"acrobata yann arnaud\"\"|\"\"acrobata yann arnaud fallece\"\"|\"\"ultimo mensaje antes de su muerte\"\"\"","El experimentado acróbata Yann Arnaud falleció el sábado por la noche tras un sufrir un accidente durante una arriesgada presentación de Cirque du Soleil en Tampa, Florida.\\n\\nArnaud estaba agarrado con su mano derecha a una cinta a unos 4 metros de altura cuando, repentinamente, cayó. En el video se puede ver el trágico momento y cómo el espectáculo se detiene inmediatamente para que los profesionales médicos pudieran atender al artista.\\n\\nCon inmensa tristeza informamos que un trágico accidente ocurrió anoche, el 17 de marzo, durante una presentación de su espectáculo 'Volta' en Tampa, Florida, indicó la compañía.\\n\\nEn el momento de la terrible caída, Arnaud y su compañero realizaban una rutina compleja aérea en la que se balanceaban sobre el escenarios sostenidos por un acuerda. \\n\\nEl especialista, que vivía en Miami con su familia, fue llevado al hospital Tampa General, donde luego falleció producto de las graves heridas, confirmó el centro médico.\\n\\nHoras antes de morir, Arnaud compartía con orgullo y emoción en Instagram que la presentación a dúo con Pawel Walczewski se iba a realizar con público.\\n\\nDespués de tanto trabajo y entrenamiento y puesta en escena, nuestro acto de dúo de correas finalmente estará en el show de esta noche, expresaba en su post, que tras el fatal accidente, se convirtió en el espacio que muchos usuarios eligieron para despedirlo.\\n\\nSegún su perfil de Facebook, Arnaud, de 38 años, era de Champigny-sur-Marne, Francia, , pero vivía en los Estados Unidos. Estaba casado con Inna Gorelova y tenía una hija.\\n\\nLa familia entera del Cirque du Soleil está impactada y devastada por esta tragedia. Yann ha estado con nosotros por más de 15 años y era querido por todos lo que tuvieron la oportunidad de conocerlo, indicó el presidente y CEO de la empresa, Daniel Lamarre.\\n\\nCirque du Soleil señaló además que está ofreciendo colaboración plena y transparente a las autoridades a medida que investigan las circunstancias de este accidente.",2018-03-19T03:19:40.000Z,5939,4,7,2
MX,"LO QUE VEREMOS EN EL CAPITULO 30 DE POR AMAR SIN LEY, 23 DE MARZO VIERNES",Mexico TV,Entertainment,"\"LO QUE VEREMOS EN EL CAPITULO 30 DE POR AMAR SIN LEY|\"\"23 DE MARZO VIERNES\"\"|\"\"lo que veremos en por amar sin ley\"\"|\"\"viernes 23 de marzo\"\"|\"\"avances del 23 de marzo por amar sin ley\"\"|\"\"avances narradso\"\"|\"\"avances narrados del capitulo 30\"\"|\"\"por amar sin ley\"\"|\"\"alejandra termina con carlos\"\"\"","LO QUE VEREMOS EN EL CAPITULO 30 DE POR AMAR SIN LEY, 23 DE MARZO VIERNES",2018-03-23T05:04:17.000Z,59230,32,42,3
MX,Margarita Zavala en la mesa de Despierta con Loret - Despierta con Loret,Noticieros Televisa,News & Politics,"\"INE|\"\"Margarita Zavala\"\"|\"\"aspirante a una candidatura presidencial independiente\"\"|\"\"Candidata independiente\"\"|\"\"Ricardo Anaya\"\"|\"\"Firmas electrónicas\"\"|\"\"Elecciones 2018\"\"|\"\"PAN\"\"|\"\"PRD\"\"|\"\"AMLO\"\"|\"\"Andrés Manuel López Obrador\"\"|\"\"José Antonio Meade\"\"|\"\"Jaime Rodríguez Calderón\"\"|\"\"El Bronco\"\"|\"\"Felipe Calderón\"\"|\"\"Adopción entre parejas del mismo sexo\"\"|\"\"Matrimonio entre personas del mismo sexo\"\"|\"\"Matrimonio entre homosexuales\"\"|\"\"Legalización de la Marihuana\"\"|\"\"Marihuana\"\"|\"\"Estado laico\"\"|\"\"Interrupción del embarazo\"\"|\"\"Donald Trump\"\"\"","Margarita Zavala, aspirante a una candidatura presidencial independiente, en la mesa de Despierta con Loret.\\n\\nSuscríbete aquí: http://bit.ly/2aXfDay\\n\\nSíguenos también en:\\nFacebook: http://bit.ly/2faLJ2A\\nTwitter: http://bit.ly/2fyP1cY\\nInstagram: http://bit.ly/2fUXzPR\\nMedium: http://bit.ly/2faPjtw\\nGoogle+: http://bit.ly/2b6T1Al",2018-02-20T17:46:05.000Z,5919,51,122,126
MX,Paty Chapoy presenta a la nueva conductora de Ventaneando,Yo Informativo,People & Blogs,"\"Paty chapoy|\"\"atala sarmiento\"\"|\"\"ventaneando\"\"|\"\"Pedro sola\"\"|\"\"Daniel bisogno\"\"|\"\"choco\"\"|\"\"castañeda\"\"|\"\"en vivo\"\"|\"\"exclusiva\"\"|\"\"inedito\"\"|\"\"2018\"\"\"","Ella es el reemplazo de Atala Sarmiento, y así la presentó Paty Chapoy en el programa de Ventaneando.\\n\\nYo Informativo ¡Suscribete!\\nFuente: Facebook Ventaneando Oficial",2018-04-04T00:49:29.000Z,5897,14,35,32
MX,se filtra adelanto del exatlon mexico,VideosTrendy,People & Blogs,"\"ana lago|\"\"daniel corral adelantado spoilers\"\"|\"\"spoilers\"\"|\"\"adelanto del exatlon mexico\"\"|\"\"exatlon\"\"|\"\"rommel\"\"|\"\"los famosos\"\"|\"\"contendientes\"\"|\"\"nano\"\"|\"\"maky\"\"\"",EXATLON ES UN PROGRAMA MEXICANO TRASMITIDO POR TV AZTECA DONDE COMPITEN DOS GRUPOS UNO LLAMADO FAMOSOS DE COLOR ROJO Y OTROS CONTENDIENTES DE COLOR AZUL\n\nEN EL EQUIPO DE  LOS FAMOSOS QUEDAN:\n\nANA LAGO\nROMMEL PACHECO\nHIJO DE OCTAGON\nDANIEL CORRAL\nPIKOLIN\nKENIA\n\n\nEN EL EQUIPO DE LOS CONTENDIENTES QUEDAN:\n\nERNESTO CAZARES\nOSCAR\nNANO\nPASCAL\nDORIS\nANTONIETA\nMACKY,2017-12-18T02:09:18.000Z,58619,55,159,51
MX,ESTO ERA LO QUE COSTABA LA CAMISA QUE TRAIA PUESTA EL P1R4TA DE CUL1AC4N,Detrás De Los Famosos,Entertainment,"\"NOTICIAS|\"\"FARANDULA\"\"|\"\"ESPECTACULOS\"\"|\"\"POPOTITO\"\"|\"\"KARLA LUNA\"\"|\"\"KARLA PANINI\"\"|\"\"AMERICO GARZA\"\"|\"\"OSCAR BURGOS\"\"|\"\"LAS LAVANDERAS\"\"|\"\"MUSICA DE KARLA LUNA\"\"|\"\"JUAN LUIS LAGUNAS ROSALES\"\"\"","This video is protected by Copyright©\\nThe copyright protects the image, quality, audio and video cover.\\nDon´t try uploading our videos.\\n---------------------------------------------------------------------------------------------------\\n¡Síguenos en nuestras redes sociales!\\nFacebook: https://www.facebook.com/DetrasDeLosFamososOficial/\\nTwitter: https://twitter.com/DDLF_TV\\n¡No olvides suscribirte al canal y activar la campanita!",2017-12-22T20:42:26.000Z,58556,114,120,30
MX,ASI SE BAILA EL VALS EN EL 2018,VIDEOS VIRALES,Entertainment,"\"univision|\"\"telemundo\"\"|\"\"televisa\"\"|\"\"tv azteca\"\"|\"\"virales\"\"\"",JaJaJa ¿Quinceñeras apoco no sueñan con una vals asi?,2018-03-11T22:00:25.000Z,58434,441,661,450
MX,POR ESTO MATARON A  {MR. YOSIE LOKOTE}/ ALIAS EL CHOLO / ¿CULPABLE?,ZCRAK ONE  RB,Music,"\"¿Que fue lo que paso?|\"\"MU3R3 MR. YOSIE LOKOTE / ASESINADO MR.YOSIE\"\"|\"\"MU3RT3 DE MR YOSIE LOKOTE / MENSAJE AMENAZANTE\"\"|\"\"REMIK GONZALEZ CONFIRMA MU3RT3 DE MR.YOSIE LOKOTE\"\"|\"\"Muere mister yosie lokote exponente del gansta rap mexicano\"\"|\"\"Muere mr yosie lokote Remik abla de su muerte santa grifa da pesame\"\"|\"\"(Q\"\"|\"\"D) Ramon Conchas Velazquez (Mr. Yosie Lokote\"\"|\"\"ASÍ SE DESPIDE DE MR YOSIE LOKOTE REMIK GONZALEZ |\"\"|\"\"TALENTO URBANO\"\"|\"\"SANTA VERBAL\"\"\"","ESTE ViDEO ES  CON EL FiN DE MANTENER ENTERADO AL PUBLiCO DE LA TERRiBLE MUERTE DEL RAPERO  QUE EN PAZ \\nDESCANSE UN GRAN VOCalista  LO DE ARRiBA BANDiTA ERA JALiSCO NUEVA GENERACiON\\n\\nBANDA AQUi LE TRAiGO ESTE ViDEO CON UN POCO DE iNFORMACiON DE LA MUERTE DEL RAPERO MR. YOSIE LOKOTE\\nSU NOMBRE ERA (Q,E,P,D) Ramon Conchas Velazquez \\n\\nESPERO Y LES GUSTE EL ViDEO \\n\\nMUSiCA {Mega Tronqui3000}\\n\\n                                           {LiNk DEL CANAL} \\nhttps://www.youtube.com/channel/UCl8d7_AJoRXjuDXyeKSV4zg\\nLa canción más triste del mundo (piano)\\n\\nPARTE DEL  ViDEO OFiCiAL DE {SANTA FE kLAN}\\n\\nCANAL OFICIAL {https://www.youtube.com/channel/UC4Ge3cqrdyOszmnJTcMICcg}\\n\\nNOMBRE DE CANSiON {Entrada Sin Salida}\\n\\nLiNk{https://www.youtube.com/watch?v=B02yu8ih-C0}\\n\\n\\n\\n\\n\\nequipo de poduccion -solo en tampico-8332596554 salgo barato\\ndueño de la  Instrumental {Rapness Company}\\nBASE DE RAP- INSTRUMENTAL TUMBADO - PROD; RAPNESS COMPANY\\n\\n Eres mi todo  nombre de la base\\n\\n{ CREDITOS } ---Rapness Company\\n\\nREDES SOCIALES - JESUS MORALES { https://www.facebook.com/profile.php?... }\\n\\n\\nPAGiNA OFiCiAL    https://www.facebook.com/zcrakone/\\n\\nPiDE TU COLABORACiON CONMiGO\\n-8332596554- \\n\\nTALENTO URBANO- CANAL - https://www.youtube.com/channel/UCixZ...\\n\\n\\n\\nno copyright  -verificado-  \\n\\nRecomendamos ver el video en HD \\n\\n\\n\\n\\nvideo de ZCRAK ONE RB su reciente trabajo  en este caso del corte  Mi MENTE  , donde podemos ver el relato musical a través de una historia de amor al rap que un día así se fue, y que nunca mas volvió...\\n\\nEl video fue dirigido por JESUS MORALES , director con gran trayectoría y reconocido por sus trabajos de dirección, realizador de peliculas music\\n\\nFilmado en estudios de STUDIO FILMS  216https://www.youtube.com/channel/UCl8Z... \\n                          -Productora-\\n                                                   \\n                                                  -TAGS-\\n\\ntalento urbano talento urbano talento urbano talento urbano talento urbano talento urbano talento urbano talento urbano talento urbano talento urbano talento urbano talento urbano talento urbano talento urbano talento urbano talento urbano\\nsanta verbal santa verbal santa verbal santa verbal santa verbal santa verbal santa verbal santa verbal santa verbal santa verbal santa verbal santa verbal santa verbal santa verbal santa verbal santa muerte rap santa muerte rap santa muerte rap santa muerte rap santa muerte rap santa muerte rap santa muerte rap santa muerte rap santa muerte rap santa muerte rap santa muerte rap santa muerte rap santa muerte rapsanta muerte rapsanta muerte rap COD{ CREDITOS } ---https://www.youtube.com/user/jecprodu...\\nREDES SOCIALES - JESUS MORALES { https://www.facebook.com/profile.php?... }\\n\\n\\nPAGiNA OFiCiAL    https://www.facebook.com/zcrakone/\\n\\nPiDE TU COLABORACiON CONMiGO\\n-8332596554- \\n\\nTALENTO URBANO- CANAL - https://www.youtube.com/channel/UCixZ...\\n\\n\\n\\n\\nno copyright  -verificado-  \\n\\nRecomendamos ver el video en HD \\n\\n\\n\\n\\nvideo de ZCRAK ONE RB su reciente trabajo  en este caso del corte  Mi MENTE  , donde podemos ver el relato musical a través de una historia de amor al rap que un día así se fue, y que nunca mas volvió...\\n\\nEl video fue dirigido por JESUS MORALES , director con gran trayectoría y reconocido por sus trabajos de dirección, realizador de peliculas music\\n\\nFilmado en estudios de STUDIO FILMS  216https://www.youtube.com/channel/UCl8Z... \\n                          -Productora-\\n                                                   \\n                                                  -TAGS-\\n\\ntalento urbano talento urbano talento urbano talento urbano talento urbano talento urbano talento urbano talento urbano talento urbano talento urbano talento urbano talento urbano talento urbano talento urbano talento urbano talento urbano\\nsanta verbal santa verbal santa verbal santa verbal santa verbal santa verbal santa verbal santa verbal santa verbal santa verbal santa verbal santa verbal santa verbalcomo filmar un videoclip casero {5} pasoscomo filmar un videoclip como filmar 5 pasos\\ncomo filmar  sin estudiocomo filmar  sin estudioEL SANTO GRIFOEL SANTO GRIFO10 consejos para grabar mejores vídeos con tu móvil | Tutorial10 consejos para grabar mejores vídeos con tu móvil | Tutorial     \\nCategoría\\nMúsica",2018-04-20T04:41:04.000Z,58351,152,248,146
MX,La bebeshita pone en su lugar a estas amorosas por no respetar a sus flechados,megustapuescom,Entertainment,"\"TELEVISA|\"\"HOY\"\"|\"\"TV AZTECA\"\"|\"\"chismes\"\"|\"\"espectaculos\"\"|\"\"enamorandonos\"\"|\"\"oskaron\"\"|\"\"vanda\"\"|\"\"juan gabriel\"\"|\"\"luis alberto\"\"|\"\"popotitos\"\"|\"\"fer corona\"\"|\"\"eres tu\"\"|\"\"iriana baeva\"\"|\"\"gabriel soto\"\"|\"\"geraldine bazán\"\"|\"\"marjorie de sousa\"\"|\"\"julian gil\"\"\"","Copyright Disclaimer Under Section 107 of the Copyright Act 1976, allowance is made for fair use for purposes such as criticism, comment, news reporting, teaching, scholarship, and research. Fair use is a use permitted by copyright statute that might otherwise be infringing. Non-profit, educational or personal use tips the balance in favor of fair use\\n© Image ~\\n© Video ~\\n© Song ~\\n© interprete ~\\n\\n------------------------------------------------------------------------------------------------------\\nBienvenidos a Megustapues Networks no olvides nuestro canal VayaInteresante: https://www.youtube.com/channel/UC8sUkix7krBuM7bD3JDnxkg y nuestras redes sociales:\\n\\nhttps://www.facebook.com/megustapues\\nhttps://www.facebook.com/vayainteresante",2018-03-10T01:08:36.000Z,5822,6,7,4
MX,Juan José Origel pisa otra vez el foro de Ventaneando,Ventaneando,Entertainment,"\"Ventaneando|\"\"Aniversario\"\"|\"\"Espectáculos\"\"|\"\"Tv Azteca\"\"|\"\"Azteca uno\"\"|\"\"especial\"\"|\"\"entrevistas\"\"|\"\"Juan José Origel\"\"|\"\"Pepe Origel en Ventaneando\"\"|\"\"Paty Chapoy\"\"|\"\"Atala Sarmiento\"\"|\"\"Daniel Bisogno\"\"|\"\"Pedrito sola\"\"|\"\"La Choco\"\"|\"\"Monica Castañeda\"\"\"","Juan José Origel comparte con nosotros su historia en Ventaneando y revive su salida del programa.\\n\\nVisita el Sitio Oficial de Ventaneando: http://www.aztecauno.com/ventaneando\\n\\nVentaneando, programa de TV Azteca conducido por Pati Chapoy con Daniel Bisogno, Atala Sarmiento, La Choco, Mónica Castañeda y Pedro Sola con lo mejor del mundo del espectáculo.\\n\\n#Ventaneando",2018-01-21T05:19:58.000Z,580060,517,669,155
