country,title,channel_title,category,tags,description,publish_time,views,likes,dislikes,comment_count
FR,La grand-mère de Laeticia Hallyday retrouvée par Closer,Les News,News & Politics,"\"laura smet et laeticia\"\"|\"\"laeticia et laura\"\"|\"\"johnny hallyday‬\"\"|\"\"‪laura smet‬\"\"|\"\"‪david hallyday‬\"\"|\"\"‪laeticia hallyday‬\"\"|\"\"jade hallyday\"\"|\"\"laeticia\"\"|\"\"laura\"\"|\"\"testament de johnny hallyday\"\"|\"\"david\"\"|\"\"johnny\"\"|\"\"#youtube\"\"|\"\"lesnews\"\"|\"\"laura et david\"\"|\"\"david et laura\"\"|\"\"pourquoi laeticia\"\"|\"\"pourquoi laura\"\"|\"\"heritage de johnny\"\"|\"\"pourquoi johnny\"\"|\"\"sylvie vartan\"\"|\"\"laeticia hallyday a los angeles\"\"|\"\"album de johnny\"\"|\"\"mamie rock\"\"|\"\"fille de johnny\"\"|\"\"elyette boudou\"\"|\"\"aeticia et sylvie\"\"|\"\"hommage a johnny\"","La grand-mère de Laeticia Hallyday retrouvée par Closer\\n#laura , #johnny ,#nathalie , #david , #laeticia #johnnyhallyday , #sylvie \\nCloser a retrouvé Mamie Rock, la grand-mère de Laeticia Hallyday, photographiée en train de faire ses courses à Marseillan, dans l’Héraut, sa base.\\nLa grand-mère, venait de s’acheter un nettoyant faveur précise l’hebdomadaire people, qui revient longuement sur son parcours.La grand-mère, venait de s’acheter un nettoyant faveur précise l’hebdomadaire people, qui revient longuement sur son parcours.\\nCloser rappelle qu’avant de prendre la tête de plusieurs sociétés pour gérer les affaires de Johnny Hallyday, la dame s’occupait d’un restaurant avec son mari.\\n\\nDans quelques jours, une fois qu’elle aura subi quelques examens, elle devrait rejoindre sa petite-fille à Los Angeles.\\n\\nSur France 2 il y a peu, Sylvie Vartan avait lancé une pique à Mamie Rock....\\nMerci beaucoup d'avoir regardé!\\nSi vous aimez les vidéos, accédez-y et partagez-les avec vos amis.\\nSi vous souhaitez plus de nouvelles, abonnez-vous à la chaîne!\\nCLIQUEZ ICI POUR INSCRIRE: https://goo.gl/58uDJL",2018-03-11T15:35:28.000Z,13511,20,39,35
FR,Robert Ménard violemment chahuté à son arrivée à St-André-de-Cubzac,France 3 Nouvelle-Aquitaine,News & Politics,"\"France 3 Nouvelle-Aquitaine\"|\"France Télévisions\"|\"France 3\"|\"Nouvelle-Aquitaine\"|\"politique\"",Un rassemblement a été organisé ce samedi matin à Saint-André-de-Cubzac (33) pour protester contre la venue du maire de Béziers devant participer à un débat sur le rapprochement droite-extrême droite dans le nord Gironde. Il a violemment été bousculé dès son arrivée en début d'après-midi.Toute l'actualité en Nouvelle-Aquitaine ► http://france3-regions.francetvinfo.fr/nouvelle-aquitaine/Rejoignez notre communauté Facebook►https://www.facebook.com/France3Aquitaine►https://www.facebook.com/france3limousin/►https://www.facebook.com/France3PoitouCharentes/Suivez-nous sur Twitter ► https://twitter.com/F3Aquitaine► https://twitter.com/F3limousin► https://twitter.com/F3PoitouChtesTéléchargez l'application France 3 Régions► http://bit.ly/1FPo7GaAbonnez-vous à notre newsletter► http://france3-regions.francetvinfo.fr/abonnements/,2018-05-05T16:34:48.000Z,13231,6,31,112
FR,15112017 Question au Gouvernement Meyer Habib - Salah Hamouri,Meyer Habib Officiel,Comedy,Meyer Habib QAG Salah Hamouri,Le Député Meyer Habib interroge le Premier Ministre sur la déclaration du Quai d'Orsay qui espère la libération du terroriste franco-palestinien Salah Hamouri.,2017-11-15T15:31:12.000Z,12648,16,72,51
FR,Décou­vrez le clip de Françoise Hardy qui fait honte à son fils Thomas Dutronc,News France,People & Blogs,"\"Décou­vrez le clip\"|\"de Françoise Hardy\"|\"qui fait honte à\"|\"son fils Thomas Dutronc\"|\"yt:cc=on\"","Sa chan­son va bien­tôt fêter ses 32 ans et pour­tant, Thomas Dutronc ne parvient pas à l’ou­blier. Sur le plateau de C à vous, Françoise Hardy a eu droit à une jolie piqûre de rappel de la part de son fils…",2018-05-03T17:59:21.000Z,12634,14,20,1
FR,"Questions-Réponses : J. KABILA face à la presse, parle des marches et des journalistes médiocres",CleboaPointCom News,Gaming,"\"cleboa.com\"\"|\"\"Joseph KABILA\"\"|\"\"PPRD\"\"|\"\"CENCO\"\"|\"\"Cardinal MONSENGWO\"",Abonnez-vous sur nos chaines sur Youtube!\nTéléphone :  00 33 62 780 8565 / 00 46 73 891 2628\nFacebook (groupe) : CleboaPointCom\nFacebook (Page) :  RdCongo Infos,2018-01-26T17:41:50.000Z,12623,32,150,126
FR,BA VERITES SUR KI-COLLABO YA ELIEZER TAMBWE NA DANIEL SAFU EBIMI BALIE MBONGO YA MOISE KATUMBI??,congofrance,News & Politics,"\"KABILA\"\"|\"\"FELIX TSHISEKEDI\"\"|\"\"HERITIER WATANABE\"\"|\"\"WERRASON\"\"|\"\"JB MPIANA\"\"|\"\"MOISE KATUMBI\"\"|\"\"DANIEL SAFU\"\"|\"\"MIKE MUKEBAYI\"\"|\"\"2ieme FILLE DE WERRASON Mi josé A EXPLIQUE\"\"|\"\"KABILA ABIMISI PASSEPORT YA MOISE KATUMBI ITALIEN\"\"|\"\"CLC donne un ultimatum à kabila jusqu'au\"\"|\"\"Réalité Carine Mokonzi Azo Sokola Na Piscine Botala\"\"|\"\"Télé Réalité Ouganda Carine Mokonzi Alakisi Hôtel Azo\"\"|\"\"Kabila azongisi Katumbi nationalité congolaise\"\"|\"\"SCANDALE 40 COMÉDIEN Bakeyi POTO FRANCE\"\"|\"\"Messe de Rameaux 2015 au stade Tata Raphael\"",►ABONNEZ VOUS ICI----► :D http://goo.gl/FhUfb3\nBA VERITES SUR KI-COLLABO YA ELIEZER TAMBWE NA DANIEL SAFU EBIMI BALIE MBONGO YA MOISE KATUMBI??,2018-03-26T14:19:46.000Z,12605,44,57,102
FR,Pourquoi Johnny Hally­day ne voulait pas de Laeti­cia quand il parlait de sa...,SANTÉ ZEVO,Entertainment,"\"pourquoi johnny hally­day\"\"|\"\"ne voulait pas\"\"|\"\"laeti­cia\"\"|\"\"quand il parlait\"\"|\"\"sa ...\"\"|\"\"Pourquoi\"\"|\"\"Johnny\"\"|\"\"Hally­day\"\"|\"\"ne\"\"|\"\"voulait\"\"|\"\"pas\"\"|\"\"de\"\"|\"\"Laeti­cia\"\"|\"\"quand\"\"|\"\"il\"\"|\"\"parlait\"\"|\"\"sa...\"\"|\"\"Pourquoi Johnny Hally­day ne voulait pas de Laeti­cia quand il parlait de sa...\"",Pourquoi Johnny Hally­day ne voulait pas de Laeti­cia quand il parlait de sa...,2018-03-21T15:19:30.000Z,12556,16,36,13
FR,"Bruck Dawit, le dernier compa­gnon de France Gall : comment il l’a aidée à faire vivre réper­toire",Zapping TV Video,Entertainment,"\"Bruck Dawit\"\"|\"\"France Gall\"\"|\"\"réper­toire de Michel Berger\"\"|\"\"France Gall rencontre Brick Dawit\"\"|\"\"Michel Berger\"\"|\"\"michel berger\"\"|\"\"nouvelles\"","de Michel Berger\\n#nouvelles\\nFrance Gall rencontre Brick Dawit, ingé­nieur du son et arran­geur, en 1995. Pendant plus de 20 ans, celui-ci s'est montré un soutien indé­fec­tible de la chan­teuse et l'a aidée à garder vivant le patri­moine musi­cal de Michel Berger.\\n****************************************************************\\nDISCLAIMER: \\nUnder Section 107 of the Copyright Act 1976, allowance is made for fair use for purposes such as criticism, comment, news reporting, teaching, scholarship, and research. Fair use is a use permitted by copyright statute that might otherwise be infringing. https://en.wikipedia.org/wiki/Copyright_Act_of_1976\\n****************************************************************",2018-01-08T12:01:52.000Z,12523,4,7,1
FR,"Eddy Mitchell, Salvatore Adamo, Michel Sardou, Laurent Voulzy and more at Johnny Hallyday Funeral",StormShadowCrew,Entertainment,"\"Famous\"\"|\"\"celebrity\"\"|\"\"paparazzi\"\"|\"\"news\"\"|\"\"StormShadow\"\"|\"\"johnny hallyday\"","Francois Berleand, Nicolas Sarkozy and Carla Bruni, Valerie Pecresse, François Hollande and Julie Gayet, Orlando, Jean Pierre Raffarin, Sheila, Gad Elmaleh, Claire Chazal, Nagui, Lorie, Michel Drucker, Jean Pierre Elkabbach, Raphael and Melanie Thierry, Eddy Mitchell, Salvatore Adamo, Clotilde Courau\\n, Michel Sardou, Laurent Voulzy, Pascal Obispo\\n, Matthieu Chedid, Nikos Aliagas, Vincent Perez and more attend Johnny Hallyday Funeral at La Madeleine Church in Paris\\nParis, France on Saturday December 9, 2017\\n\\nMore amazing celebrity videos : http://www.youtube.com/user/StormShadowCrew\\n\\n\\n\\n\\n\\nAbout StormShadow -- Famous Celebrity Breaking News 24/7 \\n\\nStormShadow is a direct source for all latest celebrity videos of your favorite singers/actors/models/stars. \\n\\nStormShadow is one of the top celebrity news agency, providing amazing content for TV shows around the world. Since 2006.\\n\\nStormShadow has been bringing all the latest celebrity news, interviews, scoops and candid videos to viewers all around the world. \\n\\nIf you are interested in our content, please contact us by mail: stormshadowvideo@yahoo.fr \\n\\nOr you can call us : \\n\\n+33177118367\\n+33670211087",2017-12-09T20:35:28.000Z,125007,170,225,114
FR,Klem Ennes S06 Episode 35 09-05-2018 Partie 02,Labes Ettounsia,Entertainment,"\"hkayet tounsia\"|\"elhiwar ettounsi\"|\"denya okhra\"|\"oumour jedia\"|\"andi mankolek\"|\"hkeyet tounsia\"|\"oumour jeddya\"|\"karim el gharbi\"|\"dari deco\"|\"360 degrees\"|\"klem ennes\"|\"ma binetna\"|\"liman yajroo fakat\"|\"labes\"|\"labas\"|\"roufiaat al jalssa\"|\"happy nes\"|\"wled mofida\"|\"awled mofida\"|\"maktoub\"|\"el hak maak\"|\"wled moufida\"|\"awled moufida\"|\"لا بــــاس\"|\"اليوم الثامن\"|\"عندي ما نقلك\"|\"مكتوب\"|\"أمور جدّية\"|\"أولاد مفيده\"",► Découvrez ElhiwarEttounsi : https://goo.gl/gxtCTu► Abonnez-vous à la chaîne : https://goo.gl/7yCx7W► Rejoignez-nous sur Facebook: https://goo.gl/sfjrWb► Abonnez-vous sur instagram : https://goo.gl/mTJlTL,2018-05-09T22:32:35.000Z,11982,53,54,46
FR,"L'invitée politique, Aurore Bergé « Je ne me voyais pas faire la campagne de Fillon »",Salut les terriens !,Entertainment,"\"aurore bergé\"\"|\"\"emmanule macron\"\"|\"\"politique\"\"|\"\"balance ton porc\"\"|\"\"feministe\"\"|\"\"c8\"\"|\"\"interview\"\"|\"\"thierry ardisson\"\"|\"\"laurent baffie\"","Dans SLT!, Thierry Ardisson joue avec l’actu du cinéma, de la chanson, du théâtre, du sport, de la mode, de la littérature et des médias, et propose, marque de fabrique oblige, des interviews vérité et des questionnaires personnalisés à ses invités. Des stars T’es au top !, mais aussi des T’es qui\\ntoi ?, ou des « T’étais où ?. Avant « Le Terrien du Samedi Soir !. \\nPour cette 12e saison de « SLT ! », retrouvez tous les samedis, Thierry Ardisson, entouré de ses fidèles chroniqueurs : Laurent Baffie, Stéphane Blakowski, Tom Villa, et, c’est nouveau, Alex Vizorek ! « Les Terriens », l’émission qui n’a peur de rien.",2018-02-27T14:04:55.000Z,11698,23,52,57
FR,"Johnny Hallyday, qui a pris la photo du rockeur dans son cercueil ?",News France,Entertainment,"\"Johnny Hallyday\"\"|\"\"#youtube\"\"|\"\"#francenews\"\"|\"\"yt:cc=on\"","« Linternaute » s’interroge sur la personne qui aurait pris la photo de Johnny Hallyday dans son cercueil et qui la propose pour 200 euros. Cette affaire a \\nSource: https://www.legossip.net/johnny-hallyday-la-photo-rockeur-cercueil/309972/ \\n► Subscribe for more: https://goo.gl/Q1eJ7b \\n======================================= \\nDécouvrez en live l'actualité people en photos et vidéos. Toutes les news et actualités de stars, les meilleurs et les pires look de vos... \\n===============================",2017-12-21T15:01:47.000Z,11666,32,42,2
FR,LA VRAIE RAISON DE LA MORT DE JOHNNY #RIP,AnneSoFruits,Entertainment,"\"vegan\"\"|\"\"végétarien\"\"|\"\"végétalisme\"\"|\"\"éthique\"\"|\"\"animaux\"\"|\"\"cruauté animale\"\"|\"\"bodytime\"\"|\"\"tiboinshape\"\"|\"\"juliana\"\"|\"\"fitness\"\"|\"\"bien\"\"|\"\"être\"\"|\"\"cellulite\"\"|\"\"vergetures\"\"|\"\"beauté\"\"|\"\"makeup\"\"|\"\"avant après\"\"|\"\"musculation\"\"|\"\"protéine\"\"|\"\"atkins\"\"|\"\"paléo\"\"|\"\"nassim\"\"|\"\"sahili\"\"|\"\"cohen\"\"|\"\"abdos\"\"|\"\"fessiers\"\"|\"\"muscle\"\"|\"\"gras\"\"|\"\"grosse\"\"|\"\"maigrir\"\"|\"\"mincir\"\"|\"\"perdre\"\"|\"\"hiit\"\"|\"\"journée dans mon assiette\"\"|\"\"absol\"\"|\"\"SECHE\"\"|\"\"secher\"\"|\"\"hallyday\"\"|\"\"carbone\"\"|\"\"fringale\"\"|\"\"tca\"\"|\"\"boulimie\"\"|\"\"anorexie\"\"|\"\"cancer\"\"|\"\"traitement\"\"|\"\"poids\"\"|\"\"santé\"\"|\"\"fitgirls\"","Cholestérol.\\n† Rip †\\n\\nRecherche référencée\\nIGF-1 et le cancer :\\nhttps://www.ncbi.nlm.nih.gov/pmc/articles/PMC2374537/pdf/83-6691152a.pdf\\nhttps://academic.oup.com/edrv/article/30/1/51/2355011\\nhttps://www.ncbi.nlm.nih.gov/pubmed/19139887\\nhttps://www.ncbi.nlm.nih.gov/pubmed/19142965\\nhttp://cebp.aacrjournals.org/content/11/11/1441\\n\\nCholesterol et cancer :\\nhttps://www.ncbi.nlm.nih.gov/pubmed/21422422\\nhttps://www.ncbi.nlm.nih.gov/pubmed/22867847\\n\\nCholesterol et maladie cardiaque :\\nhttps://www.ncbi.nlm.nih.gov/pmc/articles/PMC3603726/\\nhttps://www.ncbi.nlm.nih.gov/pubmed/15172426\\nhttps://www.ncbi.nlm.nih.gov/pmc/articles/PMC1312295/\\nhttp://circ.ahajournals.org/content/circulationaha/108/22/2757.full.pdf\\n\\nMethionine et cancer :\\nhttps://www.ncbi.nlm.nih.gov/pubmed/8495409\\nhttps://www.ncbi.nlm.nih.gov/pubmed/18789600\\n\\nFer héminique et cancer :\\nhttps://www.ncbi.nlm.nih.gov/pmc/articles/PMC3261306/\\nhttps://www.ncbi.nlm.nih.gov/pubmed/24243555\\n\\nVegan sédentaire CONTRE Marathonien carniste :\\nhttps://www.ncbi.nlm.nih.gov/pubmed/17518696\\n\\n+My tipeee. Merci beaucoup de votre soutien grandissant et des tips qui m'ont été faites jusqu'à présent, que ce soit en tip unique, ou pour un suivi sur mon groupe pour votre transition vegan !\\n+Une Tip de 29EU = une transition sur le groupe avec moi tout spécialement, durant 21 jours de coaching vegan surglucosé :)  :\\nhttps://www.tipeee.com/annesofruits\\n\\n+Pour bénéficier d'un suivi plus privé et par skype, voici mon contact \\nggg.platform@gmail.com\\n\\n+Le Groupe VEGAN le Plus Populaire de la Toile :\\nhttps://www.facebook.com/groups/lessurglucoses/?ref=group_cover\\n\\nCe groupe se destine à :\\n\\n\\n-Ceux qui cherchent à *transitionner* d'une alimentation classique.\\n\\n-Ceux intéressés par un mode de vie Vegan Surglucosé.\\n\\n-Ceux intéressés à perdre, ou prendre du poids\\n\\n-Ceux intéressés à inverser leur trouble alimentaire\\n\\nIl est temps d'assumer notre vision du succès sur un mode de vie 100% Vegan !\\nNous voulons nous concentrer sur cette vision d' idéal...afin de l'atteindre!\\nNous la voulons, nous la pouvons!\\n100% d'éducation : 100% de succès.\\n\\nEmbarquez avec LES SURGLUCOSÉS déjà à bord pour un challenge 21 JOURS VEGAN 100% .\\n\\n\\nLE DISCOURS LE PLUS IMPORTANT DE VOTRE VIE : \\nhttps://www.youtube.com/watch?v=UMBIroMv6lk\\n\\nEARTHLINGS VF : \\nhttps://www.youtube.com/watch?v=FM_wAN2id58\\n\\nMON PARCOURS VERS LE VEGETALISME:\\nhttps://www.youtube.com/watch?v=HHNs9k6A_-Q\\n\\nPOURQUOI JE RECOMMANDE AUTANT DE CALORIES:\\nhttps://www.youtube.com/watch?v=M9gMjiQNCF8\\n\\nFRUITEZ-MOI SUR LES RESEAUX SOCIAUX !\\n\\nFB: https://www.facebook.com/annesofruits/\\nINSTAGRAM: https://www.instagram.com/annesofruits/",2017-12-07T14:31:24.000Z,11617,168,174,330
FR,France : des réductions sur le Nutella provoquent l'hystérie dans des supermarchés,RT France,News & Politics,"\"RT\"\"|\"\"Russia Today\"\"|\"\"RT France\"\"|\"\"actu\"\"|\"\"info\"\"|\"\"actualité\"\"|\"\"France\"\"|\"\"réductions\"\"|\"\"Nutella\"\"|\"\"hystérie\"\"|\"\"supermarchés\"\"|\"\"promotion\"\"|\"\"pâte\"\"|\"\"bousculades\"\"|\"\"altercations\"\"|\"\"consommateurs\"\"|\"\"affaire\"","La promotion, dans plusieurs supermarchés, de la célèbre pâte à tartiner Nutella a provoqué d'impressionnantes bousculades et des altercations entre consommateurs soucieux de ne pas manquer une bonne affaire.\\n\\nAbonnez-vous à la chaîne YouTube de RT France : https://www.youtube.com/user/rtenfrancais\\n\\nRT en français : http://francais.rt.com/\\nFacebook : https://www.facebook.com/RTFrance\\nTwitter : https://twitter.com/rtenfrancais\\nGoogle+ : https://plus.google.com/104396643367936605095/posts",2018-01-26T11:44:45.000Z,11378,34,69,237
FR,Deleted video,RT France,News & Politics,"\"RT\"\"|\"\"Russia Today\"\"|\"\"RT France\"\"|\"\"actu\"\"|\"\"info\"\"|\"\"actualité\"\"|\"\"France\"\"|\"\"réductions\"\"|\"\"Nutella\"\"|\"\"hystérie\"\"|\"\"supermarchés\"\"|\"\"promotion\"\"|\"\"pâte\"\"|\"\"bousculades\"\"|\"\"altercations\"\"|\"\"consommateurs\"\"|\"\"affaire\"","La promotion, dans plusieurs supermarchés, de la célèbre pâte à tartiner Nutella a provoqué d'impressionnantes bousculades et des altercations entre consommateurs soucieux de ne pas manquer une bonne affaire.\\n\\nAbonnez-vous à la chaîne YouTube de RT France : https://www.youtube.com/user/rtenfrancais\\n\\nRT en français : http://francais.rt.com/\\nFacebook : https://www.facebook.com/RTFrance\\nTwitter : https://twitter.com/rtenfrancais\\nGoogle+ : https://plus.google.com/104396643367936605095/posts",2018-01-26T11:44:45.000Z,11378,34,69,237
FR,"SNCF, étudiants, NDDL : la colère gronde - Les questions SMS #cdanslair 13.04.2018",C dans l'air,Entertainment,"\"SNCF\"\"|\"\"ZAD\"\"|\"\"Notre-Dame-des-Landes\"\"|\"\"grève\"\"|\"\"manifestation\"\"|\"\"étudiant\"\"|\"\"Mai 68\"","Cheminots, personnel de santé, étudiants… Les différents mouvements de contestation des réformes d’Emmanuel Macron font cause commune ce vendredi après-midi pour une manifestation interprofessionnelle. Après l’interview du président hier sur TF1, tous veulent montrer qu’ils ne cèderont pas sur leurs revendications.\\n\\nSur TF1, Emmanuel Macron a affirmé qu’il comptait « aller jusqu’au bout » de sa réforme de la SNCF. De leur côté, certains cheminots pensent à prolonger la grève après juin. Certaines gares ont même voté le principe de la grève reconductible chaque jour. A la Gare du Nord par exemple, l’intersyndicale votera quotidiennement pour ou contre une reconduction de la grève le lendemain.\\n\\nDepuis plusieurs semaines, des groupes d’étudiants occupent une quinzaine de facs en France, afin de manifester leur désaccord avec le Plan Etudiant proposé par la ministre de l’Enseignement supérieur. Dans certains établissements, comme à la Sorbonne, les CRS sont intervenus pour les expulser de force. Ces opérations, jugées brutales par une partie de l’opposition, pourraient renforcer le sentiment de défiance des manifestants vis à vis du gouvernement.\\n\\nSur le dossier de Notre-Dame-des-Landes, Emmanuel Macron a également joué la carte de la fermeté. Depuis une semaine, des affrontements, parfois violents, opposent les zadistes et les forces de l’ordre qui cherchent à les déloger. Ce matin, la préfète de Loire-Atlantique Nicole Klein a assuré que les expulsions étaient terminées. Elle donne aux zadistes jusqu’au 23 avril pour déclarer les projets qu’ils souhaitent mettre en place sur la zone.\\n\\n\\n\\nA l’image de mai 68, y aura-t-il un mai 2018 ? Le gouvernement acceptera-t-il de céder un peu de terrain aux revendications des manifestants ? Pourquoi les négociations n’aboutissent à aucun accord ?\\n\\n\\n\\nInvités : \\n\\n- Roland CAYROL, politologue - Cetan\\n- Jérôme FOURQUET, directeur du département Opinion de l’institut de sondages IFOP\\n- Gilles DANSART, journaliste spécialiste du transport ferroviaire - Directeur de «Mobilettre »\\n- Fanny GUINOCHET, journaliste à l’Opinion, vous êtes spécialiste des questions économiques et sociales.\\n\\nRetrouvez-nous sur :\\n| Notre site : http://www.france5.fr/emissions/c-dan...\\n| Facebook : https://www.facebook.com/Cdanslairf5/\\n| Twitter : https://twitter.com/Cdanslair\\n\\nPas un événement important qui ne soit évoqué, expliqué et analysé dans C dans l’air. \\nTout au long de la semaine, les deux journalistes donnent les clés pour comprendre dans sa globalité un événement ou un sujet de première importance, en permettant aux téléspectateurs d'intervenir dans le débat ou de poser des questions par SMS ou Internet. Caroline Roux est aux commandes de l'émission du lundi au jeudi et Bruce Toussaint prend le relais le vendredi et le samedi.\\n\\nDiffusion : tous les jours de la semaine à 17 h 45\\nRediffusion : tous les jours de la semaine à 22 h 30\\n\\nFormat : 65 minutes\\nPrésentation : Bruce Toussaint, Caroline Roux et Axel Tarlé\\nRéalisation : Pascal Hendrick, Jean-François Verzele et Jacques Wehrlin\\nProduction : France Télévisions/Maximal Productions",2018-04-13T17:11:41.000Z,11371,30,40,0
FR,L'avocat Alain Jakubowicz défend le suspect de l'affaire Maëlys face à Ruth Elkrief,Carlo Pillois,News & Politics,[none],"",2017-12-04T19:09:03.000Z,11227,16,61,118
FR,SAINTHY A PUBLIER CARINE MOKONZI 💔💔💔,La grande dame,Entertainment,[none],Chacun de nous a dû au moins une fois dans sa vie aimer puis détester une même personne.,2018-02-10T18:02:14.000Z,11141,27,54,16
FR,Greg Guillotin avoue avoir truqué sa caméra cachée !,Actu Médias,People & Blogs,"\"Greg Guillotin\"\"|\"\"TPMP\"\"|\"\"caméra caché\"\"|\"\"Cyril Hanouna\"\"|\"\"truqué\"\"|\"\"avoue\"",Greg Guillotin avoue avoir truqué sa caméra cachée !,2018-03-12T20:34:35.000Z,11125,36,46,35
FR,Laurent Ruquier détruit Sylvie Vartan et diffuse une séquence CHOQUANTE pour les fans dans ONPC,Les News,News & Politics,"\"laura smet et laeticia\"\"|\"\"laeticia et laura\"\"|\"\"johnny hallyday‬\"\"|\"\"‪laura smet‬\"\"|\"\"‪david hallyday‬\"\"|\"\"‪laeticia hallyday‬\"\"|\"\"jade hallyday\"\"|\"\"laeticia\"\"|\"\"laura\"\"|\"\"testament de johnny hallyday\"\"|\"\"david\"\"|\"\"johnny\"\"|\"\"#youtube\"\"|\"\"lesnews\"\"|\"\"laura et david\"\"|\"\"david et laura\"\"|\"\"pourquoi laeticia\"\"|\"\"pourquoi laura\"\"|\"\"heritage de johnny\"\"|\"\"pourquoi johnny\"\"|\"\"sylvie vartan\"\"|\"\"laeticia hallyday a los angeles\"\"|\"\"album de johnny\"\"|\"\"mamie rock\"\"|\"\"sylvie vartan et laeticia\"\"|\"\"laeticia hallyday et sylvie\"\"|\"\"laurent ruquier\"\"|\"\"onpc\"","Laurent Ruquier détruit Sylvie Vartan et diffuse une séquence CHOQUANTE pour les fans dans ONPC\\n#johnny , #laeticia , #david , #laura ,#johnnyhallyday ,#sylvie , #hallyday\\nMerci beaucoup d'avoir regardé!\\nSi vous aimez les vidéos, accédez-y et partagez-les avec vos amis.\\nSi vous souhaitez plus de nouvelles, abonnez-vous à la chaîne!\\nCLIQUEZ ICI POUR INSCRIRE: https://goo.gl/58uDJL",2018-03-05T17:03:11.000Z,11122,36,80,57
FR,Bakangi patsho rfi na parquet ya matete lelo mardi,Fimbu na fimbunews,Comedy,[none],"",2018-03-20T16:29:55.000Z,11082,47,67,122
FR,"Laeticia et David Hallyday, règlement de compte aux funérailles",Actualités 24h,News & Politics,"\"David Hallyday\"\"|\"\"Laeticia Hallyday.\"","Des petites incompréhensions marquant les relations entre Laeticia Hallyday et les ainés de Johnny Hallyday, c’est au tour de « Ici Paris » d’en faire état. \\n\\n\\nMerci beaucoup d'avoir regardé! \\nSi vous aimez les vidéos, accédez-y et partagez-les avec vos amis. \\nSi vous souhaitez plus de nouvelles, abonnez-vous à la chaîne! \\nCLIQUEZ ICI POUR INSCRIRE: https://goo.gl/FNgJct \\n==================================================",2017-12-20T15:47:50.000Z,10880,18,24,1
