country,title,channel_title,category,tags,description,publish_time,views,likes,dislikes,comment_count
JP,私『大手の子会社に就職決まった』友人「子会社？」私『』→友人「大手会社に就職決まった。下請け頑張ってね～」私『』→距離を置いていたが…,スカッとDQN返し ほのぼのストーリー！！【泣けます(;_;)】,Entertainment,"\"DQN返し|\"\"修羅場\"\"|\"\"スカッとDQN返しほのぼのストーリー！！【泣けます(;_;)】\"\"|\"\"UC5vrk8aYZpao0RZtfwf6nZg\"\"|\"\"GJ\"\"|\"\"キチ\"\"|\"\"子会社\"\"|\"\"下請け\"\"\"",私『大手の子会社に就職決まった』友人「子会社？」私『』→友人「大手会社に就職決まった。下請け頑張ってね～」私『』→距離を置いていたが…同僚達と予約をとって名物料理を食べに行く事になった。A「蕎麦屋に行こうよ！」皆「イヤ」A「テヘッ予約取り消しちゃったw」 https://www.youtube.com/watch?v=hngER3D1L5U【ビックリ】我が家で焼きそばを作った。→私「私の分は烏龍茶でお願い～」旦那「えっ！？」私「え？」 https://www.youtube.com/watch?v=nDvXo0hy1q4嫁と喧嘩した。嫁「緑の紙どうしたの？」俺「出したよ？」→嫁「お母さん達に叱ってもらうからね！」 https://www.youtube.com/watch?v=1eSC6nDkWbsFacebook ページはコチラ　↓https://www.facebook.com/Kandou-3-1071175739605826/Twitterはコチラ　↓https://twitter.com/mimorin2修羅場系のお話の中で、ちょっと泣ける、スカッとして、感動して、胸がスーとする短編記事や、ほのぼのして心あたたまる 、ちょっといいお話を配信していきます。DQN返しのおはなしもありますよ。,2018-06-02T13:00:01.000Z,27962,37,43,8
JP,運動音痴、全力で踊る【Fortniteエモートやってみた】,てんちむCH/ tenchim,Entertainment,"\"てんちむ|\"\"メイク\"\"|\"\"モンスト\"\"|\"\"FPS\"\"|\"\"BF1\"\"|\"\"BO3\"\"|\"\"COD\"\"\"",アパレルブランドCHECK IT!:http://www.joint-space.co.jp/checkit/ふぁんくらぶ:https://fanicon.net/fancommunities/50ゲームCH:https://www.youtube.com/channel/UCvWHrKGNCgiPrV4OAUKIS8gサブチャン:https://www.youtube.com/channel/UCohbSSgb3koPs_M4q7s_ncAてんちむラインスタンプ：https://store.line.me/stickershop/product/1728325ラインスタンプ２：https://store.line.me/stickershop/product/1795820/ja?from=stickerライン着せ替え：https://store.line.me/themeshop/product/788250d1-6db6-4612-899b-bad57092a200/jaTwitter：https://twitter.com/tenchim_1119BGM素材:http://musmus.main.jp,2018-05-16T10:17:17.000Z,278002,3117,3777,1395
JP,TOKIO　4人で記者会見　号泣　松岡　頭を丸め会見,ひりこチャンネル,Entertainment,"\"TOKIO|\"\"山口達也\"\"|\"\"松岡昌宏\"\"|\"\"ジャニーズ\"\"|\"\"ヒリコ\"\"|\"\"ベーソク\"\"\"",月に女子高生に対する強制わいせつ容疑で書類送検された人気グループ「ＴＯＫＩＯ」の山口達也さん（４６）＝起訴猶予処分＝の問題を受け、リーダーの城島茂さんをはじめ、国分太一さん、松岡昌宏さん、長瀬智也さんの他のメンバー４人による記者会見が２日、東京都内で始まった,2018-05-02T06:13:14.000Z,27650,14,25,12
JP,【TEL人生相談】加藤諦三 大迫恵美子◆大迫節炸裂！ご主人はあなたといて楽しくないんですYO！,ザ・TEL人生相談まとめ,Entertainment,"\"ザ・TEL人生相談まとめ|\"\"UCqr-FE4lB2ePQ4T9SSvqCGQ\"\"|\"\"人生相談\"\"|\"\"TEL人生相談\"\"|\"\"人生\"\"|\"\"相談\"\"|\"\"加藤\"\"|\"\"加藤諦三\"\"|\"\"大原\"\"|\"\"大原敬子\"\"|\"\"大迫\"\"|\"\"大迫恵美子\"\"\"",ご視聴ありがとうございました。\n\n↓↓チャンネル登録、お願いします↓↓\nhttps://www.youtube.com/channel/UCqr-FE4lB2ePQ4T9SSvqCGQ?sub_confirmation=1\n\n↓↓オススメ関連動画はこちら↓↓\n【TEL人生相談】回答者「言いすぎてごめん」　加藤諦三　2012-2-22\nhttp://youtu.be/yXxAM4Gjm_I\n\nTEL人生相談 なんで？結局は何回なのよ…2013-3-1 今井通子 塩谷崇之【テレフォン人生相談】かけこみ人生相談\nhttp://youtu.be/_EaGdWe3xlE\n\n【TEL人生相談】若い男とその日のうちに…　マドモアゼル愛　今井通子　2012-2-21\nhttp://youtu.be/xV8zdh787G0\n\nTEL人生相談 三石回答に賛否両論！あなたはスッキリ？酷い？ 2016-8-1 今井通子 三石由紀子【テレフォン人生相談】かけこみ人生相談\nhttp://youtu.be/OQ6pfnri_zw\n\n2018/03/01(木) テレフォン人生相談 (柴田&大迫)\nhttp://youtu.be/J7gBaNvp91w,2018-03-02T00:37:40.000Z,2761,4,8,6
JP,バイキング 2018年3月26日 180326,game show JP,News & Politics,[none],"",2018-03-26T05:16:48.000Z,2760,2,5,0
JP,新しい彼氏ができました。,橋本からあげ,Entertainment,"\"橋本|\"\"唐揚げ\"\"|\"\"からあげ\"\"|\"\"エロ\"\"|\"\"胸\"\"|\"\"らーくん\"\"|\"\"あーちゃる\"\"|\"\"ドッキリ\"\"|\"\"面白\"\"|\"\"彼氏\"\"|\"\"彼女\"\"|\"\"カップル\"\"\"",◎今日の裏メニュー◎恋愛への興味がゲームをやってるからあんまりなかったんだけど、東京サマーセッションを聞いたら恋したくなった（ちょろ）急募モテる方法【らーくん】https://youtu.be/icwnjAF1YP8【あーちゃるくん】https://youtu.be/AvICDi9_tqg【ゲームチャンネル】https://youtu.be/pcFKK2QxPQU【Twitter】https://twitter.com/ro_panpan1010【Instagram】https://instagram.com/karaagetabero【お問い合わせ&ご依頼】karaage242425@gmail.com,2018-06-05T10:06:10.000Z,275060,2162,2450,497
JP,【花粉対策】これがあれば大丈夫！毎年購入するオススメの花粉対策グッズ！,Y. LIFE STYLE,Howto & Style,"\"Y.LIFESTYLE|\"\"ystyle\"\"|\"\"ワイライフスタイル\"\"|\"\"白黒\"\"|\"\"収納\"\"|\"\"インテリア\"\"|\"\"暮らし\"\"|\"\"モノトーン\"\"|\"\"主婦\"\"|\"\"掃除\"\"|\"\"生活\"\"|\"\"ライフハック\"\"|\"\"花粉対策\"\"\"",【お手紙の宛先】\n〒106-6137\n東京都港区六本木6-10-1 六本木ヒルズ森タワー37階\nUUUM株式会社  Y. LIFE STYLE宛\n\n----------FOLLOW ME----------\n\nYouTube\nhttp://www.youtube.com/c/YLIFESTYLE4696 \nYouTube 2nd\nhttp://www.youtube.com/c/YsKitchen\nBlog\nhttps://ameblo.jp/yohkichi-blog/\nTwitter\nhttps://twitter.com/y_lifestyle_\nInstagram\nhttps://www.instagram.com/y.lifestyle/,2018-03-12T03:00:01.000Z,27505,729,817,279
JP,眞子様を翻弄した小室圭に秋篠宮様が取った「ある行動」がヤバい！,ゲイノウノミカタ,Entertainment,"\"ゴシップノミカタ|\"\"芸能\"\"|\"\"まとめ\"\"\"",チャンネル登録お願いします↓\nhttps://goo.gl/XR17Ze\n\n乃木坂46 白石麻衣のCM撮影である人物の最低行為が発覚しファン激怒「天狗な態度」の表現に批判の声も【はるやまCM】\nhttps://youtu.be/2eB-XcxHOIY\n\n小泉今日子が豊原功補の家族にあり得ない発言をし大炎上\nhttps://youtu.be/FwtiKbz2OJU\n\n【衝撃】有賀さつきの病気が判明!!孤独に病魔と闘った壮絶な背景には離婚が関係していた…？「最初から愛していなかった」\nhttps://youtu.be/M7lsGFea1sg\n\n小室圭の母親が起こした過去の遺産トラブルがヤバかった...\nhttps://youtu.be/DpR8fQM_PKs,2018-02-11T14:05:46.000Z,274231,783,912,60
JP,眞子さまと小室圭の婚約が事実上の破談に！放送出来ない本当の理由に驚愕！,ミンタメチャンネル,Entertainment,UCAE3Nq-r0b_580iOxBnE5Sw,★★★★★★★★★★\nチャンネル登録\nhttp://urx.mobi/HrXK\n★★★★★★★★★★\n【関連動画】\n・志村けんに娘の手術費で大金を騙し取った芸人･･･嘘が発覚した時の志村けんの言葉に涙が止まらない\nhttps://youtu.be/XT7mheaQWm8\n\n・江角マキコの現在 が衝撃！芸能界引退後【ある事】にハマっていた･･･\nhttps://youtu.be/fxiJfH7Z9LU\n\n・芸能界を干された中島知子･･･現在の【収入源】が衝撃だった！！\nhttps://youtu.be/g0S39xhm3JY\n\n・舛添要一氏の知事辞任後から現在までの生活が悲惨過ぎる･･･\nhttps://youtu.be/MfkCDmXvQbs\n\n・ビートたけしが名前も知らない若手芸人に取った行動に感動が止まらない\nhttps://youtu.be/u2uEawhdjQQ,2018-02-11T06:31:52.000Z,271979,399,706,335
JP,大の牛肉嫌いの嫁に「牛肉もまともに食えないなら結婚するんじゃなかった」と言ったら、出ていかれた。1ヶ月後・・・,キニナル2chch,Entertainment,"\"スカッとする話|\"\"修羅場\"\"\"",仮想通貨ポートフォリオで経済的な自由を手に入れる方法\n→　https://goo.gl/vQSkXR\n\n\n\n★先月のベスト５★\n更地に家を建てようとしたら、違法駐車が2台！私「これじゃ建てられない…」土建屋「まあ、見てて下さい」→結果ｗｗｗ\nhttps://youtu.be/_QhIIopXiig\n\n【悲しい結末】保護者会で。Aママ「先日、とある事件がありました。公平を期すため弁護士にも来て貰いました」\nhttps://youtu.be/l2MSIiR9SVo\n\n娘が産まれて6年、嫁がまともな飯を作らない。話し合いで衝撃の事実が発覚！嫁「6年も気づいてなかったんだ」俺「ごめん…」\nhttps://youtu.be/fXk8jgzUxHs\n\n俺「今日のメシマズくねぇか？」　嫁「いつもと同じだけど・・・」と言われたのでどこか悪いんじゃないかと医者に行こうと決意。俺「医者に行ってくるわ」と嫁に告げ病院に行った結果\nhttps://youtu.be/evQQZe_1IKg\n\n私「友達の結婚式行ってきたんですよー」先輩「へー」→写真を見てた先輩が真っ青な顔で嘔吐。後日、先輩「話がある…」\nhttps://youtu.be/O7ryNPIdZRo\n\n\n\n\n★無料でできる社会貢献★\nもしあなたが一切お金を払わず、\nたった２タップで寄付ができたら\n嬉しいですか？\n\n登録いただくと世界中の\n貧しい子供達に50円の寄付が入ります。\n\nあなたのあたたかい支援に\n感謝いたします。\n\nhttp://urx2.nu/FS8A\nStep1. 友だち追加\nStep2. 認証コード『よしむ』を入力\n※認証コードの入力をもって\n　寄付が完了となります。,2018-04-03T03:00:01.000Z,27031,45,78,46
JP,【18th WEEK】 麻由が衝撃の告白！？ 「経験人数は…」,TERRACE HOUSE / テラスハウス,Entertainment,"\"TERRACE HOUSE|\"\"テラスハウス\"\"|\"\"テラハ\"\"|\"\"映画\"\"|\"\"劇場版\"\"|\"\"NETFLIX\"\"|\"\"ネットフリックス\"\"|\"\"バレンタイン\"\"|\"\"バイバイ\"\"|\"\"菅谷哲也\"\"|\"\"島袋聖南\"\"|\"\"松川佑依子\"\"|\"\"小田部仁\"\"|\"\"和泉真弥\"\"|\"\"今井洋介\"\"|\"\"今井華\"\"|\"\"筧美和子\"\"|\"\"湯川正人\"\"|\"\"宮城大樹\"\"|\"\"クロージングドア\"\"|\"\"太田出版\"\"|\"\"クイックジャパン\"\"|\"\"桑沢デザイン\"\"|\"\"ロコマート\"\"|\"\"小嶋さん\"\"|\"\"PASSO\"\"|\"\"パッソ\"\"|\"\"北原里英\"\"|\"\"竹内桃子\"\"|\"\"中津川翔太\"\"|\"\"小貫智恵\"\"|\"\"島一平\"\"|\"\"マグ万平\"\"|\"\"地球\"\"|\"\"伊東大輝\"\"|\"\"山中美智子\"\"|\"\"保田賢也\"\"|\"\"フランキー\"\"|\"\"平澤遼子\"\"|\"\"長谷川慎\"\"|\"\"中田みのり\"\"|\"\"安達雄基\"\"|\"\"信太美月\"\"|\"\"内原達也\"\"|\"\"早田悠里子\"\"|\"\"新シーズン\"\"|\"\"アーマン\"\"|\"\"アルマン\"\"|\"\"ビタラフ\"\"|\"\"大畑ありさ\"\"|\"\"鮎澤悠介\"\"|\"\"澁澤侑哉\"\"|\"\"エリックデメンドンサ\"\"|\"\"エビアンクー\"\"|\"\"奈緒美フランクロレイン\"\"|\"\"ローレンサイ\"\"|\"\"玉城大志\"\"|\"\"佐藤魁\"\"|\"\"中嶋ウェスリー\"\"|\"\"羽石杏奈\"\"|\"\"丹羽仁希\"\"|\"\"シェリーマリア澄川ラボエ\"\"|\"\"福山智可子\"\"|\"\"長谷川ジェニファーミラ\"\"|\"\"関川良\"\"|\"\"新田満里子\"\"|\"\"TERRACE HOUSE OPENING NEW DOORS\"\"|\"\"オープニングニュードアーズ\"\"|\"\"OND\"\"|\"\"軽井沢\"\"|\"\"中村貴之\"\"|\"\"岡本至恩\"\"|\"\"新井雄大\"\"|\"\"小室安未\"\"|\"\"治田みずき\"\"|\"\"佐藤つば冴\"\"|\"\"上村翔平\"\"|\"\"小瀬田麻由\"\"\"",いよいよテラスハウスの新シーズンがNETFLIXにて配信スタート！ その未公開映像をYouTubeで限定公開！新メンバー・麻由の歓迎会が開かれた夜。今夜だけは何でも答えるという麻由の発言に浮き足立つ男子たち。下着の色や経験人数など、麻由を質問攻めにする至恩を見たつば冴は…。そして際どい質問の数々に対する、麻由の答えとは…？,2018-05-15T09:00:02.000Z,269053,572,756,0
JP,海外の反応 衝撃!!パシュート女子日本のオランダ人コーチが絶賛「日本とオランダの大きな違い」とは!!技術と精神力に賞賛【日本すごい】TERUKI channel,TERUKI channel,News & Politics,"\"きるてわさ|\"\"TERUKI channel\"\"|\"\"UCkT_kxXnm4UTGiZnAGxKU5w\"\"|\"\"パシュート女子\"\"|\"\"デビッドコーチ\"\"|\"\"スピードスケート女子\"\"|\"\"オランダ\"\"\"",チャンネル登録・コメントをよろしくお願い致します！➔http://urx.blue/IpIZ\nご視聴をありがとう御座います。\nよろしければチャンネル登録\nコメントやグットを頂けると励みになります。\nhttp://urx.blue/IpIZ\n宜しくお願い致します！\n\n○説明欄\n\n海外の反応 衝撃!!パシュート女子日本のオランダ人コーチが絶賛「日本とオランダの大きな違い」とは!!技術と精神力に賞賛【日本すごい】\n\n○関連動画\n\n韓国パシュート置き去り　涙の謝罪にも再び大炎上\nhttps://www.youtube.com/watch?v=sw-7GdtVKsw\nRaRaTv\n\nパシュート女子　金メダル　「みんながいたから」\nhttps://www.youtube.com/watch?v=P0kaFxif1nE\nRaRaTv\n\n【快挙】スケート世界距離別選手権　日本女子パシュート　絶対王者オランダを破り金メダル　高木美帆　高木菜那　菊池彩花\nhttps://www.youtube.com/watch?v=Uzk3N8_1rY0\nsp- chan\n\n【韓国の反応】カーリング女子の藤澤五月選手が可愛い!!韓国女子のイライラ感とは違う印象に韓国人が敗北を認める!!心が浄化されると話題に【日本すごい】TERUKI channel\nhttps://www.youtube.com/edit?o=U&video_id=_kX-DLpz39A\n\n海外の反応 感動!!平昌五輪カーリング女子で日本が開幕３連勝!!韓国戦で逆転につぐ逆転の攻防の結果？外国人が萌え～日本すごい】\nhttps://www.youtube.com/edit?o=U&video_id=eTYbi4hEIog\n\n海外の反応 驚愕!!日本のkyoto tachibana 京都橘高校女子マーチングバンドが話題に!!アメリカのローズ・パレードで演奏ダンスが印象　的で笑顔に!!外国人が賞賛の嵐【日本すごい】\nhttps://www.youtube.com/watch?v=mMtiSpyfsGM\n\n老後は「1人暮らし」が幸せ？1人暮らしの高齢者は 家族と同居している高齢者よりも生活の満足度が高く、悩みが少ないという調査結果も　1人暮らし寂しい」認知症 TERUKIchannel\nhttps://www.youtube.com/watch?v=xMeAAiiRE4U\n\n平昌五輪のカーリング女子のおやつタイムを返せ怒りの声「そだねー」萌えキャラ全開の可愛い北海道弁も話題に【日本すごい】\nhttps://www.youtube.com/edit?o=U&video_id=MN3WyA83iUA\n\n【韓国の反応】カーリング女子の藤澤五月選手が可愛い!!韓国女子のイライラ感とは違う印象に韓国人が敗北を認める!!心が浄化されると話題に【日本すごい】TERUKI channel\nhttps://www.youtube.com/edit?o=U&video_id=_kX-DLpz39A\n\n海外の反応 衝撃!!平昌五輪のカーリング女子・藤沢五月選手が人気急上昇!!その理由は清純な美貌「韓国語話せる」韓国ファン熱視線に日本人困惑【日本すごい】\nhttps://www.youtube.com/edit?o=U&video_id=qc1yji2JQfc\n\n海外の反応 感動!!平昌五輪カーリング女子で日本が開幕３連勝!!韓国戦で逆転につぐ逆転の攻防の結果？外国人が萌え～日本すごい】\nhttps://www.youtube.com/edit?o=U&video_id=eTYbi4hEIog\n\n海外の反応 ほっこり!!日本の女子アイスホッケー代表が大人気!!「ヤバイくらい可愛い」スマイルジャパンの愛称の日本代表チーム!!お辞儀をする姿が外国人に大好評【日本すごい】\nhttps://www.youtube.com/edit?o=U&video_id=7noqGtBdvQ0\nきるてわさ\n\n引用https://headlines.yahoo.co.jp/　\n\n引用 BGM https://www.youtube.com/audiolibrary/...\n \n　　甘茶の音楽工房,2018-02-23T00:18:02.000Z,26763,305,436,326
JP,職質で『免許見せて』私「持ってない」警官『えっ？不携帯？』私「いや、免除自体持ってませんから」すると…,スカッとDQN返し ほのぼのストーリー！！【泣けます(;_;)】,Entertainment,"\"修羅場|\"\"スカッとDQN返しほのぼのストーリー！！【泣けます(;_;)】\"\"|\"\"UC5vrk8aYZpao0RZtfwf6nZg\"\"|\"\"職質\"\"|\"\"警察官\"\"\"",【スカッと】先生に「髪を染めてる！」と髪を引っ張られて何度も泣かされた。→祖父「お爺ちゃんが明日行くから待ってなさい」私「！？」 https://www.youtube.com/watch?v=xGfinrJCtD0息子のケータイに電話。俺「A君がうちで待ってるぞ」息子「え？今Ａ君と遊んでるんだけど…そいつは！すぐ帰らせて！」 https://www.youtube.com/watch?v=n3hTFpal740弟「嫁が雪かきしてなかったから会社に遅刻した！あんな嫁のいる家には帰らん！」父「待て…妊娠中の嫁さんにやらせてたのか！」→ https://www.youtube.com/watch?v=GU82RWXluFg職質の警察官『免許見せて』私「持ってない」警官『えっ？不携帯？』私「いや、免除自体持ってませんから」すると…Facebook ページはコチラ　↓https://www.facebook.com/Kandou-3-1071175739605826/Twitterはコチラ　↓https://twitter.com/mimorin2修羅場系のお話の中で、ちょっと泣ける、スカッとして、感動して、胸がスーとする短編記事や、ほのぼのして心あたたまる 、ちょっといいお話を配信していきます。DQN返しのおはなしもありますよ。,2018-06-04T09:00:02.000Z,26690,35,67,51
JP,"The unthinkable happened to the French dancer, the closing of the neck of her blouse was unfastened.",Science and more,Science & Technology,"\"audiobooks unleashed|\"\"unfastened\"\"|\"\"blouse\"\"|\"\"dancer\"\"|\"\"french\"\"|\"\"pyeongchang\"\"|\"\"olympics\"\"|\"\"south korea\"\"|\"\"olympic\"\"|\"\"papadakis\"\"|\"\"winter games\"\"|\"\"pyeongchang 2018\"\"|\"\"olympics 2018\"\"|\"\"gabriella papadakis\"\"|\"\"winter olympics 2018\"\"|\"\"2018 winter olympics\"\"|\"\"2018 olympics\"\"|\"\"gold\"\"|\"\"sport\"\"|\"\"olympics 2018 figure skating\"\"|\"\"gabriella papadakis wardrobe malfunction\"\"|\"\"gabriella\"\"|\"\"guillaume cizeron\"\"|\"\"cizeron\"\"|\"\"figure\"\"|\"\"bronze\"\"|\"\"skating\"\"|\"\"champion\"\"|\"\"sports\"\"|\"\"world\"\"|\"\"gabriella papadakis wardrobe\"\"|\"\"gabriella papadakis malfunction\"\"|\"\"dance\"\"|\"\"france\"\"|\"\"free dance\"\"\"","The unthinkable happened to the French dancer, the closing of the neck of her blouse was unfastened.\\n\\nJust a few seconds into his short Latin show at the Winter Olympics, broadcast on Sunday, the unthinkable happened to the French ice dancer Gabriella Papadakis: the closing of the neck of her sequined blouse unbuckled. For the next almost three minutes, her trainers watched in horror as she struggled to keep her trunk from falling as it spun and sizzled, and her partner, Guillaume Cizeron, lifted her off the ice in front of an international audience. Unfortunately, she could not avoid a moment of Janet Jackson on live television, actually a couple of them. His suit slipped out of place, briefly exposing his left chest in the middle of the routine and a slip of the bite marked the end.\\n\\nWith tears running down his face, Papadakis avoided the media right after, but later called it his worst nightmare at the Olympics. She said she knew immediately that she was exposed, but that she knew she had no choice but to continue. I felt it immediately and prayed, he told reporters. That is what I could do. The 22-year-old skater explained the error simply: My costume was opened. It was his Olympic debut. They are such exceptional skaters, but unfortunately that distracted the entire program and hurt them in the technical execution, which is where they really shine. They are such a strong team. I am disconsolate that this even has to be part of its Olympic history.",2018-02-20T02:37:34.000Z,264718,45,306,20
JP,彦野利勝のセリーグ順位予想「中日は上がり目しかない。阪神とDeNAは…」プロ野球 2018年3月20日,野球とらじおと２,Sports,"\"プロ野球|\"\"話題\"\"|\"\"ニュース\"\"|\"\"速報\"\"|\"\"野球とらじおと\"\"|\"\"野球とらじおと２\"\"|\"\"NPB\"\"|\"\"最新\"\"|\"\"2018年\"\"|\"\"ラジオ\"\"|\"\"baseball\"\"|\"\"park\"\"\"",去年のヤクルトのけが人多発は例外？優勝まである\n\n■プロ野球最新動画↓\n\n吉田義男のセリーグ順位予想「カープは投手陣が不安ですね」\nhttps://youtu.be/-thWycxDpwQ\n\n建山義紀「上原浩治は不安がってた。大谷翔平のアリゾナ1年目はキツイ」\nhttps://youtu.be/ZeU9XCeG0oQ\n\n里崎智也「大谷翔平は大丈夫。アンダースローは片道切符」\nhttps://youtu.be/qn1VdA7_Iak\n\n赤星憲広が選ぶ 歴代高校球児ベストナイン「立浪さんの大ファンでした」センバツ 高校野球\nhttps://youtu.be/5_l5BzkRjvQ\n\n建山義紀「1998年世代の人材が凄い豊富です」\nhttps://youtu.be/NYU4y-7L1ew\n\n青島健太のセリーグ順位予想「やっぱりカープが大本命」\nhttps://youtu.be/jORGRXGBFD8\n\n山崎武司「投手が全力で何球も投げたら必ず壊れる」上原浩治 清宮幸太郎\nhttps://youtu.be/g6xDbjUzl2Y\n\n金村義明「巨人は上原浩治よく獲った。澤村は厳しいな」\nhttps://youtu.be/nL-oVfil4qQ\n\n里崎智也「オープン戦なんで全敗でも気にしない。練習なんで 笑」\nhttps://youtu.be/5X5tzbsL2ps\n\n小関順二の2018年順位予想と戦力分析\nhttps://youtu.be/JJqesOxtd14\n\n山崎武司が野村克也監督に言われた一言\nhttps://youtu.be/ZK3-8nRmbdQ,2018-03-21T00:44:43.000Z,2626,7,13,14
JP,バイキング   2018年03月22日  180322,kamokewlz,Entertainment,[none],"",2018-03-22T05:10:24.000Z,26140,34,67,48
JP,サンデー・ジャポン 2018年2月11日,boehseerdbeere,Autos & Vehicles,サンデー・ジャポン,サンデー・ジャポン 2018年2月11日,2018-02-11T02:55:59.000Z,25826,19,28,9
JP,＜平昌五輪＞“仲間を置いてきぼりで物議”パシュートのキム・ボルムらが緊急会見 (2/20),韓国ニュース ワウコリア,News & Politics,"\"韓国|\"\"北朝鮮\"\"|\"\"韓国ニュース\"\"|\"\"北朝鮮ニュース\"\"|\"\"ワウコリア\"\"|\"\"wowkorea\"\"|\"\"キム・ボルム\"\"\"",＜平昌五輪＞“仲間を置いてきぼりで物議”パシュートのキム・ボルムらが緊急会見,2018-02-20T09:19:35.000Z,257630,92,636,228
JP,フリースタイルダンジョン 2018年4月17日 FULL,TVサザエさん,Film & Animation,"\"フリースタイルダンジョン|\"\"フリースタイルダンジョン 2018\"\"|\"\"フリースタイルダンジョン 2018年4月17日\"\"\"",フリースタイルダンジョン 2018年4月17日 FULL\nフリースタイルダンジョン 2018年4月17日 FULL,2018-04-17T17:27:41.000Z,25741,27,353,17
JP,【七原くん】ADHDと診断されたYoutuberの経過報告を見る,ニコニコ動画特集,Entertainment,[none],2018/04/22(日) 21：30開場  21：30開演 堕落が許される生活に甘んじている,2018-04-22T22:20:02.000Z,2571,23,38,14
JP,水曜日のダウンタウン 2018年2月21日 180221 News,"10,031,1993 Viewss",Entertainment,"\"水曜日のダウンタウン|\"\"ダウンタウン\"\"|\"\"水曜日\"\"|\"\"松本人志\"\"\"",水曜日のダウンタウン 2018年2月21日 180221 News\n水曜日のダウンタウン,2018-02-22T01:08:24.000Z,2547,6,13,0
JP,加藤浩次が山口達也をぶった斬る！「この罪は重いと思うなぁ！山口くん甘いよ！」近藤春菜「被害者の心を考....」毎度のソツのない無意味なコメント【スッキリ】《0427》,Rt Yt,Gaming,[none],channel/UCpA-TF8hbzCElhGJJOt2d8Q?view_as=subscriber\n\n\n\nチャンネル登録おねがいします！,2018-04-27T04:44:40.000Z,254649,515,529,1197
