country,title,channel_title,category,tags,description,publish_time,views,likes,dislikes,comment_count
GB,Cooking With Your Mouth | Christmas Turkey,Nathan C,Howto & Style,"\"christmas\"|\"turkey\"|\"stuffing\"|\"recipe\"|\"food\"|\"cooking\"|\"cooking with your mouth\"|\"cooking on the frankston line\"|\"nathan ceddia\"|\"nowness\"|\"jamie oliver\"|\"how to make\"|\"turkey stuffing\"|\"gross\"|\"splosh\"|\"disgusting\"|\"shocking\"|\"yuck\"|\"raw food\"|\"spitting\"|\"chewing with your mouth open\"|\"sucking\"|\"licking\"|\"gaging\"|\"gage\"|\"spit\"|\"egg\"|\"onion\"|\"loud eating\"|\"asmr\"|\"rezept\"|\"food fetish\"|\"sexy lady\"|\"sexy\"|\"food porn\"|\"food tube\"|\"food hacks\"|\"food asmr\"|\"food blog\"|\"food blogger\"|\"food documentary\"|\"food diary\"|\"food design\"|\"blogfabrik\"",How to make a Christmas Turkey Stuffing using the safety and comfort of your own mouth.\n\nDirector     Nathan Ceddia               https://www.nathanceddia.com/\nCamera     Nina Raasch                   https://www.ninaraasch.com/\nHost          Riva Godfrey                   https://twitter.com/Riva_Godfrey\nMusic        Haraldur Thrastarson https://www.facebook.com/magneamusic   \nLocation   Blogfabrik Berlin             http://blogfabrik.de/en/,2017-12-23T00:23:13.000Z,99791,411,600,361
GB,WEEI: Alex Reimer calls Tom Brady’s daughter an “Annoying Little Pissant” 1/25/18,Nick Ramos,Sports,"\"WEEI\"|\"Sports Radio\"|\"Alex Reimer\"|\"Mike Mutnansky\"|\"Mut\"|\"New England Patriots\"|\"Pats\"|\"Tom Brady\"|\"Facebook\"|\"Doc\"|\"Documentary\"|\"Tom vs. Time\"|\"Daughter\"|\"Pissant\"|\"Vulgar\"|\"Language\"|\"Idiot\"|\"Moron\"|\"Dumb\"|\"Stupid\"|\"Vivian\"|\"Kid\"|\"Child\"|\"Girl\"|\"Stupidity\"|\"Children\"|\"Family\"|\"Mut at Night\"|\"Boston\"","Here’s Alex Reimer on WEEI’s Mut at Night with Mike Mutnansky discussing Tom Brady’s Facebook documentary series that just came out called “Tom vs. Time” and coming out of a break, Alex decided to while describing a scene in the doc at Tom Brady’s house & decides to call his 5-year old daughter an “annoying little pissant”. SMH, what an idiot!!",2018-01-27T04:20:20.000Z,994747,614,837,956
GB,Blac Chyna Designs a Dream House That Has a 10-Car Garage and a Money Room | Architectural Digest,Architectural Digest,Howto & Style,"\"blac chyna\"|\"architect\"|\"dream home\"|\"home\"|\"house\"|\"dream house\"|\"blac chyna home\"|\"blac chyna dream home\"|\"blac chyna dream house\"|\"michael lehrer\"|\"lehrer architects\"|\"chyna blac\"|\"blac chyna interview\"|\"blac chyna video\"|\"model\"|\"blac chyna model\"|\"rob and chyna\"|\"black chyna\"|\"black china\"|\"blac china\"|\"rob chyna\"|\"chyna and rob\"|\"black china video\"|\"infinity pool\"|\"money room\"|\"architecture\"|\"dream\"|\"reality tv\"|\"design\"|\"style\"|\"architectural digest\"|\"architectural digest magazine\"|\"celebrity\"","Blac Chyna designs her dream house with some help from Michael Lehrer of Lehrer Architects in Silver Lake, California. The model, entrepreneur, and star of the reality TV series Rob and Chyna has a dream home wish list that includes a 10-car garage, helicopter pad, infinity pool, recording studio, and a money room among other high-profile features. Can Michael make Blac Chyna’s dream home a reality?\\n\\nStill haven’t subscribed to Architectural Digest on YouTube? ►► http://bit.ly/2zl7s34",2018-04-10T16:00:31.000Z,99075,748,836,506
GB,I Feel Pretty Trailer #1 | Movieclips Trailers,Movieclips Trailers,Film & Animation,"\"I Feel Pretty\"|\"I Feel Pretty Trailer\"|\"I Feel Pretty Movie Trailer\"|\"I Feel Pretty Trailer 2018\"|\"I Feel Pretty Official Trailer\"|\"Trailer\"|\"Trailers\"|\"Movie Trailer\"|\"2018 Trailers\"|\"Trailer 1\"|\"Movieclips Trailers\"|\"Movieclips\"|\"Fandango\"|\"I Feel Pretty STX\"|\"STX\"|\"I Feel Pretty Amy Schumer\"|\"Comedy\"","Check out the official I Feel Pretty trailer starring Amy Schumer! Let us know what you think in the comments below.\\n► Buy Tickets to I Feel Pretty: https://www.fandango.com/i-feel-pretty-209375/movie-overview?cmp=MCYT_YouTube_Desc\\n\\nUS Release Date: June 29, 2018\\nStarring: Amy Schumer, Michelle Williams, Emily Ratajkowski\\nDirected By: Abby Kohn, Marc Silverstein\\nSynopsis: A head injury causes a woman to develop an extraordinary amount of confidence and believes she's drop-dead gorgeous.\\n\\nWatch More Trailers:\\n► Hot New Trailers: http://bit.ly/2qThrsF\\n► In Theaters This Week: http://bit.ly/2ExQ1Lb\\n► Comedy Trailers: http://bit.ly/2D35Xsp\\n\\nFuel Your Movie Obsession: \\n► Subscribe to MOVIECLIPS TRAILERS: http://bit.ly/2CNniBy\\n► Watch Movieclips ORIGINALS: http://bit.ly/2D3sipV\\n► Like us on FACEBOOK: http://bit.ly/2DikvkY \\n► Follow us on TWITTER: http://bit.ly/2mgkaHb\\n► Follow us on INSTAGRAM: http://bit.ly/2mg0VNU\\n\\nThe Fandango MOVIECLIPS TRAILERS channel delivers hot new trailers, teasers, and sneak peeks for all the best upcoming movies. Subscribe to stay up to date on everything coming to theaters and your favorite streaming platform.",2018-02-08T20:00:03.000Z,986201,9662,37132,7376
GB,David Davis on Brexit: 'we've got 50-60 sector analyses done',Steve Topple,People & Blogs,[none],David Davis telling Andrew Marr on 25 June 2017 that the government has done 50-60 sector analyses on the impact of Brexit.,2017-12-06T12:02:34.000Z,9787,47,60,55
GB,Heathers Official Red Band Trailer | Premieres March 7th on Paramount Network,Paramount Network,Entertainment,"\"Paramount Network\"|\"premiere\"|\"tv show\"|\"drama\"|\"series\"|\"trailer\"|\"redband\"|\"episodes\"|\"comedy\"|\"heathers\"|\"2018\"|\"1988\"|\"murder\"|\"killing\"|\"cult classic\"|\"dark\"|\"dark comedy\"|\"pitch black comedy\"|\"reboot\"|\"heather chandler\"|\"killer\"|\"diva\"|\"chainsaw\"|\"melanie field\"|\"heather duke\"|\"brendan scannell\"|\"veronica sawyer\"|\"grace victoria cox\"|\"heather McNamara\"|\"Jasmine Matthews\"|\"J.D. Dean\"|\"James Sculley\"|\"Nikki SooHoo\"|\"love\"|\"rivalry\"|\"re-imagining\"|\"clique\"|\"black comedy\"|\"Shannen Doherty\"","“Heathers,” based on the killer cult classic, premieres March 7th on the Paramount Network.\\n\\nHeathers on Paramount Network: https://goo.gl/g23epz\\n\\n#ParamountNetwork #Heathers\\n\\nStarring Grace Victoria Cox as Veronica Sawyer, James Scully as JD, Melanie Field as Heather Chandler, Brendan Scannell as Heather Duke, and Jasmine Mathews as Heather McNamara. \\n\\nHeathers is an hour-long pitch-black comedy anthology set in the present day, based on the 1988 cult classic film of the same name. The much-anticipated reboot perfectly blends drama, love, rivalry, and comedy into a modern-day masterpiece.\\n\\nSubscribe for More! https://goo.gl/vnHLxY\\n\\nFollow Paramount Network\\nWebsite: http://www.paramountnetwork.com\\nFacebook: @ParamountNetwork\\nInstagram: @ParamountNetwork\\nTwitter: @ParamountNet",2018-01-18T20:12:56.000Z,966923,9446,32838,8048
GB,PSA from Chairman of the FCC Ajit Pai,Daily Caller,People & Blogs,"\"thedc\"|\"dc\"|\"washington dc\"|\"washington\"|\"the district of columbia\"|\"swamp\"|\"drain the swamp\"|\"trump\"|\"ajit pai\"|\"FCC\"|\"federal communications commision\"|\"net neutrality\"|\"net\"|\"neutrality\"|\"news\"|\"politics\"|\"commentary\"|\"meme\"|\"viral\"|\"republican\"|\"democrat\"|\"cable companies\"|\"fiber optic\"|\"free internet\"|\"free speech\"|\"media\"|\"daily caller\"|\"The Daily Caller\"","Ajit Pai has been at the heart of the net neutrality debate and he would like to take this time to address all of the internet trolls with a PSA.\\n\\nSubscribe to our channel! https://goo.gl/UGHkXA\\n\\nWant to see more? visit: https://goo.gl/3gcbEL\\n\\nDailyCaller.com is a news website that cuts through the liberal bias of the mainstream media and brings you the unadulterated truth. If you want to hear the scoop that they're afraid to utter on the over censored, corporatized cable news, tune into https://www.dailycaller.com\\n\\nCheck out our twitter: https://goo.gl/fnYe4v\\n\\nAnd Facebook: https://goo.gl/W5junb\\n\\nOr follow Instagram: https://goo.gl/mhVr1Y\\n\\nAnd don't forget to subscribe here: https://goo.gl/sjqhR7",2017-12-13T22:52:57.000Z,961961,9837,258504,33816
GB,The Gravy Mary,KFC UK and Ireland,Entertainment,"\"KFC\"|\"Kentucky Fried Chicken\"|\"Gravy\"|\"Gravy Cocktail\"|\"Bloody Mary\"|\"Gravy Mary\"","Ingredients:\\n \\n20ml KFC Gravy\\n50ml vodka (optional)\\n90ml tomato juice\\n1 tsp horseradish cream\\n20ml worcester sauce\\n15ml lemon juice\\nHot sauce\\nPaprika, celery salt, pepper\\nHighball glass \\nIce\\nCelery \\nKFC Popcorn Chicken\\n \\nMethod:\\n\\nPut paprika, celery salt horseradish, hot sauce & worcester sauce in a cocktail mixer.\\nAdd vodka (optional), lemon juice, tomato juice & KFC Gravy.\\nThrow cocktail between two mixers.\\nPour over ice into a highball.\\nGarnish with celery & KFC popcorn chicken.",2018-01-14T17:04:08.000Z,9503,88,609,73
GB,"#MeToo Backlash | January 17, 2018 Act 1 | Full Frontal on TBS",Full Frontal with Samantha Bee,People & Blogs,"\"Full Frontal with Samantha Bee\"|\"Full Frontal\"|\"Samantha Bee\"|\"Sam Bee\"|\"TBS\"|\"#MeToo\"",Women speaking out has finally led to men speaking about how unfair it was that the women got to speak in the first place.\n\nWatch Full Frontal with Samantha Bee all new Wednesdays at 10:30/ 9:30c on TBS!,2018-01-18T07:00:01.000Z,940904,18876,28293,9336
GB,WATCH LIVE: President Trump makes an announcement about Syria,PBS NewsHour,News & Politics,[none],Find more from PBS NewsHour at https://www.pbs.org/newshour\n\nSubscribe to our YouTube channel: https://bit.ly/2HfsCD6\n\nFollow us:\nFacebook: http://www.pbs.org/newshour\nTwitter: http://www.twitter.com/newshour\nInstagram: http://www.instagram.com/newshour\nSnapchat: @pbsnews\n\nSubscribe:\nPBS NewsHour podcasts: https://www.pbs.org/newshour/podcasts\nNewsletters: https://www.pbs.org/newshour/subscribe,2018-04-14T01:13:51.000Z,93833,695,774,0
GB,'I have taken poison' claims war criminal,The Telegraph,News & Politics,"\"Telegraph\"|\"News\"|\"World News\"|\"UK Newspaper\"|\"Telegraph YouTube\"|\"Daily News\"|\"Video News\"|\"World Events\"","Gasps are heard in court in The Hague after a former Bosnian Croat military leader appeared to drink poison seconds after judges upheld his 20-year sentence.\\n\\nGet the latest headlines: http://www.telegraph.co.uk/\\n\\nSubscribe: http://www.youtube.com/subscription_center?add_user=telegraphtv\\n\\nLike us on Facebook: http://www.facebook.com/telegraph.co.uk\\n\\nFollow us on Twitter: https://twitter.com/telegraph\\n\\nFollow us on Google+ https://plus.google.com/102891355072777008500/\\n\\nTelegraph.co.uk and YouTube.com/TelegraphTV are websites of The Daily Telegraph, the UK's best-selling quality daily newspaper providing news and analysis on UK and world events, business, sport, lifestyle and culture.",2017-11-29T11:32:16.000Z,934082,720,916,979
GB,The Last Jedi: The Worst Star Wars Movie Ever Made,The Dishonoured Wolf,Film & Animation,"\"Star Wars\"|\"The Last Jedi\"|\"Rey\"|\"Luke Skywalker\"|\"Finn\"|\"Poe\"|\"Leia\"|\"Princess\"|\"Princess Leia\"|\"Kylo Ren\"|\"Snoke\"|\"First Order\"|\"Resistance\"|\"Han Solo\"|\"Chewbacca\"|\"Millennium Falcon\"|\"Episode 8\"|\"VIII\"|\"Episode VIII\"|\"Trailer\"|\"Review\"|\"The Last Jedi Sucks\"|\"Sucks\"|\"Darth Vader\"|\"Yoda\"|\"Plot Hole\"|\"Writing\"|\"Story\"|\"Narrative\"","Thanks, Disney, for murdering Star Wars.\\n\\nPatreon: https://www.patreon.com/DishonouredWolf\\nTwitter: http://www.twitter.com/DishonouredWolf/\\nFacebook: http://www.facebook.com/DishonouredWolf/\\nDiscord: https://discord.gg/x7VbYGg\\nTwitch: http://www.twitch.tv/DishonouredWolf/\\n\\nBuy my book!\\n\\nAmazon US: https://www.amazon.com/Iridescent-Legend-Ashlands-Bailey-Joseph/dp/1546685707/ref=sr_1_1?ie=UTF8&qid=1496944591&sr=8-1&keywords=Iridescent%3A+A+Legend+of+the+Ashlands\\n\\nAmazon UK: https://www.amazon.co.uk/Iridescent-Legend-Ashlands-Bailey-Joseph/dp/1546685707/ref=sr_1_1?ie=UTF8&qid=1503601022&sr=8-1&keywords=Iridescent+A+Legend\\n\\nBarnes and Noble: https://www.barnesandnoble.com/w/iridescent-bailey-joseph-grabel/1126426149?ean=9781546685708",2017-12-18T20:03:28.000Z,90213,9701,9872,8837
GB,"VENOM - Trailer #2 (2018 Movie) Tom Hardy, Michelle Williams [HD] Marvel Comics | Fan Edit",Teaser PRO,Entertainment,"\"Venom\"|\"Venom trailer\"|\"Venom teaser trailer\"|\"Venom 2018 trailer\"|\"Venom official trailer\"|\"Venom trailer 2\"|\"VENOM Trailer #2\"|\"Tom Hardy Venom\"|\"Spider-Man\"|\"Spider-Man 2\"|\"Spider-Man Venom\"|\"Tom Holland\"|\"Tom Hardy\"|\"Marvel Comics\"|\"Marvel\"|\"New trailers\"|\"Official trailer\"|\"TV Spots\"|\"Teaser PRO\"","▿ #VENOM   ▿\\nVenom is set to be released in the United States on October 5, 2018\\nMarvel Comics\\n\\n◅ THIS VIDEO WAS MADE FOR FUN ▻ \\nFOR PEOPLE WHO SAY THAT THE VIDEO IS FAKE... \\nWELL, OBVIOUSLY \\nI DIDN'T MAKE THIS VIDEO TOO FOOL OR SCAM ANYONE \\nIT'S JUST A FAN TRAILER \\nI HOPE YOU ENJOYED THE VIDEO. IF YOU DID PLEASE LIKE AND SHARE IT \\nFEEL FREE TO SUBSCRIBE AND WATCH MORE FAN TRAILERS \\n\\n◖SUBSCRIBE FOR ALL NEW FAN TRAILERS◗ \\n▻youtube.com/c/TeaserPROFMtv \\n\\n◖FOLLOW Teaser PRO ON TWITTER!◗ \\n▻twitter.com/TeaserPRO \\n\\n◖LIKE US ON FACEBOOK!◗ \\n▻facebook.com/TeaserPROstudio \\n\\n◖LISTEN TO OUR MUSIC!◗ \\n▻soundcloud.com/eonebront \\n\\n◖FOLLOW US ON INSTAGRAM!◗ \\n▻instagram.com/grudck/ \\n___________________________________\\n\\n◖Check Out Our Fan Trailers! \\n\\n◈Harry Potter and the Cursed Child - First Look Trailer. https://www.youtube.com/watch?v=Jt1Nv-8_-cg\\n\\n◈Avengers Infinity War - Final Trailer\\nhttps://www.youtube.com/watch?v=mcQ_TmCVktg&t=15s\\n\\n◈Game of Thrones Season 8 Teaser Trailer\\nhttps://www.youtube.com/watch?v=v5gsVRxzzI4\\n\\n____________________________________________ \\n\\n◒Subscribe To Us For More Fan Trailers, All New Trailers, official trailers, Teaser Trailers, TV Spots and Epic Retrospective. \\nIt's all here▷https://www.youtube.com/channel/UCDMktNfQd0QiMQgJippiHEw \\n\\n©Copyright Disclaimer Under Section 107 of the Copyright Act 1976, allowance is made for fair use for purposes such as criticism, comment, news reporting, teaching, scholarship, and research. Fair use is a use permitted by copyright statute that might otherwise be infringing. Non-profit, educational or personal use tips the balance in favor of fair use. No copyright infringement intended. \\n____________________________________________\\n\\nVenom is an upcoming American superhero film based on the Marvel Comics character of the same name, produced by Columbia Pictures and distributed by Sony Pictures Releasing. It is intended to be the first film in Sony's Marvel Universe, adjunct to the Marvel Cinematic Universe (MCU). The film is directed by Ruben Fleischer from a screenplay by Scott Rosenberg, Jeff Pinkner, Kelly Marcel and Will Beall, and stars Tom Hardy as Eddie Brock / Venom, alongside Michelle Williams, Riz Ahmed, Scott Haze, and Reid Scott.\\n\\nDevelopment of a Venom film, a spin-off from the Spider-Man film franchise, first began with producer Avi Arad in 2007. After various iterations, work on a new version began in March 2017 to start a new shared universe featuring the Marvel characters to which Sony possessed the film rights, though Sony also intends for the film to share the world of Spider-Man: Homecoming, which is set in the MCU after a deal between Sony and Marvel Studios. Rosenberg and Pinkner were set to write, with Fleischer and Hardy added in May 2017. Principal photography began in October 2017, taking place in Atlanta, New York City, and San Francisco.\\n\\nCast\\n\\nTom Hardy as Eddie Brock / Venom: The host of an alien symbiote that gives him incredible powers. Director Ruben Fleischer took inspiration for the character's portrayal from a quote in the comics: You're Eddie Brock. I'm the symbiote. Together we are Venom. Hardy also did performance capture for the role.\\nMichelle Williams as Ann Weying\\nRiz Ahmed\\nScott Haze\\nReid Scott\\nSope Aluko has been cast in an undisclosed role",2018-04-09T15:54:36.000Z,8703155,39075,39816,2102
GB,This Is America: Women's Edit,Nicole Arbour,Entertainment,"\"Nicole Arbour\"|\"World's Sexiest Comedian\"|\"funny\"|\"comedian\"|\"#GOTEAM\"|\"This Is America\"|\"Childish Gambino\"|\"Girl Power\"|\"#MeToo\"|\"Feminists\"","About This Is America: Women’s EditI thought it best to respond to the misinterpretation of my video here to clarify openly.  (click show more)The purpose of my rendition was to honour the spirit of the video which absolutely moved me, by adding my and many women’s life experiences and truths to the brave and brutal truths expressed in the original. It was created with every intention of bringing a light to women’s experiences such as the shaming of mothers breast feeding, common place date rape drugging, the labels put on us of “prude or hoe,” pressures to create a family, workplace harassment, the glass ceiling, drug dependency, effects of social media on modern relationships and self, and included a nod to the cheerleaders who have come forward demanding at least min wage from the multi million dollar corporations they work for. It was a tongue in cheek way to give additional glory to what I believe is the most impactful piece of art in recent years.In retrospect, due to the sensitive nature of the original, I understand why some people are wrongly portraying this as white vs black. However, this was not the intent or theme at all. We had a very diverse cast and creative team working on project from start to finish, who signed on to honour the original while adding more truth from another perspective. I also understand my cheeky responses to hateful comments have been taken out of context, and I take full responsibility for responding to trolls in a way that could be so easily manipulated and become hurtful when reposted without context. I firmly believe the best thing that can happen in America and North America right now is for everyone to create their own version of this video and show what life is like from their side. Through this honesty, I believe we can discover a new level of empathy and understanding for each other that will ultimately and finally lead us to healing and unity that is desperately needed in society. What can we agree on? What do we have in common? Where are we hurting? Start there, then rebuild. Thanks so much for the continued support while I discover how to best express my ideas, comedy and art, and I appreciate your patience when I fumble while learning to maneuver within the awesome blessing that is having such a large voice. Love for everybody, #GOTEAM 🤘🏻Nicole",2018-05-12T22:42:24.000Z,868163,17644,75955,0
GB,Svjetska ekskluziva: Provala u stan Dejana Lovrena,Jutarnji list,Entertainment,[none],Lopovi batovima demolirali vrata hrvatskom reprezentativcu,2017-11-03T12:30:24.000Z,84212,84,108,75
GB,Dwyane Wade Trash Talks Allen Iverson and Kevin Hart After Staring Them Down! Heat vs Sixers,CliveNBAParody,Sports,"\"NBA\"|\"NBA Highlights\"|\"clivenbaparody\"|\"sports\"|\"basketball\"|\"dwyane wade\"|\"kevin hart\"|\"allen iverson\"|\"dwyane wade kevin hart\"|\"dwyane wade allen iverson\"|\"heat vs sixers\"","Dwyane Wade Trash Talks Allen Iverson and Kevin Hart After Staring Them Down! Heat vs Sixers April 16, 2018 \\n\\n\\n警告：视频禁止转载！！！\\n警告：視頻禁止轉載！！！\\n\\nNote N Warning:I have My Own Business,So Never Take My Instant Highlights To Yourself Youtube Page \\nDISCLAIMER - All clips property of the NBA. No copyright infringement is intended,\\n\\nInstagram: https://www.instagram.com/calvindrake1998/?hl=en\\nSoundcloud: https://soundcloud.com/user-101845475\\n\\nNBA Highlights and News on this channel. Subscribe!",2018-04-17T05:17:41.000Z,84152,950,979,274
GB,Judge Roy Moore Campaign Statement,Roy Moore for Senate,People & Blogs,[none],"December 13, 2017 | Montgomery, Alabama",2017-12-14T03:04:05.000Z,804935,4375,59691,0
GB,KFC | Honky Tonk | Smoky Mountain BBQ,KFC,Entertainment,"\"KFC\"|\"Kentucky Fried Chicken\"|\"Fried Chicken\"|\"Lunch\"|\"Dinner\"|\"Tenders\"|\"Buckets\"|\"Chicken\"","",2018-01-26T01:08:37.000Z,804049,4266,5624,2570
GB,Netta ('Toy' Israel) wins Eurovision after dramatic public vote! - Eurovision Song Contest 2018,BBC,Entertainment,"\"Eurovision\"|\"2018\"|\"BBC Eurovision\"|\"competition\"|\"singing competition\"|\"eurovision 2018 israel\"|\"Netta israel\"|\"eurovision 2018 clips\"|\"eurovision stage invader\"|\"Netta Toy\"|\"Eurovision Israel 2018\"|\"eurovision 2018 result\"|\"eurovision 2018 vote\"|\"eurovision 2018 winner\"|\"eurovision 2018 controversial\"|\"netta toy live\"|\"netta wins eurovision\"|\"israel is the winner\"|\"eurovision winner 2018\"|\"netta toy official\"","SUBSCRIBE for more BBC highlights: https://bit.ly/2IXqEInWatch the Eurovision Song Contest on the BBC. https://bbc.in/2rA9CWf  See the moment Netta (#Israel) was crowned winner of the Eurovision Grand Final 2018 with 'Toy', written by Doron Medalie, Stav Beger.Graham Norton introduces live coverage of the #Eurovision Song Contest from Lisbon, Portugal. Eurovision Song Contest 2018 | Grand Final | BBC One",2018-05-12T23:48:30.000Z,7841325,49541,63167,25519
GB,Amy Schumer Goes Behind the Scenes at SNL,Saturday Night Live,Entertainment,"\"snl\"|\"amy schumer\"|\"amy schumer snl promo\"|\"snl promo\"|\"studio 8h\"|\"amy schumer behind the scenes\"|\"behind the scenes\"|\"snl behind the scenes\"|\"promo\"|\"s43\"|\"season 43\"|\"Inside Amy Schumer\"|\"Trainwreck\"|\"I Feel Pretty\"|\"Saturday Night Live\"|\"live\"|\"new york\"|\"comedy\"|\"sketch\"|\"funny\"|\"hilarious\"|\"late night\"|\"host\"|\"music\"|\"guest\"|\"laugh\"|\"impersonation\"|\"actor\"|\"improv\"|\"musician\"|\"Snatched\"","Amy Schumer hosts Saturday Night Live on May 12, 2018, with musical guest Kacey Musgraves.#SNL #SNL43Get more SNL: http://www.nbc.com/saturday-night-liveFull Episodes: http://www.nbc.com/saturday-night-liv...Like SNL: https://www.facebook.com/snlFollow SNL: https://twitter.com/nbcsnlSNL Tumblr: http://nbcsnl.tumblr.com/SNL Instagram: http://instagram.com/nbcsnl SNL Pinterest: http://www.pinterest.com/nbcsnl/",2018-05-09T13:00:06.000Z,75689,1392,3390,826
GB,Dylan Farrow details her sexual assault allegations against Woody Allen,CBS This Morning,News & Politics,"\"video\"|\"cbs\"|\"news\"|\"Dylan Farrow\"|\"sexual assault allegations\"|\"adoptive father\"|\"actor and director Woody Allen\"","Only on CBS This Morning, Dylan Farrow is speaking candidly for the first time on television about her sexual assault allegations against her adoptive father, actor and director Woody Allen. At the age of seven, Farrow told her mother, actress Mia Farrow, that Allen had molested her. Allen has always denied the allegations. Gayle King reports.\\n\\nSubscribe to the CBS This Morning Channel HERE: http://bit.ly/1Q0v2hE\\nWatch CBS This Morning HERE: http://bit.ly/1T88yAR\\nWatch the latest installment of Note to Self, only on CBS This Morning, HERE: http://cbsn.ws/1Sh8XlB\\nFollow CBS This Morning on Instagram HERE: http://bit.ly/1Q7NGnY\\nLike CBS This Morning on Facebook HERE: http://on.fb.me/1LhtdvI\\nFollow CBS This Morning on Twitter HERE: http://bit.ly/1Xj5W3p\\nFollow CBS This Morning on Google+ HERE: http://bit.ly/1SIM4I8\\n\\nGet the latest news and best in original reporting from CBS News delivered to your inbox. Subscribe to newsletters HERE: http://cbsn.ws/1RqHw7T\\n\\nGet your news on the go! Download CBS News mobile apps HERE: http://cbsn.ws/1Xb1WC8\\n\\nGet new episodes of shows you love across devices the next day, stream local news live, and watch full seasons of CBS fan favorites anytime, anywhere with CBS All Access. Try it free! http://bit.ly/1OQA29B\\n\\n\\nDelivered by Norah O’Donnell and Gayle King, CBS This Morning offers a thoughtful, substantive and insightful source of news and information to a daily audience of 3 million viewers. The Emmy Award-winning broadcast presents a mix of daily news, coverage of developing stories of national and global significance, and interviews with leading figures in politics, business and entertainment. Check local listings for CBS This Morning broadcast times.",2018-01-18T13:02:20.000Z,75631,846,937,445
GB,Netta ('Toy' Israel) wins Eurovision after dramatic public vote! - Eurovision Song Contest 2018,BBC,Entertainment,"\"Eurovision\"|\"2018\"|\"BBC Eurovision\"|\"competition\"|\"singing competition\"|\"eurovision 2018 israel\"|\"Netta israel\"|\"eurovision 2018 clips\"|\"eurovision stage invader\"|\"Netta Toy\"|\"Eurovision Israel 2018\"|\"eurovision 2018 result\"|\"eurovision 2018 vote\"|\"eurovision 2018 winner\"|\"eurovision 2018 controversial\"|\"netta toy live\"|\"netta wins eurovision\"|\"israel is the winner\"|\"eurovision winner 2018\"|\"netta toy official\"","Watch the Eurovision Song Contest on the BBC. https://bbc.in/2rA9CWf  See the moment Netta (#Israel) was crowned winner of the Eurovision Grand Final 2018 with 'Toy', written by Doron Medalie, Stav Beger.Graham Norton introduces live coverage of the #Eurovision Song Contest from Lisbon, Portugal. Eurovision Song Contest 2018 | Grand Final | BBC One",2018-05-12T23:48:30.000Z,7544837,47667,62076,24935
