country,title,channel_title,category,tags,description,publish_time,views,likes,dislikes,comment_count
US,Bret Interview with Devin Nunes,Bret Baier,News & Politics,[none],"",2018-02-02T23:29:02.000Z,35891,506,957,461
US,Donald Trump Jr. Says India's Poorest Have Something Special | NBC News,NBC News,News & Politics,"\"NBC\"|\"NBC News\"|\"Breaking News\"|\"US News\"|\"World News\"|\"Politics News\"|\"Current Events\"|\"Top Stories\"|\"donald trump jr india\"|\"india\"|\"trump\"|\"donald\"|\"donald trump\"|\"donald trump junior\"|\"donald trump jr\"|\"trump tower\"|\"times of india\"|\"bombay times\"|\"trump in india\"|\"donald trump jr in india\"|\"donald trump jr luxury apartments\"|\"india trump apartments\"|\"trump-branded luxury apartments\"|\"trump india\"|\"india trump\"|\"india donald trump jr\"|\"trump apartments india\"|\"donald trump jr trump\"","At the start of a trip to attract buyers for luxury apartments, Mr. Trump told CNBC India of his admiration for the nation's poor.\\n\\n» Subscribe to NBC News: http://nbcnews.to/SubscribeToNBC\\n» Watch more NBC video: http://bit.ly/MoreNBCNews\\n\\nNBC News is a leading source of global news and information. Here you will find clips from NBC Nightly News, Meet The Press, and original digital videos. Subscribe to our channel for news stories, technology, politics, health, entertainment, science, business, and exclusive NBC investigations.\\n\\nConnect with NBC News Online!\\nVisit NBCNews.Com: http://nbcnews.to/ReadNBC\\nFind NBC News on Facebook: http://nbcnews.to/LikeNBC\\nFollow NBC News on Twitter: http://nbcnews.to/FollowNBC\\nFollow NBC News on Google+: http://nbcnews.to/PlusNBC\\nFollow NBC News on Instagram: http://nbcnews.to/InstaNBC\\nFollow NBC News on Pinterest: http://nbcnews.to/PinNBC\\n\\nDonald Trump Jr. Says India's Poorest Have Something Special | NBC News",2018-02-20T16:55:34.000Z,34284,144,212,278
US,Major bank ends long-time partnership with NRA,Fox Business,News & Politics,"\"Cheryl Casone\"|\"Tracee Carrasco\"|\"Fbn Am\"|\"Apple News\"|\"Financial Services\"|\"Industries\"|\"On Air\"|\"Personality\"|\"Special\"|\"Fox Business\"",FBN's Tracee Carrasco on the First National Bank of Omaha's decision to discontinue its NRA-branded Visa credit card.,2018-02-23T16:06:15.000Z,32462,449,483,940
US,Trump wanted a parade. He might get one.,Washington Post,News & Politics,"\"trump\"|\"parade\"|\"bastille day\"|\"france\"|\"military parade\"|\"authoritarian regime\"|\"president\"|\"u.s. customs\"|\"pentagon\"|\"white house\"|\"tradition\"|\"armed forces\"|\"Washington Post YouTube\"|\"Washington Post Video\"|\"WaPo Video\"|\"The Washington Post\"","The Pentagon and White House are planning a military parade requested by President Trump, breaking with U.S. tradition. Subscribe to The Washington Post on YouTube: http://bit.ly/2qiJ4dy\\n\\nFollow us:\\n\\nTwitter: https://twitter.com/washingtonpost\\nInstagram: https://www.instagram.com/washingtonpost/\\nFacebook: https://www.facebook.com/washingtonpost/",2018-02-06T23:07:12.000Z,32336,182,212,1036
US,Bud Light - The Bud Knight,Bud Light,Entertainment,[none],Hark! A hero arriveth to smite thine enemies and pick up thy 24-packs.,2018-02-01T13:38:42.000Z,3199087,5552,9632,705
US,Prince Harry and Meghan Markle reveal proposal details,CNN,News & Politics,"\"latest News\"|\"Happening Now\"|\"CNN\"|\"meghan markle\"|\"royal family\"|\"proposal\"|\"prince harry\"","The royal couple opens up about the proposal, the ring and their future together.",2017-11-27T18:48:15.000Z,31055,326,705,338
US,Peter Bone to Trump: Delete Your Account,Ross Kempsell,Comedy,[none],Peter Bone to Trump: Delete Your Account,2017-11-30T11:40:37.000Z,3052,7,39,0
US,Cards Against Humanity Saves America,Cards Against Humanity,Comedy,[none],Narrated by Peter Coyote\nSign up at: www.CardsAgainstHumanitySavesAmerica.com,2017-11-14T16:43:11.000Z,295217,4854,8876,6778
US,Heather Locklear arrested for domestic violence,Fox News,News & Politics,"\"Digital Originals\"|\"Fox 411\"|\"Wochit\"|\"Apple News\"|\"News Gossip\"|\"Entertainment\"|\"Primary Entertainment\"|\"Special\"|\"Web Exclusives\"|\"Fox News\"|\"News\"|\"Heather Locklear\"|\"scandal\"|\"celeb\"|\"celebrity\"|\"assault\"|\"domestic violence\"|\"felony\"|\"police\"|\"law enforcement\"|\"Locklear\"|\"Hollywood\"|\"actress\"|\"Melrose Place\"|\"violence\"|\"heather locklear arrested\"","'Melrose Place' star Heather Locklear was reportedly arrested for felony domestic violence and attacking a police officer. When cops attempted to arrest the 56-year-old, she reportedly became violent.\\n\\nFOX News Channel (FNC) is a 24-hour all-encompassing news service dedicated to delivering breaking news as well as political and business news. The number one network in cable, FNC has been the most watched television news channel for more than 15 years and according to a Suffolk University/USA Today poll, is the most trusted television news source in the country. Owned by 21st Century Fox, FNC is available in more than 90 million homes and dominates the cable news landscape, routinely notching the top ten programs in the genre.\\n \\nSubscribe to Fox News!  https://www.youtube.com/user/FoxNewsChannel\\nWatch more Fox News Video: http://video.foxnews.com\\nWatch Fox News Channel Live: http://www.foxnewsgo.com/\\n \\nWatch full episodes of your favorite shows\\nThe Five: http://video.foxnews.com/playlist/longform-the-five/\\nSpecial Report with Bret Baier: http://video.foxnews.com/playlist/longform-special-report/\\nThe Story with Martha Maccallum: http://video.foxnews.com/playlist/longform-the-story-with-martha-maccallum/\\nTucker Carlson Tonight http://video.foxnews.com/playlist/longform-tucker-carlson-tonight/\\nHannity http://video.foxnews.com/playlist/longform-hannity/\\nThe Ingraham Angle: http://video.foxnews.com/playlist/longform-the-ingraham-angle/\\nFox News @ Night: http://video.foxnews.com/playlist/longform-fox-news-night/\\n \\nFollow Fox News on Facebook: https://www.facebook.com/FoxNews/\\nFollow Fox News on Twitter: https://twitter.com/FoxNews/\\nFollow Fox News on Instagram: https://www.instagram.com/foxnews/",2018-02-26T17:38:19.000Z,29284,513,716,995
US,House Speaker Paul Ryan: ‘Don’t Forget This Is A Big Tax Cut For Families As Well’ | TODAY,TODAY,News & Politics,"\"The TODAY Show\"|\"TODAY Show\"|\"TODAY\"|\"NBC\"|\"NBC News\"|\"Celebrity Interviews\"|\"TODAY Show Recipes\"|\"Fitness\"|\"Lifestyle\"|\"TODAY Show Interview\"|\"Ambush Makeover\"|\"Kathie Lee and Hoda\"|\"KLG and Hoda\"|\"house speaker paul ryan gop tax bill\"|\"paul ryan\"|\"investing\"|\"republican tax reform\"|\"speaker of the house\"|\"tax reform\"|\"speaker paul ryan\"|\"paul ryan on tax reform\"|\"donald trump\"|\"republican tax plan\"|\"taxes\"|\"gop tax reform\"|\"tax plan\"|\"gop tax plan\"|\"tax reform passes\"|\"president trump\"|\"new tax bill\"","Speaker of the House Paul Ryan tells TODAY that American businesses are taxed at “the highest rate in the civilized world” and that the Republican tax overhaul will enable them to bring money back from overseas and give them incentive to invest in American jobs. He says it will bring faster economic growth that will “give relief to hard-working families.” Regarding sexual harassment, he says, “we need to change the culture; let’s not make this a partisan food fight.”\\n\\n» Subscribe to TODAY: http://on.today.com/SubscribeToTODAY\\n» Watch the latest from TODAY: http://bit.ly/LatestTODAY\\n\\nAbout: TODAY brings you the latest headlines and expert tips on money, health and parenting. We wake up every morning to give you and your family all you need to start your day. If it matters to you, it matters to us. We are in the people business. Subscribe to our channel for exclusive TODAY archival footage & our original web series.  \\n\\nConnect with TODAY Online!\\nVisit TODAY's Website: http://on.today.com/ReadTODAY\\nFind TODAY on Facebook: http://on.today.com/LikeTODAY\\nFollow TODAY on Twitter: http://on.today.com/FollowTODAY\\nFollow TODAY on Google+: http://on.today.com/PlusTODAY\\nFollow TODAY on Instagram: http://on.today.com/InstaTODAY\\nFollow TODAY on Pinterest: http://on.today.com/PinTODAY\\n\\nHouse Speaker Paul Ryan: ‘Don’t Forget This Is A Big Tax Cut For Families As Well’ | TODAY",2017-12-20T13:19:14.000Z,290706,1882,7859,3852
US,Trump Dismantles Bears Ears National Monument,The New York Times,News & Politics,"\"The New York Times\"|\"NY Times\"|\"NYT\"|\"Times Video\"|\"New York Times video\"|\"nytimes.com\"|\"news\"|\"bears ears\"|\"national monument\"|\"donald trump\"|\"native americans\"|\"utah\"|\"southern utah\"|\"president trump\"","President Trump has announced plans to reduce Bears Ears National Monument. President Obama had designated the 1.3 million acres in southern Utah at the request of Native American groups.\\n\\nRead the story here: http://nyti.ms/2BHSi5E\\n\\nMore from The New York Times Video: \\nSubscribe: http://bit.ly/U8Ys7n\\nWatch all of our videos here: http://nytimes.com/video\\nFacebook: https://www.facebook.com/nytvideo\\nTwitter: https://twitter.com/nytvideo\\n\\n----------\\n\\nWhether it's reporting on conflicts abroad and political divisions at home, or covering the latest style trends and scientific developments, New York Times video journalists provide a revealing and unforgettable view of the world. It's all the news that's fit to watch.",2017-12-05T01:00:00.000Z,28378,211,463,633
US,Rosie O’Donnell On Donald Trump’s Hostility Toward Her | WWHL,Watch What Happens Live with Andy Cohen,Entertainment,"\"What What Happens live\"|\"reality\"|\"interview\"|\"fun\"|\"celebrity\"|\"Andy Cohen\"|\"talk\"|\"show\"|\"program\"|\"Bravo\"|\"Watch What Happens Live\"|\"WWHL\"|\"bravo andy\"|\"Watch\"|\"What\"|\"Happens\"|\"Trump\"|\"Rosie O'Donnell\"|\"President of the United States\"|\"public distaste\"|\"Rosie O'Donnel wwhl\"|\"Rosie O'Donnel and Donald Trump\"|\"Donald Trump\"|\"President Trump\"|\"Donald Trump and Rosie O'Donnel\"|\"Rosie O'Donnell Watch What Happens Live\"|\"hillary clinton\"|\"rosie wwhl\"|\"rosie o'donnell andy cohen\"|\"comedian\"|\"plead the fifth\"|\"talk show\"","Rosie O’Donnell doesn’t hold back about Donald Trump’s very public distaste for the comedian and explains what she did that really made Donald Trump not like her.\\n►► Subscribe To WWHL: http://bravo.ly/WWHLSub\\n\\nWatch WWHL Sun-Thu 11/10c:\\nWWHL Website: http://www.bravotv.com/watch-what-happens-live\\nFollow WWHL: https://twitter.com/BravoWWHL\\nLike WWHL: https://www.facebook.com/WatchWhatHappensLive\\nWWHL Tumblr: http://bravowwhl.tumblr.com/\\n\\n'Watch What Happens: Live' is Bravo's late-night, interactive talk show that features guests from the world of entertainment, politics, and pop culture. Hosted by Andy Cohen, the series includes lively debates on everything from fashion, the latest on everyone's favorite Bravolebrities, and what celebrity is making headlines that week. Past guests who have joined Cohen in the Bravo Clubhouse include Sarah Jessica Parker, Tina Fey, Khloe Kardashian, Jennifer Lopez, Liam Neeson, Kelly Ripa, Jimmy Fallon, Anderson Cooper, Jennifer Lawrence, and Lance Bass.\\n\\nWatch More Bravo:\\nBravo Website: http://www.bravotv.com/\\nBravo Youtube: http://www.youtube.com/videobybravo\\nFollow Bravo: http://www.twitter.com/bravotv\\nLike Bravo: https://www.facebook.com/BRAVO\\nPin Bravo: http://www.pinterest.com/bravobybravo\\nBravo Instagram: http://www.instagram.com/bravotv\\nBravo Tumblr: http://bravotv.tumblr.com/\\n\\nRosie O’Donnell On Donald Trump’s Hostility Toward Her | WWHL",2017-11-10T12:59:55.000Z,277614,2609,5622,2377
US,Fergie's national anthem draws criticism | ESPN,ESPN,Sports,"\"espn\"|\"espn live\"|\"fergie\"|\"national\"|\"anthem\"|\"draws\"|\"critcism\"|\"black\"|\"eyed\"|\"peas\"|\"singer\"|\"black eyed peas singer\"|\"nba\"|\"all\"|\"star\"|\"game\"|\"national anthem\"|\"fergie national anthem\"|\"nba all star game\"|\"basketball\"","The Black Eyed Peas singer Fergie provides a unique take on the national anthem before the NBA All-Star Game, evoking a few laughs from players and fans inside Staples Center.\\n\\n✔ Subscribe to ESPN on YouTube: http://es.pn/SUBSCRIBEtoYOUTUBE\\n✔ Watch Latest Episodes on WatchESPN: http://es.pn/LatestEpisodes\\n✔ Watch ESPN on YouTube TV: http://es.pn/YouTubeTV\\n\\nGet more ESPN on YouTube:\\n► First Take: http://es.pn/FirstTakeonYouTube\\n► SC6 with Michael & Jemele: http://es.pn/SC6onYouTube\\n► SportsCenter with SVP: http://es/pn/SVPonYouTube\\n\\nESPN on Social Media:\\n► Follow on Twitter: http://www.twitter.com/espn\\n► Like on Facebook: http://www.facebook.com/espn\\n► Follow on Instagram: http://www.instagram.com/espn\\n\\nVisit ESPN on YouTube to get up-to-the-minute sports news coverage, scores, highlights and commentary for NFL, NHL, MLB, NBA, College Football, NCAA Basketball, soccer and more. \\n\\nMore on ESPN.com: http://www.espn.com",2018-02-19T12:42:36.000Z,2762839,14362,37877,21507
US,Janelle Monae Introduces Kesha With a Powerful Message About the #MeToo Movement,Catch-Up TV,News & Politics,"\"#MeToo\"|\"Grammys 2018\"|\"Janelle Monáe\"|\"Kesha\"","During the Grammys, singer and actress Janelle Monae reminded the audience that #MeToo\\n\\njanelle monae, janelle monae (musical artist), janelle monáe, janelle, monae, janelle monae (composer), music, album, live, archandroid, wondaland, interview, r&b, full, song, singer, lyrics, tightrope, electric lady, video, #metoo, me too, news, metoo, women, comedy, harvey weinstein, aziz ansari, feminism, sexual harassment, politics, #metoo movement, funny, weinstein, sexual assault, meghan trainor, comedian, interview, sexual misconduct, podcast, music, all about that bass",2018-01-29T05:51:16.000Z,26970,370,570,323
US,Cardi B wants a Grammy,Associated Press,Entertainment,"\"bebe rexha\"|\"bruno\"|\"bruno mars\"|\"rihanna\"|\"bebe\"|\"ciara\"|\"cardi b\"|\"ashley graham\"|\"kelly clarkson\"|\"entertainment\"|\"arts and entertainment\"|\"award shows\"|\"music awards\"|\"music\"|\"grammy awards\"|\"pop music\"|\"celebrity fashion\"|\"fashion design\"|\"celebrity\"|\"cardi\"|\"wants\"|\"grammy\"","Rapper Cardi B says all she's thinking about is winning an award at the Grammys, and looks forward to performing. (Jan. 27)\\n\\nSubscribe for more Arts and Entertainment News: http://smarturl.it/AssociatedPress",2018-01-27T16:17:51.000Z,26921,204,431,322
US,Joel Embiid ROASTS Russell Westbrook For Shooting 33 Times!!,DaHoopSpot Productions,Sports,[none],"",2017-12-16T04:29:25.000Z,2620,8,12,5
US,Deleted video,DaHoopSpot Productions,Sports,[none],"",2017-12-16T04:29:25.000Z,2620,8,12,5
US,Oscar 2018 nominations announced,CBS This Morning,News & Politics,"\"video\"|\"cbs\"|\"news\"|\"The Shape of Water\"|\"Oscar\"|\"nominations\"|\"Academy Awards\"|\"films\"","The Shape of Water leads the pack in nominations for the 90th Academy Awards, coming up on March 4. See which films made the list.\\n\\nSubscribe to the CBS This Morning Channel HERE: http://bit.ly/1Q0v2hE\\nWatch CBS This Morning HERE: http://bit.ly/1T88yAR\\nWatch the latest installment of Note to Self, only on CBS This Morning, HERE: http://cbsn.ws/1Sh8XlB\\nFollow CBS This Morning on Instagram HERE: http://bit.ly/1Q7NGnY\\nLike CBS This Morning on Facebook HERE: http://on.fb.me/1LhtdvI\\nFollow CBS This Morning on Twitter HERE: http://bit.ly/1Xj5W3p\\nFollow CBS This Morning on Google+ HERE: http://bit.ly/1SIM4I8\\n\\nGet the latest news and best in original reporting from CBS News delivered to your inbox. Subscribe to newsletters HERE: http://cbsn.ws/1RqHw7T\\n\\nGet your news on the go! Download CBS News mobile apps HERE: http://cbsn.ws/1Xb1WC8\\n\\nGet new episodes of shows you love across devices the next day, stream local news live, and watch full seasons of CBS fan favorites anytime, anywhere with CBS All Access. Try it free! http://bit.ly/1OQA29B\\n\\n\\nDelivered by Norah O’Donnell and Gayle King, CBS This Morning offers a thoughtful, substantive and insightful source of news and information to a daily audience of 3 million viewers. The Emmy Award-winning broadcast presents a mix of daily news, coverage of developing stories of national and global significance, and interviews with leading figures in politics, business and entertainment. Check local listings for CBS This Morning broadcast times.",2018-01-23T14:17:33.000Z,25601,92,97,56
US,LaToya Cantrell elected mayor of New Orleans,NOLA.com,News & Politics,new orleans videos,"LaToya Cantrell addresses the gathering at her election party at the New Orleans Jazz Market in Central City after being elected the first female of the city of New Orleans on Saturday, November 18, 2017.",2017-11-19T05:07:23.000Z,25203,263,355,710
US,Women are marching on Trump's one-year anniversary in office,CNN,News & Politics,"\"latest News\"|\"Happening Now\"|\"CNN\"|\"Politics\"|\"President Trump\"","This weekend is the one-year anniversary of President Donald Trump's swearing-in. But hundreds of thousands of activists across the US also are marking the anniversary of last January's Women's March, and the movement it sparked in 2017.",2018-01-20T16:39:20.000Z,247049,2874,3174,7031
US,Kelly Oubre Punches John Wall in the Lead during warriors wizards scuffle,Rob Andretti,Sports,[none],"I'm BACK! \\n\\n• Will you be apart of the take over?\\n\\n• WHAT TO EXPECT: Gaming, Sports, Tech, & MORE...\\n\\n• ANDRETTI Videos Everyday!\\n\\n• More from Rob Andretti : https://www.youtube.com/channel/UC_RiyHoDvDmq2eVptDveA0g\\n\\n• Subscribe on YouTube: https://www.youtube.com/channel/UC_RiyHoDvDmq2eVptDveA0g\\n\\n• Instagram: https://www.instagram.com/robandretti/?hl=en\\n\\n• Twitter: https://twitter.com/RobAndretti\\n\\n• Facebook: https://www.facebook.com/ROB-Andretti-Gaming-1674853006084565/\\n\\n• #RobAndrettiGaming",2017-10-28T11:15:14.000Z,2447,0,3,1
US,A Wrinkle in Time Official US Trailer,Disney Movie Trailers,Film & Animation,"\"a wrinkle in time\"|\"movie\"|\"disney\"|\"oprah winfrey\"|\"reese witherspoon\"|\"mindy kaling\"|\"storm reid\"|\"trailer\"|\"HD\"|\"preview\"|\"book\"|\"payoff\"|\"official\"|\"tesser\"|\"aunt beast\"|\"ava duvernay\"|\"epic\"|\"whatsit\"|\"who\"|\"which\"|\"mrs\"|\"meg murry\"|\"chris pine\"","On March 9th, be a warrior. Watch the brand-new trailer for Disney’s A Wrinkle in Time.\\n\\nWebsite and Mobile site: disney.com/wrinkleintime\\nLike us on Facebook: https://www.facebook.com/WrinkleinTimeMovie/\\nFollow us on Twitter: https://twitter.com/WrinkleinTime\\nInstagram: https://www.instagram.com/wrinkleintime/\\nHashtag: #WrinkleinTime\\n\\nFrom visionary director Ava DuVernay comes Disney’s “A Wrinkle in Time,” an epic adventure based on Madeleine L’Engle’s timeless classic which takes audiences across dimensions of time and space, examining the nature of darkness versus light and, ultimately, the triumph of love. Through one girl’s transformative journey led by three celestial guides, we discover that strength comes from embracing one’s individuality and that the best way to triumph over fear is to travel by one’s own light.\\n \\nDirected by Emmy(R) winner and Oscar(R) and Golden Globe(R) nominee Ava DuVernay from a screenplay by Oscar winner Jennifer Lee based upon the beloved novel by Madeleine L’Engle, “A Wrinkle in Time” stars: two-time Academy Award(R) nominee Oprah Winfrey, Oscar and Emmy winner Reese Witherspoon, Emmy nominee Mindy Kaling, Gugu Mbatha-Raw, Michael Peňa and introducing Storm Reid, with two-time Emmy winner Zach Galifianakis and Emmy nominee Chris Pine.\\n \\nProduced by Jim Whitaker and Catherine Hand with Doug Merrifield serving as executive producer, the film also boasts an impressive creative team featuring some of the most talented artisans working today, including: Tobias Schliessler, ASC as director of photography, Naomi Shohan as production designer, Oscar(R)-nominee Spencer Averick as film editor, two-time Academy Award(R)-nominee Paco Delgado as costume designer and four time Emmy(R) nominee Ramin Djawadi as composer.",2017-11-20T01:22:15.000Z,2358051,3496,5513,5622
