country,title,channel_title,category,tags,description,publish_time,views,likes,dislikes,comment_count
JP,採用フリップNEWS　ゲスト：川島明、土屋伸之 カズレーザー、斎藤司、筧美和子　4月26日,Channel인생을즐겨요,Entertainment,"\"採用フリップNEWS|\"\"4月26日\"\"|\"\"採用フリップNEWS 2018年4月26日\"\"\"",採用フリップNEWS　2018年4月26日　\n\n内容：タカアンドトシと人気芸人たちが世に広めたいニュースを\nフリップで発表する『採用!フリップNEWS』が新番組としてスタート\n\n出演者：タカアンドトシ、川島明、土屋伸之\nカズレーザー、斎藤司、筧美和子\nhttps://www.youtube.com/channel/UCj8ypzZvd5f7tAhA-4lFwyQ,2018-04-26T19:55:35.000Z,5890,3,35,3
JP,【激熱兜は激熱です】シーサ。の回胴日記_第８０７話 [by ARROWS-SCREEN] 【パチスロ】【ハーデス他】,ARROWS-SCREEN,Entertainment,"\"アロウズ|\"\"アローズ\"\"|\"\"アロウズスクリーン\"\"|\"\"ARROWS-SCREEN\"\"|\"\"株式会社ジースクイール\"\"|\"\"パチンコ\"\"|\"\"パチスロ\"\"|\"\"スロット\"\"|\"\"しーさ\"\"|\"\"シーサー\"\"|\"\"シーサ\"\"|\"\"シーサ。\"\"|\"\"回胴日記\"\"|\"\"シーサの回胴日記\"\"|\"\"シーサ。の回胴日記\"\"|\"\"シーサーの回胴日記\"\"|\"\"シーサ。の回胴日記最新\"\"|\"\"シーサーの回胴日記最新\"\"|\"\"マルイ\"\"|\"\"マルイ上田店\"\"|\"\"ハーデス\"\"|\"\"激熱\"\"|\"\"シーサ807\"\"|\"\"回胴807\"\"|\"\"第807話\"\"\"",これからも応援宜しくお願い致します！チャンネル登録はこちら♪http://goo.gl/83LCt1パチンコ店元店長シーサ。のガチ実戦バラエティ！あの超絶神回「７９７話」ぶりのハーデス実戦！再び激熱な展開を作れるか！？■収録日：2018年5月28日（月）■収録店舗：マルイ上田店（長野県）【オススメ動画】第２３６話：アナザーゴッドハーデスでＰＧＧを４回！https://youtu.be/OWnlt8YNb-s第２４５話：蒼天の拳２で回胴日記初の万枚！https://youtu.be/TYl-cUMhKkAシータイム第５２回：ハーデスで万枚突破！さらに「アレ」が流れます！https://youtu.be/OQhSfq7Mr_w第３２７話：ハーデスで過去最高の獲得枚数！https://youtu.be/kd3eQqx1MLo第３４４話：アラジンＡⅡで万枚突破！https://youtu.be/x_OTtNZRv1c第５４４話：修羅の刻で万枚突破！https://youtu.be/q4lVn-NOEts第７９７話：ハーデスで回胴日記の記録更新！https://youtu.be/8WHJHW6CJko【イチオシ動画】第１３９話：ムキになって打った結果は！？https://youtu.be/CcWHDuqrEyo第７７７話記念回：生放送でシーサ。ツッパります！https://youtu.be/eRtfVAx7jXI節目のお便りやご意見、ご感想をメールで送るならこちら！！comment@arrows-screen.comその他スロット動画など配信動画の情報はこちら！！http://arrows-screen.com/ブログ http://www.arrows-screen.com/blog_list.phptwitter@arrowsscreen https://twitter.com/arrowsscreenFacebook https://www.facebook.com/arrows.screen.pageアナザーゴッドハーデス‐奪われたZEUSver.‐(C)UNIVERSAL ENTERTAINMENTハナビ(C)UNIVERSAL ENTERTAINMENT,2018-06-11T09:00:02.000Z,58863,287,325,67
JP,ツッコミ芸人なうfお前が歌うんかい！」と一発でツッコめる説(水)3/7【水曜日のダウンタウン】,Sunday Japan 2018,Entertainment,"\"水曜日のダウンタウン|\"\"水曜日\"\"|\"\"ダウンタウン\"\"|\"\"2018年02.\"\"\"",水曜日のダウンタウン　2018年03月07日\n【水曜日のダウンタウン】,2018-03-07T16:37:13.000Z,5830,1,32,3
JP,「女の子へ誕生日プレゼント」家族“切りつけ”の男(18/05/15),ANNnewsCH,News & Politics,"\"ニュース|\"\"NEWS\"\"|\"\"ANN\"\"|\"\"テレビ朝日\"\"|\"\"テレ朝\"\"|\"\"tvasahi\"\"|\"\"TV ASAHI\"\"|\"\"下平さやか\"\"|\"\"千葉市\"\"|\"\"飲食店\"\"|\"\"家族\"\"|\"\"包丁\"\"|\"\"女の子\"\"|\"\"死亡\"\"|\"\"事件\"\"|\"\"誕生日\"\"|\"\"プレゼント\"\"\"",千葉市の飲食店で40代の男が妹家族4人を包丁で切り付けて6歳の女の子が死亡した事件で、男が事件当日、女の子への誕生日プレゼントを持っていったと話していることが分かりました。・・・記事の続き、その他のニュースはコチラから！[テレ朝ｎｅｗｓ] http://www.tv-asahi.co.jp/ann/,2018-05-15T03:59:34.000Z,580783,573,4533,0
JP,【CRバジリスク〜甲賀忍法帖〜源之助の章】ST突入率.継続率80%って本当なの？【カスパチ道中記#22】［パチスロ］［スロット］,養分パチンカスの人生道中記,Entertainment,"\"パチスロ|\"\"スロット\"\"|\"\"パチンコ\"\"|\"\"スロパチ\"\"|\"\"バジリスク\"\"|\"\"新台最速\"\"\"",今回は新台CRバジリスク 〜甲賀忍法帖〜源之助の章を最速打ちしてきました！ST突入率、継続率共に80％あると聞きかなり期待しての実践です！よかったら見てください！チャンネル登録もよろしくお願いします！\n\nチャンネル登録よろしくお願いします。\nhttps://www.youtube.com/channel/UCu239C8QdmDYoKiSd7ovNWQ\n\nTwitterもフォローよろしくお願いします。\nhttps://twitter.com/KUZUPACHINKASU,2018-03-05T07:46:35.000Z,58049,65,113,56
JP,銀行で1万円札10枚両替頼んだら・・・1万円札が100枚(18/03/20),ANNnewsCH,News & Politics,"\"ニュース|\"\"NEWS\"\"|\"\"ANN\"\"|\"\"テレビ朝日\"\"|\"\"テレ朝\"\"|\"\"tvasahi\"\"|\"\"TV ASAHI\"\"|\"\"ニュース企画\"\"|\"\"裁判\"\"|\"\"1万円\"\"|\"\"千円札\"\"|\"\"銀行員\"\"|\"\"自営業\"\"|\"\"両替\"\"|\"\"義務\"\"|\"\"旅行代\"\"|\"\"生活費\"\"|\"\"占有離脱物横領\"\"|\"\"起訴\"\"|\"\"弁護士\"\"|\"\"詐欺罪\"\"\"",銀行で1万円札10枚を千円札100枚にする両替を頼んだ男性がいた。ところが、銀行側のミスで渡されたのは1万円札が100枚だった。突然、舞い込んだ100万円の大金だが、絶対に持ち帰ってはいけない。　もしかしたら自分もやってしまうかも。そんな事件の裁判が19日に大阪地裁で開かれた。\n・・・記事の続き、その他のニュースはコチラから！\n[テレ朝ｎｅｗｓ] http://www.tv-asahi.co.jp/ann/,2018-03-20T11:16:39.000Z,575061,540,3048,0
JP,紀州のドンファンの結婚相手、過去の”ビデオ出演”疑惑に一同驚愕！,芸能黙示録,News & Politics,"\"芸能黙示録|\"\"UCSCPaXFe6qhgvBUkYG7hfhg\"\"|\"\"紀州のドンファン\"\"|\"\"結婚相手\"\"|\"\"須藤早貴\"\"|\"\"ユリカ\"\"|\"\"職業\"\"|\"\"朝までハシゴ酒\"\"|\"\"タイトル\"\"|\"\"プレステージ\"\"\"",紀州のドンファンの結婚相手、過去の”ビデオ出演”疑惑に一同驚愕！チャンネル登録→https://goo.gl/5tNepM紀州のドンファンの結婚相手の”前職”が発覚し一同驚愕！ https://www.youtube.com/watch?v=QFQ8fD-38N4紀州のドンファン、死因から判明した犯人の”手口”に一同驚愕！ https://www.youtube.com/watch?v=q1xfF9NbRdk紀州のドンファンの潔すぎる”人生哲学”に一同称賛！という程でもないが、割と賛同の声あり！ https://www.youtube.com/watch?v=Vy9-VYgpORABGM引用元：煉獄庭園,2018-06-06T06:20:48.000Z,570807,700,977,767
JP,交差点内でのハプニング,動画ひまつぶーし,Comedy,[none],※高評価低評価コメント自由です。チャンネル登録お願い致します,2018-04-01T06:03:37.000Z,55919,89,530,785
JP,【江原啓之】 オーラの泉　山口達也,江原啓之 あなたに贈るメッセージ,Entertainment,"\"江原啓之|\"\"オーラの泉 山口達也\"\"\"",【江原啓之】 オーラの泉　山口達也御視聴頂き、ありがとうございました。チャンネル登録お願い致します。https://www.youtube.com/channel/UC6s0fXoP4-jDA9jBxw4egCg【関連動画】江原さん出演シーンまとめ 2018 05 02https://www.youtube.com/watch?v=YkmXg518EiI江原啓之　働く上でのお悩みhttps://www.youtube.com/watch?v=33wHH3tYT94【江原啓之】職場で合わない人にはこうしてあげて下さい！https://www.youtube.com/watch?v=eD-qkkVJF4w江原啓之 おと語り 気は遣うのではなく利かすもの【幸せな心の授業】https://www.youtube.com/watch?v=3bTfuU3aAgY江原啓之 おと語り 江原式職場の人間関係対処法に一同驚愕！ 【スピリチュアル開運チャンネル 江原啓之 美輪明宏 オーラの授業】https://www.youtube.com/watch?v=R1PaQiE8a1s,2018-05-04T06:18:10.000Z,55740,135,189,26
JP,ワンピース 902ー日本語のフル,dai nguyen,Entertainment,"\"ワンピース 902ー日本語|\"\"ワンピース 902ー日本語のフル\"\"|\"\"ワンピース 902\"\"|\"\"ワンピース 902話\"\"\"",ワンピース 902ー日本語のフル,2018-04-20T10:08:47.000Z,55692,19,266,6
JP,七原くん20180325 ①深夜の鬱原くん【HD高画質ニコ生】,配信応援,Entertainment,"\"ニコ生|\"\"七原くん\"\"\"",ニコ生で活躍中の七原くんをアリーナ・最速アップ・HD高画質でお届けします。\nhttp://com.nicovideo.jp/community/co3313757,2018-03-25T19:38:32.000Z,5567,31,38,11
JP,坂上忍 やくみつるに「大激怒！」バイキング 2018年2月6日 20180206,nbsc006,People & Blogs,[none],"",2018-02-06T05:31:33.000Z,55465,189,339,800
JP,【速報】TOKIO 山口達也メンバー 強制わいせつ容疑で書類送検,気になる!2chの芸能情報!,Entertainment,"\"UCfN-53hLQZPh4jVozu0MUmA?view_as=subscriber|\"\"気になる２ｃｈの芸能情報\"\"|\"\"芸能\"\"|\"\"２ちゃんねる\"\"|\"\"２ｃｈ\"\"|\"\"TOKIO\"\"|\"\"山口達也\"\"|\"\"三代目JSB\"\"|\"\"ジャニーズ\"\"|\"\"離婚会見\"\"|\"\"Rの法則\"\"\"",テレビでは放送されない芸能・スポーツネタに関するネットの反応をUPしています(^.^)\nチャンネル登録をして、職場や学校で芸能・スポーツネタに一番詳しい人になって下さい♪\n➔http://qq1q.biz/IQst\n\n【関連動画】\n\n関ジャニ∞を脱退する渋谷すばるにＴＯＫＩＯ山口達也が言い放った“ある言葉”に涙が止まらない・・・\nhttps://www.youtube.com/watch?v=MMYdr64NUEk\n\n\nガリットチュウ福島善成 &山口達也初対面＊今度は山下健二郎のモノマネをしてみたい\nhttps://www.youtube.com/watch?v=xhkOd4k6MMo\n\n\n【速報】山口達也が強制わいせつ容疑、相手がやばすぎる…【mayu】\nhttps://www.youtube.com/watch?v=pb0ANUnN32c\n\n\n山口達也が強制わいせつ罪でも、TOKIOのここがすごい！唯一の弱点とは\nhttps://www.youtube.com/watch?v=tKSD0P_ELi0\n\n\n【ZIP】三代目JSB 山下健二郎の素顔　月曜メインパーソナリティー山口達也とやりたい事\nhttps://www.youtube.com/watch?v=S-srSB7lB1c,2018-04-25T10:14:30.000Z,55202,29,73,13
JP,大相撲巡業「女性は土俵から降りて」以上に酷い信じられないその後の出来事,ゴシップ砲,Entertainment,"\"ゴシップ砲|\"\"UCVt6mNPgKlTKWkOfSN-X2-Q\"\"|\"\"大相撲\"\"|\"\"舞鶴\"\"|\"\"心臓マッサージ\"\"|\"\"塩\"\"|\"\"市長\"\"|\"\"春場所\"\"|\"\"大量\"\"|\"\"塩まき\"\"\"",大相撲の春巡業で、倒れた市長に懸命の救命処置をする女性に対して「土俵を降りろ」というアナウンスに非難が上がっていますが、実はその後に行われた驚きのことについて動画を交えてお伝えします。\nこれについてのネット上の声を載せてありますのでご意見をください。\n【関連動画】\n\n大相撲巡業、救命の女性に「土俵から降りてください」 \nhttps://www.youtube.com/watch?v=6nM7Be3uSvA\n\n大相撲巡業 土俵で倒れた市長に心臓マッサージする女性に「土俵から降りて」と指示!!疑問の声\nhttps://www.youtube.com/watch?v=xSUVY7PKTxI\n\n大相撲で人が倒れ女医が手当てするも女性は降りてくださいとアナウンスする\nhttps://www.youtube.com/watch?v=EscJQWI9paE\n\n大相撲で市長が倒れ救命中にも関わらず「女性は土俵から降りて」- 大相撲舞鶴場所\nhttps://www.youtube.com/watch?v=x08SZFCQWyA\n\n\n【BGM提供】\n■魔王魂,2018-04-05T06:59:51.000Z,549850,921,2038,2444
JP,オウム真理教元信者ら　刑執行中止などの要請書提出(18/03/20),ANNnewsCH,News & Politics,"\"ニュース|\"\"NEWS\"\"|\"\"ANN\"\"|\"\"テレビ朝日\"\"|\"\"テレ朝\"\"|\"\"tvasahi\"\"|\"\"TV ASAHI\"\"|\"\"上野優花\"\"|\"\"オウム真理教\"\"|\"\"元幹部\"\"|\"\"死刑囚\"\"|\"\"元信者\"\"|\"\"家族\"\"|\"\"弁護士\"\"|\"\"要請書\"\"|\"\"法務省\"\"|\"\"オウム真理教家族の会\"\"|\"\"日本脱カルト協会\"\"|\"\"無期懲役刑\"\"|\"\"減刑\"\"\"",オウム真理教元幹部で松本智津夫死刑囚以外の12名の死刑囚について、元信者の家族や弁護士らのグループが刑の執行中止などを求める要請書を法務省に提出しました。\n・・・記事の続き、その他のニュースはコチラから！\n[テレ朝ｎｅｗｓ] http://www.tv-asahi.co.jp/ann/,2018-03-19T22:26:27.000Z,5454,23,173,0
JP,俺の実践！第４２０話　CRボウリング革命を打つんですがこれが本当の小当たりラッシュですよ？,むるおか君の徒然なるままにガチ実践!,Entertainment,"\"むるおか|\"\"俺の実践\"\"|\"\"ガチ実践\"\"|\"\"CRボウリング革命\"\"\"",初当たり確率 1/319.7 → 1/94.6確変突入率 50%確変継続率 65%時短回数 50回小当たりRUSHの期待値 約940個日々の徒然なるままの様子です。若干養分気味。ツイッター：https://twitter.com/muruoka,2018-06-12T09:00:02.000Z,54103,853,1382,449
JP,【緊急速報】和田竜人さんついに身元判明！三重県四日市の両親が名乗り出る,NEWS 24 HD2,People & Blogs,"\"‪‪Yokkaichi‬|\"\"‪Mie Prefecture‬\"\"|\"\"‪Japan‬‬\"\"\"","",2018-02-09T15:48:00.000Z,54007,73,91,41
JP,俺の実践！第４１６話　６月一発目、CR天元突破グレンラガンで奇跡が起きる,むるおか君の徒然なるままにガチ実践!,Entertainment,"\"むるおか|\"\"俺の実践\"\"|\"\"ガチ実践\"\"\"",日々の徒然なるままの様子です。若干養分気味。ツイッター：https://twitter.com/muruoka,2018-06-03T12:00:00.000Z,53729,965,1112,317
JP,山口達也を  国分太一語る   一部です  ビビット,nao nao,Comedy,[none],"",2018-04-25T23:50:20.000Z,53295,65,98,70
JP,婚約破談寸前の小室圭の母が皇室に要求していた”ある願い”が判明！ 無礼な一言に一関係者一同が驚愕,芸能王国,Entertainment,"\"芸能王国|\"\"MjAq7CdF_uTFyTXW7lPINA\"\"|\"\"眞子さま\"\"|\"\"小室圭\"\"|\"\"小室佳代\"\"|\"\"秋篠宮さま\"\"\"",あなたに「もっと観たい」と思ってもらえるような動画を作ります。\nチャンネル登録よろしくお願いします。\n↓↓↓\nhttp://www.youtube.com/channel/UCMjAq7CdF_uTFyTXW7lPINA?sub_confirmation=1\n\n問い合わせ↓↓\ngeinou.oukoku@gmail.com\n\n関連動画\n\n眞子様のある一言で破談が確定...宮内庁関係者が暴露\nhttps://www.youtube.com/watch?v=U5OuCYCWpAA\n\n小室家の借金問題を美智子様までもご心配「皇室ニュースは全てチェック済み」眞子さま強制的に破局か・・\nhttps://www.youtube.com/watch?v=ObSQy6dAc9g\n\n眞子様破談へ..紀子様が小室圭を〇〇だと評し一同驚愕...\nhttps://www.youtube.com/watch?v=MxmpvzQvQ6c\n\n小室圭と母の”破廉恥な計画”に一同激怒！「眞子さまと結婚出来ぬのなら、せめて●●●を得ようてか！そうはいかぬ！」\nhttps://www.youtube.com/watch?v=WzYmaPUKEYQ,2018-02-15T11:56:06.000Z,52827,106,111,12
JP,新川優愛プーさんのタオル汚いと言われて号泣,虎雷,People & Blogs,[none],プーさんのタオル,2018-04-02T22:50:43.000Z,52250,25,61,386
JP,2018/02/26 七原くん 今日の行動と現実①,a k,Entertainment,[none],2018年02月26日 22時00分\n無気力症候群感染\n②https://youtu.be/gBoSaAQKEus,2018-02-26T15:46:00.000Z,5194,25,32,23
