country,title,channel_title,category,tags,description,publish_time,views,likes,dislikes,comment_count
JP,関ジャニ∞渋谷すばる脱退！真相はあのグループのリストラ計画！ジャニーズに愛想が尽きた…,井下公造の芸能タイトナショー,Entertainment,"\"https://www.youtube.com/channel/UCwIJKWwH5rrqnvCtDPtkmWA|\"\"タイトナショー\"\"|\"\"関ジャニ∞\"\"|\"\"関ジャニ\"\"|\"\"渋谷すばる\"\"|\"\"ジャニーズ\"\"|\"\"Ⅴ6\"\"\"",関ジャニ∞渋谷すばる脱退の真相はたった一つ！！\n井下公造の芸能タイトナショーをよろしくお願いいたします。\nあの～↓のリンクをクリックしてチャンネル登録おねがいしますねえ\nhttp://www.youtube.com/channel/UCwIJKWwH5rrqnvCtDPtkmWA?sub_confirmation=1\n\n下のリンクをクリックして関連動画＆おすすめ動画もご覧くださいね～\n関ジャニ村上信五がジャニーズの”ある疑惑”の犠牲者に！SMAP独立組みへの…\nhttps://youtu.be/YjSo_bCmWlQ\n\nジャニーズ崩壊！SMAP代わりに関ジャニ指名の”ある理由”が哀しい…躍進する”新しい地図”\nhttps://youtu.be/9krIJKfc-TA\n\nジャニーズの深い闇！熱愛発覚した嵐・相葉雅紀の結婚出来ない理由が哀しすぎる…\nhttps://youtu.be/BRbo7AYJzJY\n\n小島瑠璃子だけじゃない！関ジャニ村上信五が抱いた有名女芸能人たちが豪華すぎる！女性遍歴スキャンダル\nhttps://youtu.be/UkYiFktdokA\n\n【衝撃】抱かれたいジャニーズランキング！SMAP木村拓哉、嵐松本潤順位は？！２０１７年\nhttps://youtu.be/1jJFYS5GhPo\n\n関ジャニ∞渋谷すばる脱退！真相はあのグループのリストラ計画！ジャニーズに愛想が尽きた…\n\nこれ絶対に言わないでくださいよ。\n\n実は関ジャニ∞渋谷すばるさん\nなんですが…\n\n関ジャニ∞からの脱退、\nジャニーズ事務所退所を\n発表したんですよ。\n\n表向きには\n音楽の勉強…\n\nとされているのですが、\n本当の理由は\n別にありそうです。\n\n気になる真相を\nご確認ください。,2018-04-15T10:00:03.000Z,194187,328,522,56
JP,【平昌五輪】驚愕‼ アイスダンスでまたもハプニング！ 仏代表の衣装が... 選手は「悪夢」と涙,ななチャンネル,Entertainment,"\"UCHusB4fkxFwQCK_p7ESgqHQ|\"\"ななチャンネル\"\"|\"\"衝撃\"\"|\"\"驚愕\"\"|\"\"雑学\"\"|\"\"平昌五輪\"\"|\"\"オリンピック\"\"|\"\"フィギュアスケート\"\"|\"\"アイスダンス\"\"|\"\"衣装\"\"|\"\"ハプニング\"\"|\"\"仏代表\"\"|\"\"ガブリエラ・パパダキス\"\"|\"\"ギヨーム・シゼロン\"\"|\"\"Gabriella Papadakis\"\"|\"\"Guillaume Cizeron\"\"|\"\"Pyeongchang\"\"|\"\"pyeongchang 2018\"\"|\"\"figure skating\"\"|\"\"ice dancing\"\"|\"\"winter olympics\"\"\"",【平昌五輪】驚愕‼ アイスダンスでまたもハプニング！ 仏代表の衣装が... 選手は「悪夢」と涙 \n\n★宜しければチャンネル登録お願いします m(_ _)m\n　⇒ https://www.youtube.com/channel/UCHusB4fkxFwQCK_p7ESgqHQ?sub_confirmation=1\n\n\n◆おすすめ関連動画◆\n\nアイスダンスでまたハプニング　今度は胸を露出　米ＮＢＣはどっきり？\nhttps://www.youtube.com/watch?v=PT3aT9umJ_c \n\n開始8秒でまたも衣装がはだける　フランスペアにあわやのハプニング \nhttps://www.youtube.com/watch?v=EIKIkulYn_o \n\n【どんな競技？（ｗ】アイスダンスでまたハプニング　今度は胸を露出しちゃったよ！\nhttps://www.youtube.com/watch?v=Xbuu8iNzfeM \n\n【海外の反応】平昌五輪フィギア韓国ペア、衣装がはだけるシーンに外国人も困惑。「中国製なのか？」Pyeongchang Olympic figure　（和ノ輝キ『ココロ』） \nhttps://www.youtube.com/watch?v=H3_CtL3c8e8 \n\nミンユラ、衣装ハプニング！「次は服しっかり着て出る」韓国フィギュア・アイスダンス・ミン・ユラ - \nhttps://www.youtube.com/watch?v=Mg2KyjIYaxk \n\n\nななチャンネル\nhttps://www.youtube.com/channel/UCHusB4fkxFwQCK_p7ESgqHQ/videos\n\n\n◆引用元◆\n\n記事:   http://www.afpbb.com/\nBGM:  https://www.youtube.com/audiolibrary/music\n            https://maoudamashii.jokersounds.com/,2018-02-19T15:34:33.000Z,194184,56,313,15
JP,SAMURAI BLUE（日本代表）メンバー 発表記者会見　5/30(水) KIRIN CHALLENGE CUP 2018,JFATV,Sports,"\"サッカー|\"\"サッカー日本代表\"\"|\"\"SAMURAI BLUE\"\"|\"\"KIRIN CHALLENGE CUP 2018\"\"|\"\"キリンチャレンジカップ2018\"\"|\"\"メンバー 発表\"\"|\"\"日産スタジアム\"\"|\"\"ガーナ代表\"\"|\"\"西野朗\"\"\"",公益財団法人 日本サッカー協会は5月18日（金）13時より、キリンチャレンジカップ2018 ガーナ代表戦（5/30@日産スタジアム）に臨むSAMURAI BLUE（日本代表）メンバーの記者発表を行います。※回線の状況や閲覧環境により、一部ご覧いただけない場合がございます。予めご了承ください。【 KIRIN CHALLENGE CUP 2018 】2018年5月30日(水) 19:25キックオフ(予定)神奈川／日産スタジアムSAMURAI BLUE（日本代表）vs ガーナ代表大会情報はこちらhttp://www.jfa.jp/samuraiblue/20180530/,2018-05-18T04:40:16.000Z,193898,593,2115,0
JP,#305「くるみんの行動に夢中!?」ブラマヨ吉田のガケっぱち!!〈ぱちんこ 魔法少女まどか☆マギカ まどかver.〉ほか［公式/毎週月曜日更新］,KYORAKU CHANNEL,Entertainment,"\"ぱちんこ 魔法少女まどか☆マギカ まどかver.|\"\"ぱちんこ 魔法少女まどか☆マギカ\"\"|\"\"魔法少女まどか☆マギカ\"\"|\"\"魔法少女\"\"|\"\"まどか\"\"|\"\"マギカ\"\"|\"\"鹿目まどか\"\"|\"\"暁美ほむら\"\"|\"\"美樹さやか\"\"|\"\"佐倉杏子\"\"|\"\"巴マミ\"\"|\"\"キュゥべえ\"\"|\"\"ワルプルギス\"\"|\"\"ワルプルギスの夜\"\"|\"\"まどマギ\"\"|\"\"チームサプライズ\"\"|\"\"teamsurprise\"\"|\"\"AKB48\"\"|\"\"akb\"\"|\"\"ぱちんこAKB48 バラの儀式\"\"|\"\"バラの儀式\"\"|\"\"渡辺麻友\"\"|\"\"大島優子\"\"|\"\"指原莉乃\"\"|\"\"島崎遥香\"\"|\"\"高橋みなみ\"\"|\"\"柏木由紀\"\"|\"\"篠田麻里子\"\"|\"\"小嶋陽菜\"\"|\"\"松井玲奈\"\"|\"\"板野友美\"\"|\"\"山本彩\"\"|\"\"横山由依\"\"|\"\"峯岸みなみ\"\"|\"\"渡辺美優紀\"\"|\"\"高城亜樹\"\"|\"\"北原里英\"\"|\"\"ぱちんこウルトラバトル烈伝 戦えゼロ！若き最強戦士 Light Edition\"\"|\"\"ぱちんこウルトラバトル烈伝 戦えゼロ！若き最強戦士\"\"|\"\"OK!!\"\"|\"\"オッケー\"\"|\"\"京楽\"\"|\"\"kyoraku\"\"|\"\"ぱちんこ\"\"|\"\"パチンコ\"\"|\"\"KYORAKU\"\"|\"\"ガケっぱち\"\"|\"\"ガケッパチ\"\"|\"\"崖っぷち\"\"|\"\"がけっぷち\"\"|\"\"ガケップチ\"\"|\"\"ブラックマヨネーズ\"\"|\"\"ブラマヨ\"\"|\"\"ブラマヨ吉田\"\"|\"\"吉田\"\"|\"\"よしもと\"\"|\"\"よしもと芸人\"\"|\"\"芸人\"\"|\"\"ヒラヤマン\"\"|\"\"パチンコライター\"\"|\"\"人気ライター\"\"|\"\"くるみん\"\"|\"\"ギンナナ・菊池\"\"\"",KYORAKU CHANNEL収録スケジュールはコチラ!!→https://goo.gl/fWBfHKYouTube期間限定公開！【毎週月曜日大好評配信中!!】ブラマヨ吉田のガケっぱち!!#305「くるみんの行動に夢中!?」【出演者】ブラックマヨネーズ吉田敬、くるみん（パチンコ必勝本CLIMAX）【ガケっぱちゲスト】ギンナナ・菊池-------------------------------------------------トイレの神様に愛された男、ギンナナ菊池が歓喜の雄たけび！そして何でもぶっちゃけるくるみんに、吉田の妄想が止まらない！やがて何故か吉田が大激怒する後半戦!!【実践機種】〈ぱちんこ 魔法少女まどか☆マギカ まどかver.〉〈ぱちんこウルトラバトル烈伝 戦えゼロ！若き最強戦士 Light Edition〉〈ぱちんこAKB48 バラの儀式〉===================================▼お便りコーナー番組のコメント欄を使って、皆さんからのお便りを大募集!!頂いたものから厳選したお便りを番組内で紹介！▼投稿内容・出演者への質問や疑問・やって欲しい事などのリクエスト・ぱちんこに関わるエピソード・番組の感想や応援メッセージ　など投稿内容はなんでもOKです!!▼投稿方法こちらのYouTube動画のコメント欄に投稿をお願いします!!コメント欄は下にスクロールしていくとあります！ログインアカウントをお持ちでない方は、登録が必要です!!何回投稿しても大丈夫です！みんなで一緒に番組を盛り上げましょう！みなさんの投稿お待ちしています!!===================================▼ガチンコ実践番組！「ブラマヨ吉田のガケっぱち!!」「人生はぱちんこで教わった」と言い切るほどぱちんこ好きなブラマヨ吉田が、パチンコライター＆生活に困る「ガケっぱちゲスト」を向かえてリアルぱちんこ勝負!!決められた軍資金の中で立ち回る！毎回くじ引きでガケっぱち金額（軍資金の上限）を決定し、自腹で実践に挑むこの番組！決められた''ガケっぱち金額''で吉田とゲスト達がどう立ち回るのか・・・??--------------------------------------------------『チャンネル登録はこちらから』→https://goo.gl/SFoTgE,2018-06-04T03:00:01.000Z,193559,463,485,253
JP,【カップ麺全種類】買って一番美味やつ決めてみた（ランキング）,Raphaelラファエル,Comedy,"\"コメディ|\"\"仮面\"\"|\"\"マスク\"\"|\"\"白いマスク\"\"|\"\"面白い\"\"|\"\"お笑い\"\"|\"\"ラファエル\"\"|\"\"ムキムキ\"\"|\"\"マッチョ\"\"|\"\"筋肉\"\"|\"\"ランキング\"\"|\"\"カップラーメン\"\"|\"\"麺\"\"|\"\"美味しい\"\"|\"\"検証\"\"|\"\"全種類\"\"\"",ラファエルゲームチャンネルhttps://www.youtube.com/channel/UCy2LfS0YNOOj5SRFjCrbIXAアメブロhttps://ameblo.jp/raphael-13/新チャンネル⇩（個人のファンクラブ始めました）https://fanicon.net/fancommunities/177ファンクラブ会員登録はこちら↓http://id.vaz.tokyo/account/joinラファエルクッキングこちらです⇩レシピは最後に載ってますhttps://www.youtube.com/channel/UCgQgMOBZOJ1ZDtCZ4hwP1uQ?view_as=subscriber炎上軍の休日⇩ヒカル・シバター・ラファエルのチャンネルhttps://www.youtube.com/results?search_query=%E7%82%8E%E4%B8%8A%E8%BB%8D・インスタグラムhttps://www.instagram.com/raphaelangel8183/?hl=ja・新ツイッターアカウントアカウントは現在コレのみです⇩https://twitter.com/R48352790いいなと思っていただけたら高評価押してください！再生数よりもこちらを参考にして動画を作りたい！！そして少しでも面白いなと思っていただけたら是非【チャンネル登録】お願いします！・企業案件、お仕事の依頼は️⇓http://vaz.co.jp/contact/・VAZ公式HPhttp://vaz.tokyo/・クリエーター募集は️https://goo.gl/r0z6mQ・ラファエル２サブチャンネル　https://www.youtube.com/channel/UCgQgMOBZOJ1ZDtCZ4hwP1uQ・フェイスブックhttps://www.facebook.com/profile.php?id=100008447140381,2018-05-30T09:00:02.000Z,192923,2183,2324,700
JP,【全世界で話題の預言】2018/04/18 今日何が起こるのか？,宇宙人ちゃんねる,Entertainment,"\"TY|\"\"YJ\"\"|\"\"未来人\"\"|\"\"モールス信号\"\"|\"\"4月18日\"\"|\"\"水溜りボンド\"\"|\"\"ナオキマンショウ\"\"|\"\"NAOKIMAN\"\"|\"\"なおきまんしょう\"\"|\"\"宇宙人襲来\"\"|\"\"第二次世界大戦\"\"|\"\"太陽フレア\"\"|\"\"ニビル接近\"\"|\"\"惑星X\"\"|\"\"都市伝説\"\"|\"\"謎のボイスメッセージ\"\"\"",チャンネル登録お願いします！\nhttps://www.youtube.com/channel/UC3-ReVazV9vfnKVeNl9mrfA\n\nツイッター?\nhttps://twitter.com/uchujinyoutuber\n\n海外都市伝説！Twitterで話題の謎のボイスメッセージ https://youtu.be/Kr-TYqGG0rI \n\n\nBGM素材/\nYOUTUBE内音源：\nToe_Jam\nUnder_Cover,2018-04-18T03:30:56.000Z,191352,777,1993,983
JP,【上念司】最新ニュース速報 2018年2月12日,Star News,News & Politics,"\"最新ニュース速報|\"\"上念司\"\"|\"\"2018年2月12日\"\"\"",【上念司】最新ニュース速報 2018年2月12日\nYoutube Channel: https://www.youtube.com/StarNewsJP\nFacebook: https://www.facebook.com/Star-News-1548877448522904/\nG+:             https://plus.google.com/u/0/109327742557277136131\nTwitter:      https://twitter.com/StarNewsJP\nBlogspot:  http://starnewsjp.blogspot.com\nTumblr:      https://happystation1242.tumblr.com,2018-02-11T22:01:10.000Z,18831,28,99,9
JP,天龍を磁ビールで攻略するの巻【それ行け養分騎士番外編/ペカるTV】,ペカる☆TV パチンコパチスロ実践バラエティ,Entertainment,"\"パチンコ|\"\"パチスロ\"\"|\"\"スロット\"\"|\"\"ペカるTV\"\"|\"\"ゆうちゃろ\"\"|\"\"実践\"\"|\"\"それ行け養分騎士\"\"|\"\"CR天龍∞ 7000VS\"\"|\"\"マルホン\"\"|\"\"カイジ\"\"|\"\"沼\"\"|\"\"リアル沼\"\"|\"\"磁ビール\"\"|\"\"ゴト\"\"\"",ペカるTV公式サイト http://pekaru.tv/\nチャンネル登録はコチラ http://urx2.nu/x59h\nゆうちゃろ https://twitter.com/yu_tyaro\nまみちゃん（嫁）https://twitter.com/mmyz6\n\n----プロフィール----\n日本屈指のガチ養分ゆうちゃろ。4号機時代にプロを名乗るも、実際は仕送りで生活していただけで、収支は常に年間マイナス。\nパチンコから足を洗おうと正社員になるも、麻雀中に金玉の左右が入れ替わるという奇跡の体験をし、強制長期入院からの一発解雇。\n\nそれから真面目に働いたり服屋をしたり…色々あってペカるTVを立ち上げる。\n\n負け「キャラ」ではなくリアルに負けているんで、ガチ解説とか無理です無理なんですごめんなさい、もっ、物を投げないでっ！！\n\n【知識】赤くなれば大体当たるよね？\n【レベル】マイナス2万までなら勝ち\n【口癖】さぁ、さぁー、これ確定？\n【特徴】たらこ唇\n【酒癖】人格が変わる\n------------------------------------------------------------------------------------------------------\n【収録ホール】\n東京都BBステーション日暮里店\n\n【実践機種】\nCR天龍∞ 7000VS（マルホン）\n(C)Ｍａｒｕｈｏｎ\n\n【使用楽曲】\n煉獄庭園\n\n【免責事項】\n当番組内で公開されている遊戯機・楽曲・衣装等の著作権・肖像権等は各権利所有者に帰属致します。\n権利を侵害する目的の動画ではありません。\n動画の内容や使用楽曲等に問題がありましたら、各権利所有者ご本人様より直接ご連絡をお願い致します。\n確認後、迅速に対応させて頂きます。\n▼連絡先\nhttp://pekaru.tv/\n公式サイトの問い合わせフォームよりお願い致します,2018-02-23T09:59:42.000Z,188032,917,1521,243
JP,15万円のオーダーメイドのスーツ買ったから親友のラファエルくんに自慢してみた！,ヒカル2ndチャンネル,Entertainment,"\"ヒカル|\"\"ヒカルゲームズ\"\"|\"\"hikaru\"\"|\"\"hikarugames\"\"|\"\"スーツ\"\"|\"\"オーダーメイド\"\"|\"\"親友\"\"|\"\"ラファエル\"\"|\"\"15万円\"\"|\"\"自慢\"\"\"",今回はスーツです。\n値段は100万以内です。\n\n★メインチャンネルはこちら\nhttps://www.youtube.com/channel/UCaminwG9MTO4sLYeC3s6udA\n\n★チャンネル登録はこちら\nhttps://www.youtube.com/channel/UCvc33FeURfaIN5M8x9wGVjQ?sub_confirmation=1\n\n★ファンクラブはこちら\nhttps://yukichi.fc.vaz.tokyo\n\n★ヒカルのゲーム実況チャンネル\nhttps://www.youtube.com/user/kinnpatuhikaru\n\n★ヒカルのTwitter\nhttps://twitter.com/kinnpatuhikaru\n\n★ヒカルまえす名人管理のTwitterはこちら\nhttps://twitter.com/hikaru2nd1031\n\n★ヒカルのインスタグラム\nhttps://www.instagram.com/tadanokarisuma/\n\n・VAZ公式HP\nhttp://vaz.tokyo/,2018-03-30T07:56:48.000Z,187302,2867,4044,773
JP,TOKIO山口達也 【記者会見生中継】一部始終,クロムサファリ,News & Politics,"\"TOKIO|\"\"山口達也\"\"|\"\"クロム\"\"|\"\"Rの法則\"\"|\"\"JK\"\"|\"\"クロムサファリ\"\"|\"\"記者会見\"\"|\"\"鉄腕DASH\"\"|\"\"ZIP\"\"|\"\"国分太一\"\"|\"\"女子高生\"\"\"",祝㊗️この動画がYouTubeの急上昇ランキングに掲載されました！ありがとうございました😊\n\nTOKIO山口達也 記者会見、生配信ライブです\n\n生ライブ配信は初めてで要領が得ない点が多々あり僕のコメントで不快な気分された方がいたら、この場を借りてお詫び致します(；ω；)\n\n無言で流す予定でしたがチャットのコメントについ反応して色々喋ってしまいましたorz\n\nTOKIOに対してはファンでもジャニーズアンチでも無く、\n中立的な立場での個人的意見を動画内で喋っています(TT)\n\nちなみに主は普段TVは📺はほとんど見ない人w ‪\n『リズと青い鳥』を観る人へ後編(みぞれ・希美まとめ) https://youtu.be/FZboPqj-dHM \n\n‪泣いてしまう名シーン集 『ヴァイオレット・エヴァーガーデン』Violet Evergarden https://youtu.be/WFqJ5ZDNLoE,2018-04-26T06:35:16.000Z,18625,18,119,0
JP,よしもと新喜劇 2018年2月17日,Summer Chil,Entertainment,[none],よしもと新喜劇 2018年2月17日,2018-02-17T05:29:46.000Z,18623,46,64,13
JP,エベレスト登頂目指していた登山家栗城史多さん死亡(18/05/21),ANNnewsCH,News & Politics,"\"ニュース|\"\"NEWS\"\"|\"\"ANN\"\"|\"\"テレビ朝日\"\"|\"\"テレ朝\"\"|\"\"tvasahi\"\"|\"\"TV ASAHI\"\"|\"\"本編のみ\"\"|\"\"上宮菜々子\"\"|\"\"エベレスト\"\"|\"\"登頂\"\"|\"\"登山家\"\"|\"\"栗城史多\"\"|\"\"下山\"\"|\"\"遺体\"\"|\"\"発見\"\"\"",エベレスト登頂を目指していた登山家の栗城史多さんが亡くなったことが分かりました。　栗城さんは20日夜遅くに具合が悪いので下山するという無線をした後に連絡が途絶え、21日朝に下山しているところを遺体で発見されたということです。・・・記事の続き、その他のニュースはコチラから！[テレ朝ｎｅｗｓ] http://www.tv-asahi.co.jp/ann/,2018-05-21T07:20:43.000Z,185629,265,394,0
JP,世界!ニッポン行きたい人応援団　タミヤ模型を愛するアルゼンチン男性　4月16日,A. Hagerman Janet,Entertainment,"\"世界!ニッポン行きたい人応援団|\"\"4月16日\"\"|\"\"世界!ニッポン行きたい人応援団 2018年4月16日\"\"\"",世界!ニッポン行きたい人応援団　2018年4月16日　\n\n内容：日本に行きたくてたまらな\nいと願う外国人を探し出しご招待\n\n出演者：織田信成　眞鍋かをり　高橋茂雄\nhttps://www.youtube.com/channel/UC1cEWMhLfVHK_q8Nz4aI4EQ,2018-04-16T18:20:04.000Z,18551,53,58,15
JP,救命女性に「土俵からおりて」　市長はくも膜下出血(18/04/05),ANNnewsCH,News & Politics,"\"ニュース|\"\"NEWS\"\"|\"\"ANN\"\"|\"\"テレビ朝日\"\"|\"\"テレ朝\"\"|\"\"tvasahi\"\"|\"\"TV\"\"|\"\"ASAHI\"\"|\"\"本編のみ\"\"|\"\"京都\"\"|\"\"舞鶴市\"\"|\"\"巡業\"\"|\"\"多々見良三市長\"\"|\"\"日本相撲協会\"\"|\"\"八角理事長\"\"\"",京都府舞鶴市で開かれた大相撲巡業中にあいさつをしていた市長が倒れた際、救命措置をしていた女性に土俵からおりるようにアナウンスがありました。倒れた市長はその後、くも膜下出血で手術を受けていました。\n・・・記事の続き、その他のニュースはコチラから！\n[テレ朝ｎｅｗｓ] http://www.tv-asahi.co.jp/ann/,2018-04-05T04:14:23.000Z,184754,143,886,0
JP,嵐・櫻井翔を小川彩佳アナがふる形で破局か!! 遂に来るときが、二人で歩んだ1年にピリオド！？,星の嵐,People & Blogs,"\"嵐|\"\"桜井翔\"\"|\"\"小川彩佳\"\"|\"\"テレ朝\"\"|\"\"日テレ\"\"|\"\"平昌オリンピック\"\"|\"\"五輪\"\"|\"\"アナウンサー\"\"\"",嵐・櫻井翔を小川彩佳アナがふる形で破局か!! 遂に来るときが、二人で歩んだ1年にピリオド！？\n\n\n【嵐　略歴】\n\n嵐（あらし）は、大野智、櫻井翔、\n相葉雅紀、二宮和也、松本潤の\n5人からなる日本の\n男性アイドルグループである。\n\n所属芸能事務所はジャニーズ事務所。\nレコード会社はジェイ・ストーム。\n1999年9月15日結成。\n同年11月3日にジャニーズ\n\n嵐 嵐 嵐 嵐 嵐 嵐 嵐 嵐 嵐 嵐 嵐 嵐 \n\n\nメンバー\n\n大野智\n（おおの さとし）1980年11月26日\n A型 東京都出身     \n\n櫻井翔\n（さくらい しょう）1982年1月25日 　　　A型 東京都出身\n\n\n相葉雅紀\n（あいば まさき）1982年12月24日\n AB型 千葉県出身     \n\n二宮和也\n（にのみや かずなり）1983年6月17日） 　　　A型 東京都出身\n     \n松本潤\n（まつもと じゅん）1983年8月30日 \n　　　A型 東京都出身     \n\n結成\n\n櫻井、二宮、松本は夏前から\nレコーディングや振り付けを\n行っていたが、\nCDデビューすることは\n知らされていなかった。\n\n大野はそれまでに事務所に\n辞意を伝えており、レコーディングは「手伝ってほしい」と言われて参加、\nハワイへ行くのは手伝いのごほうびだと思っていた。\n\n櫻井は当時、嵐を一時的な物と考えており、『1999年バレーボールワールドカップ』\nのイメージキャラクターとしての仕事が終われば、\nユニットは解散するものと思っていたため、メンバー入りを引き受けた。\n\n\n略歴\n1999年\n9月15日、ハワイ州ホノルル沖のクルーズ客船にてデビュー記者会見。\n結成、およびCDデビューが発表された。\n\n11月3日、「A・RA・SHI」でCDデビュー。\nオリコンシングルランキングにおいて、週間1位を獲得した。\n\n2000年\n4月5日にリリースされたグループ初の両A面シングル「SUNRISE日本/HORIZON」で\nグループ初の月間1位を果たした。\n\n4月6日、初のコンサート「FIRST CONCERT 2000」を開催。\n\n2001年\n10月3日、初の単独レギュラー番組\n『真夜中の嵐』が放送開始。\n\n11月7日、所属レコード会社を\nポニーキャニオンから\nジェイ・ストームへ移籍。\n\n2002年\n\n7月3日、深夜番組『Cの嵐!』が放送開始。「クレームの嵐」の略で、\n役所や企業のクレーム処理を代行する。\n\n10月 - 1月、映画『ピカ☆ンチ LIFE IS HARDだけどHAPPY』を東京・大阪にて上映。\n\n2003年\n7月2日、Cの嵐!が改編し\n『Dの嵐!』が放送開始。\n「ドキュメントの嵐」の略で、記者に扮したメンバーが取材や実験をする。\n\n2004年\n8月21日・22日、『24時間テレビ27』にて初めてメインパーソナリティを務めた。\n\n2005年\n4月9日、正午枠で『まごまご嵐』が放送開始。\n\n10月5日、Dの嵐!が改編し『Gの嵐!』が\n放送開始。\n「G」は「がんばれ!」の意で応援団に\n扮したメンバーが困っている人のもとへ実際に応援しに行く。\n\n2006年\n3月11日、二宮がハリウッド映画『硫黄島からの手紙』撮影のため渡米。\n4月25日に帰国するまで4人での活動となった。\n\n9月 - 11月、自身初のアジアツアーを台北、ソウルで開催。\n韓国での単独公演はジャニーズのグループとして初。\n\n10月2日、Gの嵐!が改編し\n『嵐の宿題くん』が放送開始。\n\n2007年\n4月4日、映画『黄色い涙』が公開。\n\n2008年\n4月10日、プライムタイムでの初冠番組『ひみつの嵐ちゃん!』が放送開始。\n身近な疑問や悩みの解決に挑戦する実験型バラエティー。\n\n2009年\n10周年の節目を記念し「5×10」を作詞。\nメンバー全員で感謝の言葉を書いた色紙5000枚を抽選でファンクラブ会員に贈った。\n\n3月2日、第23回日本ゴールドディスク大賞にて「シングル・オブ・ザ・イヤー」を\n「truth/風の向こうへ」が、「ザ・ベスト・ミュージックビデオ」を\n『SUMMER TOUR 2007 FINAL Time -コトバノチカラ-』がグループとして初めて受賞。\n\n12月31日、『第60回NHK紅白歌合戦』に初出場、地上波におけるNHKへの出演は今回がグループ初。\n\n2010年\n9月9日、「2万人が選ぶ好きなアーティストランキング2010」で嵐が1位に輝いた。\n10月11日、オリジナルアルバム『僕の見ている風景』がミリオンを達成。\n\n\n12月31日、『第61回NHK紅白歌合戦』の白組司会に初めて起用された。\nグループでの紅白の司会担当は紅組・白組通じて史上初。\n\n2011年\n1月5日、第25回日本ゴールドディスク大賞にて\n「ザ・アルバム・オブ・ザ・イヤー」を『僕の見ている風景』が、\n「ザ・ベスト・ミュージック・ビデオ」を『ARASHI Anniversary Tour 5×10』が獲得。\n2年連続となる「アーティスト・オブ・ザ・イヤー」を受賞した。\n\n\n12月31日、『第62回NHK紅白歌合戦』の\n白組司会を担当。\n\n2012年\n『第63回NHK紅白歌合戦』と『24時間テレビ35』の双方の司会を担当。\n同年での同2番組の双方司会担当は2008年の仲間由紀恵以来2例目である。\n\n\n2013年\n8月24日・25日、『24時間テレビ36』メインパーソナリティー担当となる。\n\n\n12月31日、『第64回NHK紅白歌合戦』の白組司会を担当\n。4年連続紅白司会は佐良直美、黒柳徹子、中居正広（SMAP）に並び\nNHKアナウンサー以外における連続での組司会担当の最長記録となる。\n\n2014年\n5月6日、グループのシングル総売上が2000万枚を突破。\n\n12月31日、『第65回NHK紅白歌合戦』の白組司会を担当[35]。\nまた、白組歌手として6回目の出場を果たし、初めて白組トリも担当した。\n\n2015年\n2月25日、同じジャニーズ事務所所属の生田斗真が主演するドラマ『ウロボロス?この愛こそ、正義。』\nの主題歌「Sakura」をシングルとしてリリースした。\n\n12月23日、第48回オリコン年間ランキング2015にて「アーティスト別トータルセールス」で1位になり、\nその他全16部門中、11冠を獲得した。\n\n2016年\n1月12日、2015年にリリースしたオリジナルアルバム『Japonism』がミリオンセラーを達成した｡\n\n\n12月31日、『第67回NHK紅白歌合戦』に白組歌手として8回目の出場を果たし、\n2回目の白組トリおよび初の大トリを担当。相葉雅紀が白組司会を務めた。\n\n2017年\n2月27日、第31回日本ゴールドディスク大賞にて「アーティスト・オブ・ザ・イヤー」を\n史上初の3年連続5度目の受賞となった\n\n\n現在出演中\nVS嵐（2008年4月12日 - 、フジテレビ）\n嵐にしやがれ（2010年4月24日 - 、日本テレビ）\n\n\n国民的アイドルグループを\n\n私たちは応援します。\n\n\n嵐 嵐 嵐 嵐 嵐 嵐 嵐 嵐 嵐 嵐 嵐 嵐 \n\n\n【関連動画】\n嵐にしやがれ 2018年3月3日\nhttps://youtu.be/uMxS90eKm1A\n\n嵐にしやがれ「真剣佑が松本潤に甘える可愛さ」\nhttps://youtu.be/wB4MuvCUIbM\n\n嵐 櫻井翔が大野智を「1番男気がある人」と語った理由とは？\nhttps://youtu.be/WcR-RfY6J-M,2018-03-07T00:00:01.000Z,18475,54,82,4
JP,ああ一年もたってないのに離婚か…,リアルch,People & Blogs,"\"修羅場|\"\"武勇伝\"\"|\"\"感動\"\"|\"\"家族\"\"\"",このチャンネルでは実際にあった様々な話を紹介します。,2018-04-22T10:00:00.000Z,18435,37,64,7
JP,【イチロー】頭部に死球受けて倒れる MLB,仙人亀,Sports,[none],2018.03.24の試合で起きました。\n無事で本当良かったです。\n僕の軽率なコメントで不快に思われた方本当に申し訳ございませんでした。\n反省しております。\n今後このような発言は控えます。\nイチローさんはその投手に何一つ攻める発言はしてないのにも関わらず本当に申し訳ございません。\n投手の方にも謝ります。,2018-03-23T22:06:18.000Z,183549,130,457,313
JP,【ノーカット】財務省が野党に説明　森友文書問題,朝日新聞社,News & Politics,[none],学校法人・森友学園（大阪市）との国有地取引に関する決裁文書の書き換え疑惑で、財務省が3月１２日、与党幹部に対し、書き換えがあったことを認める報告をした。この問題が国会で取り上げられた昨年２月以降に書き換えが行われ、森友学園側が安倍晋三首相の妻昭恵氏に言及した部分などが削除されていたという。財務省は同日午後、国会でも同じ内容を報告する。【詳細はこちら】https://www.asahi.com/,2018-03-12T08:39:32.000Z,182704,715,1544,0
JP,“舐めダルマ”となったクロちゃんがルールを超えた行動に!?容赦なく暴れ尽くし…｜『邪道だらけの夜の大運動会』見逃し視聴はAbemaビデオから！,AbemaTV公式 YouTube,Entertainment,"\"Abema|\"\"AbemaTV\"\"|\"\"abematv\"\"|\"\"abema\"\"|\"\"アベマ\"\"|\"\"あべま\"\"|\"\"#Abema\"\"|\"\"#AbemaTV\"\"|\"\"#abema\"\"|\"\"#abematv\"\"|\"\"#アベマTV\"\"|\"\"#あべまTV\"\"|\"\"#あべま\"\"|\"\"#アベマ\"\"|\"\"邪道だらけの夜の大運動会\"\"|\"\"#夜の運動会\"\"|\"\"おっぱい\"\"|\"\"おしり\"\"|\"\"おぎやはぎ\"\"|\"\"矢作\"\"|\"\"小木\"\"|\"\"光浦靖子\"\"|\"\"宮﨑宣子\"\"|\"\"仮面女子\"\"|\"\"恵比寿マスカッツ1.5\"\"|\"\"ピーチゃんねる\"\"|\"\"シリタガールズ\"\"|\"\"プラチナム\"\"|\"\"グラビア\"\"|\"\"水着\"\"|\"\"体操服\"\"|\"\"運動会\"\"|\"\"#運動会\"\"|\"\"阿佐ヶ谷姉妹\"\"|\"\"神奈月\"\"|\"\"原口あきまさ\"\"|\"\"山本高広\"\"|\"\"クロちゃん（安田大サーカス）\"\"|\"\"オラキオ\"\"|\"\"あかつ\"\"|\"\"ビスケッティ佐竹\"\"|\"\"あしべ\"\"|\"\"恵比寿マスカッツ\"\"|\"\"恵比寿★マスカッツ\"\"|\"\"マスカッツ\"\"|\"\"ますかっつ\"\"|\"\"マスカッツ横丁\"\"|\"\"マスカット\"\"|\"\"真夜中のワイドショー\"\"|\"\"ワイドショー\"\"|\"\"オアシズ\"\"|\"\"セクシー女優\"\"|\"\"葵つかさ\"\"|\"\"明日花キララ\"\"|\"\"石岡真衣\"\"|\"\"神崎紗衣\"\"|\"\"小島みなみ\"\"|\"\"スーブー\"\"|\"\"辰巳シーナ\"\"|\"\"夏目花実\"\"|\"\"三上悠亜\"\"|\"\"三田羽衣\"\"|\"\"藤原亜紀乃\"\"|\"\"松岡凛\"\"|\"\"吉澤由貴\"\"|\"\"放送禁止用語\"\"|\"\"ゲス\"\"|\"\"みひろ\"\"|\"\"三田夫人\"\"|\"\"怪我\"\"|\"\"打撲\"\"|\"\"放送事故\"\"\"",【AbemaTV開局2周年記念】\n仮面女子、恵比寿マスカッツ1.5、ピーチゃんオールスターズ、プラチナム軍団の4組がオンナの意地とプライドをかけてガチで競技に挑み、そして笑いをとる！\n果たして初代女王の座と優勝賞金100万円をつかみ取るのはどのチームか!?\n\n◆放送後も見逃し視聴が可能！▷https://abe.ma/2Kq3bh3\n\n◇公式Youtubeをチャンネル登録して人気番組の最新話をチェック！\n登録はコチラ▷ http://www.youtube.com/c/AbemaTV\n \n▼番組詳細\n------------------------------------------------------------\nアイドル、女優、グラドル、セクシー軍団など総勢90名以上の出場者が勢ぞろい！なんと総合MCを務めるのはおぎやはぎ!!\nリレー、三輪車競争、大相撲などガチの競技はもちろん、激マズなアイテムを使った競争や「クロちゃんから逃げろ」といった笑いに振り切った競技も盛りだくさん！\nもちろん豪華ゲストも続々登場!!\n展開が全く読めない6時間のぶっ放し生放送で邪道だらけの闘いを繰り広げる!!!\n\nキャスト\n【総合司会】\nおぎやはぎ\n光浦靖子\n【進行】\n宮﨑宣子\n【出場チーム】\n仮面女子\n恵比寿マスカッツ1.5\nピーチゃんオールスターズ\nプラチナム軍団\n【デモンストレーター】\n阿佐ヶ谷姉妹\nクロちゃん（安田大サーカス）\n【ゲスト】\n神奈月\n原口あきまさ\n山本高広\nあかつ\nビスケッティ佐竹\n------------------------------------------------------------\n※YouTubeの動画には掲載期限があり、予告なく掲載をおろす場合がございますのでご了承ください\n \n▷公式SNSでも見どころ毎日配信中！\n公式LINE：https://line.me/R/ti/p/%40abematv\n公式Twitter：https://twitter.com/abematv\n公式Facebook：https://www.facebook.com/abematv/\n \n▷AbemaTVをスマホで観る(無料)\niOS：https://goo.gl/lDbp0m\nAndroid：https://goo.gl/DRrr6O,2018-05-01T15:00:02.000Z,182448,427,432,416
JP,水曜日のダウンタウン 松本人志「どんな事でも許してもらえるんじゃないか」爆笑シーン,Jack Nichols,News & Politics,[none],"",2018-02-13T11:34:27.000Z,17548,17,88,1
JP,1日1食・・・虐待死5歳女児「もうおねがい　ゆるして」(18/06/06),ANNnewsCH,News & Politics,"\"ニュース|\"\"NEWS\"\"|\"\"ANN\"\"|\"\"テレビ朝日\"\"|\"\"テレ朝\"\"|\"\"tvasahi\"\"|\"\"TV ASAHI\"\"|\"\"下平さやか\"\"|\"\"東京\"\"|\"\"目黒区\"\"|\"\"住宅\"\"|\"\"長女\"\"|\"\"衰弱\"\"|\"\"虐待\"\"|\"\"食事\"\"|\"\"嘔吐\"\"|\"\"診察\"\"|\"\"栄養失調\"\"|\"\"ノート\"\"\"",東京・目黒区の住宅で5歳の長女が衰弱しているにもかかわらず、虐待の事実を隠すため、医師による診察を受けさせずに死亡させたとして両親が逮捕されました。・・・記事の続き、その他のニュースはコチラから！[テレ朝ｎｅｗｓ] http://www.tv-asahi.co.jp/ann/,2018-06-06T03:14:15.000Z,173721,246,3275,0
