country,title,channel_title,category,tags,description,publish_time,views,likes,dislikes,comment_count
KR,여자망신 미투본질 흐리게한죄. 계산된욕망 채위지지않아 폭로 전남편인생도 망치고 안희정까지 추*잡*하*다 ♥ 뉴스 속보,8.386.589회조회수,Entertainment,"\"가장 재미있고|\"\"새 비디오를 보려고\"\"|\"\"신청하세요\"\"|\"\"뉴스공장\"\"|\"\"뉴스\"\"|\"\"생방송\"\"|\"\"24 시간 뉴스\"\"|\"\"핫 뉴스\"\"\"","뉴스공장 : 가장 재미있고 새 비디오를 보려고 신청하세요 . \\nWatch Hot video in Korea, click here: https://goo.gl/XJqNuJ \\n+ 100.000 Subscribe, please. I really appreciate it! Please Click Subscribe or Click here: https://goo.gl/1FetSz for Korean start channel. \\nFan page: https://goo.gl/Du8JWc \\n+I do not own any images. For information on copyright infringement, please contact: cammy2017123@gmai.com",2018-04-19T12:20:27.000Z,8343,27,29,11
KR,펜스룰이 부른 참사들 두번째,tv웃긴사이다,Comedy,[none],시청해주셔서 감사합니다.\n\n* 공유와 퍼가기는 감사\n* 재업은 불가,2018-04-13T11:26:22.000Z,834060,924,950,940
KR,이병헌 이지연 문자내용 카톡내용,Korea News 24H,Entertainment,"\"이병헌|\"\"이지연\"\"|\"\"문자내용\"\"|\"\"카톡내용\"\"|\"\"#youtube\"\"|\"\"#korea news 24h\"\"\"","이병헌 이지연 문자내용 카톡내용 이병헌과 모델 이지연이 나눈 문자 내용이 공개돼 인터넷에 화제를 모으고 있습니다. 한 연예매체는 모델 이지연과 글램 다희가 배우 이병헌 협박 사건과 관련 징역 3년을 구형 받은 것과 관련해 이를 가까이서 지켜본 사람들을 만나 해명을 들었다고 보도했었는데요. 해당 보도에 따르면, 이들은 총 5번을 만났으며 지난해 7월 1일 처음 서울 논현동 모 레스토랑에서 만남을 가졌으며 이때.. \\nThank for watching my channel \\nIf you like this video, please Subscribe my channel: https://goo.gl/XV96qX \\n\\n================================ \\n#재혼 남편과 #재혼 남편과 이혼이유 # 식사망 #박찬호 #박 \\n#리혜 #박찬호아내 박리혜 #인생역전",2017-12-10T00:00:02.000Z,82788,50,58,44
KR,完敗… 日本vs韓国 2017東アジアE1選手権 Japan Korea Highlight,ぷあたん FIFA/ウイイレ,Sports,"\"サッカー|\"\"日本語\"\"|\"\"実況\"\"|\"\"解説\"\"|\"\"ゴールハイライト\"\"|\"\"goals\"\"|\"\"skills\"\"|\"\"highlight\"\"|\"\"日本代表\"\"|\"\"FIFA\"\"|\"\"ウイニングイレブン\"\"|\"\"ウイイレ\"\"|\"\"PES\"\"\"",【日本 1-4 韓国 EAFF E-1サッカー選手権2017】\n\n　16日にEAFF E-1サッカー選手権2017の試合が行われ、日本代表は味の素スタジアムでFIFAランキング59位の韓国代表と対戦し1-4の惨敗を喫した。\n\n　試合開始して3分に小林悠が先制点を決めて幸先の良いスタートを切った日本。しかし、その後は韓国におされて4失点。結局、1-4の逆転負けを喫している。試合後にヴァイッド・ハリルホジッチ監督は「日本より強いことはわかっていた。韓国とのレベルに差があったと思う。韓国は優勝に値した」と、韓国の実力を認めた。\n\n　続けて「ここでしっかり結果を残すことを望んでいた。得点を決めた後、日本はなぜか止まってしまった。相手がその状況を利用し2得点。韓国の方が格上だったと思う」と語っている。,2017-12-16T12:34:12.000Z,82534,403,485,1692
KR,자살 예고하고 생방송 중 원룸서 투신한 부산 여성 BJ ♥ 생방송 스타뉴스K STAR,생방송 스타뉴스K STAR,Entertainment,"\"0-오늘|\"\"스타\"\"|\"\"우상\"\"|\"\"Hot news\"\"|\"\"새로운 오늘의 새로운 뉴스\"\"|\"\"24/7 뉴스\"\"|\"\"오늘의 뉴스\"\"|\"\"최신 새\"\"\"","",2018-03-06T23:17:39.000Z,82425,34,157,136
KR,김병만 이혼... 결혼 부상 키 스토리! 충격적인 사실이 드러났다,조회수 3.186.283회,Entertainment,"\"김병만|\"\"UCtIqlGteWia0_HgUxsm6oZA\"\"\"",뉴스공장 : 김병만 이혼... 결혼 부상 키 스토리! 충격적인 사실이 드러났다 +++++++++++++++++++++++++++++++++++++++++++ 구독 신청 박근혜 여기 채널 : https://goo.gl/vTgJqT +++++++++++++++++++++++++++++++++++++++++++ 우리 채널 2개를 응원 해주세요 갑사합니다 24 시간 연예 뉴스: https://www.youtube.com/channel/UCL32t2O0D8QltXCnFjiEW4w 조회수 3.186.283회: https://www.youtube.com/channel/UCtIqlGteWia0_HgUxsm6oZA,2018-05-30T09:03:27.000Z,82037,109,403,50
KR,"미우새 이상민 하차, 엄마 불참 이유 || King News",King News,People & Blogs,"\"King news|\"\"UCnAHHP6MwfP3-0wRFeE5g2A\"\"|\"\"미우새\"\"|\"\"이상민\"\"|\"\"하차\"\"|\"\"엄마\"\"|\"\"불참\"\"|\"\"이유\"\"\"","미우새 이상민 하차, 엄마 불참 이유 \\nThank For Watching !!! \\nSUBSCRIBE For more !!! \\n동영상 은 콘텐츠 기반 저작권법 을 수 있습니다 합법적 사용 합당 합당 합당 ( https://www.youtube.com/yt/copyright/ ) \\n다른 전자 신문 페이지 와 가 되어 매우 \\n나 에게 이메일 을 보내 주세요",2017-12-31T16:33:38.000Z,81006,90,709,42
KR,양예원 '유출 사진' 보고 조*롱*한 누리꾼들,스타 스타,Entertainment,"\"양예원|\"\"LT NEWS 91\"\"\"",MORE VIDEO HERE https://goo.gl/aWKNsh THANKS FOR WATCHING MY VIDEO,2018-05-17T15:10:38.000Z,80680,63,83,172
KR,‘홈런 광풍’에 불시 검사까지…‘압축 배트’의 비밀,채널A 뉴스,Shows,채널 A,"올해 프로 야구는 홈런이 너무 많아 오히려 문제가 되고 있습니다.  그래서 불시에 배트 검사까지 했는데요.  다른 건 놔두고 도색이 짙은 배트들만 적발했다는데요. 이유가 뭔지 홍우람 기자가 취재했습니다.[리포트]홈런이 쏟아지고 있습니다. 홈런 풍년이라던 작년보다 무려 40%나 늘면서 투타 균형이 붕괴되고 있습니다.  한국야구위원회, KBO가 불시에 배트 점검까지 나섰습니다.  부정 소지가 있는 7자루가 현장 적발됐는데, 모두 도색이 짙은 배트였습니다.  [박기택 / KBO 심판] 쓰지 말라고. 못 쓴다고요. 결 안 보이는 건…  KBO 규정상 배트는 색이 칠해져 있더라도, 나뭇결은 반드시 보여야 합니다. 나무의 재질이 아닌, 도색이 문제가 된 이유는 뭘까.  공인 배트 업체의 도움으로 배트를 분해해봤습니다. 이쪽이 KBO 마크가 찍힌 공인 배트, 반대쪽이 이른바 '압축 배트'입니다. 겉보기엔 별 차이가 없어 보이지만 속을 보면 구조가 다릅니다. 압축 배트란 속을 파낸 뒤 코르크나 오동나무 같은 가벼운 소재를 채워 무게를 줄인 걸 말합니다.  홈런 생산에 유리해, 사용이 금지돼 있지만, 메이저리그에서 몇차례 적발된  적이 있습니다.  압축 배트 상단엔 선명하게 띠가 있는데, 도료를 두껍게 칠하면 구별할 수 없습니다.  [윤 순 / 공인배트 업체 A사 대표] 가운데 부분에 코르크가 들어갔는지 아닌지 볼 수 있게끔 무늬가 나오게 칠을 하라는 얘기예요.  최근에는 일반 배트라도 도색이 짙으면 반발력이 높아진다는 소문에 수요가 늘고 있습니다.  [배트 업체 관계자] 나무는 50%, 칠이 50%라고 생각하시면 돼요. 엄청납니다. 그런 게(반발력) 좌우되기 때문에 칠을 두껍게 못하게 하는 거예요.  홈런으로 과열된 프로야구. 팬들의 따가운 시선이 배트로 향하고 있습니다.  채널A 뉴스 홍우람입니다.  hwr87@donga.com 영상취재 : 조세권 이능희 영상편집 : 조성빈 그래픽 : 이 진▷ 공식 홈페이지 http://www.ichannela.com▷ 공식 페이스북 https://www.facebook.com/channelanews▷ 공식 유튜브 https://www.youtube.com/tvchanews",2018-05-10T11:28:38.000Z,803006,783,911,900
KR,송해 전국노래자랑 출연료 성추행 동영상.,24 news kr,Entertainment,"\"송해|\"\"송해 전국노래자랑\"\"|\"\"24 news kr\"\"|\"\"UCLsQqvrY-C1D9LXsJGAXJHw\"\"|\"\"youtube\"\"\"",송해 전국노래자랑 출연료 성추행 동영상 real more video :https://goo.gl/HRZyiU thanks for whatching if you are channel to subcriber : https://goo.gl/XyJ5j4,2018-05-19T21:00:02.000Z,80218,55,419,77
KR,이혜영 오연수 남편과 재혼,NHH Daily News Stories,People & Blogs,"\"nhhdailynewsstories|\"\"UCZeyMmqsiIEGAAOs5tYQG4w\"\"|\"\"오연수 남편\"\"|\"\"이상민 이혜영\"\"|\"\"이혜영 남편\"\"|\"\"이혜영 오연수\"\"|\"\"이혜영 재혼\"\"\"",이혜영 오연수 남편과 재혼 \n[Subscribe My Channel]: https://goo.gl/UY2SGc,2017-11-15T16:58:21.000Z,80180,62,346,53
KR,송해 전국노래자랑 출연료 성추행 동영상,AU GR Entertaiment,Entertainment,"\"동영상|\"\"송해\"\"|\"\"전국노래자랑\"\"|\"\"출연료\"\"|\"\"UCwV3THUu7iyIaX-OICY3Z6g\"\"|\"\"AU GR Entertaiment\"\"\"",송해 전국노래자랑 출연료 성추행 동영상 주간 예능 시청률 순위가 화제인 가운데 1위를 차지한 '전국노래자랑'의 송해가 받는 출연료가 다시금 눈길을 끌고 있다고 하는데요. 지난해 말 KBS 1TV '전국노래자랑'이.. +++++++++++++++++++++++++++++++++++++++++++ Thanks for watching the video. Subscribe my channel to 100.000 subs :https://goo.gl/kqDkhu +++++++++++++++++++++++++++++++++++++++++++,2018-05-15T04:57:29.000Z,79276,72,209,63
KR,월간 멜론 TOP20 ♬♬ 2018년 5월 2주차 광고없는 신곡모음 연속듣기 (가사포함) ♬♬ Best korea Songs playlist 2018,발라드모음,Music,"\"멜론|\"\"멜론 실시간 차트 2018년\"\"|\"\"노래\"\"|\"\"월간 멜론\"\"|\"\"음악\"\"|\"\"좋은노래\"\"|\"\"노래모음\"\"|\"\"발라드 모음\"\"|\"\"발라드\"\"|\"\"실시간차트\"\"|\"\"Jenga\"\"|\"\"melon music\"\"|\"\"24시간\"\"|\"\"최신가요\"\"|\"\"가오리\"\"|\"\"스트리밍\"\"|\"\"벅스뮤직\"\"|\"\"지니뮤직\"\"|\"\"마마무\"\"|\"\"BIGBANG\"\"|\"\"iKON\"\"|\"\"김하온\"\"|\"\"인기동요베스트\"\"|\"\"꽃 길\"\"|\"\"별이 빛나는 밤\"\"|\"\"사랑을 했다\"\"|\"\"북\"\"|\"\"뿜뿜\"\"|\"\"Best korea Songs playlist 2018\"\"|\"\"What is love?\"\"|\"\"everyday\"\"|\"\"주지마\"\"|\"\"5월\"\"|\"\"별 시\"\"|\"\"잊을만하면\"\"|\"\"AROHA Melon\"\"|\"\"2018년 5월 2주차 광고없는 신곡모음 연속듣기\"\"|\"\"발라드모음\"\"|\"\"top 20\"\"\"","월간 멜론 TOP20 ♬♬ 2018년 5월 2주차 광고없는 신곡모음 연속듣기 (가사포함) ♬♬ Best korea Songs playlist 2018월간 멜론 TOP15 cover ♬♬ 2018년 5월 2주차 광고없는 신곡모음 연속듣기 (가사포함) ♬♬ Best korea cover Songs 2018https://www.youtube.com/watch?v=W6UilctVDak[1시간 hour] you - 멜로망스https://www.youtube.com/watch?v=rBYFNWOeL6Y[1시간 hour] STANDING EGG - 소확행(MR)https://www.youtube.com/watch?v=Z2Grb_1Q0bE월간 멜론 TOP25 ♬♬ 2018년 5월 2주차 광고없는 신곡모음 연속듣기 (가사포함) ♬♬ Best korea Songs playlist 2018https://www.youtube.com/watch?v=obJW5emqLzkPlease Share this Mix on Social sites (Facebook, Google +, Twitter etc.)Like and sucbribe: https://goo.gl/FdkgKmFacebook: https://goo.gl/Lqbrcqtwitter: https://twitter.com/Ballad_songsPlease Subcribe channel Acoustic Pop Songs: https://goo.gl/Z167Ny♡♡ 좋은 음질의 노래 자주 올릴께요, 구독 부탁해요♡♡ ♡♡ 유튜브 음원 저작권상 문제가 있다면 알려주세요, 바로 제거 하겠습니다.",2018-05-11T09:07:12.000Z,78616,88,180,83
KR,"노시호 추성훈 이혼, 재혼은 사실이?",조회수 3.186.283회,Entertainment,"\"추성훈|\"\"UCtIqlGteWia0_HgUxsm6oZA\"\"\"","뉴스공장 : 야노시호 추성훈 이혼, 재혼은 사실이? \\n추성훈은 재일교포지만 일본으로 귀화한 일본인입니다. 유도를 하면서 여러가지 문제, 특히 파벌과 재일교포라는 차별 때문에 일본으로 귀화를 하게 되었습니다. 이 때문에 유도계에 대한 대중들의 비난도 상당했.. \\n\\n+++++++++++++++++++++++++++++++++++++++++++ \\n구독 신청 박근혜 여기 채널 : https://goo.gl/vTgJqT \\n+++++++++++++++++++++++++++++++++++++++++++",2018-01-19T21:30:00.000Z,77060,93,110,22
KR,"[충격] 김경란 충격적인 이혼 이유, 송재희 관계 [네티즌 반응]",네티즌 반응,People & Blogs,"\"송재희|\"\"김경란\"\"|\"\"김경란 송재희\"\"|\"\"김경란 김상민 부부\"\"|\"\"송재희 김경란\"\"|\"\"김경란 충격적인 이혼 이유\"\"|\"\"송재희 관계\"\"|\"\"김경란 이혼 이유\"\"|\"\"김경란 이혼\"\"|\"\"김경란 결혼\"\"|\"\"김경란 재혼\"\"|\"\"2.027.637\"\"|\"\"네티즌 반응 #youtube\"\"\"","[충격] 김경란 충격적인 이혼 이유, 송재희 관계  [네티즌 반응]",2018-04-24T03:33:37.000Z,76974,51,110,37
KR,고영욱 엄마 자살 근황 사건 출소 전자발찌 신상정보공개,연예인,People & Blogs,"\"KRVBA TV|\"\"연예인\"\"|\"\"연예계\"\"|\"\"스캔들\"\"|\"\"고영욱\"\"|\"\"#고영욱\"\"|\"\"#youtube\"\"\"",고영욱 엄마 자살 근황 사건 출소 전자발찌 신상정보공개 \n잼있는 연예전문 종합 채널 KRVBA TV. 입니다 :) 동영상에 맘에 드시면 '추천' + '구독' + '공유' 부탁 드립니다. \n구독 신청 여기 채널: https://goo.gl/z7hKob,2017-12-15T10:00:04.000Z,761606,564,8551,787
KR,김현철 정신과 의사 도대체 누구? 故 샤이니 종현 유서 속 의사 논란,스타뉴스,People & Blogs,"\"김현철|\"\"종현\"\"|\"\"스타뉴스\"\"\"",김현철 정신과 의사 도대체 누구? 故 샤이니 종현 유서 속 의사 논란 \n----------------------------------------------------------- \n최신 비디오 업데이트에 가입: https://goo.gl/QQS4HP,2017-12-20T01:03:10.000Z,74478,82,91,49
KR,코미디언 박미선 이봉원 이혼? 진실은 무엇입니까?,Korea News 24H,Entertainment,"\"코미디언|\"\"박미선\"\"|\"\"이봉원\"\"|\"\"이혼\"\"|\"\"진실은\"\"|\"\"무엇입니까\"\"|\"\"#youtube\"\"|\"\"#korea news 24h\"\"\"","코미디언 박미선 이봉원 이혼? 진실은 무엇입니까? 90년대 인기 개그맨 부부 탄생으로 부러움을 한 몸에 받았던 기쁨도 잠시 결혼 후 시작했던 이봉원의 사업이 줄줄이 도산하면서 둘 사이에는 위기가 찾아왔습니다. kori \\n\\n\\n\\nThank for watching my channel \\nIf you like this video, please Subscribe my channel: https://goo.gl/XV96qX \\n\\n================================ \\n#재혼 남편과 #재혼 남편과 이혼이유 # 식사망 #박찬호 #박 \\n#리혜 #박찬호아내 박리혜 #인생역전",2018-03-27T03:35:38.000Z,74446,71,126,30
KR,샤이니 종현 부모님 아빠 엄마 비화 더욱 슬프다,스타뉴스,People & Blogs,"\"샤이니 종현|\"\"스타뉴스\"\"\"",샤이니 종현 부모님 아빠 엄마 비화 더욱 슬프다 \n----------------------------------------------------------- \n최신 비디오 업데이트에 가입: https://goo.gl/QQS4HP,2017-12-19T04:43:00.000Z,73862,61,535,47
KR,"조현민  때문에 이득보는 이부진 아줌마.. 조현민 vs 이부진, 목소리 비교",OK DONGJA,People & Blogs,"\"이부진|\"\"조현민\"\"|\"\"목소리\"\"|\"\"이부진 목소리\"\"|\"\"조현민 목소리\"\"|\"\"조현민 음성\"\"|\"\"이부진 조현민\"\"|\"\"조현민 이부진\"\"\"","조현민  때문에 이득보는 이부진 아줌마.. \\n조현민 vs 이부진, 목소리 비교",2018-04-29T22:21:32.000Z,73787,108,126,124
KR,[충격] 이재명 배우 김부선 스캔들 새 증거 공개. 김부선과 계산했던 낙지집 영수증 및 카메라 복원 사진 [K연예HOT],K연예HOT,People & Blogs,"\"이재명|\"\"이재명 김부선\"\"|\"\"이재명 아내\"\"|\"\"이재명 결혼\"\"|\"\"이재명 이혼\"\"|\"\"이재명 불륜\"\"|\"\"이재명 김부선 사진\"\"|\"\"이재명 김부선 육성파일\"\"|\"\"이재명 여배우 스캔들\"\"|\"\"김부선 딸\"\"|\"\"김부선 딸 이미소\"\"|\"\"이미소 이미소 편지\"\"|\"\"이미소 아버지\"\"|\"\"김부선 결혼\"\"|\"\"김부선 이혼\"\"|\"\"김부선 남편\"\"|\"\"K연예HOT #youtube\"\"\"",[충격] 이재명 배우 김부선 스캔들 새 증거 공개. 김부선 계산했던 낙지집 영수증 및 카메라 복원 사진,2018-06-12T10:19:25.000Z,73145,265,332,318
KR,김보름 매스스타트 초대 은메달!..태극기 놓고 엎드려 큰절 (풀영상) / SBS / 2018 평창올림픽,SBS 뉴스,News & Politics,"\"뉴스|\"\"NEWS\"\"|\"\"news\"\"|\"\"SBS\"\"|\"\"sbs\"\"|\"\"SBS NEWS\"\"|\"\"SBS8NEWS\"\"|\"\"SBS뉴스\"\"|\"\"SBS8뉴스\"\"|\"\"sbs뉴스\"\"|\"\"sbs8뉴스\"\"|\"\"에스비에스\"\"|\"\"에스비에스뉴스\"\"|\"\"서울방송\"\"|\"\"SBS보도국\"\"|\"\"SEOUL BROADCASTING SYSTEM\"\"|\"\"seoul broadcasting system\"\"|\"\"sbs 뉴스\"\"|\"\"korea\"\"|\"\"KOREA\"\"|\"\"한국\"\"|\"\"대한민국\"\"|\"\"한국 뉴스\"\"|\"\"korea news\"\"|\"\"korean news\"\"|\"\"KOREA NEWS\"\"|\"\"KOREAN NEWS\"\"|\"\"8뉴스\"\"|\"\"김보름\"\"|\"\"매스스타트\"\"|\"\"결승전\"\"|\"\"은메달\"\"|\"\"김보름 큰절\"\"|\"\"김보름 사죄\"\"|\"\"김보름 사과\"\"|\"\"김보름 눈물\"\"\"",한국 여자 스피드스케이팅 장거리 주자 김보름이 2018 평창 동계올림픽 매스스타트에서 은메달의 주인공이 됐습니다.\n\n김보름은 24일 강릉스피드스케이팅경기장에서 열린 평창올림픽 여자 매스스타트 결승에서 8분32초99의 기록으로 2위로 결승선을 통과해 포인트 40점을 얻어 준우승했습니다.\n\n이로써 김보름은 평창올림픽부터 처음 정식종목으로 채택된 매스스타트의 첫 번째 은메달리스트의 영광을 차지했습니다.\n \n이날 금메달로 김보름은 4년 전 소치 대회에서 '노메달'의 설움을 씻고 자신의 올림픽 첫 메달을 은빛으로 물들였습니다.\n\n팀추월 준준결승에서 노선영에 대한 '왕따 주행' 논란으로 맘고생을 심하게 했던 김보름은 마음을 다잡고 은메달로 자신의 두 번째 올림픽을 마무리했습니다.\n\n일본의 다카기 나나가 포인트 60점(8분32초87)의 기록으로 여자 매스스타트 첫 금메달을 차지했습니다.\n\n▶ SBS NEWS 유튜브 채널 구독하기 : https://goo.gl/l8eCja\n\n▶대한민국 뉴스리더 SBS◀\n홈페이지: http://news.sbs.co.kr\n페이스북: http://www.facebook.com/sbs8news\n트위터: http://www.twitter.com/sbs8news,2018-02-24T13:04:02.000Z,723330,2726,2797,9426
