country,title,channel_title,category,tags,description,publish_time,views,likes,dislikes,comment_count
RU,УИК №713 - беспредел продолжается.//ГТНК Новокузнецк,гтнк,News & Politics,"\"новокузнецк новости новокузнецкакпрф новокузнецк|\"\"кпрф\"\"|\"\"выборы 2018\"\"|\"\"штаб грудинина новокузнецк\"\"|\"\"грудинин\"\"\"","Городской штаб кандидата в президенты России\\nПавла Николаевича Грудинина в городе Новокузнецке.\\nпр-т.Кузнецкстроевский, 19\\nтелефон: 8-952-168-24-68\\n\\nКрасная линия - ГТНК Новокузнецк \\nТел: 8-904-990-01-05 \\ngtnk42@gmail.com \\nНовокузнецкое городское отделение КПРФ \\nE-mail: nvk_kprf@mail.ru \\nТел: 8-952-168-24-68 \\nпр-т. Кузнецкстроевский, 19",2018-03-18T08:48:05.000Z,119135,4097,9626,2077
RU,АРЕСТ В ЦЕРКВИ / БЫВАЛЫЙ 2017,kamikadzedead,Comedy,"\"церковь|\"\"мощи\"\"|\"\"коррупция\"\"|\"\"чм 2018\"\"|\"\"стадион\"\"|\"\"нижний новгород\"\"|\"\"зарплата\"\"\"","Войны между церквями в России похлеще Игры Престолов! А также новые, матерые мошенники. Бесплатные консультации призывникам в группе ВКонтакте \\nhttp://vk.me/prizyva_net Сайт «ПризываНет.ру» http://prizyvanet.ru/?yt   \\nПомощь денежкой http://www.donationalerts.ru/r/kamikadzedead\\nРеклама, сотрудничество https://goo.gl/ddnKhN\\nСообщить о багах YouTube https://goo.gl/6Mf5GV\\nПриставы и мощи https://youtu.be/IWPlYfZs2Zg\\nНакопительные пенсии http://www.mk.ru/politics/2017/12/08/duma-edinoglasno-odobrila-ocherednoe-izyatie-nakopitelnykh-pensiy.html\\nПросроченные конфеты http://gorodnsk63.ru/7445\\nhttp://gorodnsk63.ru/7388\\nНаши новости в телеграме https://telegram.me/satirabezpozitiva\\nПаблик Сатира без Позитива- https://vk.com/satyrabezsortyra\\nРоссийский YouTube уничтожает мой канал, подробности:\\n1) https://youtu.be/DZwAVsAgsLQ\\n2) https://youtu.be/5V5lLXtRtCg\\n3) https://youtu.be/0Olt1eF4AGM\\nИмена и фамилии руководства кремлеботов https://yadi.sk/i/UoAsIIeb3LosjS\\nНаши новости в твиттере https://twitter.com/SatiraBezP\\nОбращение к сторонникам Путина в 2-х частях\\nhttps://youtu.be/GRl-Y8cN1UY\\nhttps://youtu.be/lvdUzBfsusA\\nВидео, отвечающие на вопросы А ЧТО ТЫ ПРЕДЛАГАЕШЬ?\\n1) https://youtu.be/upmD373wH-c\\n2) https://youtu.be/NHM02-pRDuk\\n3) https://youtu.be/T8sOB2NkIhA\\n4) https://youtu.be/odS7Lo8csyc\\n5) https://youtu.be/Vg0tAcn5FFY\\nПаблик Сатира без Позитива в ОК https://ok.ru/satirabezp\\nЯ в Ватноклассниках - http://www.ok.ru/profile/566798658882\\nЯ в контакте - http://vkontakte.ru/kamikadzedead\\nПаблик #Эксперты #Знатоки https://vk.com/realproblemsrussia\\nЛетсплеи - http://www.twitch.tv/kamikadzeplay\\nМой Twitter - http://twitter.com/kamikadze_d\\nЯ на ФБ http://www.facebook.com/dmitry.ivanov.9634?ref=tn_tnmn\\nGoogle+ https://plus.google.com/u/0/103614022894261388839/posts\\nЖЖ - http://kamikadze-d.livejournal.com\\nЛайв канал http://www.youtube.com/kamikadzelive",2017-12-13T18:47:43.000Z,119022,27525,31678,4532
RU,Первый пошел: ФСБ ловит Дерипаску на «рыбку»,Самый сок 2,People & Blogs,[none],Путин испугался побега олигарха Дерипаски в США. Российский алюминиевый магнат Олег Дерипаска и автор эпохальной «Мюнхенской речи» Путина Сергей Приходько стали объектами очередного расследования Фонда Борьбы с Коррупцией (ФБК)  Алексея Навального. Источник: http://hvylya.net,2018-02-10T12:15:33.000Z,118909,4294,8836,783
RU,Китайцы на Байкале! О проблемах от очевидца. (народ-TV)  #РП,Тихий Барин,News & Politics,"\"китайцы|\"\"байкал\"\"|\"\"мусор\"\"|\"\"туристы\"\"|\"\"иркутск\"\"|\"\"ольхон\"\"|\"\"нерпа\"\"\"","Подписывайтесь на резервный канал: https://www.youtube.com/channel/UCdxL24iqhonpj8nGoOB63Lw\\nГруппа в ВК:  https://vk.com/club165010176\\nПо всем вопросам e-mail: t.barin.tv.2@gmail.com\\nВ связи с большим количеством писем оперативный ответ на Ваше письмо не гарантирован. :) \\nВнимание! Личка YouTube просматривается крайне редко! \\nБольшая просьба не делиться последним! Барин хоть и бедный, но от голода не умирает. \\nПомощь каналу Тихий Барин-TV на приобретение оборудования и новых зубов:\\nСберкарта: 4276 5400 2451 9054  (на Е.В.Б.)\\nЯндекс-кошелек (в рублях): 410015155076326\\nПартнер канала ТБ-TV - Студия политической сатиры Стабилизец: https://www.youtube.com/channel/UCh1Kk-bJeWC0zQbtuFKdilA",2018-04-20T00:25:55.000Z,11889,621,2506,106
RU,"Путин спасибо всем ПОБЕДА РОССИЯ УРА. Итоги ВЫБОРОВ 78,19% за ПУТИНА",Россия,News & Politics,"\"Путин|\"\"Выборы\"\"|\"\"Выборы 2018\"\"|\"\"итоги выборов\"\"|\"\"Результаты выборов\"\"|\"\"Путин победил\"\"|\"\"Путин видео\"\"|\"\"Новости\"\"|\"\"Россия\"\"|\"\"Путин выборы\"\"|\"\"Путин выборы 2018\"\"|\"\"Выборы в россии\"\"\"","Путин спасибо всем ПОБЕДА РОССИЯ УРА. «Спасибо, что у нас такая мощная многомиллионная команда»\\nПутин признал победу на выборах итоги выборов 78,19% за Путина. Выборы президента закончены 18 марта 2018 года. Победитель В.В.Путин. Результаты выборов 78,19% . \\n\\n0:02 Путин победа выборы 2018\\n\\n#выборы #президента #вбросы #итоги #результаты #выборы2018 #Путин\\n\\nВ ВК https://vk.com/alecseyrossia\\n\\nПодписывайся БУДЬ В КУРСЕ www.youtube.com/channel/UCLSUk_DwbnEj-69pJxCLSCQ?sub_confirmation=1 Дальше только интересней.",2018-03-18T20:48:04.000Z,118425,1852,3105,1878
RU,"Павел Грудинин - олигарх, популист и лжец, президент от коммунистов",Левой правоЙ,People & Blogs,"\"грудинин|\"\"кпрф\"\"|\"\"коммунисты\"\"|\"\"зюганов\"\"|\"\"выборы\"\"|\"\"политика\"\"|\"\"собчак\"\"|\"\"выборы 2018\"\"|\"\"олигарх\"\"|\"\"клубника\"\"\"","",2018-01-25T06:37:48.000Z,118332,1431,1548,275
RU,Путин. Итоги. 2018 / Доклад Яшина и Милова / LIVE,Радио Свобода,News & Politics,"\"Радио Свобода|\"\"яшин\"\"|\"\"милов\"\"|\"\"путин\"\"|\"\"немцов\"\"|\"\"путин итоги\"\"|\"\"доклад яшин\"\"\"","Оппозиционные политики Илья Яшин и Владимир Милов в среду представили доклад Путин. Итоги. 2018, посвященный экономическим, социальным и геополитическим итогам правления Владимира Путина.\\n\\nАвторы доклада заявляют, что за последние 18 лет Россия оказалась в состоянии глубокого кризиса, а экономический рост фактически прекратился. Правительство сокращает расходы на социальную сферу, в то время как приближенные президента получают миллиарды, отметил Илья Яшин.\\n\\nОппозиционеры обвиняют президента в создании коррумпированного государства, а также проведении политики, из-за которой Россия оказалась в международной изоляции. По словам Яшина и Милова, доклад Путин. Итоги. 2018 продолжает традицию, начатую в свое время оппозиционным политиком Борисом Немцовым. Выступление они посвятили его памяти.\\n\\nВладимир Милов отметил, что ни одна типография не соглашалась печатать доклад. Руководители предприятий заявляли, что опасаются закрытия из-за содержащейся в тексте критики главы государства.\\n\\nВ минувшее воскресенье стало известно, что полиция изъяла напечатанный тираж доклада, а в типографии прошел обыск. Илья Яшин тогда подчеркнул, никому в России не запрещено выступать против президента и публиковать доклады с критикой в его адрес. Милов на презентации доклада назвал действия правоохранительных органов превышением должностных полномочий.",2018-03-14T12:02:06.000Z,117991,6774,11071,1955
RU,Путин признался в отсутствии смартфона. Новости. 08.02.2018,Super Intellectual,News & Politics,"\"Путин|\"\"смартфон\"\"|\"\"новости\"\"\"","Глава государства обращался к ранее выступавшему президенту Курчатовского института, члену-корреспонденту РАН Михаилу Ковальчуку. Ученый в своем докладе обратил внимание собравшихся на тот факт, что для того, чтобы обработать всего лишь одно голосовое сообщение, современному смартфону требуется такое же количество энергии, которое необходимо, чтобы вскипятить литр воды.\\n\\n«Михаил Валентинович, вы сказали, что у всех смартфоны есть. А у меня нет смартфона, и у вас нет, видите. А говорите, у всех есть», — сказал Путин.\\n\\nПресс-секретарь президента Дмитрий Песков еще в 2014 году сообщал, что у Путина нет своего мобильного телефона, президент предпочитает использовать «другие виды связи», пишет агентство.",2018-02-08T12:21:15.000Z,11794,8,30,14
RU,Две тысячи за два клика,Секреты Заработка,People & Blogs,[none],"Регистрация в 2 клика https://goo.gl/V4h1Ho 😍\\nЭто лучше, чем горбатить на дядю по 8 часов в день💪\\nКаждому новичку повышенный шанс на победу🎁\\nПри депозите от 200 руб, доход в сутки от 8000 руб↙️",2018-01-15T11:38:57.000Z,117579,3916,12571,0
RU,КАК АКТИВИРОВАТЬ ЗВОНКИ В ВК!,СуперКот,Entertainment,"\"КАК АКТИВИРОВАТЬ ЗВОНКИ В ВК!|\"\"КАК АКТИВИРОВАТЬ ЗВОНКИ В ВК\"\"|\"\"Как звонить в вк\"\"|\"\"как звонить в вк с телефона\"\"|\"\"звонки в вк\"\"|\"\"гайд как звонить в вк с телефона)\"\"|\"\"Звонки на телефон через вк\"\"|\"\"как позвонить в вк\"\"|\"\"как позвонить другу в вк\"\"|\"\"обнова в вк : звонки\"\"|\"\"звони другу в вк\"\"|\"\"как звонить в vk\"\"|\"\"как активировать звонки в vk\"\"|\"\"суперкот вк\"\"|\"\"суперкот стикеры\"\"|\"\"cyperkot стикеры вк\"\"|\"\"суперкот\"\"\"",Моя страничка в вк - https://vk.com/cyperkotyt\nНовый видос где я рассказал об трендах и т.д. - https://youtu.be/CzUg7g_work\n\nВ вк появилась функция звонки как в скайпе и прочих мессенджерах) И это большой плюсик))) Теперь можно общаться просто не скачивая других приложений)\n\nКанал моего друга -  https://www.youtube.com/channel/UCTPeAY-hiaBBDMqN-DYNhxQ?view_as=subscriber,2018-04-28T13:24:45.000Z,117508,2300,4583,537
RU,bHcYbH49bHxY - Coca-Cola,b H,Music,"\"#ПойКокаКола|\"\"#ПойCocaCola\"\"|\"\"#ПраздникКНамПриходит\"\"\"","Пока тока группа ВэКа: https://vk.com/club147819606\\nМинус: https://vk.com/diamondstyleprod\\nТату: https://vk.com/dagazokt\\nБудка: https://vk.com/porolonroom\\nКепос, футболка, куртка, кросы: Адидас\\nШтаны: Найк\\nТрусы: Сплэш\\nНоски: Ноунейм\\nМебель, гардины: Икеа\\nЗвуковая карта: Фокусрайт\\nНоут: ЭмЭсАй\\nМышка, коврик: Блади\\nКлава: А4Тек\\nКолонки: Свен(за трешку в М-Видео брал)\\nКлава: М-аудио\\nГеймпад, уши: Сони\\nКамера: ГоуПро\\nТелефон: Айфон\\nСканер, принтер: Канон\\nПылесос 1: Элджи(уборщица сломала)\\nПылесос 2: Дайсон(сыну на НГ купил)\\nПолы: магазин Меркурий\\nПлинтуса, выключатели, розетки: магазин Нарышево\\nСветилка, елка, гирлянды: На вьетнамском брал(забыл кстати елку включить)\\nЖидкие обои: Угловой магазин на Чапайке возле шиномонтажки Таганка\\nМасло: Аведов\\nЛюстра: Леруа Мерлен\\n\\nС Новый Годом! Желаю вам Новый Год! ;)\\n\\nп.с. Таварещи хэйтэры!))) Буту песать на ваошим язаке: извянете  шта ни панравелся ведио,  в слядуещим ведио апязатильна упиру будылку мазла спола ;) Мир! ;)",2017-12-30T06:47:44.000Z,117451,880,1703,237
RU,Наталья Касперская Привселюдно 0пустила Грефа и Чубайса - 30.04.2018,Аналитика Мира,News & Politics,"\"infowatch|\"\"Наталья Касперская\"\"|\"\"чубайс\"\"|\"\"чубайс анатолий\"\"|\"\"греф\"\"|\"\"герман греф\"\"|\"\"сбербанк\"\"|\"\"политика\"\"|\"\"экономики\"\"|\"\"илон маск\"\"|\"\"илон маск 2018\"\"|\"\"тесла\"\"|\"\"маск илон\"\"|\"\"Чубайс\"\"|\"\"Лаборатория Касперского\"\"|\"\"pravdavideo\"\"\"","Наталья Касперская красиво перед полным залом 0пустила Грефа и Чубайса\\n******************************************************\\nПодписка на канал Аналитика Мира Лучше Доната:\\nhttps://www.youtube.com/channel/UCs4_QABdNQxlB255ZsSIt-g/featured?sub_confirmation=1\\n\\nДорогие зрители! На канале Аналитика Мира вы не найдёте воды в роликах, только самая сочная выжимка из новостей и аналитики политологов, политиков и ведущих экономистов. Подписывайтесь, смотрите, ставьте лайки или дизлайки, оставляйте комментарии и пишите нам ваши пожелания!",2018-04-29T09:30:00.000Z,117307,2242,7965,1187
RU,Месть за «Вагнер»: Су-57 крошит в Гуте ЧВК американцев,СМИ,News & Politics,"\"Су-57|\"\"Сирия\"\"\"",Месть за «Вагнер»: Су-57 крошит в Гуте ЧВК американцев\n\nhttp://3mv.ru/105170-mest-za-vagner-su-57-kroshit-v-gute-chvk-amerikancev.html\n\nhttps://www.youtube.com/channel/UCvOlYfpW2PsiXkztdib27tA?view_as=subscriber,2018-02-25T13:53:37.000Z,11730,145,149,183
RU,Идиотизм процедуры голосования. Почему демократия и всеобщие выборы это абсурд и безумие. Сундаков,Виталий Сундаков,People & Blogs,"\"выборы 2018|\"\"выборы\"\"|\"\"госование\"\"|\"\"выборы в россии\"\"|\"\"грудинин\"\"|\"\"выборы президента россии\"\"|\"\"выборы в сша\"\"|\"\"выборы президента\"\"|\"\"выборы грудинин\"\"|\"\"выборы голосование\"\"|\"\"выборы президента 2018\"\"|\"\"голосование\"\"|\"\"выборы кандидаты\"\"|\"\"выборы президента рф\"\"|\"\"выборы ролик\"\"|\"\"про выборы\"\"|\"\"честные выборы\"\"|\"\"выборы фальсификация\"\"|\"\"выборы это\"\"|\"\"выборы ютуб\"\"|\"\"навальный\"\"|\"\"путин\"\"|\"\"павел грудинин\"\"|\"\"демократия\"\"|\"\"голосование 2018\"\"|\"\"голосование грудинин\"\"|\"\"цик\"\"|\"\"панфилова\"\"|\"\"ссср\"\"|\"\"демократия это\"\"|\"\"демократия диктатура\"\"|\"\"сталин\"\"|\"\"политика\"\"|\"\"собчак\"\"\"","Подпишись на канал Виталия Сундакова https://www.youtube.com/user/VitaliySundakov, чтобы не пропустить новых видео!\\n\\nОригинал видео: https://www.youtube.com/watch?v=8O1Uu3O7V_U\\n__\\nПолезные ссылки:\\nПолучите в подарок книгу Виталия Сундакова http://sundakov.ru/gift/\\nТренинги и семинары http://sundakov.ru/schedule/\\nГруппа Славянского кремля Виталия Сундакова ВК: https://vk.com/slav_kreml\\nРусская Школа Русского Языка http://slavkreml.ru/category/russkaya-shkola-russkogo-yazyika/\\nМузей славянской культуры http://slavkreml.ru/byit-muzeyu-drevneslavyanskoy-traditsii/\\nСтраница вконтакте https://vk.com/vitaliy_sundakov\\n__\\nСказки о демократии\\nВ наши дни слово «демократия» обрело невиданную популярность. Нам твердят о ней с голубых экранов, по радио и, пожалуй, нельзя найти ни одного номера печатного издания, где бы хоть раз не встретилось это слово. Причем в исключительно положительном смысле. Складывается впечатление, что демократия — такое же бесспорное и всеми признанное добро как кислород, вода и мир во всем мире.\\n\\nНапример,  Джон Маккейн обещает силой ввести демократию в России, Китае и других странах. А наши видные российские политики, подражая своим западным коллегам, обещают с помощью демократии построить в нашей стране светлое будущее, обеспечив процветание всех и вся.\\n\\nЛадно Маккейн, но как люди, имея достаточно высокий интеллектуальный и образовательный уровень, в остальных вопросах вполне вменяемые, поддаются всеобщему помешательству и тоже начинают рассуждать о какой-то демократии? Как можно говорить о том, чего в принципе нет и никогда не было?\\n\\nВ переводе с греческого демократия — это власть народа (demos — «народ», cratos — «власть»). В интернете, в частности на сайте «Википедия», дается более расширенное значение этого понятия, а именно, «демокра́тия — это политический режим, в основе которого лежит метод коллективного принятия решений с равным воздействием участников на исход процесса или на его существенные стадии… Народное правление требует обеспечения ряда прав для каждого члена общества. С демократией связан ряд ценностей: законность, равенство, свобода, право на самоопределение, права человека и др.»\\n\\nНо так ли все происходит в жизни? Неужто страной и вправду может управлять народ, принимая коллективные решения имея равное воздействие участников на исход процесса?\\n\\nМифы о демократии\\n\\nСуществует довольно распространенное мнение, что демократия была в Древнем Риме и Древней Греции. Но можно смело говорить о том, что не только в этих древних государствах, но и на всем своем протяжении человеческая история не знала ни одного государства, где на деле был бы реализован принцип демократии, народовластия. Приводя такие примеры не стоит забывать, что право голоса в этих «демократических» государствах имел не народ, а так называемые «граждане» — элитарная прослойка, составляющая ничтожный процент от основной массы всего населения, а те же рабы, как и женщины, не имели право участвовать в выборах.\\n\\nЧто касается России, то здесь принято считать, что демократия существовала еще в Древнем Новгороде, но в Новгороде также голосовали по большей части только бояре, иными словами, решения принимались теми немногими, кто имел право голоса.\\n\\nВ связи с этим возникает вопрос, «о какой демократии идет речь?» Где тот идеал, к которому нас призывают американцы и иже с ними? Где эта демократия?\\n\\nПолитическая основа демократии — это всеобщее прямое избирательное право — явление аморальное и разрушительное, ибо развивает политический цинизм до невероятных размеров, делает народ объектом бесчестных манипуляций, получающих, при современном развитии технологий, поистине безудержный размах.\\n\\nМанипуляция массовым сознанием, так же как и работа всевозможных политтехнологов, проводятся по определенным сценариям, с использованием наработок социальной психологии, о которой при желании несложно почитать в том же Интернете. Эти технологии уже давно досконально изучены. Но, к сожалению, простому обывателю зачастую бывает просто некогда почитать подобную литературу, хотя почему-то время для просмотра «познавательных» шоу типа «Дом 2» он все же находит.\\n\\nИзбирателем манипулируют с помощью современных политтехнологий, а избиратель не знает, за кого он отдает свой голос.\\n\\nДемократия — это абсурд\\n\\nХочется привести несколько простых аналогий, наглядно иллюстрирующих абсурдность «демократических» выборов: скажите, кто хотел бы отправиться в морской круиз на судне, где капитан был избран из матросов пассажирами путем голосования на основе личных симпатий или привлекательной внешности? Понятно, что никто никогда не сел бы на такой корабль.\\n\\nИли, допустим, кто будет слушать оркестр с демократически выбранным дирижером, который, возможно, даже не знает нотной грамоты?\\n\\nКто хочет лететь на самолете, управляемым демократически выбранным пилотом? А, может, стоит предоставить детям право выбирать классного руководителя или директора школы? Страшно представить, кого выберут себе ученики. Или лучше пациентам стоит самим выбирать участкового врача?",2018-02-15T15:51:19.000Z,11673,919,2087,168
RU,ИВАНГАЙ - Я ВЕРНУЛСЯ !! ПОЧЕМУ НЕ БЫЛО ВИДЕО ?,Ивангай,Music,"\"Ивангай|\"\"Марьяна ро\"\"|\"\"Face\"\"|\"\"Фейс\"\"|\"\"ивангай\"\"|\"\"eeoneguy\"\"|\"\"поход в музей\"\"|\"\"марьяна ро\"\"|\"\"face\"\"|\"\"фэйс\"\"|\"\"я устала\"\"|\"\"куда пропал ивангай\"\"|\"\"ютубер\"\"|\"\"новости\"\"|\"\"ивангай и фейс\"\"|\"\"eeone\"\"|\"\"Иван Рудской\"\"|\"\"Рудской\"\"|\"\"ивангай вернулся\"\"|\"\"ивангай вернулся!\"\"\"","🌎ИНСТАГРАМ: https://www.instagram.com/eee.one.guy/ \\n🌎ИНСТАГРАМ: https://www.instagram.com/eee.one.guy/ \\n🌎ИНСТАГРАМ: https://www.instagram.com/eee.one.guy/ \\n\\n🐸ВК: https://vk.com/public132917936\\n\\n✉ВОПРОСЫ И ПРЕДЛОЖЕНИЯ: https://vk.com/im?media=&sel=-132917936\\n\\n1. ПОДПИШИСЬ НА КАНАЛ 💓💓💓 \\n2. ПОСТАВЬ ЭТОМУ РОЛИКУ ЛАЙК 👍 \\n4. СКАЖИ,ЧТО ИМЕННО ХОЧЕШЬ ✨✨✨ \\nИ ЧЕРЕЗ 2 ДНЯ У ТЕБЯ ЭТО ПОЯВИТСЯ,БУДЬ УВЕРЕН! 🎁🎁🎁 \\n\\n\\n\\n\\n________________________________________________________________\\nивангай, ивангай вернулся, Ивангай клип, ивангай вернулся, ивангай новая песня, ивангай записывает песню, ивангай готовит клип, eeoneguy, ютуб тренды, ивангай записывает песню",2018-02-27T10:27:26.000Z,116634,3539,6810,1965
RU,Путина будут судить в ГААГЕ он не может балотироваться в президенты,Константин Ответственный X,People & Blogs,"\"Путин|\"\"суд\"\"|\"\"заявление\"\"|\"\"закон\"\"|\"\"президент\"\"\"",https://www.youtube.com/watch?v=eXuWbNBHcb4\nполное видео с канала ЗАКОН И ПОРЯДОК\nСООБЩЕСТВО ВК: https://vk.com/zakon_porjadok\nСООБЩЕСТВО FB: https://www.facebook.com/groups/12897...,2018-02-26T12:32:23.000Z,116343,7324,21757,2349
RU,НИКТО НЕ ОЖИДАЛ 28 12 2017 ЭТО ДОЛГО СКРЫВАЛИ,Новости РУ,People & Blogs,[none],"",2017-12-28T07:14:28.000Z,116307,460,748,256
RU,LatyninaTV / Код доступа / 28.04.2018 /,Yulia Latynina,Music,"\"LatyninaTV|\"\"Латынина\"\"|\"\"Юлия Латынина\"\"|\"\"Код доступа\"\"|\"\"28 апреля 2018\"\"|\"\"Эхо Москвы\"\"\"","Авторская передача Юлии Латыниной - Код доступа . - 28.04.2018\\nВидео версия, последние 10 минут только аудио.",2018-04-28T19:29:32.000Z,11622,712,4647,197
RU,"От выдвижения до такс, а также ответы на все вопросы с донейтами",Навальный LIVE,News & Politics,"\"Навальный|\"\"Волков\"\"|\"\"политика\"\"|\"\"выборы\"\"|\"\"оппозиция\"\"|\"\"Димон\"\"|\"\"ДимонОтветит\"\"|\"\"Медведев\"\"|\"\"коррупция\"\"|\"\"Алексей Навальный\"\"|\"\"выдвижение\"\"|\"\"собрание избирателей\"\"|\"\"Москва\"\"|\"\"Дмитрий Песков\"\"|\"\"кандидат в президенты\"\"|\"\"пресс-секретарь\"\"|\"\"Путин\"\"|\"\"золотая антилопа\"\"|\"\"Татьяна Навка\"\"|\"\"Лиза Пескова\"\"|\"\"Париж\"\"|\"\"развод\"\"|\"\"Улюкаев\"\"|\"\"приговор\"\"|\"\"Рогозин\"\"|\"\"такса\"\"|\"\"иностранные агенты\"\"|\"\"прожиточный минимум\"\"|\"\"пенсионеры\"\"|\"\"Бортников\"\"|\"\"ЧК\"\"|\"\"ФСБ\"\"|\"\"Чечня\"\"\"","Навальный в 20:18. 21 декабря. Эфир #033. Алексей Навальный в прямом эфире по четвергам в 20 часов 18 минут. Пишите вопросы и комментарии в твиттере с хэштегом #Навальный2018.\\n\\nВЫДВИЖЕНИЕ АЛЕКСЕЯ НАВАЛЬНОГО КАНДИДАТОМ В ПРЕЗИДЕНТЫ — https://vk.com/wall-55284725_658158\\nМосква: собрание избирателей проводится строго по приглашениям, мы сами оповестим вас, если вы попали в группу выдвижения. После собрания состоится праздник «День свободных выборов» — https://vk.com/event158406945\\nВладивосток: https://vk.com/navalny2018_vl \\nВолгоград: https://vk.com/navalny2018_vlg \\nВоронеж: https://vk.com/navalny2018_vrn \\nЕкатеринбург: https://vk.com/navalny2018_ekb \\nИжевск: https://vk.com/navalny2018_iz \\nИркутск: https://vk.com/navalny2018_irkutsk \\nКрасноярск: https://vk.com/navalny2018_krsk \\nНижний Новгород: https://vk.com/navalny2018_nn \\nНовосибирск: https://vk.com/navalny2018_nsk \\nОмск: https://vk.com/navalny2018_om \\nПермь: https://vk.com/navalny2018_perm \\nРостов-на-Дону: https://vk.com/navalny2018_rnd \\nСамара: https://vk.com/navalny2018_samara \\nCанкт-Петербург: https://vk.com/navalny2018_spb \\nСаратов: https://vk.com/navalny2018_srtv \\nТюмень: https://vk.com/navalny2018_tmn \\nУфа: https://vk.com/navalny2018_ufa \\nЧелябинск: https://vk.com/navalny2018_che \\nЯрославль: https://vk.com/navalny2018_yar\\n\\nДОНЕЙТЫ: https://streamlabs.com/navalnylive\\nМинимальный донейт для бегущей строки — 100 руб.\\nМинимальный донейт для вопроса на экране — 2018 руб.\\nМинимальный донейт для гифки — 2018 руб. (плюс платная подписка на Streamlabs $5 в месяц).\\n\\nПриложение для iOS: https://navalny.live/ios\\nПриложение для Android: https://navalny.live/android\\n\\nПодписывайтесь на рассылку «Навальный LIVE»:\\nhttps://navalny.live\\n\\nПодписывайтесь на «Навальный LIVE» в соцсетях:\\nТвиттер: https://twitter.com/navalnylive\\nИнстаграм: https://www.instagram.com/navalny.live/\\nВК: https://vk.com/navalny_live\\nФейсбук: https://www.facebook.com/navalnylive/\\nОК: https://www.ok.ru/navalnylive \\nТелеграм: https://t.me/navalny_live\\n\\nОбновленная программа Алексея Навального: https://navalny.com/p/5662/ \\nИстории конкретных людей и как на их жизнь повлияют изменения, предлагаемые Алексеем Навальным: https://2018.navalny.com/stories/ \\n\\nПоддержать предвыборную кампанию Алексея Навального: https://goo.gl/SZzdkV\\nПоставить подпись за выдвижение Алексея Навального в президенты: https://goo.gl/3gDdvk\\n\\nВидеоблог Алексея Навального: https://www.youtube.com/user/NavalnyRu \\nПоддержать Фонд борьбы с коррупцией: https://goo.gl/Mpazcq\\n\\nТвиттер Алексея Навального: https://twitter.com/navalny \\nИнстаграм Алексея Навального: http://instagram.com/navalny\\nТелеграм Алексея Навального: https://t.me/navalny_telegram",2017-12-21T18:28:30.000Z,116073,23987,29245,2663
RU,Сбербанк принадлежит США и Англии - 20.04.2018,Аналитика Мира,News & Politics,"\"Сбербанк|\"\"США\"\"|\"\"Англии\"\"|\"\"сбербанк\"\"|\"\"Россия\"\"|\"\"sberbank\"\"|\"\"политика\"\"|\"\"экономика\"\"|\"\"бизнес\"\"|\"\"Греф\"\"|\"\"Набиуллина\"\"|\"\"набиуллина\"\"|\"\"кремль\"\"|\"\"Центробанк\"\"|\"\"Банк России\"\"|\"\"ЦБ\"\"|\"\"банк\"\"|\"\"доллар\"\"\"","Сбербанк принадлежит США и Англии, а не России.\\n******************************************************\\nПодписка на канал Аналитика Мира Лучше Доната:\\nhttps://www.youtube.com/channel/UCs4_QABdNQxlB255ZsSIt-g/featured?sub_confirmation=1\\n\\nДорогие зрители! На канале Аналитика Мира вы не найдёте воды в роликах, только самая сочная выжимка из новостей и аналитики политологов, политиков и ведущих экономистов. Подписывайтесь, смотрите, ставьте лайки или дизлайки, оставляйте комментарии и пишите нам ваши пожелания!",2018-04-20T09:45:00.000Z,115935,1184,6931,752
RU,лиззка – в президенты,лиззка,Comedy,"\"lizzka|\"\"лизка\"\"|\"\"лиззка\"\"|\"\"лиззка президент\"\"|\"\"лиззка в президенты\"\"|\"\"лиззка клип\"\"|\"\"лиззка президент клип\"\"|\"\"клип\"\"|\"\"новый клип\"\"|\"\"лиззка новый клип\"\"|\"\"лиззка читает реп\"\"|\"\"лиззка реп\"\"|\"\"лиззка рэп\"\"|\"\"юмор\"\"|\"\"лиззка рэп клип\"\"|\"\"клипы блогеров\"\"|\"\"лиззка песни\"\"|\"\"лизка клип\"\"|\"\"lizzka клип\"\"|\"\"лизка президент\"\"\"","Лиззку в президенты! В этом году мною было принято решение выдвигаться как кандидат от ютуба, если на выборы никогда не ходили, то может в этот раз сходите, за Лиззку голосовать.\\n18.03.2018 / ВЫБИРАЙ / ГОЛОСУЙ ЗА МЕНЯ: http://kandidat.lenta.ru\\n\\n\\nПроизводство\\nwww.flyfilmpro.ru\\n\\n\\nМОЖЕШЬ ПОДПИСАТЬСЯ НА МЕНЯ: http://www.youtube.com/user/lizzka59?sub_confirmation=1\\n(ノಠ益ಠ)ノ彡ССЫЛКИ\\nМОЙ МЕРЧ: https://mamcupy.com/shop/pap-prodaj/lizzka\\nСТРИМЫ ТУТ: https://www.twitch.tv/l1zzka\\nПАБЛИК: http://vk.com/lizon\\nТВИТАЧ: https://twitter.com/l1zzka/\\nИНСТАЧ: https://instagram.com/l1zzka/\\nАСКАЧ: https://ask.fm/l1zzka",2018-03-13T15:06:00.000Z,1158749,99127,176725,36508
RU,Ларин был прав?,Durel,People & Blogs,"\"даня кашин|\"\"кашин\"\"|\"\"дк\"\"|\"\"ларин\"\"|\"\"был прав\"\"|\"\"ларин против\"\"|\"\"лиззка\"\"|\"\"лиза неред\"\"|\"\"лизка\"\"|\"\"прав\"\"|\"\"травля\"\"|\"\"дарья зарыковская\"\"|\"\"зарыковская\"\"|\"\"dk inc\"\"|\"\"дк инк\"\"|\"\"данил кашин\"\"|\"\"выборы\"\"|\"\"продажные\"\"|\"\"реклама\"\"|\"\"продались\"\"|\"\"агитация\"\"|\"\"клип\"\"|\"\"клипы\"\"|\"\"клипы про выборы\"\"|\"\"кандидат\"\"|\"\"выбор\"\"|\"\"президент\"\"|\"\"блогеры продались\"\"|\"\"политика\"\"|\"\"в тренде\"\"|\"\"реакция\"\"|\"\"видео\"\"|\"\"перезалив\"\"|\"\"канал\"\"|\"\"хайп\"\"|\"\"лучшие моменты\"\"|\"\"durel\"\"|\"\"дюрел\"\"|\"\"инстаграм\"\"|\"\"сторис\"\"|\"\"сторис в инстаграм\"\"|\"\"instagram stories\"\"|\"\"instagram\"\"|\"\"insta\"\"|\"\"story\"\"|\"\"stories\"\"|\"\"истории\"\"|\"\"новости\"\"|\"\"дурел\"\"|\"\"подставили\"\"|\"\"лента ру\"\"\"","«Ларин был прав». Что бы это могло значить? Жду ваших предположений в комментариях. Какая у вас вообще реакция от происходящего?\\n\\n«Даня Кашин не сливался с проекта Кандидат, его там изначально не было. Детали в следующем видео» — сообщил Ларин в своём Telegram-канале, ссылаясь на ответ главного редактора издания «Лента.ру» Владимира Тодорова.\\n\\nTelegram-канал Ларина: https://t.me/larinpost\\n\\nНапомню, Даня Кашин на эмоциях записал ответ Дмитрию Ларину после того, как тот выпустил «Ларин Против» на всех, кто снял проплаченные агитационные видеоролики про выборы президента 18 марта в России.\\n\\nРолик Ларина: https://youtu.be/fRGs7GclJBI\\n\\nОтвет Ларину: https://youtu.be/IeJQm3ze8GM\\n\\nЛарин готов извиниться перед DK: https://youtu.be/_N9Mp7i1wnA\\n\\nВидео взято из Instagram Stories Лизы Неред, Дарьи Потапенковой, Дарья Зарыковской и D.K. Inc.\\n\\nЛиззка — https://instagram.com/l1zzka\\nДаша Милк — https://instagram.com/dariamilkphoto\\nДарья Зарыковская — https://instagram.com/zarykovskaya\\nДаня Кашин — https://instagram.com/animebit13\\n\\nСпасибо за просмотр!",2018-03-17T11:55:56.000Z,115459,1429,3239,442
