country,title,channel_title,category,tags,description,publish_time,views,likes,dislikes,comment_count
FR,Macron et les cheminots : ça se complique ! #cdanslair 06.04.2018,C dans l'air,Entertainment,"\"Politique\"\"|\"\"sncf\"\"|\"\"grève\"\"|\"\"gouvernement\"\"|\"\"cheminots\"\"|\"\"transport\"\"|\"\"macron\"\"|\"\"hipotal\"\"|\"\"infirmière\"","Voilà le gouvernement dans le dur. Alors que les manifestations contre la refonte du Code du travail en septembre s’étaient soldées par un échec pour les syndicats et la France insoumise, la réforme de la SNCF s’annonce, elle, autrement plus délicate pour l’exécutif. A la sortie d'une réunion avec la ministre des Transports Elisabeth Borne hier soir, les leaders des organisations syndicales de cheminots se sont emportés contre l'attitude du gouvernement. Estimant n'avoir pas été entendus, ils annoncent la poursuite de la grève.\\n\\nQuels sont les points de crispation ? Emmanuel Macron et Edouard Philippe vont-ils pouvoir tenir ? Depuis son élection, le président de la République a multiplié les réformes et a lancé une quinzaine de grands chantiers touchant le marché du travail, la formation, la fiscalité ou l’organisation de l’Etat. Jusqu’alors, le gouvernement a rencontré très peu d’opposition et il répète qu’il mènera la réforme jusqu'au bout, avec détermination, jouant la carte de l’opinion contre les grévistes.\\n\\nSelon un sondage Odoxa réalisé mercredi et jeudi pour Le Figaro et franceinfo, 57 % des personnes interrogées estiment ainsi que la grève reconductible est un mouvement qui n'est «pas justifié». Toutefois une courte majorité (51%) considère également que le gouvernement doit tout faire pour éviter cette grève, quitte à renoncer à certains points de sa réforme. Et l'inquiétude sur les suites de ce mouvement est grande : 59 % des personnes interrogées pensent que la mobilisation des syndicats contre la réforme de la SNCF pourrait conduire la France à un blocage complet, comme celui que le pays a connu en décembre 1995.\\n\\nAlors se dirige-t-on vers un mouvement de plus en plus dur ? L'opinion fera-t-elle basculer la grève ? Emmanuel Macron, dont la cote confiance enregistre une forte baisse en mars dans les enquêtes, joue-t-il son quinquennat sur cette réforme de la SNCF ? La venue hier du chef de l’Etat au CHU de Rouen a été perturbée par un mouvement de contestation des étudiants et a été marquée par un dialogue tendu avec une aide-soignante. A quoi doit-on s'attendre pour les jours à venir ?\\n\\n\\nInvités :\\n\\n- Yves THRÉARD, directeur adjoint de la rédaction du Figaro\\n\\n- Gilles DANSART, journaliste spécialiste du transport ferroviaire, directeur de Mobilettre\\n\\n- Nathalie SAINT-CRICQ, chef du service politique de la rédaction nationale de France Télévisions\\n\\n- Bernard SANANÈS, politologue – président de l’institut de sondages Elabe\\n\\nRetrouvez-nous sur :\\n| Notre site : http://www.france5.fr/emissions/c-dans-l-air\\n| Facebook : https://www.facebook.com/Cdanslairf5/\\n| Twitter : https://twitter.com/CdanslairF5\\n\\nPas un événement important qui ne soit évoqué, expliqué et analysé dans C dans l’air. \\nTout au long de la semaine, les deux journalistes donnent les clés pour comprendre dans sa globalité un événement ou un sujet de première importance, en permettant aux téléspectateurs d'intervenir dans le débat ou de poser des questions par SMS ou Internet. Caroline Roux est aux commandes de l'émission du lundi au jeudi et Bruce Toussaint prend le relais le vendredi et le samedi.\\n\\nDiffusion : tous les jours de la semaine à 17 h 45\\nRediffusion : tous les jours de la semaine à 22 h 30\\n\\nFormat : 65 minutes\\nPrésentation :  Bruce Toussaint, Caroline Roux et Axel Tarlé\\nRéalisation : Pascal Hendrick, Jean-François Verzele et Jacques Wehrlin\\nProduction : France Télévisions/Maximal Productions",2018-04-06T17:35:16.000Z,7400,33,34,0
FR,Premières images des frappes en Syrie et les réactions internationales -États-Unis France Angleterre,ChefPhileas1,Science & Technology,"\"russie\"\"|\"\"damas\"\"|\"\"homs\"\"|\"\"damascus\"\"|\"\"syria\"\"|\"\"usa\"\"|\"\"england\"\"|\"\"russia\"","13-04-2018 Les trois pays ont mené des frappes aériennes contre plusieurs cibles syriennes, en réponse à l'attaque chimique présumée menée par le régime syrien à Douma. L'opération est terminée et aucune nouvelle frappe n'est prévue dans l'immédiat.",2018-04-14T03:15:18.000Z,7380,12,39,29
FR,Hkayet Tounsia S02 Episode 15 25-12-2017 Partie 03,Elhiwar Ettounsi,Entertainment,"\"hkayet tounsia\"\"|\"\"elhiwar ettounsi\"\"|\"\"denya okhra\"\"|\"\"oumour jedia\"\"|\"\"andi mankolek\"\"|\"\"hkeyet tounsia\"\"|\"\"oumour jeddya\"\"|\"\"karim el gharbi\"\"|\"\"dari deco\"\"|\"\"360 degrees\"\"|\"\"klem ennes\"\"|\"\"ma binetna\"\"|\"\"liman yajroo fakat\"\"|\"\"labes\"\"|\"\"labas\"\"|\"\"roufiaat al jalssa\"\"|\"\"happy nes\"\"|\"\"wled mofida\"\"|\"\"awled mofida\"\"|\"\"maktoub\"\"|\"\"el hak maak\"\"|\"\"wled moufida\"\"|\"\"awled moufida\"\"|\"\"لا بــــاس\"\"|\"\"اليوم الثامن\"\"|\"\"عندي ما نقلك\"\"|\"\"مكتوب\"\"|\"\"أمور جدّية\"\"|\"\"أولاد مفيده\"\"|\"\"nhar lahad ma hemek fi had\"\"|\"\"sami fehri\"\"|\"\"نهار الأحد ما يهمّك في حدّ\"\"|\"\"نهار الأحد\"",► Découvrez ElhiwarEttounsi : https://goo.gl/gxtCTu\n► Abonnez-vous à la chaîne : https://goo.gl/v5Nz1p\n► Rejoignez-nous sur Facebook: https://goo.gl/sfjrWb\n► Abonnez-vous sur instagram : https://goo.gl/mTJlTL,2017-12-25T22:45:44.000Z,73692,542,629,562
FR,Johnny Depp s’oppose au mariage de Vanessa Paradis,new horizon,People & Blogs,[none],"Ma chaine : \\nhttps://www.youtube.com/channel/UCclLf4Uq1ws-bqk-ZoAVcEw?view_as=subscriber?sub_confirmation=1\\n\\nD’après Gala, Johnny Depp s’opposerait au mariage de Vanessa Paradis et Samuel Benchetrit, que les rumeurs affirment prévu pour cet été.",2018-03-17T22:09:27.000Z,7364,65,97,4
FR,BOUSCULADES POUR DES COUCHES PAMPERS EN PROMO A INTERMARCHE,Les Photos de JCB TV & Aviation Videos,News & Politics,"\"bousculade intermarche couches pampers\"\"|\"\"couches pampers bousculade\"\"|\"\"bousculades pour des couches intermarché\"\"|\"\"intermarché couches pampers\"\"|\"\"emeutes intermarché couche\"\"|\"\"couches bébé intermarché promo\"\"|\"\"debordements intermarché\"","Après le Nutella, Intermarché récidive avec les couches Pampers en promotion !!",2018-01-30T16:32:55.000Z,7342,9,11,6
FR,Mort de Naomi: l'opératrice du Samu était très investie et très volontaire selon ses collègues,BFMTV,News & Politics,"\"bfmactu\"|\"naomi\"|\"samu\"",L'agent qui a pris l'appel de Naomi a été suspendue administrativement à titre conservatoire par la direction des Hôpitaux Universitaires de Strasbourg. Elle était très investie et très volontaire selon ses collègues. La quinquagénaire reconnaît une erreur de jugement.,2018-05-10T09:40:29.000Z,7331,26,55,143
FR,شاهد الرئيس الفرنسي ماكرون يستقبل في الجزائر استقبال الملوك و يتجول في شوارع العاصمة مشيا بالاقدام,Info Press,News & Politics,"\"شاهد\"\"|\"\"الرئيس\"\"|\"\"الفرنسي\"\"|\"\"يستقبل\"\"|\"\"في\"\"|\"\"الجزائر\"\"|\"\"الملوك\"\"|\"\"يتجول\"\"|\"\"شوارع\"\"|\"\"العاصمة\"\"|\"\"الجزائر و فرنسا\"\"|\"\"فرنسا\"",شاهد الرئيس الفرنسي ماكرون يستقبل في الجزائر استقبال الملوك و يتجول في شوارع العاصمة مشيا بالاقدام\n\n\n\nوصل الرئيس الفرنسي إيمانويل ماكرون الأربعاء إلى الجزائر في أول زيارة رسمية له بعد توليه السلطة. وتستغرق الزيارة 12 ساعة يلتقي خلالها ماكرون نظيره عبد العزيز بوتفليقة بالإضافة إلى عدد من المسؤولين. وصرح ماكرون في مقابلة مشتركة مع صحيفتي الوطن والخبر المحليتين أنه في الجزائر بصفته صديقا وشريكا بناء يرغب في تعزيز الروابط بين البلدين.\n\nبدأ الرئيس الفرنسي إيمانويل ماكرون الأربعاء أول زيارة له إلى الجزائر بصفته رئيسا للجمهورية حيث يزور البلاد صديقا رافضا أن يكون رهين الماضي المؤلم بين باريس ومستعمرتها السابقة.\n\nوهبطت الطائرة الرئاسية ظهرا في العاصمة الجزائرية. وكان في استقبال ماكرون في المطار عبد القادر بن صالح رئيس مجلس الأمة الجزائري، ثاني مسؤول في الدولة، ورئيس الوزراء أحمد أويحيى ووزير الخارجية عبد القادر مساهل.,2017-12-06T17:34:53.000Z,72611,167,290,0
FR,RÉSUME de L'AFFAIRE JEREMSTAR et BABYBEL VS AQABABE ! CHOQUANT,QUE DU BUZZ,People & Blogs,"\"jeremstar\"\"|\"\"gate\"\"|\"\"scandale\"\"|\"\"aqababe\"\"|\"\"dossier\"\"|\"\"snapchat\"\"|\"\"babybel\"",✅  S'ABONNER : http://bit.ly/2clF8Tr ✅ \n➡️ Actualité Télé-Réalité : https://www.quedubuzz.fr/\n➡️  FACEBOOK  https://www.facebook.com/QUEduBUZZ.fr/\n➡️  TWITTER  https://twitter.com/Snap2FR\n\n\n\n➡️  Jeux PC et abos XBOX/PSN a -70% : http://bit.ly/2eirsqw\n➡️  CONTACT : nutch591@gmail.com,2018-01-17T13:21:10.000Z,72298,973,2343,48
FR,Yuvamdaki Düşman 6. Bölüm (Final),Yuvamdaki Düşman,Film & Animation,"\"yuvamdaki dusman\"\"|\"\"yuvamdaki düşman 6 bölüm\"\"|\"\"yuvamdaki düşman 6.bölüm\"\"|\"\"yuvamdaki dusman 6 bolum\"\"|\"\"yuvamdaki düşman\"\"|\"\"yuvamdaki düşman fragmanı\"\"|\"\"yuvamdaki dusman 6\"\"|\"\"show tv\"\"|\"\"yuvamdaki düşman bölüm izle\"\"|\"\"yuvamdaki dusman fragman\"\"|\"\"yuvamdaki düşman 6\"\"|\"\"yeni dizi\"\"|\"\"Nebahat Çehre\"\"|\"\"Ece Çeşmioğlu\"\"|\"\"Pamir Pekin\"\"|\"\"Aslı Tandoğan\"\"|\"\"Pelin Öztekin\"\"|\"\"tek parça\"\"|\"\"dizi\"\"|\"\"hd\"\"|\"\"full izle\"\"|\"\"yddzfull\"","Yuvamdaki Düşman Kanalına Abone Ol → http://showtv.tv/LUGFso\\n\\nYuvamdaki Düşman; çocukluğundan beri özendiği, hayallerini kurduğu ve uğruna her şeyi göze aldığı hayata ulaşmaya bir adım kala tüm elde ettiklerini kaybeden genç bir kadının ve bu kadının hayatını yeniden kurmak için gözünü diktiği varlıklı ve mutlu bir ailenin hikayesi. Genç kadın yeni bebek sahibi olmuş bu aileye bakıcı olarak girip gizli planını uygulamaya koyunca neler olacak?\\n\\n ‘Yuvamdaki Düşman’ın başrollerinde, Nebahat Çehre, Ece Çeşmioğlu, Pamir Pekin, Aslı Tandoğan yer alıyor.  Birbirinden farklı karakterlerin, farklı hikayelerinin anlatılacağı dizinin kadrosunda Pelin Öztekin, Hakan Dinçkol, Rıza Akın, Doğaç Yıldız, Cansu Türedi, Sultan Köroğlu Kılıç gibi başarılı isimler bir araya geliyor.\\n\\nYuvamdaki Düşman Sosyal Medya Hesapları\\n\\n▶ http://www.facebook.com/yuvamdadusman\\n▶ http://www.twitter.com/yuvamdadusman\\n▶http://www.instagram.com/yuvamdadusman",2018-03-01T21:21:45.000Z,71658,728,1728,698
FR,"Washington, Paris et Londres ont frappé la Syrie",FRANCE 24,News & Politics,"\"Syrie\"\"|\"\"États-Unis\"\"|\"\"Royaume-Uni\"\"|\"\"France\"\"|\"\"Donald Trump\"\"|\"\"armes chimiques\"\"|\"\"france24\"\"|\"\"news\"\"|\"\"Guerre en Syrie\"\"|\"\"bombardement\"\"|\"\"frappes aériennes\"\"|\"\"US\"\"|\"\"USA\"\"|\"\"Etats-Unis\"\"|\"\"Royaume Uni\"\"|\"\"Russie\"\"|\"\"Russia\"\"|\"\"Poutine\"\"|\"\"Trump\"\"|\"\"Macron\"\"|\"\"Attaque chimique\"\"|\"\"Bachar el Assad\"","Abonnez-vous à notre chaîne sur YouTube : http://f24.my/youtube\\nEn DIRECT - Suivez FRANCE 24 ici : http://f24.my/YTliveFR\\n\\nEn réponse à l'attaque chimique à Douma, dans la Ghouta orientale, les États-Unis, la France et le Royaume-Uni, ont mené, dans la nuit, des frappes coordonnées contre la Syrie. Suivez notre liveblog.\\n\\nNotre site : http://www.france24.com/fr/\\nRejoignez nous sur Facebook : https://www.facebook.com/FRANCE24.videos\\nSuivez nous sur Twitter : https://twitter.com/F24videos",2018-04-14T08:32:29.000Z,7155,36,47,56
FR,سنطرال دانون تخرج عن صمتها وتطلب التسامح مع المغاربة وهذه هي العروض الجديدة بخصوص منتوجاتها,Hespress,News & Politics,"\"شركة “حليب سنطرال\"|\"المغاربة\"|\"مقاطعة\"|\"المنتجات الأساسية\"|\"الحملة\"|\"مرجوعات الحليب\"|\"انطلاق الحملة\"|\"التسامح مع المغاربة\"|\"العروض الجديدة\"|\"منتوجاتها\"|\"سنطرال\"|\"دانون\"|\"حليب بلادي\"|\"الحليب الطري\"|\"مربي البقر\"|\"اعتذار سنطرال\"|\"اخبار المغرب\"",سنطرال دانون تخرج عن صمتها وتطلب التسامح مع المغاربة وهذه هي العروض الجديدة بخصوص منتوجاتهااشترك في قناة هسبريس عبر الرابط التالي http://bit.ly/2nSBfHSأول جريدة إلكترونية مغربية تجدد على مدار الساعةشارك برأيك من خلال التعليقات أسفله، وساهم في إغناء النقاشزوروا  موقعنا للاطلاع على آخر الأخبار : https://hespress.comتابعونا على إنستغرام : http://bit.ly/2kJkNdtتابعونا على تويتر : http://bit.ly/2l1PKtj تابعونا على فايسبوك  : http://bit.ly/2l1PKtj حملوا تطبيقنا على أندرويد : http://bit.ly/2kQy69N حملوا تطبيقنا على الآيفون : http://apple.co/2lxxqp2,2018-05-16T21:12:13.000Z,715397,4633,11226,5104
FR,Etoile filante 14 11 2017,Lili Bibi,Science & Technology,[none],"Etoile filante aperçue vers 17h45 le 14/11/2017 dans le ciel de Colmar, Alsace.",2017-11-14T19:29:58.000Z,7153,14,39,687
FR,La grand mère et la mère de Laeticia Hallyday tirent la langue sur?,koi de neuf?,Entertainment,"\"Laeticia Hallyday\"\"|\"\"Mamie Rock\"","Ne peut pas savoir à qui les deux protagonistes tirent la langue. Il y a plus de dix jours, la fameuse mamie de Laeticia Hallyday sortait de son silence...\\nCLIQUEZ ICI POUR INSCRIRE: https://goo.gl/woV5N9",2018-03-04T17:10:23.000Z,7072,21,72,42
FR,"Maitre Gims - Bella Ciao Feat Dadju, Slimame, Vitaa, Naestro (Son Officiel)",RapFr93,People & Blogs,"\"Maitre Gims\"|\"Netflix\"|\"Slimame\"|\"Vitaa\"|\"Casa Del Papel\"|\"Saison 3\"|\"Rap French\"|\"Rap Français 2018\"|\"Dadju\"|\"Rap Fr 2018\"|\"French Music\"|\"Musique\"",Abonne toi,2018-05-13T22:13:33.000Z,70428,1366,1837,374
FR,FT: Highlights! Saracens vs Clermont! 11.12.2017,EF eXtra Football,Sports,"\"Saracens vs Clermont\"\"|\"\"Saracens 12 Clermont 46\"\"|\"\"George Kruis\"\"|\"\"George Kruis try\"\"|\"\"European Rugby Champions Cup 2018 rugby\"\"|\"\"European Rugby\"\"|\"\"Saracens - Clermont\"\"|\"\"Saracens - Clermont 2018\"\"|\"\"Clermont Auvergne\"\"|\"\"Clermont\"\"|\"\"Isaia Toeava\"\"|\"\"Isaia Toeava try\"\"|\"\"ASM Clermont\"\"|\"\"Saracens v Clermont\"\"|\"\"Morgan Parra\"\"|\"\"rugby union\"\"|\"\"Hat trick Raka\"\"|\"\"RAKA\"","Full-Time: 12-46  | European Rugby Champions Cup 2018 rugby \\nHat trick hero Alivereti Raka\\nClermont Auvergne |\\nAlivereti Raka(13', 21', 25')Flip van der Merwe(46')Wesley Fofana(60')Isaia Toeava(77')\\nMorgan Parra(14', 22', 26', 48', 61')\\nMorgan Parra(32', 64')\\nSaracens | \\nGeorge Kruis(74')Penalty Try(28')\\nOwen Farrell(74')",2017-12-11T19:57:10.000Z,7007,17,46,16
FR,Open Workout 18.2 Standards,CrossFit®,Sports,"\"Functional Fitness\"\"|\"\"Fitness\"\"|\"\"Functional\"\"|\"\"CrossFit\"\"|\"\"The CrossFit Games\"\"|\"\"The Sport of Fitness\"\"|\"\"Forging Elite Fitness\"\"|\"\"Affiliates\"\"|\"\"CrossFit Affiliates\"\"|\"\"2018\"\"|\"\"18.2\"\"|\"\"Standards\"",For full Workout details and descriptions click here:\nhttps://games.crossfit.com/\n\nThe CrossFit Games -- (http://games.crossfit.com)\n\nThe CrossFit Games® - The Sport of Fitness™\nThe Fittest On Earth™,2018-03-02T01:10:17.000Z,70055,414,815,663
FR,"Interview Mathieu Faivre, 7ème du slalom géant",France 3 Auvergne-Rhône-Alpes,News & Politics,"\"France3\"\"|\"\"France\"\"|\"\"Télévisions\"\"|\"\"Auvergne-Rhône-Alpes\"",Retrouvez-nous sur :\nNotre site web\nhttp://france3-regions.francetvinfo.fr/auvergne-rhone-alpes/\n\nNos pages Facebook\nhttps://www.facebook.com/f3Alpes/\nhttps://www.facebook.com/france3Auvergne/\nhttps://www.facebook.com/france3rhonealpes/\n\nNos comptes Twitter\nhttps://twitter.com/f3Alpes\nhttps://twitter.com/F3Auvergne\nhttps://twitter.com/F3Rhone_Alpes\n\nSur Instagram\nhttps://www.instagram.com/france3alpes/\nhttps://www.instagram.com/france3auvergne/\nhttps://www.instagram.com/france3rhonealpes/,2018-02-18T06:18:59.000Z,6886,0,7,0
FR,Le doyen de la fac de Montpellier Philippe Pétel assume les violences contre les étudiants mobilisés,Révolution Permanente,News & Politics,"\"Fac\"\"|\"\"Droit\"\"|\"\"Montpellier\"\"|\"\"Doyen\"","🔴 [Vidéos] Attaque de l’extrême-droite à la fac de Montpellier : Après que des étudiant-e-s mobilisé-e-s aient été matraqué-e-s, tazé-e-s, frappé-e-s au sang par une milice d'extrême droite cagoulé, avec des insultes racistes, le doyen de la faculté de Montpellier assume et en est même fier : je les approuve totalement.\\n\\nEn savoir plus : http://www.revolutionpermanente.fr/Attaque-de-l-extreme-droite-a-la-fac-de-Montpellier-J-ai-vu-l-administration-applaudir-face-au-sang",2018-03-23T14:32:45.000Z,6842,31,52,84
FR,"Rihanna, son message inat­tendu à Emma­nuel Macron",ٍVideo World,People & Blogs,"\"Emma­nuel Macron\"|\"Rihanna\"",Rihanna a commenté la photo postée par le compte insta­gram d'Emma­nuel Macron de Mamou­dou Gassama lundi 28 mai. Elle s'est réjouie du destin du jeune Malien de 22 ans.,2018-05-29T17:58:34.000Z,67982,514,967,58
FR,نعيمة صالحي تعتزوا بإ نتماءها إلي السلالة الأمازيغية هل تقبلون ذلك????,"Actualite,politique,culture,economie",People & Blogs,[none],"",2018-02-10T20:48:24.000Z,6793,37,247,216
FR,Disparition inquiétante à Evrecy,France 3 Normandie,News & Politics,"\"France 3 Normandie\"\"|\"\"France 3\"\"|\"\"Normandie\"\"|\"\"France Télévisions\"\"|\"\"Evrecy\"\"|\"\"Calvados\"\"|\"\"disparition\"","La gendarmerie a déployé d'importants moyens de recherche ce mercredi après-midi dans le secteur d'Evrecy, dans le Calvados. Une jeune fille de 16 ans a disparu dans la matinée. Plus d'infos: http://bit.ly/2AJlVSL\\n\\n\\nToute l'actualité en Normandie\\n► http://france3-regions.francetvinfo.fr/normandie/\\n\\n\\nRejoignez notre communauté Facebook\\n►https://www.facebook.com/france3normandie/\\n\\n\\nSuivez-nous sur Twitter \\n► https://twitter.com/f3bnormandie\\n►https://twitter.com/f3htenormandie\\n\\nAbonnez-vous à notre compte Instagram\\n► https://www.instagram.com/france3normandie/",2017-11-15T16:34:36.000Z,6757,8,9,3
FR,"Extraordinaire But CRISTIANO RONALDO vs Juventus! Retourne cr7 juventus real madrid, goal cristiano",Actu France Foot,Sports,[none],"",2018-04-03T20:17:39.000Z,674556,328,345,34
