country,title,channel_title,category,tags,description,publish_time,views,likes,dislikes,comment_count
CA,Jake Paul - 12 Days Of Christmas (Feat. Nick Crompton),Jake Paul,People & Blogs,"\"Jake\"|\"Paul\"|\"logan\"|\"paul\"|\"its\"|\"every\"|\"day\"|\"Team\"|\"10\"|\"bro\"|\"funny\"|\"wow\"|\"crazy\"|\"vlog\"|\"adventure\"|\"disney\"|\"channel\"|\"girls\"|\"vine\"|\"hot\"|\"cool\"|\"fun\"|\"team\"|\"lucas\"|\"marcus\"|\"dobre\"|\"actor\"|\"star\"|\"daily\"|\"brothers\"|\"bizaardvark\"|\"tv\"|\"hollywood\"|\"sexy\"|\"comedy\"|\"skits\"|\"instagram\"|\"facebook\"|\"logang\"|\"jakepaulers\"|\"family\"|\"friendly\"|\"pg\"|\"kids\"|\"tai\"|\"lopez\"|\"erika\"|\"costell\"|\"music\"|\"video\"|\"12\"|\"days\"|\"christmas\"|\"xmas\"|\"beat\"|\"rap\"|\"chance\"|\"anthony\"|\"nick\"|\"crompton\"|\"lamborghini\"|\"album\"|\"litmas\"",😃 SUBSCRIBE ► http://bit.ly/SUB2JAKEPAUL \n\nGET THE SONG►\nhttps://open.spotify.com/album/3lATDRmKCQqiDNHemReCcD\nhttps://itunes.apple.com/gb/album/litmas-ep/1318555812\n\nGET OUR NEW MERCH HERE►\nhttps://fanjoy.co/collections/jake-paul\n\nGET TEXT MESSAGES FROM JAKE HERE►\n(for United States users only)\nhttps://textjakepaul.com/\n\nTURN ON MY POST NOTIFICATIONS FOR SHOUTOUTS IN MY VLOG\n\nExclusive vids on my Second YouTube channel► http://bit.ly/SUB2JAKE\n\n*FOLLOW ME ON SOCIAL MEDIA! *\nMY INSTAGRAM (@JakePaul) ► https://www.instagram.com/JakePaul \nMY TWITTER (@JakePaul) ► http://twitter.com/JakePaul \nMY FACEBOOK ► https://www.facebook.com/JakePaul \nMY SNAPCHAT ► JakePaul19 \nMY MUSICAL.LY ► @JakePaul\n\n*FOLLOW TEAM 10! *\nTwitter ➝ http://twitter.com/Team10official \nInstagram ➝ http://instagram.com/Team10official \nFacebook ➝ http://instagram.com/Team10official \nSnapchat ➝ Team10Snaps\nMusical.ly ➝ @Team10official\nWant to text us?  ➝ 1-323-909-4406\n\nI HAVE A BOOK!! “YOU GOTTA WANT IT ► http://amzn.to/2hY5Pyx\n\nfamily friendly pg clean\n\nCYA TOMORROW!!\n\n⚠ WARNING ⚠\nSome effects and visuals may not be suitable for those that suffer from epilepsy.,2017-12-13T02:28:44.000Z,606809,62973,67785,32743
CA,"Who's behind the internet's 'youngest flexer,' 9-year-old 'Lil Tay'?",Good Morning America,Entertainment,"\"youngest\"|\"flexer\"|\"9-year-old\"|\"rapper\"|\"lil\"|\"tay\"|\"social\"|\"media\"|\"Juju\"|\"Chang\"|\"exclusive\"|\"interview\"|\"abc\"|\"abcnews\"|\"viral\"|\"rich kids\"|\"instagram famous\"",The social media influencer and her mother open up in an exclusive interview with ABC News' Juju Chang.WATCH FULL EPISODES OF GOOD MORNING AMERICA: http://abc.go.com/shows/good-morning-america GOOD MORNING AMERICA'S HOMEPAGE: https://www.goodmorningamerica.com/,2018-05-23T14:06:15.000Z,604552,4961,9271,7699
CA,#ProudToCreate: Pride 2018,YouTube Spotlight,Entertainment,"\"#Pride\"|\"#ProudToCreate\"|\"#ProudToBe\"|\"#ProudToLove\"|\"#Pride2018\"|\"Pride\"|\"Pride 2018\"|\"#PrideMonth\"|\"Adam Rippon\"|\"Tyler Oakley\"|\"Janelle Monae\"|\"Lena Waithe\"|\"PatrickStarrr\"|\"ConnerFranta\"|\"MyHarto\"|\"Jay Versace\"|\"Mykki Blanco\"|\"Big Freedia\"|\"ASAPScience\"|\"Hayley Kiyoko\"|\"Team2Moms\"|\"TodrickHall\"|\"Sasha Velour\"|\"Peppermint\"|\"Alexis Michelle\"|\"Aja Kween\"|\"LGBTQ\"|\"LGBTQPride\"|\"youtube\"|\"proud\"|\"trans\"|\"queer\"|\"lesbian\"|\"gay\"|\"pride\"","You don't just imagine a better future – you create it. This Pride Month, we're celebrating LGBTQ voices that shape our world – past, present, and future. To read more, please visit our blog: https://youtube.googleblog.com/2018/06/what-are-you-proudtocreate.htmlMusic: “Drop” by Big Freedia, DJ Snake, and DiploSpecial thanks to:A Dazed Film, Bravo NYC - Directed by Aurélien HeilbronnAustralian Broadcasting Corporation Library SalesYoung M.A and her Brooklyn Roots: Noisey Raps | https://youtu.be/QveOY-2eCygMykki Blanco Celebrates Johannesburg’s Born-Free Queer Artists and Activists | https://youtu.be/6AXWQT486_E Curtis Blair - Beauty is Confidence - Director; Marissa Baklayan - ModelSHHE 'Eyes Shut': A Dazed Film - Directed by Harry Clark @harryclarkphotography - Music by SHHE @shhemusic - Performed by James Southward @jimbz1 and Francesco Ferrari Queer Couple Reveal the Key to Modern Marriage and Happiness | https://youtu.be/ymoB2YMoNac Interrupt This Program/CBC ArtsThe New YorkerNBC Universal Archives; Ballez Company, Katy Pyle - Artistic Director; Jules Skloot - DancerDJ Mitch Ferrino; C.L.A.T - ProducerQueer (Self) Portrait/CBC ArtsGlamour MagazineLOVERBOY: Charles Jeffrey Takes New York’s Underground Queer Club Scene | https://youtu.be/VECiJoBu0h8 i-D Meets: Troye Sivan | https://youtu.be/uPJ6NT2RXk4",2018-06-07T19:08:51.000Z,597669,29781,71617,55110
CA,"Bruno Mars,Charlie Puth,Ed Sheeran Best Christmas Songs,Greatest Hits Pop Playlist Christmas 2018",Audio Music,Music,"\"Charlie puth\"|\"Charlie puth Greatest\"|\"Charlie Puth Songs\"|\"Best Charlie Puth\"|\"charlie puth album\"|\"We Don't Talk Anymore\"|\"Marvin Gaye\"|\"Charlie Puth Best Of\"|\"bruno mars\"|\"bruno mars greatest\"|\"bruno mars playlist\"|\"bruno mars best of\"|\"bruno mars songs\"|\"bruno mars top songs\"|\"Grenade\"|\"Shape of You\"|\"Ed Sheeran\"|\"Ed Sheeran live\"|\"bruno mars christmas song\"|\"bruno mars christmas album\"|\"charlie puth christmas album\"|\"charlie puth ch\"","Bruno Mars,Charlie Puth,Ed Sheeran Best Christmas Songs,Greatest Hits Top Playlist Christmas 2018\\nBruno Mars,Charlie Puth,Ed Sheeran Best Christmas Songs,Greatest Hits Top Playlist Christmas 2018\\nBruno Mars,Charlie Puth,Ed Sheeran Best Christmas Songs,Greatest Hits Top Playlist Christmas 2018\\nThank You For Watching Video\\nYou please support the channel by :\\nSubscribe Channel : https://goo.gl/uX9syJ\\nFollow Tweet : https://goo.gl/DskcZm\\nFollow G+ : https://goo.gl/uJd5jr\\nFollow Facebook : https://goo.gl/rcefo2",2017-12-21T01:05:53.000Z,5965605,5930,7964,793
CA,the sad truth about the orange justice dance,Laim,Gaming,"\"fortnite\"|\"orange justice\"|\"orange shirt kid\"|\"roy purdy\"|\"roy purdy dance\"|\"sad truth about orange\"|\"orange justice dance\"|\"orange shirtkid\"|\"orange justice roy purdy\"|\"roy purdy winner\"|\"roy purdy emote\"|\"oran\"","sorry for telling it to you0:07 *purdy0:41 *purdyAll your LIKES, COMMENTS and SUBSCRIBES means me a lot.▶Discord serverhttps://discord.gg/VV4eGFmSubscribe for more!",2018-05-02T21:46:15.000Z,576237,5320,6303,4811
CA,President Trump slurs in Jerusalem speech: 'God blesh the United Shtatesh',IBTimes UK,News & Politics,"\"Donald Trump\"|\"slur speech\"|\"Trump Jerusalem speech\"|\"Israel\"|\"Palestine issue\"",President Donald Trump appeared to have slurred his words while giving his historic speech on Wednesday (6 December) to announce that the US would recognise Jerusalem as the capital of Israel.,2017-12-07T07:30:01.000Z,56865,55,78,87
CA,French Figure Skater Finishes Despite Wardrobe Malfunction,Wochit Entertainment,Sports,"\"Figure skating\"|\"Nightmare\"|\"Gabriella Papadakis\"|\"Costume\"|\"Guillaume Cizeron\"|\"Truth\"|\"Winter Olympic Games\"|\"Subroutine\"|\"Olympics\"|\"Trophee Eric Bompard\"|\"Internationaux De France\"|\"Figure Skating\"|\"Ice Skating\"|\"Winter Olympics\"|\"Skater\"|\"The Winter Olympics\"","Gabriella Papadakis suffered a figure skating nightmare on Monday. During her short dance routine with French partner Guillaume Cizeron, Papadakis felt her glittery dress slip. They could go on to win gold despite the malfunction. French figure skater Gabriella Papadakis suffered a wardrobe malfunction during a dance routine at the Winter Olympics, which she described as my worst nightmare. But, despite the ordeal, Papadakis finished the routine with Cizeron, who did his best to ensure it did not slip further, according to Reuters.\\nhttp://www.businessinsider.com/2018-winter-olympics-gabriella-papadakis-suffers-wardrobe-malfunction-2018-2\\nhttp://www.wochit.com\\n\\nThis video was produced by YT Wochit Entertainment using http://wochit.com",2018-02-19T14:58:17.000Z,553655,968,4343,83
CA,A new Aeroplan,Aeroplan Canada,Travel & Events,"\"aeroplan\"|\"with aeroplan\"|\"withaeroplan\"|\"a new aeroplan\"|\"our promise\"","We’re going to transform travel planning as you know it into an extraordinary experience—more choice, convenience and greater flexibility. Learn more at http://aeroplan.com/ourpromise.",2018-04-27T21:57:22.000Z,55332,61,127,42
CA,2018-04-27 吳卓林自稱「成龍女兒」拍片求助 吳綺莉：有病就去看醫生,MoreForms Media魔方全媒,Entertainment,[none],國際巨星成龍與吳綺莉所生的私生女吳卓林,2018-04-27T19:11:35.000Z,53738,36,75,69
CA,इसलिए श्री देवी को माँ नहीं कह सकते अर्जुन कपूर। shri devi vs arjun kapoor // SHRI DEVI IN DUBAI,Stubborn Facts,Entertainment,"\"khabar aajkal\"|\"jaruri khabar\"|\"hato bacho videos\"|\"news\"|\"News\"|\"facts about\"|\"jankari\"|\"ajeebo gareeb baate\"|\"myths and rahasya\"|\"rahashya\"|\"secret facts\"|\"health tips in hindi\"|\"health\"|\"Shri devi died\"|\"Shri devi death\"|\"Shri devi dead\"|\"Sridevi died\"|\"Sridevi death\"|\"Shree devi\"|\"Arjun kapoor\"|\"Shri devi vs arjun kapoor\"|\"shree devi died\"|\"shree devi death\"|\"sridevi died\"|\"shree devi pass\"|\"breaking news\"|\"dubai\"|\"Actor Sridevi Dies At Age 54 In Dubai\"|\"Stubborn FActs\"","इसलिए श्री देवी को माँ नहीं कह सकते अर्जुन कपूर। shri devi vs arjun kapoor // SHRI DEVI IN DUBAI\\n\\nअन्दर की बात - जो आपसे छुपाई गयी , श्रीदेवी के साथ आखिर क्या हुआ था आखिर के 15 मिनट में / SHREE DEVI\\n\\nबाथरुम में कैसे हुआ श्रीदेवी का निधन, पुरी सच्चाई जान आप रो पड़ेंगे\\nBollywood's famous actress Sridevi is not interested in any identity. His name is enough to know. Sridevi, who was known by the name of AirAir, was known for his style. The whole country is in shock for the news of Sridevi's demise that died in midnight in Dubai itself. Those who know this bad news are still not convinced of this.\\nTell all you believe in the death of Sridevi, due to a heart attack, when Sridevi suffered a heart attack, she fell down in the bathroom as we have told you that she is happy with her daughter in marriage Arrived in Dubai in an entertaining way. But after a heart attack, he had broken himself in the bathroom. But he was taken to the hospital. There are also reports that they were already getting nervous. After that he went to the washroom but could not come back alive from there. After taking the hospital, the doctor declared this famous actor dead. Along with the entire family as well as the entire country is in shock, nobody can believe the news.\\nSadly, 54-year-old Sredi Devi, who is known for her savvy style, is not among us today. Friends, in their film life, Sridevi won the hearts of the people of India, enough of her acting. And as well as all over the world, he wants them. On February 24, 2018, in the 54th year of age, Sridevi left the world. But he made a place in our heart forever. Our salute to this great actor\\n\\nश्रीदेवी की मौत की सच, अमिताभ बच्चन ने पहले ही बता दिया था SHREE DEVI DIED IN DUBAI / RIP SHREE DEVI\\n\\nSHREE DEVI \\n\\nThe actress known simply as Sridevi had been with her family in Dubai for her nephew's wedding.\\n\\nShe featured over five decades in almost 300 films, in classics like Mr India, Chandni, ChaalBaaz and Sadma.\\n\\nShe was considered one of the very few Indian female superstars capable of huge box office success without the support of a male hero.\\n\\nFrom the age of four, she had worked in films in the Tamil, Telugu, Malayalam, Kannada and Hindi languages.\\n\\nSridevi obituary: From Bollywood actress to Indian icon\\nCrowds gathered outside Sridevi's home in Mumbai as news emerged of her death. Bollywood figures and political leaders reacted with shock.",2018-02-26T18:03:54.000Z,5336346,4751,5838,445
CA,nasime sabz aghdam ninja,88mmFlaK,People & Blogs,demonetization iranian vegan ninja,"Ninja in action\\n\\nWhat do you mean, 'Flash Gordon approaching?'",2018-04-04T14:38:06.000Z,53262,103,220,258
CA,Jennifer Lawrence: 'I Become Incredibly Rude' to Avoid Fan Encounters in Public,Variety,Entertainment,"\"Variety\"|\"Variety Studio\"|\"Actors on Actors\"|\"Jennifer Lawrence\"|\"Adam Sandler\"|\"jennifer lawrence fans\"|\"jennifer lawrence news\"|\"jennifer lawrence adam sandler\"|\"jennifer lawrence amy schumer\"|\"amy schumer\"|\"jennifer lawrence rude\"|\"jennifer lawrence hunger games\"|\"jennifer lawrence variety\"","Jennifer Lawrence and Adam Sandler sat down together to talk about the highs and lows of fame, which of course includes the often undesirable encounters with fans in public.\\n\\nhttp://bit.ly/VarietySubscribe\\n\\nhttp://www.facebook.com/variety\\nhttp://www.instagram.com/variety\\nhttp://www.twitter.com/variety",2017-11-28T19:26:57.000Z,525001,697,6996,703
CA,《吐槽大会》第二季完整版：[第6期]金星模仿冯小刚吐槽徐帆演技，张歆艺被劝回家当主妇,TencentVideo 腾讯视频,Entertainment,"\"金星\"|\"冯小刚\"|\"徐帆\"",欢迎订阅\nhttps://www.youtube.com/channel/UCQatgKoA7lylp_UzvsLCgcw?sub_confirmation=1\n腾讯视频Facebook主页\nhttps://www.facebook.com/tencentvideo/\n腾讯视频主页\nhttp://v.qq.com/\n\n为您推荐腾讯精选综艺，感谢订阅！\n【拜托了冰箱中国版】\nhttps://www.youtube.com/playlist?list=PLMX26aiIvX5otMKiQs37RrIf9pqNwBb0y\n【放开我北鼻】https://www.youtube.com/playlist?list=PLMX26aiIvX5oXdrsrlfrhqiAunP1XNTh6\n【吐槽大会】https://www.youtube.com/playlist?list=PLMX26aiIvX5riS7QvjHswUaEIcmFjRniw\n【饭局的诱惑】\nhttps://www.youtube.com/watch?v=G6Uwv6J9XCw&list=PLMX26aiIvX5oqhCapVGIZpb-efYFGVGYo\n【拜托了衣橱】\nhttps://www.youtube.com/watch?v=BTu5Z0275Ok&list=PLMX26aiIvX5oIWQIU1iohyKl0JX01A-Jm\n【看你往哪儿跑】\nhttps://www.youtube.com/watch?v=se2JLVy9-uw&list=PLMX26aiIvX5qCmI2Wk_2pqUyv-v_KtUiV,2018-01-15T04:00:02.000Z,524165,249,259,879
CA,2oK - Count On Me,2oK,Music,"\"new music\"|\"good music\"|\"r&b music\"|\"hiphop\"|\"stl music\"|\"atl music\"|\"2ok\"|\"being2ok\"|\"love music\"|\"top 2017 music\"|\"top new artist\"|\"new artist\"|\"artist of the year\"|\"milo\"|\"domo\"|\"milatox\"|\"domonic.dynasty\"|\"hot new song\"|\"new song\"|\"atl top artist\"|\"atlanta top artist\"|\"teenage music\"|\"billboard music\"|\"radio song\"","What do you get when you bring together two soulful, authentic, ambitious artists loaded with vocal, producing, and dance talent? You get 2oK. \\n\\n2oK (2 Obvious Kings) is made up of Domo and Milo, two of hip-hops/R&B's hottest emerging artists, be sure to check out there new EP INCEPTION Available Now on all digital platforms!!! also subscribe to 2ok youtube channel and follow them on all social media platforms (links below). \\n\\n Serious business inquires only:  2okbooking@yaaent.com\\n Produced by:  GazChambr @gasnerallen\\n Mixed by:        Van @okvanleeuwen \\n Directed by:    Embryo @DirectedbyEmbryo\\n Website:         https://being2ok.com      \\n IG:                    https://www.instagram.com/being2ok/\\n Facebook:      https://www.facebook.com/Being2oK/\\n EP Out now:   http://smarturl.it/2okinception\\n\\nEvery things okay when your 2ok #weyoungatart #2oktakeover\\nwe were so high so high off the ground\\nHeart beats intimidation of all the things that we found\\nAnd I can't let you down\\nLove was meant to be high where no hate can be found\\nAnd you you're giving me everything, from the love we share \\nthe air that I breathe, The little voice in me baby\\n.\\n.\\nPre Chorus \\n-\\nEven though you are so far away \\nthat don't mean a thing Cause you're my baby\\nYou don't gotta be\\n.\\n.\\nChorus \\n-\\nYou don't got to be no supermodel \\nknow that you're the only girl for me \\nand even though you're far \\nGirl you can count on me girl you can count on me\\n.\\n.\\nV2\\n-\\nI had a dream that you were falling for some other dude\\nI couldn't take that thank God this dream it wasn't true\\nWith this space between us it Just makes me want you \\nlike Marvin Gaye you're my distant lover \\nI'm never gone let you go I just want to let you know \\nthat I got you whenever you need me girl I'll be right there\\n.\\n.\\nPre Chorus\\n.\\n.\\nChorus \\n.\\n.\\nBridge\\n-\\nI'm willing to sacrifice everything \\nsacrifice everything just to have you right here with me \\nthis distance is bringing us closer babe \\nalthough we are apart you'll always be in my heart\\n.\\n.\\nChorus (2x)\\n.\\n.",2017-11-15T04:59:31.000Z,52323,806,869,185
CA,استفاده از عکس‌های خصوصی سیدامامی در فیلمی علیه وی/ادعای استفاده از دوربین‌های حیات وحش برای جاسوسی,Saraneh TV,People & Blogs,[none],صداوسیمای جمهوری اسلامی روز پنج‌شنبه گزارش بلندی را درباره کاووس سیدامامی، استاد دانشگاه و فعال محیط زیست پخش کرد که در آن از چندین عکس‌های خصوصی و خانوادگی وی استفاده شده بود.,2018-02-16T01:38:20.000Z,5164,19,70,74
CA,Jake Paul - Saturday Night (Song) feat. Nick Crompton & Chad Tepper (Official Music Video),Jake Paul,People & Blogs,"\"Jake\"|\"Paul\"|\"logan\"|\"paul\"|\"its\"|\"every\"|\"day\"|\"Team\"|\"10\"|\"bro\"|\"funny\"|\"wow\"|\"crazy\"|\"vlog\"|\"adventure\"|\"disney\"|\"channel\"|\"girls\"|\"vine\"|\"hot\"|\"cool\"|\"fun\"|\"team\"|\"lucas\"|\"marcus\"|\"dobre\"|\"actor\"|\"star\"|\"daily\"|\"brothers\"|\"bizaardvark\"|\"tv\"|\"hollywood\"|\"sexy\"|\"comedy\"|\"skits\"|\"instagram\"|\"facebook\"|\"logang\"|\"jakepaulers\"|\"family\"|\"friendly\"|\"pg\"|\"kids\"|\"tai\"|\"lopez\"|\"erika\"|\"costell\"|\"saturday\"|\"night\"|\"music\"|\"video\"|\"chad\"|\"tepper\"|\"nick\"|\"crompton\"|\"england\"|\"city\"|\"new\"|\"beat\"|\"track\"|\"80s\"|\"dance\"|\"spotify\"|\"album\"|\"single\"|\"itunes\"",😃 SUBSCRIBE ► http://bit.ly/SUB2JAKEPAUL | ★ PREVIOUS VLOG ► https://www.youtube.com/watch?v=YbgaItnO518\n\nSTREAM & DOWNLOAD NOW►\n\nSpotify:\nhttps://open.spotify.com/album/4sF5JxeHqTv6g0nNKHC5z3\n\niTunes:\nhttps://itunes.apple.com/us/album/saturday-night-feat-chad-tepper-nick-crompton-single/1310012088\n\nGET THE EXCLUSIVE SATURDAY NIGTH MERCH FOR 48 HOURS ONLY!!!►\nhttps://fanjoy.co/collections/jake-paul/products/team-10-its-saturday-night-hoodie\n\nGET TEXT MESSAGES FROM JAKE HERE►\n(for United States users only)\nhttps://textjakepaul.com/\n\nTURN ON MY POST NOTIFICATIONS FOR SHOUTOUTS IN MY VLOG\n\nExclusive vids on my Second YouTube channel► http://bit.ly/SUB2JAKE\n\n*FOLLOW ME ON SOCIAL MEDIA! *\nMY INSTAGRAM (@JakePaul) ► https://www.instagram.com/JakePaul \nMY TWITTER (@JakePaul) ► http://twitter.com/JakePaul \nMY FACEBOOK ► https://www.facebook.com/JakePaul \nMY SNAPCHAT ► JakePaul19 \nMY MUSICAL.LY ► @JakePaul\n\n*FOLLOW TEAM 10! *\nTwitter ➝ http://twitter.com/Team10official \nInstagram ➝ http://instagram.com/Team10official \nFacebook ➝ http://instagram.com/Team10official \nSnapchat ➝ Team10Snaps\nMusical.ly ➝ @Team10official\nWant to text us?  ➝ 1-323-909-4406\n\nI HAVE A BOOK!! “YOU GOTTA WANT IT ► http://amzn.to/2hY5Pyx\n\nfamily friendly pg clean\n\nCYA TOMORROW!!\n\n⚠ WARNING ⚠\nSome effects and visuals may not be suitable for those that suffer from epilepsy.,2017-11-12T00:26:46.000Z,5156718,198368,200391,77348
CA,SHREDDING SLIME ANTISTRESS BALLS!,Gojzer,Science & Technology,"\"shredding\"|\"slime\"|\"antistress\"|\"balls\"|\"shredder\"|\"experiment\"|\"anti\"|\"stress\"|\"slime antistress\"|\"toys\"|\"vs\"|\"shred\"|\"sredder\"|\"gojzer\"|\"amazing\"|\"satisfying\"|\"squishy\"",In this video you will see what happens if you drop Slime Antistress balls into the shredding machine! These colourful stress balls causing amazing ASMR sounds and very spectacular shredding! Hope you will enjoy this experiment. Don't forget to subscribe!\n\n█ SUBSCRIBE: https://www.youtube.com/c/gojzer?sub_...\n\n█ Instagram: https://www.instagram.com/gojzerofficial\n\n█ SHREDDING BILLIARD BALLS: https://www.youtube.com/watch?v=fWhgPQAqw-w\n\n█ SHREDDING 100 GIANT ORBEEZ: https://www.youtube.com/watch?v=JBaEwnJucAg\n\n█ SHREDDING STRETCH OCTOPUS TOY: https://www.youtube.com/watch?v=pCFiLo_pDmY&t=74s\n\n█ Music: Jim Yosef - Arrow (NCS Release)\nhttps://www.youtube.com/watch?v=5LI5QZVUU98\n\n█ Jim Yosef\n• https://www.facebook.com/jimyosefmusic\n• https://www.youtube.com/user/Jimboows\n• https://soundcloud.com/jim-yosef,2018-04-09T10:30:03.000Z,5136995,6495,6521,834
CA,Why black Americans are getting less sleep,Vox,News & Politics,"\"SleepCycle\"|\"sleep\"|\"science\"|\"vox\"|\"Vox.com\"|\"explain\"|\"explainer\"|\"health\"|\"public health\"|\"black americans\"|\"african american\"|\"african american health\"|\"black health\"|\"african american health disparities\"|\"health disparities in african\"|\"health disparities in the us\"|\"health disparities and social inequality\"|\"health disparities in african american populations\"|\"health disparity vs health inequity\"|\"black health and wellness\"|\"sleep science\"|\"how to sleep well\"","How the sleep gap reflects inequality and contributes to it.\\n\\nSubscribe to our channel! http://goo.gl/0bsAjO\\n\\nA good night’s rest is critical for your health, and a lot can go wrong when you don’t get enough it. Sleep deprivation can contribute to obesity, diabetes, inflammation, heart disease, and more. The minimum recommended amount for adults is 7 hours (this too can vary from person to person). But, a third of Americans are sleep deprived — and on average, Black Americans are clocking in the least amount of z’s. \\n\\nBlack Americans already face steep disparities in health, and not getting enough good sleep can compound on those issues. By examining the sleep gap, and addressing the root causes, we may be able to tackle other inequalities in the US too.\\n\\nVox.com is a news website that helps you cut through the noise and understand what's really driving the events in the headlines. Check out http://www.vox.com.\\n\\nWatch our full video catalog: http://goo.gl/IZONyE\\nFollow Vox on Facebook: http://goo.gl/U2g06o\\nOr Twitter: http://goo.gl/XFrZ5H",2018-04-12T13:55:36.000Z,512146,8374,25877,8280
CA,Robert De Niro - F--- Trump - 2018 Tony Awards,Variety,Entertainment,"\"Variety\"|\"Variety Studio\"",Robert De Niro only needed two words to introduce Bruce Springsteen at the 2018 Tony Awards: F--- Trump!http://bit.ly/VarietySubscribehttp://www.facebook.com/varietyhttp://www.instagram.com/varietyhttp://www.twitter.com/variety,2018-06-11T03:01:32.000Z,511990,3117,4394,4828
CA,Netta (Israel 'Toy') wins Eurovision after dramatic public vote! - Eurovision Song Contest 2018,BBC,Entertainment,"\"Eurovision\"|\"2018\"|\"BBC Eurovision\"|\"competition\"|\"singing competition\"|\"eurovision 2018 israel\"|\"Netta israel\"|\"eurovision 2018 clips\"|\"eurovision stage invader\"|\"Netta Toy\"|\"Eurovision Israel 2018\"|\"eurovision 2018 result\"|\"eurovision 2018 vote\"|\"eurovision 2018 winner\"|\"eurovision 2018 controversial\"|\"netta toy live\"|\"netta wins eurovision\"|\"israel is the winner\"|\"eurovision winner 2018\"","Watch the Eurovision Song Contest on the BBC. https://bbc.in/2rA9CWf  See the moment Netta (#Israel) was crowned winner of the Eurovision Grand Final 2018 with 'Toy', written by Doron Medalie, Stav Beger.Graham Norton introduces live coverage of the #Eurovision Song Contest from Lisbon, Portugal. Eurovision Song Contest 2018 | Grand Final | BBC One",2018-05-12T23:48:30.000Z,5107943,35628,45389,8747
CA,Kudlow: Canada's Trudeau stabbed us in the back,CNN,News & Politics,"\"latest News\"|\"Happening Now\"|\"CNN\"|\"larry kudlow\"|\"world\"|\"politics\"|\"president trump\"|\"president donald trump\"|\"justin trudeau\"|\"g7\"|\"canada\"|\"state of the union\"|\"jake tapper\"",President Donald Trump's top economic adviser Larry Kudlow says Trump pulled out of backing the G7 communique in reaction to Canadian Prime Minister Justin Trudeau's statement criticizing the United States.,2018-06-10T13:35:05.000Z,507733,1775,4002,7924
CA,Hillary Clinton mocks Trump in Fire and Fury Grammys skit,Guardian News,News & Politics,"\"music\"|\"gdnpfpculturemusic\"|\"culture\"|\"gdnpfpculture\"|\"Hillary Clinton\"|\"Cardi B\"|\"DJ Khaled\"|\"James Cordon\"|\"Grammy\"|\"Grammys\"|\"2018\"|\"hillary clinton at the grammys video\"|\"grammys video\"|\"hillary reading fire and fury\"|\"fire and fury book\"|\"hillary clinton reading fire and fury\"|\"james corden\"|\"hillary clinton james corden\"|\"clinton and corden\"|\"hillary clinton grammys\"|\"hillary clinton fire and fury audiobook\"|\"guardian\"|\"grammys 2018\"|\"hillary fire and fury\"|\"grammys hillary clinton\"|\"news\"",Cardi B and DJ Khaled were just some of the celebrities who took turns reading passages from Michael Wolff's tell-all book about the Trump administration as part of a mock audition for best spoken-word performance.\nBut the star of the 2018 Grammys skit was former Democratic presidential nominee Hillary Clinton. Grammys host James Corden assured Clinton that her 'audition' was guaranteed to win the award for best spoken word album next year\nSubscribe to Guardian News ► http://bit.ly/guardianwiressub\nSupport the Guardian ► https://theguardian.com/supportus\n\nThe Guardian ► https://www.theguardian.com\n\nThe Guardian YouTube network:\n\nThe Guardian ► www.youtube.com/theguardian\nOwen Jones talks ► http://bit.ly/subsowenjones\nGuardian Football ► http://is.gd/guardianfootball\nGuardian Sport ► http://bit.ly/GDNsport\nGuardian Culture ► http://is.gd/guardianculture\nGuardian Science and Tech ► http://is.gd/guardiantech,2018-01-29T04:29:28.000Z,506188,3384,7842,5858
