country,title,channel_title,category,tags,description,publish_time,views,likes,dislikes,comment_count
RU,"СПАИЛИ ФАНФУРИКА стрим с Людмила ЛЮДМУРИК, Андрей ГОБЗАВР и Жека ФАНФУРИК в ГОБЗ ШОУ GOBZAVR",GOBZAVR,Entertainment,"\"стрим|\"\"шоу\"\"|\"\"стрим шоу\"\"|\"\"life\"\"|\"\"live\"\"|\"\"stream\"\"|\"\"gobzavr\"\"|\"\"гобзавр\"\"|\"\"гопзавр\"\"|\"\"gopzavr\"\"|\"\"андрей\"\"|\"\"жека\"\"|\"\"фанфурик\"\"|\"\"fanfurik\"\"|\"\"людмурик\"\"|\"\"ludmurik\"\"|\"\"прямой\"\"|\"\"эфир\"\"|\"\"прямая трансляция\"\"|\"\"прямая\"\"|\"\"трансляция\"\"|\"\"с\"\"|\"\"гобзи\"\"|\"\"жека фанфурик\"\"|\"\"гобзик\"\"|\"\"gob\"\"|\"\"gop\"\"|\"\"zavr\"\"|\"\"гоб\"\"|\"\"гоп\"\"|\"\"завр\"\"|\"\"шин\"\"|\"\"#gobzavr\"\"|\"\"#гобзавр\"\"|\"\"#фанфурик\"\"|\"\"#fanfurik\"\"|\"\"#маргинал\"\"|\"\"#шоу\"\"|\"\"Маргинальная туса хмырей\"\"|\"\"Маргенальная туса хмырей\"\"|\"\"маргинальная\"\"|\"\"туса\"\"|\"\"хмырей\"\"|\"\"тусовка\"\"|\"\"маргенальная\"\"|\"\"маргинал\"\"|\"\"маргиналы\"\"|\"\"маргеналы\"\"|\"\"хмыри\"\"|\"\"хмырь\"\"|\"\"маргинальная тусовка\"\"|\"\"пьянка\"\"|\"\"алкаши\"\"|\"\"сериал\"\"|\"\"шоу маргиналов\"\"|\"\"маргиналшоу\"\"\"","СПАИЛИ ФАНФУРИКА стрим с Людмила ЛЮДМУРИК, Андрей ГОБЗАВР и Жека ФАНФУРИК в ГОБЗ ШОУ GOBZAVR - ДРУЗЬЯ ПОЖАЛУЙСТА ПОДПИШИТЕСЬ НА НАШИ ДОПОЛНИТЕЛЬНЫЕ КАНАЛЫ:\\n- Людмила ЛЮДМУРИК: https://www.youtube.com/c/LUDMURIK\\n- ГОБЗ ШОУ - НАРЕЗКИ: https://www.youtube.com/c/GOBZSHOW\\n-- Следующий стрим будет в следующую СРЕДУ и СУББОТУ в 18:00 по МОСКВЕ по адресу: \\n- на ГУДГЕЙМЕ - https://goodgame.ru/channel/GOPZAVR/ \\n- на ЮУТБЕ - https://www.youtube.com/c/GOBZAVRus/live \\n- на ТВИЧЕ - https://www.twitch.tv/gopzavr \\n - А, ЗАКАЗАТЬ СИГНУ от нас МОЖНО в НАШЕЙ ГРУППЕ: http://vk.com/gobzavr \\nПРИСЛАТЬ НАМ - ПОМОЩЬ ДОНАТ можно на: \\nСБЕРБАНК карта: 639002729015407742\\nYandex кошелёк: 410012856871158\\nWebMoney кошелёк: R145007920984\\nQIWI кошелёк: +79088283185\\nPayPal: paypal.me/GOBZAVR\\n#гобзавр #людмурик #ludmurik #gobzavr #гопзавр #гобзик #гобз #гобзшоу #gobzshow #gopzavr #фанфурик #fanfurik #стрим #stream #live #life",2017-12-06T20:11:48.000Z,6189,110,312,7
RU,Сергей МИХЕЕВ: МАСКИ СБРОШЕНЫ! ПРАВИТЕЛЬСТВО МЕДВЕДЕВА ГОТОВИТ УДAP ПО ПУTИHУ. 24.03.2018,POLITICS WORLD,News & Politics,"\"сергей михеев март|\"\"сергей михеев март 2018\"\"|\"\"сергей михеев\"\"|\"\"михеев сергей политолог\"\"|\"\"сергей михеев 2018\"\"|\"\"сергей михеев видео\"\"|\"\"сергей михеев политолог биография\"\"|\"\"сергей михеев политолог видео\"\"|\"\"сергей михеев видео 2018\"\"|\"\"сергей михеев политолог 2018\"\"|\"\"сергей михеев политолог видео 2018\"\"|\"\"сергей михеев последнее\"\"|\"\"сергей михеев последнее видео\"\"|\"\"сергей михеев политолог последнее видео\"\"\"",Правдивые новости каждый день. Полезная правда. Анализ событий и поиск решений выживания человечества. За Новый мировой порядок сотрудничества и процветания.\n\nСайт Царьград ТВ: http://tsargrad.tv/\nПодписывайтесь: https://www.youtube.com/tsargradtv\n\nПОДПИСЫВАЙТЕСЬ НА КАНАЛ «POLITICS WORLD»: https://goo.gl/KJxHXP,2018-03-24T03:36:06.000Z,61813,3015,5764,822
RU,ПУТИН ИСПУГАЛСЯ И РЕШИЛ ЗАТРОЛИТЬ ГРУДИНИНА,Все про все!,News & Politics,[none],"Травля Грудинина набирает обороты, уже все понимают что Путин может и не выиграть эти выборы! \\n\\nМы Вконтакте: https://vk.com/vseprovsenews\\n\\nСпасибо за помощь в развитии! http://www.donationalerts.ru/r/vseprovse",2018-02-23T05:19:59.000Z,6171,252,2755,82
RU,Колесов: эта зима будет холоднее предыдущей,Fontanka Ru,News & Politics,"\"фонтанка|\"\"фонтанка.ру\"\"|\"\"видео\"\"|\"\"новости\"\"|\"\"фонтанки\"\"|\"\"спб\"\"|\"\"петербург\"\"|\"\"осень\"\"|\"\"культурная столица\"\"|\"\"культурнаястолица\"\"|\"\"александр колесов\"\"|\"\"александрколесов\"\"|\"\"прогноз\"\"|\"\"зима\"\"|\"\"погода\"\"|\"\"ольгамаркина\"\"|\"\"ольга маркина\"\"|\"\"михаилогнев\"\"|\"\"михаил огнев\"\"|\"\"солнце\"\"|\"\"прогнозпогоды\"\"|\"\"прогноз погоды\"\"\"","Завершая проект Фонтанки #осень, главный синоптик Петербурга Александр Колесов пообещал нам ещё несколько солнечных дней в ноябре, а так же рассказал о том, какая зима ждёт жителей культурной столицы. Видео - Ольга Маркина и Михаил Огнев. Другие видео проекта вы можете увидеть здесь https://www.youtube.com/playlist?list=PLBgiQ0ErQOg35O8n2mRuu_7z3CUo7J4xk",2017-11-14T09:35:50.000Z,6154,8,9,4
RU,Cтолото представляет | Русское лото тираж №1216 от 28.01.18,Столото,Entertainment,"\"русское лото|\"\"русское лото 1216\"\"|\"\"столото\"\"|\"\"отзывы\"\"|\"\"обман\"\"|\"\"развод\"\"|\"\"русское лото проверить билет\"\"|\"\"русское лото тираж 1216\"\"|\"\"результаты тиража 1216 русское лото\"\"|\"\"проверка билета русское лото\"\"|\"\"лото\"\"|\"\"лотерея\"\"|\"\"как выиграть в лотерею\"\"|\"\"как заработать денег\"\"|\"\"первый канал\"\"|\"\"нтв\"\"|\"\"победитель\"\"|\"\"Москва\"\"|\"\"последние новости\"\"|\"\"социальные сети\"\"|\"\"лотереи\"\"|\"\"как заработать много денег\"\"|\"\"гослото\"\"|\"\"столото проверить билет\"\"|\"\"stoloto\"\"\"",В новом выпуске программы  У нас выигрывают  на НТВ Михаил Борисов провел очередной розыгрыш самой народной лотереи - Русское лото. Пропустили эфир? Узнайте о результатах розыгрыша прямо сейчас!\n\nПроверить билет лотереи Русское лото 1216 тираж: http://www.stoloto.ru/ruslotto/check_bulletin\n\nОфициальный сайт Столото и покупка лотерейных билетов онлайн: http://www.stoloto.ru/\n\nСтолото в социальных сетях:\n\nВКонтакте: http://vk.com/stoloto \nFacebook: https://www.facebook.com/stoloto.ru\nОдноклассники: https://ok.ru/stoloto \nTwitter: https://twitter.com/stoloto\nInstagram: https://www.instagram.com/stoloto,2018-01-28T04:53:18.000Z,61360,116,368,148
RU,"Минобороны РФ,  США и союзники выпустили по Сирии более 100 ракет",BELKA LIFE,People & Blogs,[none],"",2018-04-14T05:26:49.000Z,61264,119,272,538
RU,Код доступа / Юлия Латынина // 24.02.18,Эхо Москвы,News & Politics,"\"эхо москвы|\"\"онлайн смотреть\"\"|\"\"прямой эфир\"\"|\"\"echo.msk.ru\"\"|\"\"Латынина\"\"|\"\"Юлия Латынина\"\"|\"\"Латынина код доступа\"\"|\"\"Латынина эхо\"\"|\"\"Код доступа\"\"|\"\"новая Латынина\"\"\"",Полная расшифровка эфира на сайте: https://echo.msk.ru/programs/code/2153892-echo\n\nСетка вещания — http://echo.msk.ru/schedule\n\nПодпишитесь на другие каналы Эха Москвы:\nЭхо Общество — https://goo.gl/Pb2Bkd\nЭхо Культура — https://goo.gl/4oSHPY\nЭхо Авто — https://goo.gl/pgkXNW\nЭхо Спорт — https://goo.gl/R69Uw3\nДетское Эхо — https://goo.gl/Q6ybof\nДилетант — https://goo.gl/AoS8H9,2018-02-24T16:23:30.000Z,61127,2316,2978,589
RU,ПУТИН ΠPИΚA3AΛ УБΡAΤЬ ΜΕHЯ — ПАВЕЛ ГРУДИНИН — 25.01.2018,Новости 24/365,News & Politics,"\"павел грудинин|\"\"грудинин 2018\"\"|\"\"павел грудинин 2018\"\"|\"\"грудинин последнее\"\"|\"\"грудинин новое\"\"|\"\"новости россии\"\"|\"\"путин\"\"|\"\"25.01.2018\"\"|\"\"новости 25.01.2018\"\"|\"\"владимир путин\"\"|\"\"кпрф\"\"\"","Грудинин продолжает наезд на Путина. Очень сильно.\\nПоддержать канал (собираем на iMac Pro для повышения качества видео) — http://donatepay.ru/donation/news24365\\nНаш сайт — https://imperialnews.tk/ (обзор укр. и рос. СМИ , аналитика + открытые для сражений, комментарии)",2018-01-25T11:23:58.000Z,610491,9045,9076,6434
RU,Путинги и партия Навального,Навальный LIVE,Entertainment,"\"Теги: Навальный|\"\"Волков\"\"|\"\"политика\"\"|\"\"выборы\"\"|\"\"оппозиция\"\"|\"\"Димон\"\"|\"\"коррупция\"\"|\"\"ДимонОтветит\"\"|\"\"Медведев\"\"|\"\"ФБК\"\"|\"\"бойкот\"\"|\"\"наблюдение\"\"|\"\"наблюдатели\"\"|\"\"Руслан Шаведдинов\"\"|\"\"Движение Весна\"\"|\"\"Полтавченко\"\"|\"\"Бандитский Петербург\"\"|\"\"Bat Norton\"\"|\"\"Плащи Навальный\"\"|\"\"Оскар\"\"|\"\"Три билборда на границе Вологды\"\"|\"\"центр Э\"\"|\"\"движение Весна\"\"|\"\"Богдан Литвин\"\"|\"\"Олег Дерипаска\"\"|\"\"Кипр\"\"|\"\"пикеты\"\"\"","Кактус #244. В эфире «Кактуса» Руслан Шаведдинов прошелся по новостям из мира «выборов» 18 марта: сколько стоит в Москве нанять специального человека в поддержку Путина на митинг? А некоторые учительницы пользуются четвероклассниками для раздачи листовок о «выборах». Петербург остается бандитским: нашелся план арестов  активистов от центра «Э», координатор штаба забастовки отбывает 55 суток ареста, координатор «Открытой России» — 25 суток, а полиция моды задержала молодых людей в плащах с надписью «Навальный». В Волоколамске на митинг за возможность дышать вышло 25% населения, а Олег Дерипаска стал гражданином Кипра, чтобы спокойно кататься по странам ЕС и не попасть под европейские санкции.\\n\\nУтреннее политическое шоу. Смотрите в прямом эфире по будням в девять утра по московскому времени. Самые острые темы и самые колкие комментарии. Пишите вопросы и комментарии в твиттере с хэштегом #Кактус.\\n\\nВедущий — Руслан Шаведдинов, https://twitter.com/shaveddinov\\n\\nЗаписывайтесь в наблюдатели: https://2018.navalny.com/observer/\\nЗабастовка избирателей: https://2018.navalny.com/zabastovka/ \\nПоддержать забастовку избирателей: https://goo.gl/XeMXif \\nСамостоятельно печатайте и распространяйте листовки о забастовке: https://2018.navalny.com/zabastovka/\\nКрасная кнопка, которая всегда открывает сайт: http://navalny.pw/\\n\\nПриложение для iOS: https://navalny.live/ios\\nПриложение для Android: https://navalny.live/android\\n\\nПодписывайтесь на рассылку «Навальный LIVE»: https://navalny.live/subscribe/  \\n\\nПодписывайтесь на «Навальный LIVE» в соцсетях:\\nТвиттер: https://twitter.com/navalnylive\\nИнстаграм: https://www.instagram.com/navalny.live/\\nВК: https://vk.com/navalny_live\\nФейсбук: https://www.facebook.com/navalnylive/\\nОК: https://www.ok.ru/navalnylive \\nТелеграм: https://t.me/navalny_live\\n\\nВидеоблог Алексея Навального: https://www.youtube.com/user/NavalnyRu \\nПоддержать Фонд борьбы с коррупцией: https://goo.gl/Ds2Rt9\\n\\nБлагодарим за предоставленные кактусы ботаника-кактусоведа Клавдия Киспоева: https://www.flickr.com/photos/68668773@N08\\n\\nТаймкоды\\n0:24 Начало.\\n1:38 Несостоявшийся съезд незарегистрированной партии: сорвали собрание, украли название. \\n3:00 Иван Жданов о партии Навального: «Мы снова уведомим Минюст и обязательно проведём съезд».\\n7:01📞Традиционные путинги и кто готов продать совесть за 400 рублей. \\n8:35 🎥 Репортаж с путинга: «почему вы здесь оказались?» — «ради денег».\\n12:55 Учительница в Пскове воспользовалась четвероклассниками для распространения листовок о выборах. \\n13:47 🎥 Сотрудник штаба Навального застал кампанию сотрудницы псковского избиркома врасплох. \\n18:20 Бандитский Петербург-2018. Координатор питерского штаба отбывается 55 суток ареста за акцию 28 января.\\n20:20 Петербургский список центра «Э». Кто должен быть под арестом на время выборов?\\n21:27📞Федеральный координатор «Весны» Богдан Литвин о списках центра «Э».\\n26:25 🎥 Полиция моды: задержания за плащи с фамилией Навального по причине схожести с полицейской формой. \\n30:50❓Куда пропал Камикадзе Ди? \\n35:15 5000 человек в Волоколамске вышли с требованием отставки главы района. Случилась экологическая катастрофа: хлор превышает норму в 2,5 раза. \\n41:48 🎥 Критику Путина запикали в прямом эфире на ТВ.\\n45:50 Массовые пикеты по всей Москве прошли в поддержку Кости Салтыкова, арестованного за акцию 28 января по 318 статье УК.\\n50:07📞Олег Дерипаска получил гражданство Кипра. Александр Захаров рассказывает, как и почему. \\n53:30 Жителя села Языково оштрафовали на 100 тысяч за пост в ВК с претензией в адрес единоросса.\\n55:35 В Чувашии бывший судья гуляла на свадьбе. Поскользнулась, повредила руку. И засудила ресторан, получила большую компенсацию.\\n58:35🎥«Три билборда на границе Вологды» по мотивам известного фильма.",2018-03-05T07:09:16.000Z,60872,3167,4215,469
RU,НАВАЛЬНЫЙ 2018: ПУТИН БОИТСЯ ПРАВДЫ!,КРУТОЕ ВИДЕО,News & Politics,"\"путин|\"\"медведев\"\"|\"\"греф\"\"|\"\"миллер\"\"|\"\"канал\"\"|\"\"воровство\"\"|\"\"ротенберг\"\"|\"\"заработок\"\"|\"\"кремль\"\"|\"\"народ\"\"|\"\"владимир\"\"|\"\"бюджет\"\"|\"\"димон\"\"|\"\"оппозиция\"\"|\"\"правительство\"\"|\"\"власть\"\"|\"\"политика\"\"|\"\"навальный\"\"|\"\"мальцев\"\"|\"\"кудрин\"\"|\"\"мафия\"\"|\"\"криминал\"\"|\"\"вор\"\"|\"\"москва\"\"|\"\"санкт-петербург\"\"|\"\"госдума\"\"|\"\"2017\"\"|\"\"2018\"\"|\"\"2019\"\"|\"\"2020\"\"|\"\"выборы\"\"|\"\"правда\"\"|\"\"крутое видео\"\"|\"\"видео\"\"|\"\"коррупция\"\"|\"\"взятки\"\"|\"\"налог\"\"|\"\"пенсия\"\"|\"\"фонд\"\"|\"\"олигарх\"\"|\"\"вести\"\"|\"\"новости\"\"|\"\"происшествия\"\"|\"\"информация\"\"|\"\"зюганов\"\"|\"\"жириновский\"\"|\"\"зарплата\"\"|\"\"кпрф\"\"|\"\"единая россия\"\"|\"\"россия\"\"|\"\"лдпр\"\"|\"\"дебаты\"\"|\"\"сша\"\"|\"\"митинг\"\"|\"\"чиновник\"\"|\"\"режим\"\"|\"\"putin\"\"\"","Навальный отвечает тем кибервойскам, которые создаёт Путин и Единая Россия. Методы борьбы Путина не оправдывают себя! Коррупция не пройдёт! Подробности в данном видео.\\n\\n\\nСоблюдайте этические нормы при написании комментариев, в противном случае такие комментарии будут удалятся!\\nВ связи с большим количеством ботов, Вас могут заблокировать по ошибке, для разблокировки и по любым другим вопросам Вы можете писать на наш электронный адрес: videocanal@yandex.ru",2017-11-28T11:39:41.000Z,60869,2869,3931,607
RU,Размазанный протест,Радио Свобода,News & Politics,Радио Свобода,Оппозицию не объединяет идея «долой царя» и она растекается по разным митингам. Почему? Обсуждают политик Марина Литвинович и политолог Аббас Галямов. Ведущая Елена Рыковцева.\n\nВедущая - Елена Рыковцева,2018-04-27T17:07:20.000Z,60861,760,11049,0
RU,пУТИН РАЗРЕШИЛ 1 ДЕНЬ СКОРБИТЬ ПО ПОГИБШИМ В ТЦ ЗИМНЯЯ ВИШНЯ. КЕМЕРОВО.,Народовластие,News & Politics,"\"вячеслав|\"\"мальцев\"\"|\"\"плохие\"\"|\"\"новости\"\"|\"\"артподготовка\"\"|\"\"вести\"\"|\"\"недели\"\"|\"\"прямой\"\"|\"\"эфир\"\"|\"\"путин\"\"|\"\"медведев\"\"|\"\"порошенко\"\"|\"\"политика\"\"|\"\"россии\"\"|\"\"россия\"\"|\"\"украина\"\"|\"\"киев\"\"|\"\"украине\"\"|\"\"крым\"\"|\"\"наш\"\"|\"\"власть\"\"|\"\"власти\"\"|\"\"режим\"\"|\"\"русские\"\"|\"\"нефть\"\"|\"\"рубль\"\"|\"\"доллар\"\"|\"\"курс\"\"|\"\"валют\"\"|\"\"эхо\"\"|\"\"москвы\"\"|\"\"латынина\"\"|\"\"белковский\"\"|\"\"шендерович\"\"|\"\"особое\"\"|\"\"мнение\"\"|\"\"дождь\"\"|\"\"демура\"\"|\"\"шарий\"\"|\"\"потапенко\"\"|\"\"жуковский\"\"|\"\"суд\"\"|\"\"кризис\"\"|\"\"russia\"\"|\"\"протесты\"\"|\"\"банк\"\"|\"\"банки\"\"|\"\"гривна\"\"|\"\"биржа\"\"|\"\"финансы\"\"|\"\"евро\"\"|\"\"невзоров\"\"|\"\"камикадзе\"\"|\"\"5112017\"\"|\"\"революция\"\"|\"\"51117\"\"|\"\"кремль\"\"|\"\"песков\"\"|\"\"лавров\"\"|\"\"митинг\"\"\"","Спасибо за Вашу поддержку каналу!\\n\\nНОВЫЙ ДОНАТ ДЛЯ ВОПРОСА В ПРЯМОЙ ЭФИР: http://www.donationalerts.ru/r/maltsev\\n\\nДОНАТ НА РЕВКОЙНЫ: http://www.donationalerts.ru/r/artpod...\\n\\nMAIL ДЛЯ ПРОГРАММИСТОВ avrorarevcoin@gmail.com\\n\\nНОВЫЙ КОШЕЛЕК:\\n≡ Bitcoin:  12dLhnQwuF4aUHXLgngvv2jZa6zYADb1uN\\n\\nВячеслав Мальцев. Плохие новости\\nОТКРЫТОЕ ТЕСТИРОВАНИЕ САЙТА http://testmaltsev.org/\\nРЕВКОЙНЫ:  https://nocorrupt.org\\nИнструкция как анонимно написать Вячеславу Мальцеву\\nhttps://www.dropbox.com/s/0kquwlu4s8k....\\n\\nЗарегистрируйтесь на Viuly, новом аналоге ютуба- \\nhttps://viuly.io/r/K7790395a9446988\\nнаш канал Народовластие на viuly  - https://viuly.io/channel/70053\\n\\nЗаписи эфиров в телеграмм https://t.me/narodovlastieefir\\nTelegran http://t.me/narodovlastie1\\nTwitter: https://twitter.com/vvmaltsev\\nEMAIL В. В. МАЛЬЦЕВА: vvmaltsev64@gmail.com\\nКАНАЛ БЕЗУМНАЯ ГРЕТА: https://www.youtube.com/channel/UC6MZ...\\n\\nОБХОД БЛОКИРОВОК СОЦСЕТЕЙ: https://cloud.mail.ru/public/3JYX/tzW...\\n\\nАгитационный материал: https://cloud.mail.ru/public/ELtq/oJ3...\\nПисьма узникам режима: http://rosuznik.org/\\n================================\\nНеофициальная группа ВКонтакте: https://vk.com/artpodgotovkamaltsev\\nTelegram: t.me/artpodgotovka1\\niTunes1: https://itunes.apple.com/ru/podcast/i...\\niTunes2: https://itunes.apple.com/de/podcast/a...\\nПодкаст для Android: http://subscribeonandroid.com/feeds.f...",2018-03-27T20:05:03.000Z,60792,3404,4214,333
RU,Алексей Навальный на ЭХО МОСКВЫ (05.12.17),TRUE,Comedy,"\"Путин|\"\"выборы\"\"|\"\"политика\"\"|\"\"навальный\"\"\"","Кандидат в президенты на ЭХО МОСКВЫ (05.12.17)\\n\\nАвтор: Эхо Москвы \\nСсылка: https://www.youtube.com/watch?v=mTzp1Kbc7Kk\\n\\n(ВАЖНАЯ ИНФОРМАЦИЯ) По вопросу авторского права обращаться строго на электронную почту: nevik1323@rambler.ru (любую проблему обговорим и решим мирным путём) спасибо за понимание!\\n\\nПОДПИСКА НА ВТОРОЙ (ЗАПАСНОЙ) КАНАЛ: https://www.youtube.com/channel/UCZ72fUvu2CQdc4c8HOi8xCw\\n\\n///Так же вы можете обратиться на указанный выше адрес, с предложением (просьбой) осветить ту или иную проблему, если у вас имеются какие то интересные видеоматериалы!!! Буду рад сотрудничать в любой форме!!!///\\n\\nПоддержите канал:\\nподписывайтесь\\nставьте лайки\\nкомментируйте просмотренное\\nБлагодарим Вас за содействие в развитии!\\n\\nПодписывайтесь на канал: https://www.youtube.com/channel/UCNEO5xj4TWjWIpZMBbgr-wg",2017-12-05T08:03:19.000Z,60722,3554,3675,1099
RU,Первый канал опозорил Пугачеву (01.01.2018),News Online,News & Politics,"\"last news|\"\"world news\"\"|\"\"последние новости\"\"|\"\"News onlain\"\"|\"\"интересные факты\"\"|\"\"новости\"\"|\"\"сенсация\"\"|\"\"Первый канал опозорил Пугачеву\"\"|\"\"пугачеву обвили в плагиате\"\"|\"\"алла пугачева\"\"|\"\"пугачева на первом в новогоднюю ночь\"\"|\"\"я летала\"\"|\"\"новая песня пугачевой\"\"|\"\"мужья пугачевой\"\"|\"\"максим галкин\"\"|\"\"дети галкина и пугачевой\"\"|\"\"позор пугачевой\"\"|\"\"звездные аккаунты в инстаграм\"\"|\"\"Instagram\"\"|\"\"петиция против пугачевой\"\"|\"\"звезды на первом в новогоднюю ночь\"\"|\"\"скандалы шоу бизнеса\"\"|\"\"сплетни шоу бизнеса\"\"|\"\"инстаграм звезд\"\"\"","Первый канал опозорил Пугачеву\\nhttps://www.youtube.com/watch?v=WbF13uLyHVI\\nВ новогоднюю ночь на Первом канале состоялась премьера песни Аллы Пугачевой Я летала. Однако радостное для Примадонны событие обернулось скандалом. Народ тут же заявил, что Пугачева крупно опозорилась.\\n===================================================\\nНа нашем канале Вы всегда найдете самые свежие и актуальные новости . Популярные новости России, Украины  и США. Только качественная и свежая информация из первых рук. Интересные факты и развлечение!!!\\nПодписывайтесь, чтобы быть в курсе последних событий в России и в мире! https://goo.gl/AGPqG8\\n\\nНовости Онлайн: https://www.youtube.com/playlist?list=PLLc5wBNIZ9FkCCu35LJErTOAY3HdscXKy\\nРазвлечения: https://www.youtube.com/playlist?list=PLLc5wBNIZ9FnqLa7jS3DTzOKMByNisphY\\nSport: https://www.youtube.com/playlist?list=PLLc5wBNIZ9Fk8-WZ5ajMXP9HMq3drquZe\\n\\n====================================================\\nМы  в соц.сетях:\\nOk: https://ok.ru/group54252994625788/\\nInstagram: https://www.instagram.com/news_video_online/\\nFacebook: https://www.facebook.com/factsworldnews/\\nBloggger: http://nowocti.blogspot.bg/\\nTumblr: https://www.tumblr.com/blog/newsonlain\\nLivejournal: http://newsonlain.livejournal.com/\\n===================================================\\n\\nBe aware of the latest world news. To subscribe to a channel and the first to get news:\\nhttps://goo.gl/AGPqG8\\n\\nВАМ НЕ СЛОЖНО - НАМ ПРИЯТНО!!! ЧЕМ БОЛЬШЕ ПОДПИСОК, ТЕМ БОЛЬШЕ И ЧАЩЕ МЫ БУДЕМ ВАС РАДОВАТЬ НОВЫМИ ПОДБОРКАМИ!!!!!!\\nВсе авторские права принадлежат\\nИх законным владельцам.\\nЕсли вы являетесь автором\\nФрагмента из выпуска и его\\nРаспространение ущемляет \\nВаши авторские права\\nЕсли в данном видео ваш видеоролик, прошу вас сообщить мне.\\n\\nAll Copyrights belongs\\nTo their rightful owners.\\nIf you are the author\\nOf the fragment video and distribute it\\nInfringes your copyright\\nplease contact us.\\nIf this video is in your video, I ask you to tell me and we'll settle.\\n=====================================================",2018-01-01T14:00:50.000Z,60636,109,268,61
RU,Столото представляет | Русское лото тираж №1209 от 10.12.17,Столото,Entertainment,"\"русское лото|\"\"русское лото 1209\"\"|\"\"столото\"\"|\"\"отзывы\"\"|\"\"обман\"\"|\"\"развод\"\"|\"\"русское лото проверить билет\"\"|\"\"русское лото тираж 1209\"\"|\"\"результаты тиража 1209 русское лото\"\"|\"\"проверка билета русское лото\"\"|\"\"лото\"\"|\"\"лотерея\"\"|\"\"как выиграть в лотерею\"\"|\"\"как заработать денег\"\"|\"\"первый канал\"\"|\"\"нтв\"\"|\"\"победитель\"\"|\"\"Москва\"\"|\"\"последние новости\"\"|\"\"социальные сети\"\"|\"\"лотереи\"\"|\"\"как заработать много денег\"\"|\"\"гослото\"\"|\"\"столото проверить билет\"\"|\"\"stoloto\"\"|\"\"столото русское лото\"\"|\"\"столото как играть\"\"|\"\"столото развод\"\"\"",В новом выпуске программы  У нас выигрывают  на НТВ Михаил Борисов провел очередной розыгрыш самой народной лотереи - Русское лото. Пропустили эфир? Узнайте о результатах розыгрыша прямо сейчас!\n\nПроверить билет лотереи Русское лото 1209 тираж: http://www.stoloto.ru/ruslotto/check_bulletin\n\nОфициальный сайт Столото и покупка лотерейных билетов онлайн: http://www.stoloto.ru/\n\nСтолото в социальных сетях:\n\nВКонтакте: http://vk.com/stoloto \nFacebook: https://www.facebook.com/stoloto.ru\nОдноклассники: https://ok.ru/stoloto \nTwitter: https://twitter.com/stoloto\nInstagram: https://www.instagram.com/stoloto,2017-12-10T04:42:54.000Z,60599,128,245,101
RU,ШОШИЛИНЧ! ЯНА САМОЛЁТ КУЛАДИ 66 ТА ОДАМ ХАЛОК БУЛДИ,Qaynoq Xabarlar,People & Blogs,"\"bu qiziq|\"\"бу кизик\"\"|\"\"qiziqarli dunyo\"\"|\"\"кизикарли дунё\"\"|\"\"dunyo mo'jizalari\"\"|\"\"дунё мужизалари\"\"|\"\"turfa olam\"\"|\"\"турфа олам\"\"|\"\"фактлар\"\"|\"\"faktlar\"\"|\"\"hayratlanarli\"\"|\"\"хайратланарли\"\"|\"\"voqealar\"\"|\"\"malumotlar\"\"|\"\"воқелар\"\"|\"\"qiziqarli\"\"|\"\"o'zbek tilida\"\"|\"\"узбек тилида\"\"|\"\"кизикарли\"\"|\"\"uzbeklife\"\"|\"\"telegram\"\"|\"\"uzbek kinolar\"\"|\"\"uzbek film\"\"|\"\"uzbek klip\"\"|\"\"o'zbekcha kinolar\"\"|\"\"uzbek kino 2017\"\"|\"\"yangi kino\"\"|\"\"uzbek music\"\"|\"\"гильдия\"\"|\"\"тарона\"\"|\"\"рекордс\"\"|\"\"узбек кинолар\"\"|\"\"узбекча клип\"\"|\"\"daxshat\"\"|\"\"uzbek prikol\"\"|\"\"buqiziq\"\"|\"\"yangikulgu\"\"|\"\"rizanovauz\"\"\"",Abu saxiy mobil ilovasini yuklab olish ► https://goo.gl/u4kWAT\n----------------------------------------------\nKanalimizga obuna bo'lish uchun mana bu ssilkani bosing ► https://goo.gl/Flw5qS\n----------------------------------------------\nEng arzon reklama bizda: https://goo.gl/BUfxlZ\n----------------------------------------------\nEronda yo'lovchi samolyot halokatga uchradi\nЭронда йўловчи самолёт ҳалокатга учради\n----------------------------------------------\nManba: https://kun.uz/news/2018/02/18/eronda-julovci-samolet-alokatga-ucradi,2018-02-18T10:12:03.000Z,60535,147,173,80
RU,Age of Empires Castle Siege Hack Tool [ANDROID iOS] 2018,Valdi,People & Blogs,"\"Age of Empires Castle Siege Hack|\"\"aoe castle siege hack\"\"|\"\"Age of Empires Castle Siege Hack Tool\"\"|\"\"Age of Empires Castle Siege cheat\"\"|\"\"Age of Empires Castle Siege cheat engine\"\"\"",Hello! Age of Empires Castle Siege Hack Tool ANDROID iOS 2018 is available: look at my pinned comment.\n\nSimple and safe in use Age of Empires Castle Siege Hack Tool can guarantee you unlimited amount of gold.\nAfter 2 minutes of your time you can enjoy free Age of Empires Castle Siege Gold on your android and iOS device.\n\nAge of Empires Castle Siege Hack Tool\nAge of Empires Castle Siege Hack android\nAge of Empires Castle Siege Hack ios\nAge of Empires Castle Siege cheat,2018-01-02T10:47:03.000Z,60511,39,649,75
RU,Сооронбай Жээнбеков | Ант берүү аземи | 24.11.17 | Түз Эфир | Акыркы Кабарлар,Акыркы Кабарлар - Санжар Калматай,News & Politics,"\".Бекназаров|\"\"Мадумаров\"\"|\"\"Сариев\"\"|\"\"Малиев\"\"|\"\"бабанов\"\"|\"\"сариев\"\"|\"\"жээнбеков\"\"|\"\"омурбек бабанов\"\"|\"\"мадумаров\"\"|\"\"Алмазбек Атамбаев\"\"|\"\"Атамбаев\"\"|\"\"Алмазбек\"\"|\"\"Сооронбай Жээнбековдун инаугурациясы\"\"|\"\"Сооронбай\"\"|\"\"Жээнбеков\"\"|\"\"президент\"\"|\"\"жаны президент\"\"|\"\"соке\"\"|\"\"соке президент болду\"\"|\"\"Жээнбековдун инаугурациясы\"\"|\"\"инаугурациясы\"\"|\"\"Жээнбеков стал президентом Кыргызстана\"\"\"",Жаңы шайланган президент Сооронбай Жээнбековдун ант берүү аземи  | 24.11.17\nСооронбай Жээнбековдун инаугурациясы\nСооронбай Жээнбеков стал президентом Кыргызстана,2017-11-24T05:46:08.000Z,6042,236,283,166
RU,К чему зовут Навальный и Явлинский?,Радио Свобода,News & Politics,"\"Радио Свобода|\"\"Навальный\"\"|\"\"Явлинский\"\"|\"\"Собчак\"\"|\"\"Путин\"\"|\"\"выборы\"\"|\"\"Касьянов\"\"|\"\"Милов\"\"|\"\"Митрохин\"\"\"","Зачем идти на выборы, когда их результат предрешен? Можно ли предложить содержательную альтернативу курсу Путина? В чем расхождения между Навальным, Явлинским и Собчак, и не объединиться ли им, как предлагает лидер ПАРНАС М.М. Касьянов?\\n\\nОбсуждают член предвыборного штаба Алексея Навального политик Владимир Милов и глава московского отделения партии Яблоко Сергей Митрохин.",2017-11-14T17:53:17.000Z,60353,1708,2610,0
RU,РАЗБИЛИ ТЕХНИКИ НА 100.000 РУБЛЕЙ!!!,CompactTV,Entertainment,"\"фотокнига|\"\"разбили айфон\"\"|\"\"разбили телефон\"\"|\"\"разбили компьютер\"\"|\"\"разбили ноут\"\"|\"\"фотокнига курган\"\"|\"\"разбили технику\"\"|\"\"фотокнига екатеринбург\"\"|\"\"фотокнига челябинск\"\"|\"\"изготовление фотокниг\"\"|\"\"фотокнига своими руками\"\"|\"\"фотокнига свадебная\"\"|\"\"фотокнига в домашних условиях\"\"|\"\"фотокнига детский сад\"\"|\"\"фотокнига выпускная\"\"|\"\"фотокнига школа\"\"|\"\"фотокнга свадьба\"\"|\"\"фотокнига submarine\"\"|\"\"печать фотокниги\"\"|\"\"заказать фотокнигу\"\"|\"\"фотокнига в подарок\"\"|\"\"фотоальбом\"\"|\"\"подарок на день рождения\"\"|\"\"фотокнига тюмень\"\"\"","http://submarinebook.ru/\\nhttps://vk.com/submarinebook \\nsubmarinebook@bk.ru\\nhttps://www.instagram.com/submarinebook/\\n8 (908) 009 16 60\\nТипография Субмарина, изготовление фотокниг, выпускных альбомов, полиграфии\\n\\n\\n\\n\\nПроизводство киностудии CompactTV: \\nhttp://compact-tv.ru/ \\nhttps://vk.com/compacttvfilm",2017-12-09T05:33:53.000Z,60319,32,151,38
RU,"Что бывает, когда встречаются «Лайфньюс» и «Дом 2»",Unknown,People & Blogs,"\"Ксения Собчак|\"\"Дом 2\"\"|\"\"Леонид Волков\"\"|\"\"Беата Бубенец\"\"|\"\"Эхо Москвы\"\"|\"\"Лайфньюс\"\"\"",Ксения Собчак в сопровождении двух операторов набросилась на Леонида Волкова во время прямого эфира на радиостанции Эхо Москвы.,2018-01-15T19:05:34.000Z,60156,2195,5860,620
RU,Журналист о продажных СМИ!,Студия Рубеж,People & Blogs,"\"Федяева Татьяна Степановна|\"\"Грудинин Павел Николаевич\"\"|\"\"выборы президента\"\"|\"\"Путин\"\"|\"\"Навальный\"\"|\"\"Собчак\"\"|\"\"выборы 18 марта 2018\"\"|\"\"Болдырев Юрий Юрьевич\"\"|\"\"продажные СМИ\"\"\"",Журналист Федяева Татьяна Степановна о Павле Грудинине и продажных СМИ.,2018-02-11T09:23:08.000Z,60143,3925,8723,783
