country,title,channel_title,category,tags,description,publish_time,views,likes,dislikes,comment_count
MX,Antes de dormir tienes que ver estos videos randoms 🔥 VIDEOS GRACIOSOS 2018 #6,Stygma Beast,Entertainment,"\"VIDEOS RANDOMS|\"\"VIDEOS GRACIOSOS 2018\"\"|\"\"SI TE RIES PIERDES\"\"|\"\"ESTUDIANTE BAILANDO\"\"|\"\"COMPILACIÓN DE VIDEOS GRACIOSOS\"\"|\"\"INTENTA NO REIR\"\"|\"\"BROMAS A MAMÁS\"\"|\"\"THANIA BAILANDO\"\"|\"\"BROMA PESADA A MI MAMÁ\"\"|\"\"VIDEOS VIRALES Y GRACIOSOS\"\"\"",-SUSCRIBE : https://www.youtube.com/user/zZVideoMatchzZ?sub_confirmation=1Créditos de los videos utilizados en esta compilación para la página de entretenimiento Randoms para todos :v   : https://www.facebook.com/Randomparatodos/FACEBOOK (FAN PAGE ) :,2018-05-13T22:50:19.000Z,33642,3914,7305,960
MX,RUBI IBARRA ES DEJADA EN RIDICULO,VIDEOS VIRALES,Entertainment,"\"univision|\"\"telemundo\"\"|\"\"televisa\"\"|\"\"tv azteca\"\"|\"\"virales\"\"\"",Disculpen por el audio en real no se escucha muy bien fue enviado por un seguidor. Rubi le dice a Maribel que algun dia le gustaría ser como ella ¿Lo conseguira? El punto del video que la deja en ridiculo dandole la patadita de la suerte y parece que a Rubi le dolio noten su reacción.,2017-12-11T00:33:45.000Z,3359,19,44,20
MX,Reto 4 Elementos Episodio 23 Martes 24 de abril 2018 parte 1,React Uni3z,People & Blogs,[none],"",2018-04-25T02:25:48.000Z,33537,59,81,19
MX,ESTE VIDEO SE TIENE QUE VIRALIZAR,VIDEOS VIRALES,Entertainment,"\"univision|\"\"telemundo\"\"|\"\"televisa\"\"|\"\"tv azteca\"\"|\"\"virales\"\"\"","A DONDE FUERON A PARAR LAS ECO -BICICLETAS -Atención seguidores!!!Les aclaramos el sentido del vídeo ,son bicicletas que se venden en la ciudad de Mexico para cuidar el ambiente y no contaminar y son compradas por el Gobierno y los impuestos de todos ustedes. Muchas de esas bicicletas fueron a parar a la compra y venta de chatarra .Cada quien de su propio punto de vista.Saludos \\nBICICLETAS ECOLÓGICAS:Miren lo que descubrí miles de eco bicicletas de la CDMX van a dar a la  chatarra esto da lástima señores \\n¿ Para que creen que el gobierno utiliza ese dinero ?\\nCompartan por favor\\nCREDITOS VIDEOS: Tibio Tbn",2018-02-24T00:27:54.000Z,334667,1560,5884,494
MX,Avance Cap 40 - Exatlon Mexico 2017 💜💚,AnaLago Exatlon,People & Blogs,[none],Ya llegamos a 700 subscriptores en 9 dias. Subscribete y Dale Like. Gracias Por Todo💚💜.,2017-12-09T20:34:37.000Z,33055,47,63,16
MX,Xolos De Tijuana vs Monterrey 1-1 2018 Resumen Goles Cuartos de Final Liga MX 2018,Todo Futbol En Vivo,Sports,"\"tijuana vs Monterrey|\"\"tijuana vs Monterrey 2018\"\"|\"\"tijuana vs Monterrey resumen\"\"|\"\"tijuana vs Monterrey goles\"\"|\"\"tijuana vs Monterrey 1-1\"\"|\"\"tijuana 1 monterrey 1\"\"|\"\"tijuana 1-1 monterrey\"\"|\"\"tijuana\"\"|\"\"vs\"\"|\"\"monterrey\"\"|\"\"1-1\"\"|\"\"resumen\"\"|\"\"2018\"\"|\"\"goles\"\"|\"\"liga mx\"\"|\"\"cuartos de final\"\"|\"\"tijuana vs monterrey cuartos de final\"\"|\"\"xolos\"\"|\"\"xolos vs monterrey\"\"|\"\"xolos vs monterrey 2018\"\"|\"\"xolos vs monterrey resumen\"\"|\"\"xolos vs monterrey 1-1\"\"\"",Tijuana vs Monterrey 1-1 Resumen Completo Goles Cuartos de Final 2018Xolos De Tijuana vs Monterrey 1-1 2018 Resumen Goles Cuartos de Final Liga MX 2018,2018-05-03T04:15:55.000Z,33026,86,191,22
MX,Ochoa Reza dice que AMLO lleva a México al precipicio,fejevi fejevi,Entertainment,"\"ochoa reza|\"\"ochoa reza vs amlo\"\"|\"\"ochoa reza amlo\"\"|\"\"amlo\"\"|\"\"andres manuel lopez obrador\"\"|\"\"lopez obrador\"\"|\"\"peña nieto\"\"|\"\"ricardo anaya\"\"|\"\"ochoa reza amlo mexico precipicio\"\"|\"\"ochoa reza mexico venezuela\"\"|\"\"fejevi\"\"\"",Ochoa Reza dice que AMLO lleva a México al precipicio.\n------------------------------------------------------------------------------------------------------------\nSuscríbete dale Click aquí  Gracias!! \n Subscribe Click Here Thanks !! \n https://www.youtube.com/user/fejevipo?sub_confirmation=1&feature=iv&src_vid=tDqswzR-du0&annotation_id=annotation_4075764779\n------------------------------------------------------------------------------------------------------------\nDailymotion     https://dailymotion.com/fejevipo\nFacebook          https://www.facebook.com/lococovideos\nCollection         https://plus.google.com/collection/oAXGkB\nYoutube           https://www.youtube.com/c/fejevifejevi/videos\nGoogle Plus      https://plus.google.com/+fejevifejevi\nTwitter              https://twitter.com/fejevipo       @fejevipo\n------------------------------------------------------------------------------------------------------------\nMUSIC\nIntro\nPresent Standard by Silent Partner\nFrom Youtube Audio Library Free Music,2018-01-06T02:50:49.000Z,3288,24,92,178
MX,LA ULTIMA de Enamorandonos 25 de ENERO DEL 2018 | MUY triste final.. EXCLUSIVA !!,VIRAL SHOW,Entertainment,"\"la|\"\"ultima\"\"|\"\"de\"\"|\"\"enamorandonos\"\"|\"\"25\"\"|\"\"enero\"\"|\"\"2018\"\"|\"\"La Ultima de Enamorandonos 25 de enero del 2018\"\"|\"\"Rasgan\"\"|\"\"Enamorándonos\"\"|\"\"enamorándonos azteca trece\"\"|\"\"tv azteca\"\"|\"\"chisme cacheton\"\"|\"\"enamorandonos programa completo\"\"|\"\"enamorandonos tv azteca\"\"|\"\"bebeshita\"\"|\"\"Daniela enamorandonos\"\"|\"\"citas\"\"|\"\"bateado\"\"|\"\"noticias\"\"|\"\"chismes\"\"|\"\"al rojo vivo\"\"|\"\"amor\"\"|\"\"flechados\"\"|\"\"exclusiva\"\"|\"\"programa en vivo\"\"|\"\"amorosos\"\"|\"\"ruptura\"\"|\"\"televisa\"\"|\"\"viral show\"\"|\"\"La Ultima de Enamorandonos\"\"|\"\"hora\"\"|\"\"triste\"\"|\"\"final\"\"|\"\"amorosos enamorandonos\"\"\"","LA ULTIMA de Enamorandonos 25 de ENERO DEL 2018 | MUY triste final.. EXCLUSIVA !!\\n\\nvideos relacionados:\\n¡Fredy 'Lapizito' y Daniela se besan! | Enamorándonos\\nPrograma de enero 2018 | Enamorándonos\\nOski celoso de Fredy y la Bebeshita ?\\nprograma completo enamorándonos de hoy\\nSacan en vivo el contrato de Enamorandonos\\nLa Ultima de Enamorandonos 24 de enero del 2018\\nenamorándonos programa completo \\nLa Bebeshita olvido algo en plena transmisión de Enamorándonos\\n\\nCopyright Disclaimer Under Section 107 of the Copyright Act 1976, allowance is made for fair use for purposes such as criticism, comment, news reporting, teaching, scholarship, and research. Fair use is a use permitted by copyright statute that might otherwise be infringing. Non-profit, educational or personal use tips the balance in favor of fair use\\n© Image ~\\n© Video ~\\n© Song ~\\n© interprete ~",2018-01-26T05:17:03.000Z,328,14,27,2
MX,¡ESTO ES LO QUE DICE DANIEL BISOGNO SOBRE ATALA SARMIENTO!,BreveNOTAS De Actualidad,Entertainment,"\"Daniel bisogno|\"\"Ventaneando\"\"|\"\"Atala sarmiento\"\"|\"\"tv Azteca\"\"|\"\"televisa\"\"|\"\"Pati chapoy\"\"|\"\"Ozuna\"\"|\"\"Taylor Swift\"\"\"",El conductor así se expresó sobre Atala.,2018-03-26T22:20:26.000Z,327719,356,2250,138
MX,COMENTAN EN ´Ventaneando¨LA VERDAD SOBRE LA RENUNCIA DE ATALA SARMIENTO 05/04/2018,Micky Contreras Martinez,People & Blogs,Atala Sarmiento,COMENTAN EN ´Ventaneando¨LA VERDAD SOBRE LA RENUNCIA DE ATALA SARMIENTO 05/04/2018,2018-04-05T22:39:38.000Z,324576,1401,1453,1400
MX,Morir o Innovar - Germán Loera,GermánLoeraMX,People & Blogs,[none],Redes:\n\nwww.facebook.com/GermanLoeraMX\nwww.twitter.com/GermanLoeraMX\nwww.instagram.com/GermanLoeraMX\n\nWeb:\n\nwww.germanloera.com,2017-06-17T03:24:01.000Z,32361,113,234,194
MX,Maluma - Corazón (feat. Nego do Borel) [Live at Premio Lo Nuestro 2018],Go Show,Entertainment,"\"Maluma|\"\"Corazón\"\"|\"\"Nego do Borel\"\"|\"\"Você Partiu Meu Coração\"\"|\"\"Premio Lo Nuestro\"\"|\"\"2018\"\"|\"\"Live\"\"|\"\"En Vivo\"\"|\"\"Ao Vivo\"\"|\"\"Performance\"\"|\"\"Brasil\"\"\"","",2018-02-23T03:39:25.000Z,322981,593,790,657
MX,¡Incómoda minifalda traiciona a Andrea Legarreta al aire!,Los Capitanes HD,Entertainment,"\"Incómoda|\"\"minifalda\"\"|\"\"traiciona\"\"|\"\"Andrea Legarreta\"\"|\"\"al aire\"\"\"","",2018-02-11T10:46:56.000Z,32239,45,113,10
MX,EL NUEVO DELANTERO DEL PIOJO HERRERA PARA EL AMERICA COMO NUEVO REFUERZO PARA EL APERTURA 2018,Lord Fer LEE,Sports,"\"AMERICA|\"\"CLUB AMERICA\"\"|\"\"AGUILAS DEL AMERICA\"\"|\"\"NIDO DE COAPA\"\"|\"\"PIOJO HERRERA\"\"|\"\"MIGUEL HERRERA\"\"|\"\"PIOJO\"\"|\"\"WANCHOPE\"\"|\"\"RAMON ABILA\"\"|\"\"ORIBE PERALTA\"\"|\"\"FICHAJE BOMBA\"\"|\"\"FICHAJE\"\"|\"\"REFUERZO\"\"|\"\"APERTURA 2018\"\"|\"\"CLAUSURA 2018\"\"|\"\"DRAFT\"\"|\"\"LIGA MX\"\"|\"\"COPA MX\"\"|\"\"CONCACAF\"\"|\"\"CONCACHAMPIONS\"\"|\"\"MUNDIAL DE CLUBES\"\"|\"\"SELECCION MEXICANA\"\"|\"\"HEXAGONAL\"\"|\"\"CONFEDERACIONES\"\"|\"\"COPA ORO\"\"|\"\"RUSSIA 2018\"\"|\"\"MUNDIAL DE RUSSIA 2018\"\"|\"\"RICARDO PELAEZ\"\"|\"\"PELAEZ\"\"|\"\"CRUZ AZUL\"\"|\"\"MAQUINA CELESTE\"\"|\"\"CAIXINHA\"\"\"",EL NUEVO DELANTERO DEL PIOJO HERRERA PARA EL AMERICA COMO NUEVO REFUERZO PARA EL APERTURA 2018,2018-06-10T01:16:36.000Z,32064,55,63,19
MX,Sin tu Mirada capítulo 111 parte 6/6 (GRAN FINAL),Show de Novelas,People & Blogs,[none],"",2018-04-16T13:10:40.000Z,32003,174,181,150
MX,La última grosería que recibió Atala Sarmiento de Pati Chapoy,NEWSポストセブン,Entertainment,"\"Ventaneando|\"\"Atala Sarmiento\"\"|\"\"Pati Chapoy\"\"|\"\"TV Azteca\"\"|\"\"noticias\"\"\"","La última grosería que recibió Atala Sarmiento de Pati Chapoy \\nFue el pasado jueves 22 de marzo, cuando Atala Sarmiento apareció por última vez en el programa Ventaneando, quien tiene como titular a la periodista Pati Chapoy. Desde días anteriores a ese jueves, muchos eran los rumores de que supuestamente, Atala Sarmiento había estado en Televisa, al parecer, e... \\n \\nSUSCRIBETE ES GRATIS!! https://goo.gl/QKCwG7 \\nSUSCRIBETE para no perderte nada, aqui seguiremos activos \\nDando a conocer mas de 24h News , \\ndeja tu comentario y tu like, nos motiva a seguir adelante \\nHasta la Proxima!!",2018-03-26T19:04:49.000Z,319328,316,333,49
MX,La Rosa de Guadalupe  Erwin asusta a la gente vestido de payaso   Te va a salir…,La Rosa De Guadalupe,Entertainment,[none],#LaRosadeGuadalupe\nCapitulo completo http://skamaker.com/8ic2\nLink alterno http://www.dailymotion.com/video/x6bp2dr,2017-12-15T22:43:02.000Z,31814,417,429,50
MX,Así llegó Ricardo Anaya al debate  !!,fejevi fejevi,Entertainment,"\"asi llego ricardo anaya debate|\"\"meade debate\"\"|\"\"lopez obrador debate\"\"|\"\"amlo debate\"\"|\"\"ricardo anaya debate\"\"|\"\"margarita zavala debate\"\"|\"\"jaime rodriguez calderon debate\"\"|\"\"el bronco debate\"\"|\"\"fejevi\"\"\"",Así llegó Ricardo Anaya al debate  !!\n------------------------------------------------------------------------------------------------------------\nSuscríbete dale Click aquí  Gracias!! \n Subscribe Click Here Thanks !! \n https://www.youtube.com/user/fejevipo?sub_confirmation=1&feature=iv&src_vid=tDqswzR-du0&annotation_id=annotation_4075764779\n------------------------------------------------------------------------------------------------------------\nDailymotion     https://dailymotion.com/fejevipo\nFacebook          https://www.facebook.com/lococovideos\nCollection         https://plus.google.com/collection/oAXGkB\nYoutube           https://www.youtube.com/c/fejevifejevi/videos\nGoogle Plus      https://plus.google.com/+fejevifejevi\nTwitter              https://twitter.com/fejevipo       @fejevipo\n------------------------------------------------------------------------------------------------------------\nMUSIC\nIntro\nPresent Standard by Silent Partner\nFrom Youtube Audio Library Free Music,2018-04-23T00:54:36.000Z,31637,74,738,157
MX,Atala Sarmiento En HOY ENTREVISTA Galilea Montijo y Andre Legarreta DESPRECIAN a Atala Invitada Hoy,Kante Khan Cro,People & Blogs,[none],"Fue bastante obvio fue la ausencia de Andrea Legarreta y Galilea Montijo. Las conductoras principales del matutino no recibieron a la periodista de espectáculos que fue entrevistada por el elenco masculino del programa que incluye a Raúl “El Negro” Araiza, Fernando del Solar y Mauricio Mancera.",2018-04-19T17:21:40.000Z,31146,21,25,24
MX,Peña Nieto dice que José Antonio Meade siempre ha dejado sus cargos a medias,AMX,News & Politics,"\"José Antonio Meade|\"\"Peña Nieto\"\"\"",Peña Nieto despide a José Antonio Meade con su peculiar estilo de equivocarse,2017-11-27T17:19:42.000Z,3080,16,27,15
MX,Hacen EN VIVO Ventaneando SIN FILTRO luego de la salida de Atala Sarmiento.,VIDEOS RANDOM,Entertainment,"\"atala sarmiento|\"\"en vivo ventaneando\"\"|\"\"paty chapoy\"\"|\"\"tv azteca\"\"|\"\"televisa\"\"|\"\"atala sarmiento televisa\"\"|\"\"atala la saga adela\"\"\"","Hacen EN VIVO Ventaneando SIN FILTRO tras la cancelación de contrato con TV Azteca de la conductora Atala Sarmiento.\\nYa que si transmitian la grabación que hicieron en la semana, era probable que TV Azteca iba a salir demanda por utilizar la imagen de la conductora.",2018-03-26T01:48:29.000Z,30764,50,54,17
MX,Y El Ganador De La Voz México 2017 es... Luis Adrian! || Final La Voz México 2017,Albert Plash,Entertainment,"\"La Voz|\"\"La Voz México\"\"|\"\"La Voz México 2017\"\"|\"\"Final La Voz\"\"|\"\"Final La Voz México\"\"|\"\"Final La Voz México 2017\"\"|\"\"La Voz Tendencia\"\"|\"\"La Voz México Tendencia\"\"|\"\"Tendencia\"\"|\"\"Trending\"\"|\"\"Final 17 de Diciembre\"\"|\"\"La Voz 17 de Diciembre\"\"|\"\"La Voz México 17 de Diciembre\"\"|\"\"La Voz México 2017 17 de Diciembre\"\"|\"\"Maluma\"\"|\"\"Yuri\"\"|\"\"Carlos Vives\"\"|\"\"Laura Pausini\"\"|\"\"México\"\"|\"\"Ganador La Voz\"\"|\"\"Ganador La Voz México\"\"|\"\"Ganador La Voz México 2017\"\"|\"\"Luis Adrian\"\"|\"\"TeamPausini\"\"|\"\"Equipo Pausini\"\"\"","",2017-12-18T05:48:16.000Z,3071,70,624,50
