country,title,channel_title,category,tags,description,publish_time,views,likes,dislikes,comment_count
DE,Sturm der Liebe Vorschau für Folge 2899 -  2902,sturmderliebe99,Entertainment,[none],---------------------------------------------------\nHi\nIn diesen Video geht es wieder um eine Vorschau aus Sturm der Liebe ich hoffe es hat euch gefallen !!!\n-----------------------------------------------------------------------------------------\nLG,2018-03-11T19:01:14.000Z,37285,52,88,23
DE,Sturmtief Friederike sorgt für Zerstörung auf dem Westenhellweg in Dortmund,Dortmund24,People & Blogs,Dortmund,Das Sturmtief Friederike sorgt für erste schwere Schäden in Dortmund. Auf dem Westenhellweg wurden vermutlich Teile eines Hauses durch die Gegend geweht.,2018-01-18T10:58:50.000Z,36810,80,954,76
DE,Kojshia Show - Emisioni 126 - Zogu i Tiranes & Halla Time 03.12.2017,Radiotelevision 21 [ Official Channel ],Comedy,"\"RTV21\"|\"Zogu i Tiranes\"|\"Halla Time\"|\"Kojshia Show\"",Kojshia Show - Emisioni 126 - Zogu i Tiranes & Halla Time 03.12.2017,2017-12-03T20:54:55.000Z,36216,34,59,37
DE,Avicii: Todesursache bekannt! Familie verrät traurige Wahrheit,Deine Dosis Internet,Entertainment,"\"best vines 2017\"|\"funny vines\"|\"funny videos\"|\"funniest videos 2017\"|\"daily dose of internet\"|\"deine dosis internet\"|\"avicii\"|\"avicii tod\"|\"avicii todesursacge\"","Aviciis Familie hat sich nun dazu geäußert, warum Avicii gestorben ist... \\n🔔 Abonniere uns & aktiviere die Glocke für mehr!\\n\\n\\n\\nWir berichten in der Regel nicht über Selbsttötungen - außer, die Tat erfährt durch die Umstände besondere Aufmerksamkeit. Kontaktiere, wenn du Hilfe benötigst, umgehend die Telefonseelsorge (www.telefonseelsorge.de). Unter der kostenlosen Rufnummer 0800-1110111 oder 0800-1110222 erhältst du anonym Hilfe von Beratern, die dir Auswege aus schwierigen Situationen aufzeigen können.\\n\\n\\nQuelle: https://www.welt.de/vermischtes/article175868575/Familie-zum-Tod-von-Avicii-Er-konnte-nicht-laenger-durchhalten.html\\n \\n🔎 Impressum: https://yourmedia.tv/impressum/",2018-04-26T16:51:34.000Z,361405,2396,6533,539
DE,Herzogin Kate: Traurige Trennung in der Schwangerschaft,focus nachrichten,News & Politics,"\"Kate\"|\"Herzogin Kate\"|\"Traurige Trennung in der Schwangerschaft\"|\"Nachrichten\"|\"Deutschland\"|\"Promi News\"|\"Star\"|\"Tag24\"|\"Promiflash\"|\"Nachrichten Deutschland\"|\"Focus Nachrichten\"",Herzogin Kate: Traurige Trennung in der Schwangerschaft source : https://intouch.wunderweib.de/herzogin-kate-traurige-trennung-der-schwangerschaft-78087.html,2018-01-03T21:23:49.000Z,35905,20,271,38
DE,ZADRUGA - Luna u kuhinji nakon razgovora sa Slobom! - 2.06.2018,Fortnite Moments,Entertainment,[none],"",2018-06-02T17:52:31.000Z,35722,29,77,43
DE,"Außerordentlicher Bundesparteitag 2018, Bonn",SPD,News & Politics,"\"SPD\"|\"Martin Schulz\"|\"Parteitag\"|\"Bundesparteitag\"|\"Sozialdemokratie\"|\"Dortmund\"|\"Westfalenhallen\"|\"Kanzler\"|\"Kanzlerkandidat\"|\"Programmparteitag\"|\"Wahlprogramm\"|\"Regierungsprogramm\"|\"Gerhard Schröder\"|\"Gerechtigkeit\"",Macht der SPD-Bundesparteitag den Weg frei für Koalitionsverhandlungen mit der CDU und CSU? Wie entscheiden die Delegierten?\n\nWir freuen uns auf einen spannenden Parteitag und begleiten am Sonntag ab 11 Uhr im Livestream! Herzlich willkommen in Bonn!,2018-01-21T16:39:26.000Z,35581,272,422,44
DE,ThSV Eisenach vs. ASV Hamm-Westfalen (2. Handballbundesliga),ThSV Eisenach,Sports,"\"ThSV\"|\"Eisenach\"|\"Thüringen\"|\"Handball\"|\"Bundesliga\"|\"Sport\"|\"ASV\"|\"Hamm\"|\"Westfalen\"",Das Heimspiel des ThSV Eisenach in der 2. Handball Bundesliga,2017-12-16T20:53:59.000Z,3539,8,23,0
DE,Deniz Yücel aus Haft entlassen und auf dem Weg zum Flughafen,euronews (deutsch),News & Politics,Türkei,Der Journalist Deniz Yücel  steht offenbar kurz vor der Ausreise aus der Türkei. Das deutete der deutsche Außenminister Sigmar Gabriel an. …\nLESEN SIE MEHR : http://de.euronews.com/2018/02/16/deniz-yucel-aus-haft-entlassen-und-auf-dem-weg-zum-flughafen-\n\neuronews: der meistgesehene Nachrichtensender in Europa.\nAbonnieren Sie! http://www.youtube.com/subscription_center?add_user=euronewsde\n\neuronews gibt es in 13 Sprachen: https://www.youtube.com/user/euronewsnetwork/channels\n\nAuf Deutsch:\nInternet : http://de.euronews.com\nFacebook: https://www.facebook.com/euronews\nTwitter: http://twitter.com/euronewsde\nGoogle+: https://plus.google.com/u/0/b/101036888397116664208/113171012041187764998/posts?pageId=101036888397116664208,2018-02-16T19:01:06.000Z,3511,24,85,125
DE,ZADRUGA: LUNA SPAVA SLOBU GRIZE SAVEST !!!,LuDe VesTi,People & Blogs,"\"dalila\"|\"aleksandra subotic\"|\"dejan dragojevic\"|\"david dragojevic\"|\"estrada\"|\"zabava\"|\"smesni klipovi\"|\"smeh do suza\"|\"parovi\"|\"gastozz\"|\"maric\"|\"skandal\"|\"zadruga\"|\"pink\"|\"andjela vestica\"|\"jelena\"|\"krunic\"|\"pevaci\"|\"ceca\"|\"jelena karleusa\"|\"lude vesti\"|\"rijaliti\"|\"luna djogani\"|\"sloba radanovic\"|\"sloba i luna\"|\"kija kockar\"|\"sloba i kija\"",Pratite naš kanal kliknite subscribe za zanimljive klipove koji će biti svakodnevno objavljeni na našem kanalu.\n♪♫ ♪♫  B☯☯M  ♫ღ♪♫ღ\n                                                   \n                   ═ ═ ═ ♡ ═  ═ ═\n                         SUBSCRIBE \n                      ═ ═ ═ ♡ ═  ═  ═,2018-01-16T19:08:40.000Z,34522,28,103,90
DE,Drejtpërdrejt nga arrestimi i tre deputetëve të Vetëvendosjes,Kosova Press,News & Politics,"\"Kosova\"|\"KosovaPress\"|\"Lajme\"|\"politikë\"",#KosovaPress\n#KosovaPressVideos\n#KosovaPressLiveStream\n\nwww.kosovapress.com\n\nFacebook: https://www.facebook.com/kosovapress/\nYouTube: https://www.youtube.com/user/KosovaPressOfficial\nTwitter: https://twitter.com/@kosovapressi\nInstagram: https://www.instagram.com/kosovapressofficial,2017-11-24T10:12:55.000Z,34397,40,62,142
DE,60 минут по горячим следам от 16.04.18,Россия 24,Entertainment,"\"последние новости\"|\"Россия 24\"|\"онлайн\"|\"новости дня\"|\"мировые новости\"|\"новости России\"|\"новости мира\"|\"в прямом эфире\"|\"вести\"|\"вести 24\"|\"Russia24\"|\"политика\"|\"экономика\"|\"бизнес\"|\"интервью\"|\"специальный репортаж\"|\"происшествия\"|\"ВГТРК\"|\"информационный канал\"|\"24 часа\"|\"новости регионов\"|\"путин\"|\"ольга скабеева\"|\"скабеева\"|\"попов\"|\"евгений попов\"|\"скабеева и попов\"|\"ток-шоу\"|\"новое ток-шоу\"|\"токшоу\"|\"ток шоу\"|\"Право голоса\"|\"место встречи\"|\"время покажет\"|\"право знать\"|\"первая студия\"",Подпишитесь на канал 60 минут: https://www.youtube.com/channel/UCR16nHT1nkmG7g9AkE9tGeQ?sub_confirmation=1,2018-04-16T11:05:08.000Z,341440,1584,1674,1465
DE,"Welke, Amann",PublicoMag,People & Blogs,[none],"",2018-02-04T23:55:18.000Z,33990,98,198,280
DE,Nur Chat... dann wilde Diskusion zwischen den üblichen Verdächtigen,gehtdir nixan,Comedy,"\"#hangoutsonair\"|\"Hangouts On Air\"|\"#hoa\"",Nachfolge HO bei Textmarcer  \nhttps://www.youtube.com/watch?v=bDheZkQNwWc,2018-01-25T21:50:25.000Z,3374,51,60,3
DE,Gupse Özay'dan tepki çeken paylaşım!,Söylemezsem Olmaz,People & Blogs,"\"gupse özay\"|\"alaska\"|\"afrin\"",Oyuncu Gupse Özay'ın ''Alaska'' paylaşımı tepki gördü...\n\n ''Afrin Operasyonu''nu ile ilgili hiçbir paylaşım yapmayan Özay'ın ''Alaska'' paylaşımına tepki yağdı...,2018-01-24T08:31:42.000Z,33563,65,69,122
DE,Silvia Wollny: Traurige Trennung nach der Sendung,focus nachrichten,News & Politics,"\"Silvia Wollny\"|\"Traurige Trennung nach der Sendung\"|\"Nachrichten\"|\"Deutschland\"|\"Promi News\"|\"Star\"|\"Tag24\"|\"Promiflash\"|\"Nachrichten Deutschland\"|\"Focus Nachrichten\"",Silvia Wollny: Traurige Trennung nach der Sendung source : https://intouch.wunderweib.de/silvia-wollny-traurige-trennung-nach-der-sendung-78642.html,2018-01-18T19:42:09.000Z,33459,30,95,2
DE,Schwerer unfall: schlager-star vanessa mai künstlich beatmet,Star News,Entertainment,"\"Star\"|\"Promi\"|\"Stars\"|\"Promis\"|\"Klatsch\"|\"Fotos\"|\"Bilder\"|\"Starfotos\"|\"News\"|\"Starnews\"|\"Starbilder\"|\"Videos\"","Schwerer Unfall: Schlager-Star Vanessa Mai künstlich beatmetGroße Sorge um Vanessa Mai (25)! Der Schlager-Star hatte bei einer Probe in Rostock am heutigen Abend einen schweren Unfall, dass ihr Konzer... ...",2018-04-21T21:18:55.000Z,33286,57,58,12
DE,Anne Will (18.02.2018): Deniz Yücel ist frei - was bedeutet das für das Verhältnis zur Türkei?,Alternative Fakten,News & Politics,"\"Anne Will\"|\"(18.02.2018)\"|\"Deniz Yücel\"|\"Ulf\"|\"Poschardt\"|\"Welt\"|\"Norbert Röttgen (CDU)\"|\"Sevim Dagdelen (Die Linke)\"|\"Michael Roth (SPD)\"|\"Peter Steudtner - Menschenrechtsaktivist\"|\"saß in türkischer Haft\"","Zitat Deniz Yücel: Super, Deutschland schafft sich ab! In der Mitte Europas entsteht bald ein Raum ohne Volk. Schade ist das aber nicht. Denn mit den Deutschen gehen nur Dinge verloren, die keiner vermissen wird. http://www.taz.de/!5114887/\\n\\n*Schaut euch Prime-Spezialangebot: Audible 3-Monats-Probeabo mal an! http://amzn.to/2neboKb\\n*Mehr als 40 Millionen Songs mit Amazon Music Unlimited. http://amzn.to/2yOoW3O\\n*Online-Einkauf von Kindle-Shop aus großartigem Angebot von Fremdsprachige eBo... http://amzn.to/2DXkxlK\\n\\nAnne Will (18.02.2018): Deniz Yücel ist frei - was bedeutet das für das Verhältnis zur Türkei?\\n\\nNach mehr als einem Jahr Haft ohne Anklage ist der deutsch-türkische Journalist Deniz Yücel wieder frei! Der Freilassung gingen umfangreiche Verhandlungen der Regierungen voraus. Das Auswärtige Amt bekräftigt, dass es keine „Deals“ gegeben habe. Der Fall Yücel hatte das deutsch-türkische Verhältnis schwer belastet. Was bedeutet seine Freilassung nun für die Beziehung beider Länder?\\n\\nGäste:\\nUlf Poschardt - Welt-Chefredakteur\\nNorbert Röttgen (CDU)\\nSevim Dagdelen (Die Linke)\\nMichael Roth (SPD)\\nPeter Steudtner - Menschenrechtsaktivist, saß in türkischer Haft\\n\\nQuelle ARD\\n\\n*Die Amazon-Links hängen mit dem Partnerprogramm von Amazon zusammen. Sie dienen dem potenziellen Käufer als Orientierung und verweisen explizit auf bestimmte Produkte. Sofern diese Links genutzt werden, kann im Falle einer Kaufentscheidung eine Provision ausgeschüttet werden.",2018-02-18T21:57:57.000Z,3295,9,56,38
DE,R.I.P. Felix 😭 | Köln 50667,Köln 50667 - Clips,Entertainment,"\"Köln 50667\"|\"Köln\"",R.I.P. Felix 😭 | Köln 50667\n\nAlle Rechte liegen bei RTL2 und Filmpool!\n\n*Rechte liegen nicht bei uns.,2017-12-13T17:21:43.000Z,327995,817,5389,245
DE,ZUNA ist tot?!?! /Fake News,jojo HD,Gaming,[none],"",2017-11-29T20:45:12.000Z,3279,23,35,13
DE,Event Day ab 20 uhr viewer rbg  Drunk stream 2 new abos 1 shot or 1 vip 2 shots or 5 euro spende 2,Liveplayging,Gaming,[none],"VIP Button: Ist da Danke euch !!!!\\n1:Icons: Boomer Krone-BoomerGlanz offen Viewer entscheiden\\n2 :Bann immunität\\n3:  3 cap games im rbg die woche\\n\\n\\nInfos:\\n\\nTwitter: https://twitter.com/meackostv ( NEU ) folgt mir doch mal\\nSnapchat: liveplayging8\\nFacebook( new) .facebook.com/Meackos_TV-108387006540217/\\nb-net Meackos#21811\\nSteam: liveplayging youtube\\nOrgin; thoraso90\\nWhatsApp: 01757040105\\nts3 Viewer  62.104.20.245:10140\\n\\n\\nDonation Link: https://www.tipeeestream.com/thorasotv/donation\\nMMOGA: https://www.mmoga.de/?ref=4504\\n\\n\\nPC Daten \\nBildschirme: AOC Q3279VWF Gaming Monitor 2 mal\\nTastatur: G610 ORION SPECTRUM\\nMaus: Roccat Kone XTD\\nHeadset: Razer Kranken Pro v2\\nCAM: Logitech webcam C930e\\nPC hardware::\\nGrafikkarte: GIGABYTE GeForce GTX 1060 WINDFORCE OC 6G, Grafikkarte\\nMainboard: \\nRam: 16 GB samsung\\nProzesor: Intel® Core i7-7820X, Prozessor\\nGehäuse: Aerocool DS200 Schwarz & Weiß\\n\\n\\nÜber mich:\\nName Aron\\nAlter 28\\nArbeit im Gastronomiebereich\\n\\nStreams Fifa 18, PUBG, WOW, OW ,CSGO and more\\n\\nGames:\\nWorld of Wacraft\\nCSGO\\nFifa 18\\nPLAYERUNKNOWN'S BATTLEGROUNDS \\nOverw\\nhearthstone\\n\\nvideos:",2018-03-11T03:40:15.000Z,3277,57,97,0
DE,Hart Aber Fair vom 30. April 2018: Beruf Niedriglöhner – Wirtschaftsboom auf Kosten der Ärmsten?,Deutschland Talk Show,News & Politics,"\"Talkshow\"|\"Talk\"|\"Flüchtlinge\"|\"Asyl\"|\"Islam\"|\"Politik\"|\"Muslime\"|\"Angela Merkel\"|\"Obergrenze\"|\"Fluchtursache\"|\"Familiennachzug\"|\"CSU\"|\"CDU\"|\"Terror\"|\"Islamismus\"|\"Islamisten\"|\"Übergriffe\"|\"AfD\"|\"Alternative für Deutschland\"|\"Österreich\"|\"Flüchtlingskrise\"|\"Türkei\"|\"Kriminalität\"|\"Maghreb\"|\"Marokko\"|\"Terrorismus\"|\"Mazedonien\"|\"Deutschland Talk Show\"|\"Hart Aber Fair\"|\"Hart Aber Fair 2018\"|\"Hart Aber Fair April\"|\"Hart Aber Fair Das Erste\"|\"Hart Aber Fair vom 30. April\"|\"Hart Aber Fair vom 30. April 2018\"|\"Hart Aber Fair 30.04.2018\"",Hart Aber Fair vom 30. April 2018: Beruf Niedriglöhner – Wirtschaftsboom auf Kosten der Ärmsten?\nHelfen Sie mir 100.000 registriert: https://goo.gl/aRP4nq\nDanke schön,2018-04-30T22:42:19.000Z,3276,29,41,71
