title,country,channel_title,category,tags,description,publish_time,views,likes,dislikes,comment_count,cnt
BTS (방탄소년단) 'FAKE LOVE' Official Teaser 2,CA,ibighit,Music,"\"BIGHIT\"|\"빅히트\"|\"방탄소년단\"|\"BTS\"|\"BANGTAN\"|\"방탄\"","BTS (방탄소년단) 'FAKE LOVE' Official Teaser 2'FAKE LOVE' MV will be released on May 18, 2018. Connect with BTS:http://www.ibighit.com http://twitter.com/BTS_bighit http://twitter.com/BTS_twt https://www.facebook.com/ibighit/http://www.facebook.com/bangtan.officialhttp://instagram.com/BTS.bighitofficialhttp://weibo.com/BTSbighit",2018-05-16T15:00:03.000Z,6416697,1290535,4358,113938,9
BTS (방탄소년단) 'FAKE LOVE' Official Teaser 2,DE,ibighit,Music,"\"BIGHIT\"|\"빅히트\"|\"방탄소년단\"|\"BTS\"|\"BANGTAN\"|\"방탄\"","BTS (방탄소년단) 'FAKE LOVE' Official Teaser 2'FAKE LOVE' MV will be released on May 18, 2018. Connect with BTS:http://www.ibighit.com http://twitter.com/BTS_bighit http://twitter.com/BTS_twt https://www.facebook.com/ibighit/http://www.facebook.com/bangtan.officialhttp://instagram.com/BTS.bighitofficialhttp://weibo.com/BTSbighit",2018-05-16T15:00:03.000Z,6416697,1290535,4358,113938,9
BTS (방탄소년단) 'FAKE LOVE' Official Teaser 2,FR,ibighit,Music,"\"BIGHIT\"|\"빅히트\"|\"방탄소년단\"|\"BTS\"|\"BANGTAN\"|\"방탄\"","BTS (방탄소년단) 'FAKE LOVE' Official Teaser 2'FAKE LOVE' MV will be released on May 18, 2018. Connect with BTS:http://www.ibighit.com http://twitter.com/BTS_bighit http://twitter.com/BTS_twt https://www.facebook.com/ibighit/http://www.facebook.com/bangtan.officialhttp://instagram.com/BTS.bighitofficialhttp://weibo.com/BTSbighit",2018-05-16T15:00:03.000Z,6416697,1290535,4358,113938,9
BTS (방탄소년단) 'FAKE LOVE' Official Teaser 2,GB,ibighit,Music,"\"BIGHIT\"|\"빅히트\"|\"방탄소년단\"|\"BTS\"|\"BANGTAN\"|\"방탄\"","BTS (방탄소년단) 'FAKE LOVE' Official Teaser 2'FAKE LOVE' MV will be released on May 18, 2018. Connect with BTS:http://www.ibighit.com http://twitter.com/BTS_bighit http://twitter.com/BTS_twt https://www.facebook.com/ibighit/http://www.facebook.com/bangtan.officialhttp://instagram.com/BTS.bighitofficialhttp://weibo.com/BTSbighit",2018-05-16T15:00:03.000Z,8753550,1431730,6335,125168,9
BTS (방탄소년단) 'FAKE LOVE' Official Teaser 2,JP,ibighit,Music,"\"BIGHIT|\"\"빅히트\"\"|\"\"방탄소년단\"\"|\"\"BTS\"\"|\"\"BANGTAN\"\"|\"\"방탄\"\"\"","BTS (방탄소년단) 'FAKE LOVE' Official Teaser 2'FAKE LOVE' MV will be released on May 18, 2018. Connect with BTS:http://www.ibighit.com http://twitter.com/BTS_bighit http://twitter.com/BTS_twt https://www.facebook.com/ibighit/http://www.facebook.com/bangtan.officialhttp://instagram.com/BTS.bighitofficialhttp://weibo.com/BTSbighit",2018-05-16T15:00:03.000Z,6416697,1290535,4358,113938,9
BTS (방탄소년단) 'FAKE LOVE' Official Teaser 2,KR,ibighit,Music,"\"BIGHIT|\"\"빅히트\"\"|\"\"방탄소년단\"\"|\"\"BTS\"\"|\"\"BANGTAN\"\"|\"\"방탄\"\"\"","BTS (방탄소년단) 'FAKE LOVE' Official Teaser 2'FAKE LOVE' MV will be released on May 18, 2018. Connect with BTS:http://www.ibighit.com http://twitter.com/BTS_bighit http://twitter.com/BTS_twt https://www.facebook.com/ibighit/http://www.facebook.com/bangtan.officialhttp://instagram.com/BTS.bighitofficialhttp://weibo.com/BTSbighit",2018-05-16T15:00:03.000Z,8753550,1484762,7678,128143,9
BTS (방탄소년단) 'FAKE LOVE' Official Teaser 2,MX,ibighit,Music,"\"BIGHIT|\"\"빅히트\"\"|\"\"방탄소년단\"\"|\"\"BTS\"\"|\"\"BANGTAN\"\"|\"\"방탄\"\"\"","BTS (방탄소년단) 'FAKE LOVE' Official Teaser 2'FAKE LOVE' MV will be released on May 18, 2018. Connect with BTS:http://www.ibighit.com http://twitter.com/BTS_bighit http://twitter.com/BTS_twt https://www.facebook.com/ibighit/http://www.facebook.com/bangtan.officialhttp://instagram.com/BTS.bighitofficialhttp://weibo.com/BTSbighit",2018-05-16T15:00:03.000Z,6416697,1290535,4358,113938,9
BTS (방탄소년단) 'FAKE LOVE' Official Teaser 2,RU,ibighit,Music,"\"BIGHIT|\"\"빅히트\"\"|\"\"방탄소년단\"\"|\"\"BTS\"\"|\"\"BANGTAN\"\"|\"\"방탄\"\"\"","BTS (방탄소년단) 'FAKE LOVE' Official Teaser 2'FAKE LOVE' MV will be released on May 18, 2018. Connect with BTS:http://www.ibighit.com http://twitter.com/BTS_bighit http://twitter.com/BTS_twt https://www.facebook.com/ibighit/http://www.facebook.com/bangtan.officialhttp://instagram.com/BTS.bighitofficialhttp://weibo.com/BTSbighit",2018-05-16T15:00:03.000Z,6416697,1290535,4358,113938,9
BTS (방탄소년단) 'FAKE LOVE' Official Teaser 2,US,ibighit,Music,"\"BIGHIT\"|\"빅히트\"|\"방탄소년단\"|\"BTS\"|\"BANGTAN\"|\"방탄\"","BTS (방탄소년단) 'FAKE LOVE' Official Teaser 2'FAKE LOVE' MV will be released on May 18, 2018. Connect with BTS:http://www.ibighit.com http://twitter.com/BTS_bighit http://twitter.com/BTS_twt https://www.facebook.com/ibighit/http://www.facebook.com/bangtan.officialhttp://instagram.com/BTS.bighitofficialhttp://weibo.com/BTSbighit",2018-05-16T15:00:03.000Z,8753550,1431724,6335,125168,9
BTS | LOVE YOURSELF | Tear 'Singularity' Comeback Trailer | REACTION!!! 방탄소년단 轉,CA,BRISxLIFE,Entertainment,"\"brisxlife\"|\"reaction\"|\"bighit\"|\"빅히트\"|\"방탄소년단\"|\"bts\"|\"bangtan\"|\"방탄\"|\"love yourself\"|\"tear\"|\"singularity\"|\"bts singularity reaction\"|\"love yourself tear reaction\"|\"bts comeback\"",BRISxGANG MERCH: https://teespring.com/brisxgang#pid=46&cid=2739&sid=frontPATREON: https://www.patreon.com/BRISxGANGCheck out my reaction to BTS | LOVE YOURSELF | Tear 'Singularity' Comeback Trailer | REACTION!!! 방탄소년단 轉ORIGINAL VIDEO: https://www.youtube.com/watch?v=p8npDG2ulKQSEND PICS OR 10 SEC VIDEO OF YOU IN YOUR BRISXGANG MERCH. ILL SHOUT YOU OUT. BRISXGANG@GMAIL.COMSUBSCRIBE!!!https://www.youtube.com/channel/UCFdAdgyV43x3OolPd8RQUigHIT ME UP!----------------------------------------­----------------------------------------­----------------------------Follow my INSTAGRAM!https://www.instagram.com/Brisxlife----------------------------------------­----------------------------------------­----------------------------Follow my TWITTER!https://twitter.com/BRISxLIFE----------------------------------------­----------------------------------------­----------------------------BUSINESS: BRISxGANG@gmail.com------------------------------------------------------------------------------------------------------------,2018-05-06T16:51:55.000Z,160528,14168,370,2724,5
BTS | LOVE YOURSELF | Tear 'Singularity' Comeback Trailer | REACTION!!! 방탄소년단 轉,DE,BRISxLIFE,Entertainment,"\"brisxlife\"|\"reaction\"|\"bighit\"|\"빅히트\"|\"방탄소년단\"|\"bts\"|\"bangtan\"|\"방탄\"|\"love yourself\"|\"tear\"|\"singularity\"|\"bts singularity reaction\"|\"love yourself tear reaction\"|\"bts comeback\"",BRISxGANG MERCH: https://teespring.com/brisxgang#pid=46&cid=2739&sid=frontPATREON: https://www.patreon.com/BRISxGANGCheck out my reaction to BTS | LOVE YOURSELF | Tear 'Singularity' Comeback Trailer | REACTION!!! 방탄소년단 轉ORIGINAL VIDEO: https://www.youtube.com/watch?v=p8npDG2ulKQSEND PICS OR 10 SEC VIDEO OF YOU IN YOUR BRISXGANG MERCH. ILL SHOUT YOU OUT. BRISXGANG@GMAIL.COMSUBSCRIBE!!!https://www.youtube.com/channel/UCFdAdgyV43x3OolPd8RQUigHIT ME UP!----------------------------------------­----------------------------------------­----------------------------Follow my INSTAGRAM!https://www.instagram.com/Brisxlife----------------------------------------­----------------------------------------­----------------------------Follow my TWITTER!https://twitter.com/BRISxLIFE----------------------------------------­----------------------------------------­----------------------------BUSINESS: BRISxGANG@gmail.com------------------------------------------------------------------------------------------------------------,2018-05-06T16:51:55.000Z,160528,14168,370,2724,5
BTS | LOVE YOURSELF | Tear 'Singularity' Comeback Trailer | REACTION!!! 방탄소년단 轉,FR,BRISxLIFE,Entertainment,"\"brisxlife\"|\"reaction\"|\"bighit\"|\"빅히트\"|\"방탄소년단\"|\"bts\"|\"bangtan\"|\"방탄\"|\"love yourself\"|\"tear\"|\"singularity\"|\"bts singularity reaction\"|\"love yourself tear reaction\"|\"bts comeback\"",BRISxGANG MERCH: https://teespring.com/brisxgang#pid=46&cid=2739&sid=frontPATREON: https://www.patreon.com/BRISxGANGCheck out my reaction to BTS | LOVE YOURSELF | Tear 'Singularity' Comeback Trailer | REACTION!!! 방탄소년단 轉ORIGINAL VIDEO: https://www.youtube.com/watch?v=p8npDG2ulKQSEND PICS OR 10 SEC VIDEO OF YOU IN YOUR BRISXGANG MERCH. ILL SHOUT YOU OUT. BRISXGANG@GMAIL.COMSUBSCRIBE!!!https://www.youtube.com/channel/UCFdAdgyV43x3OolPd8RQUigHIT ME UP!----------------------------------------­----------------------------------------­----------------------------Follow my INSTAGRAM!https://www.instagram.com/Brisxlife----------------------------------------­----------------------------------------­----------------------------Follow my TWITTER!https://twitter.com/BRISxLIFE----------------------------------------­----------------------------------------­----------------------------BUSINESS: BRISxGANG@gmail.com------------------------------------------------------------------------------------------------------------,2018-05-06T16:51:55.000Z,160528,14168,370,2724,5
BTS | LOVE YOURSELF | Tear 'Singularity' Comeback Trailer | REACTION!!! 방탄소년단 轉,KR,BRISxLIFE,Entertainment,"\"brisxlife|\"\"reaction\"\"|\"\"bighit\"\"|\"\"빅히트\"\"|\"\"방탄소년단\"\"|\"\"bts\"\"|\"\"bangtan\"\"|\"\"방탄\"\"|\"\"love yourself\"\"|\"\"tear\"\"|\"\"singularity\"\"|\"\"bts singularity reaction\"\"|\"\"love yourself tear reaction\"\"|\"\"bts comeback\"\"\"",BRISxGANG MERCH: https://teespring.com/brisxgang#pid=46&cid=2739&sid=frontPATREON: https://www.patreon.com/BRISxGANGCheck out my reaction to BTS | LOVE YOURSELF | Tear 'Singularity' Comeback Trailer | REACTION!!! 방탄소년단 轉ORIGINAL VIDEO: https://www.youtube.com/watch?v=p8npDG2ulKQSEND PICS OR 10 SEC VIDEO OF YOU IN YOUR BRISXGANG MERCH. ILL SHOUT YOU OUT. BRISXGANG@GMAIL.COMSUBSCRIBE!!!https://www.youtube.com/channel/UCFdAdgyV43x3OolPd8RQUigHIT ME UP!----------------------------------------­----------------------------------------­----------------------------Follow my INSTAGRAM!https://www.instagram.com/Brisxlife----------------------------------------­----------------------------------------­----------------------------Follow my TWITTER!https://twitter.com/BRISxLIFE----------------------------------------­----------------------------------------­----------------------------BUSINESS: BRISxGANG@gmail.com------------------------------------------------------------------------------------------------------------,2018-05-06T16:51:55.000Z,237413,17652,723,3529,5
BTS | LOVE YOURSELF | Tear 'Singularity' Comeback Trailer | REACTION!!! 방탄소년단 轉,MX,BRISxLIFE,Entertainment,"\"brisxlife|\"\"reaction\"\"|\"\"bighit\"\"|\"\"빅히트\"\"|\"\"방탄소년단\"\"|\"\"bts\"\"|\"\"bangtan\"\"|\"\"방탄\"\"|\"\"love yourself\"\"|\"\"tear\"\"|\"\"singularity\"\"|\"\"bts singularity reaction\"\"|\"\"love yourself tear reaction\"\"|\"\"bts comeback\"\"\"",BRISxGANG MERCH: https://teespring.com/brisxgang#pid=46&cid=2739&sid=frontPATREON: https://www.patreon.com/BRISxGANGCheck out my reaction to BTS | LOVE YOURSELF | Tear 'Singularity' Comeback Trailer | REACTION!!! 방탄소년단 轉ORIGINAL VIDEO: https://www.youtube.com/watch?v=p8npDG2ulKQSEND PICS OR 10 SEC VIDEO OF YOU IN YOUR BRISXGANG MERCH. ILL SHOUT YOU OUT. BRISXGANG@GMAIL.COMSUBSCRIBE!!!https://www.youtube.com/channel/UCFdAdgyV43x3OolPd8RQUigHIT ME UP!----------------------------------------­----------------------------------------­----------------------------Follow my INSTAGRAM!https://www.instagram.com/Brisxlife----------------------------------------­----------------------------------------­----------------------------Follow my TWITTER!https://twitter.com/BRISxLIFE----------------------------------------­----------------------------------------­----------------------------BUSINESS: BRISxGANG@gmail.com------------------------------------------------------------------------------------------------------------,2018-05-06T16:51:55.000Z,160528,14169,370,2724,5
Christmas Stereotypes,CA,Dude Perfect,Sports,"\"dude perfect\"|\"dude perfect stereotypes\"|\"dude perfect water bottle flip\"|\"bottle flip\"|\"water bottle flip\"|\"dude perfect bottle flip\"|\"dude perfect basketball\"|\"dp\"|\"dude perfect world record\"|\"edition\"|\"nerf\"|\"trick shots\"|\"trick shot\"|\"family\"|\"ping pong\"|\"bowling\"|\"clean\"|\"family friendly\"|\"bubble wrap\"|\"soccer\"|\"football\"|\"spinner\"|\"spinners\"|\"fidget spinners\"|\"dude\"|\"snow\"|\"santa\"|\"claus\"|\"reindeer\"|\"presents\"|\"tree\"|\"happy holidays\"|\"christmas stereotypes\"|\"christmas\"|\"holiday\"","Christmas Stereotypes. Love 'em or hate 'em, we all know 'em.\\n► Special thanks to Bass Pro Shops for sponsoring this video! Click HERE to get some awesome gifts for the whole family and get a free picture with Santa! http://DudePerfect.com/BassPro\\n\\n► Click HERE to subscribe to Dude Perfect! http://bit.ly/SubDudePerfect\\n\\n► Click HERE to watch our most recent videos! http://bit.ly/NewestDudePerfectVideos\\nhttp://bit.ly/NewestDPVideos\\n\\n► SHOP our NEW Merchandise! - http://bit.ly/DPStore\\n►Click HERE to join the exclusive Dude Perfect T-Shirt Club! http://bit.ly/DPTShirtClub\\n\\nPlay our NEW iPhone game!\\n► PLAY Endless Ducker on iPhone -- http://smarturl.it/EndlessDucker\\n► PLAY Endless Ducker on Android -- http://smarturl.it/EndlessDucker\\n\\n► VISIT our NEW STORE - http://bit.ly/DPStore\\n► JOIN our NEWSLETTER - http://bit.ly/DPNewsletterEndCard\\n► WATCH our STEREOTYPES - http://bit.ly/StereotypesPlaylist\\n\\nIn between videos we hang out with you guys on Instagram, Snapchat, Twitter, and Facebook so pick your favorite one and hang with us there too!\\n\\nhttp://Instagram.com/DudePerfect\\nhttp://bit.ly/DudePerfectSnapchat\\nhttp://Twitter.com/DudePerfect\\nhttp://Facebook.com/DudePerfect\\n\\nDo you have a GO BIG mindset? \\nSee for yourself in our book Go Big. \\n►http://amzn.to/OYdZ2s\\n\\nA special thanks to those of you who play our iPhone Games and read our book. You guys are amazing and all the great things you tell us about the game and the book make those projects so worthwhile for us! \\n\\nDude Perfect GAME - http://smarturl.it/DPGameiPhone\\nDude Perfect BOOK - Go Big - http://amzn.to/OYdZ2s\\n\\nClick here if you want to learn more about Dude Perfect:\\nhttp://www.dudeperfect.com/blog-2/\\n\\nBonus points if you're still reading this! \\nComment: I just like to smile... Smiling's my favorite.\\n\\nAs always...Go Big and God Bless!\\n- Your friends at Dude Perfect\\n\\nBusiness or Media, please contact us at: \\nDude@DudePerfect.com\\n\\n------------\\n\\n5 Best Friends and a Panda.\\nIf you like Sports + Comedy, come join the Dude Perfect team!\\n\\nBest known for trick shots, stereotypes, battles, bottle flips, ping pong shots and all around competitive fun, Dude Perfect prides ourselves in making the absolute best family-friendly entertainment possible! Welcome to the crew! \\n\\nPound it. Noggin. \\n- Dude Perfect",2017-12-11T22:57:21.000Z,9387347,410531,6461,35377,5
Christmas Stereotypes,DE,Dude Perfect,Sports,"\"dude perfect\"|\"dude perfect stereotypes\"|\"dude perfect water bottle flip\"|\"bottle flip\"|\"water bottle flip\"|\"dude perfect bottle flip\"|\"dude perfect basketball\"|\"dp\"|\"dude perfect world record\"|\"edition\"|\"nerf\"|\"trick shots\"|\"trick shot\"|\"family\"|\"ping pong\"|\"bowling\"|\"clean\"|\"family friendly\"|\"bubble wrap\"|\"soccer\"|\"football\"|\"spinner\"|\"spinners\"|\"fidget spinners\"|\"dude\"|\"snow\"|\"santa\"|\"claus\"|\"reindeer\"|\"presents\"|\"tree\"|\"happy holidays\"|\"christmas stereotypes\"|\"christmas\"|\"holiday\"","Christmas Stereotypes. Love 'em or hate 'em, we all know 'em.\\n► Special thanks to Bass Pro Shops for sponsoring this video! Click HERE to get some awesome gifts for the whole family and get a free picture with Santa! http://DudePerfect.com/BassPro\\n\\n► Click HERE to subscribe to Dude Perfect! http://bit.ly/SubDudePerfect\\n\\n► Click HERE to watch our most recent videos! http://bit.ly/NewestDudePerfectVideos\\nhttp://bit.ly/NewestDPVideos\\n\\n► SHOP our NEW Merchandise! - http://bit.ly/DPStore\\n►Click HERE to join the exclusive Dude Perfect T-Shirt Club! http://bit.ly/DPTShirtClub\\n\\nPlay our NEW iPhone game!\\n► PLAY Endless Ducker on iPhone -- http://smarturl.it/EndlessDucker\\n► PLAY Endless Ducker on Android -- http://smarturl.it/EndlessDucker\\n\\n► VISIT our NEW STORE - http://bit.ly/DPStore\\n► JOIN our NEWSLETTER - http://bit.ly/DPNewsletterEndCard\\n► WATCH our STEREOTYPES - http://bit.ly/StereotypesPlaylist\\n\\nIn between videos we hang out with you guys on Instagram, Snapchat, Twitter, and Facebook so pick your favorite one and hang with us there too!\\n\\nhttp://Instagram.com/DudePerfect\\nhttp://bit.ly/DudePerfectSnapchat\\nhttp://Twitter.com/DudePerfect\\nhttp://Facebook.com/DudePerfect\\n\\nDo you have a GO BIG mindset? \\nSee for yourself in our book Go Big. \\n►http://amzn.to/OYdZ2s\\n\\nA special thanks to those of you who play our iPhone Games and read our book. You guys are amazing and all the great things you tell us about the game and the book make those projects so worthwhile for us! \\n\\nDude Perfect GAME - http://smarturl.it/DPGameiPhone\\nDude Perfect BOOK - Go Big - http://amzn.to/OYdZ2s\\n\\nClick here if you want to learn more about Dude Perfect:\\nhttp://www.dudeperfect.com/blog-2/\\n\\nBonus points if you're still reading this! \\nComment: I just like to smile... Smiling's my favorite.\\n\\nAs always...Go Big and God Bless!\\n- Your friends at Dude Perfect\\n\\nBusiness or Media, please contact us at: \\nDude@DudePerfect.com\\n\\n------------\\n\\n5 Best Friends and a Panda.\\nIf you like Sports + Comedy, come join the Dude Perfect team!\\n\\nBest known for trick shots, stereotypes, battles, bottle flips, ping pong shots and all around competitive fun, Dude Perfect prides ourselves in making the absolute best family-friendly entertainment possible! Welcome to the crew! \\n\\nPound it. Noggin. \\n- Dude Perfect",2017-12-11T22:57:21.000Z,9387347,389347,5901,35377,5
Christmas Stereotypes,FR,Dude Perfect,Sports,"\"dude perfect\"\"|\"\"dude perfect stereotypes\"\"|\"\"dude perfect water bottle flip\"\"|\"\"bottle flip\"\"|\"\"water bottle flip\"\"|\"\"dude perfect bottle flip\"\"|\"\"dude perfect basketball\"\"|\"\"dp\"\"|\"\"dude perfect world record\"\"|\"\"edition\"\"|\"\"nerf\"\"|\"\"trick shots\"\"|\"\"trick shot\"\"|\"\"family\"\"|\"\"ping pong\"\"|\"\"bowling\"\"|\"\"clean\"\"|\"\"family friendly\"\"|\"\"bubble wrap\"\"|\"\"soccer\"\"|\"\"football\"\"|\"\"spinner\"\"|\"\"spinners\"\"|\"\"fidget spinners\"\"|\"\"dude\"\"|\"\"snow\"\"|\"\"santa\"\"|\"\"claus\"\"|\"\"reindeer\"\"|\"\"presents\"\"|\"\"tree\"\"|\"\"happy holidays\"\"|\"\"christmas stereotypes\"\"|\"\"christmas\"\"|\"\"holiday\"","Christmas Stereotypes. Love 'em or hate 'em, we all know 'em.\\n► Special thanks to Bass Pro Shops for sponsoring this video! Click HERE to get some awesome gifts for the whole family and get a free picture with Santa! http://DudePerfect.com/BassPro\\n\\n► Click HERE to subscribe to Dude Perfect! http://bit.ly/SubDudePerfect\\n\\n► Click HERE to watch our most recent videos! http://bit.ly/NewestDudePerfectVideos\\nhttp://bit.ly/NewestDPVideos\\n\\n► SHOP our NEW Merchandise! - http://bit.ly/DPStore\\n►Click HERE to join the exclusive Dude Perfect T-Shirt Club! http://bit.ly/DPTShirtClub\\n\\nPlay our NEW iPhone game!\\n► PLAY Endless Ducker on iPhone -- http://smarturl.it/EndlessDucker\\n► PLAY Endless Ducker on Android -- http://smarturl.it/EndlessDucker\\n\\n► VISIT our NEW STORE - http://bit.ly/DPStore\\n► JOIN our NEWSLETTER - http://bit.ly/DPNewsletterEndCard\\n► WATCH our STEREOTYPES - http://bit.ly/StereotypesPlaylist\\n\\nIn between videos we hang out with you guys on Instagram, Snapchat, Twitter, and Facebook so pick your favorite one and hang with us there too!\\n\\nhttp://Instagram.com/DudePerfect\\nhttp://bit.ly/DudePerfectSnapchat\\nhttp://Twitter.com/DudePerfect\\nhttp://Facebook.com/DudePerfect\\n\\nDo you have a GO BIG mindset? \\nSee for yourself in our book Go Big. \\n►http://amzn.to/OYdZ2s\\n\\nA special thanks to those of you who play our iPhone Games and read our book. You guys are amazing and all the great things you tell us about the game and the book make those projects so worthwhile for us! \\n\\nDude Perfect GAME - http://smarturl.it/DPGameiPhone\\nDude Perfect BOOK - Go Big - http://amzn.to/OYdZ2s\\n\\nClick here if you want to learn more about Dude Perfect:\\nhttp://www.dudeperfect.com/blog-2/\\n\\nBonus points if you're still reading this! \\nComment: I just like to smile... Smiling's my favorite.\\n\\nAs always...Go Big and God Bless!\\n- Your friends at Dude Perfect\\n\\nBusiness or Media, please contact us at: \\nDude@DudePerfect.com\\n\\n------------\\n\\n5 Best Friends and a Panda.\\nIf you like Sports + Comedy, come join the Dude Perfect team!\\n\\nBest known for trick shots, stereotypes, battles, bottle flips, ping pong shots and all around competitive fun, Dude Perfect prides ourselves in making the absolute best family-friendly entertainment possible! Welcome to the crew! \\n\\nPound it. Noggin. \\n- Dude Perfect",2017-12-11T22:57:21.000Z,8267018,367669,5273,33808,5
Christmas Stereotypes,IN,Dude Perfect,Sports,"\"dude perfect|\"\"dude perfect stereotypes\"\"|\"\"dude perfect water bottle flip\"\"|\"\"bottle flip\"\"|\"\"water bottle flip\"\"|\"\"dude perfect bottle flip\"\"|\"\"dude perfect basketball\"\"|\"\"dp\"\"|\"\"dude perfect world record\"\"|\"\"edition\"\"|\"\"nerf\"\"|\"\"trick shots\"\"|\"\"trick shot\"\"|\"\"family\"\"|\"\"ping pong\"\"|\"\"bowling\"\"|\"\"clean\"\"|\"\"family friendly\"\"|\"\"bubble wrap\"\"|\"\"soccer\"\"|\"\"football\"\"|\"\"spinner\"\"|\"\"spinners\"\"|\"\"fidget spinners\"\"|\"\"dude\"\"|\"\"snow\"\"|\"\"santa\"\"|\"\"claus\"\"|\"\"reindeer\"\"|\"\"presents\"\"|\"\"tree\"\"|\"\"happy holidays\"\"|\"\"christmas stereotypes\"\"|\"\"christmas\"\"|\"\"holiday\"\"\"","Christmas Stereotypes. Love 'em or hate 'em, we all know 'em.\\n► Special thanks to Bass Pro Shops for sponsoring this video! Click HERE to get some awesome gifts for the whole family and get a free picture with Santa! http://DudePerfect.com/BassPro\\n\\n► Click HERE to subscribe to Dude Perfect! http://bit.ly/SubDudePerfect\\n\\n► Click HERE to watch our most recent videos! http://bit.ly/NewestDudePerfectVideos\\nhttp://bit.ly/NewestDPVideos\\n\\n► SHOP our NEW Merchandise! - http://bit.ly/DPStore\\n►Click HERE to join the exclusive Dude Perfect T-Shirt Club! http://bit.ly/DPTShirtClub\\n\\nPlay our NEW iPhone game!\\n► PLAY Endless Ducker on iPhone -- http://smarturl.it/EndlessDucker\\n► PLAY Endless Ducker on Android -- http://smarturl.it/EndlessDucker\\n\\n► VISIT our NEW STORE - http://bit.ly/DPStore\\n► JOIN our NEWSLETTER - http://bit.ly/DPNewsletterEndCard\\n► WATCH our STEREOTYPES - http://bit.ly/StereotypesPlaylist\\n\\nIn between videos we hang out with you guys on Instagram, Snapchat, Twitter, and Facebook so pick your favorite one and hang with us there too!\\n\\nhttp://Instagram.com/DudePerfect\\nhttp://bit.ly/DudePerfectSnapchat\\nhttp://Twitter.com/DudePerfect\\nhttp://Facebook.com/DudePerfect\\n\\nDo you have a GO BIG mindset? \\nSee for yourself in our book Go Big. \\n►http://amzn.to/OYdZ2s\\n\\nA special thanks to those of you who play our iPhone Games and read our book. You guys are amazing and all the great things you tell us about the game and the book make those projects so worthwhile for us! \\n\\nDude Perfect GAME - http://smarturl.it/DPGameiPhone\\nDude Perfect BOOK - Go Big - http://amzn.to/OYdZ2s\\n\\nClick here if you want to learn more about Dude Perfect:\\nhttp://www.dudeperfect.com/blog-2/\\n\\nBonus points if you're still reading this! \\nComment: I just like to smile... Smiling's my favorite.\\n\\nAs always...Go Big and God Bless!\\n- Your friends at Dude Perfect\\n\\nBusiness or Media, please contact us at: \\nDude@DudePerfect.com\\n\\n------------\\n\\n5 Best Friends and a Panda.\\nIf you like Sports + Comedy, come join the Dude Perfect team!\\n\\nBest known for trick shots, stereotypes, battles, bottle flips, ping pong shots and all around competitive fun, Dude Perfect prides ourselves in making the absolute best family-friendly entertainment possible! Welcome to the crew! \\n\\nPound it. Noggin. \\n- Dude Perfect",2017-12-11T22:57:21.000Z,9387347,389347,5901,35377,5
Christmas Stereotypes,MX,Dude Perfect,Sports,"\"dude perfect|\"\"dude perfect stereotypes\"\"|\"\"dude perfect water bottle flip\"\"|\"\"bottle flip\"\"|\"\"water bottle flip\"\"|\"\"dude perfect bottle flip\"\"|\"\"dude perfect basketball\"\"|\"\"dp\"\"|\"\"dude perfect world record\"\"|\"\"edition\"\"|\"\"nerf\"\"|\"\"trick shots\"\"|\"\"trick shot\"\"|\"\"family\"\"|\"\"ping pong\"\"|\"\"bowling\"\"|\"\"clean\"\"|\"\"family friendly\"\"|\"\"bubble wrap\"\"|\"\"soccer\"\"|\"\"football\"\"|\"\"spinner\"\"|\"\"spinners\"\"|\"\"fidget spinners\"\"|\"\"dude\"\"|\"\"snow\"\"|\"\"santa\"\"|\"\"claus\"\"|\"\"reindeer\"\"|\"\"presents\"\"|\"\"tree\"\"|\"\"happy holidays\"\"|\"\"christmas stereotypes\"\"|\"\"christmas\"\"|\"\"holiday\"\"\"","Christmas Stereotypes. Love 'em or hate 'em, we all know 'em.\\n► Special thanks to Bass Pro Shops for sponsoring this video! Click HERE to get some awesome gifts for the whole family and get a free picture with Santa! http://DudePerfect.com/BassPro\\n\\n► Click HERE to subscribe to Dude Perfect! http://bit.ly/SubDudePerfect\\n\\n► Click HERE to watch our most recent videos! http://bit.ly/NewestDudePerfectVideos\\nhttp://bit.ly/NewestDPVideos\\n\\n► SHOP our NEW Merchandise! - http://bit.ly/DPStore\\n►Click HERE to join the exclusive Dude Perfect T-Shirt Club! http://bit.ly/DPTShirtClub\\n\\nPlay our NEW iPhone game!\\n► PLAY Endless Ducker on iPhone -- http://smarturl.it/EndlessDucker\\n► PLAY Endless Ducker on Android -- http://smarturl.it/EndlessDucker\\n\\n► VISIT our NEW STORE - http://bit.ly/DPStore\\n► JOIN our NEWSLETTER - http://bit.ly/DPNewsletterEndCard\\n► WATCH our STEREOTYPES - http://bit.ly/StereotypesPlaylist\\n\\nIn between videos we hang out with you guys on Instagram, Snapchat, Twitter, and Facebook so pick your favorite one and hang with us there too!\\n\\nhttp://Instagram.com/DudePerfect\\nhttp://bit.ly/DudePerfectSnapchat\\nhttp://Twitter.com/DudePerfect\\nhttp://Facebook.com/DudePerfect\\n\\nDo you have a GO BIG mindset? \\nSee for yourself in our book Go Big. \\n►http://amzn.to/OYdZ2s\\n\\nA special thanks to those of you who play our iPhone Games and read our book. You guys are amazing and all the great things you tell us about the game and the book make those projects so worthwhile for us! \\n\\nDude Perfect GAME - http://smarturl.it/DPGameiPhone\\nDude Perfect BOOK - Go Big - http://amzn.to/OYdZ2s\\n\\nClick here if you want to learn more about Dude Perfect:\\nhttp://www.dudeperfect.com/blog-2/\\n\\nBonus points if you're still reading this! \\nComment: I just like to smile... Smiling's my favorite.\\n\\nAs always...Go Big and God Bless!\\n- Your friends at Dude Perfect\\n\\nBusiness or Media, please contact us at: \\nDude@DudePerfect.com\\n\\n------------\\n\\n5 Best Friends and a Panda.\\nIf you like Sports + Comedy, come join the Dude Perfect team!\\n\\nBest known for trick shots, stereotypes, battles, bottle flips, ping pong shots and all around competitive fun, Dude Perfect prides ourselves in making the absolute best family-friendly entertainment possible! Welcome to the crew! \\n\\nPound it. Noggin. \\n- Dude Perfect",2017-12-11T22:57:21.000Z,8267018,367671,5273,33808,5
Comey Compared Donald Trump To A Mafia Boss,CA,The Late Show with Stephen Colbert,People & Blogs,"\"The Late Show\"|\"Late Show\"|\"Stephen Colbert\"|\"Steven Colbert\"|\"Colbert\"|\"celebrity\"|\"celeb\"|\"celebrities\"|\"late night\"|\"talk show\"|\"comedian\"|\"comedy\"|\"CBS\"|\"joke\"|\"jokes\"|\"funny\"|\"funny video\"|\"funny videos\"|\"humor\"|\"hollywood\"|\"famous\"|\"Intro Monologue\"|\"Politics\"|\"Nonrecurring\"|\"Topical\"","Ahead of his highly anticipated Late Show appearance on Tuesday, James Comey apparently had a practice interview conducted by George Stephanopoulos.\\n\\nSubscribe To The Late Show Channel HERE: http://bit.ly/ColbertYouTube\\nFor more content from The Late Show with Stephen Colbert, click HERE: http://bit.ly/1AKISnR\\nWatch full episodes of The Late Show HERE: http://bit.ly/1Puei40\\nLike The Late Show on Facebook HERE: http://on.fb.me/1df139Y\\nFollow The Late Show on Twitter HERE: http://bit.ly/1dMzZzG\\nFollow The Late Show on Google+ HERE: http://bit.ly/1JlGgzw\\nFollow The Late Show on Instagram HERE: http://bit.ly/29wfREj\\nFollow The Late Show on Tumblr HERE: http://bit.ly/29DVvtR\\n\\nWatch The Late Show with Stephen Colbert weeknights at 11:35 PM ET/10:35 PM CT. Only on CBS.\\n\\nGet the CBS app for iPhone & iPad! Click HERE: http://bit.ly/12rLxge\\n\\nGet new episodes of shows you love across devices the next day, stream live TV, and watch full seasons of CBS fan favorites anytime, anywhere with CBS All Access. Try it free! http://bit.ly/1OQA29B\\n\\n---\\nThe Late Show with Stephen Colbert is the premier late night talk show on CBS, airing at 11:35pm EST, streaming online via CBS All Access, and delivered to the International Space Station on a USB drive taped to a weather balloon. Every night, viewers can expect: Comedy, humor, funny moments, witty interviews, celebrities, famous people, movie stars, bits, humorous celebrities doing bits, funny celebs, big group photos of every star from Hollywood, even the reclusive ones, plus also jokes.",2018-04-17T07:35:00.000Z,1426681,15292,481,1485,7
Comey Compared Donald Trump To A Mafia Boss,DE,The Late Show with Stephen Colbert,People & Blogs,"\"The Late Show\"|\"Late Show\"|\"Stephen Colbert\"|\"Steven Colbert\"|\"Colbert\"|\"celebrity\"|\"celeb\"|\"celebrities\"|\"late night\"|\"talk show\"|\"comedian\"|\"comedy\"|\"CBS\"|\"joke\"|\"jokes\"|\"funny\"|\"funny video\"|\"funny videos\"|\"humor\"|\"hollywood\"|\"famous\"|\"Intro Monologue\"|\"Politics\"|\"Nonrecurring\"|\"Topical\"","Ahead of his highly anticipated Late Show appearance on Tuesday, James Comey apparently had a practice interview conducted by George Stephanopoulos.\\n\\nSubscribe To The Late Show Channel HERE: http://bit.ly/ColbertYouTube\\nFor more content from The Late Show with Stephen Colbert, click HERE: http://bit.ly/1AKISnR\\nWatch full episodes of The Late Show HERE: http://bit.ly/1Puei40\\nLike The Late Show on Facebook HERE: http://on.fb.me/1df139Y\\nFollow The Late Show on Twitter HERE: http://bit.ly/1dMzZzG\\nFollow The Late Show on Google+ HERE: http://bit.ly/1JlGgzw\\nFollow The Late Show on Instagram HERE: http://bit.ly/29wfREj\\nFollow The Late Show on Tumblr HERE: http://bit.ly/29DVvtR\\n\\nWatch The Late Show with Stephen Colbert weeknights at 11:35 PM ET/10:35 PM CT. Only on CBS.\\n\\nGet the CBS app for iPhone & iPad! Click HERE: http://bit.ly/12rLxge\\n\\nGet new episodes of shows you love across devices the next day, stream live TV, and watch full seasons of CBS fan favorites anytime, anywhere with CBS All Access. Try it free! http://bit.ly/1OQA29B\\n\\n---\\nThe Late Show with Stephen Colbert is the premier late night talk show on CBS, airing at 11:35pm EST, streaming online via CBS All Access, and delivered to the International Space Station on a USB drive taped to a weather balloon. Every night, viewers can expect: Comedy, humor, funny moments, witty interviews, celebrities, famous people, movie stars, bits, humorous celebrities doing bits, funny celebs, big group photos of every star from Hollywood, even the reclusive ones, plus also jokes.",2018-04-17T07:35:00.000Z,1426681,15292,481,1485,7
Comey Compared Donald Trump To A Mafia Boss,FR,The Late Show with Stephen Colbert,People & Blogs,"\"The Late Show\"\"|\"\"Late Show\"\"|\"\"Stephen Colbert\"\"|\"\"Steven Colbert\"\"|\"\"Colbert\"\"|\"\"celebrity\"\"|\"\"celeb\"\"|\"\"celebrities\"\"|\"\"late night\"\"|\"\"talk show\"\"|\"\"comedian\"\"|\"\"comedy\"\"|\"\"CBS\"\"|\"\"joke\"\"|\"\"jokes\"\"|\"\"funny\"\"|\"\"funny video\"\"|\"\"funny videos\"\"|\"\"humor\"\"|\"\"hollywood\"\"|\"\"famous\"\"|\"\"Intro Monologue\"\"|\"\"Politics\"\"|\"\"Nonrecurring\"\"|\"\"Topical\"","Ahead of his highly anticipated Late Show appearance on Tuesday, James Comey apparently had a practice interview conducted by George Stephanopoulos.\\n\\nSubscribe To The Late Show Channel HERE: http://bit.ly/ColbertYouTube\\nFor more content from The Late Show with Stephen Colbert, click HERE: http://bit.ly/1AKISnR\\nWatch full episodes of The Late Show HERE: http://bit.ly/1Puei40\\nLike The Late Show on Facebook HERE: http://on.fb.me/1df139Y\\nFollow The Late Show on Twitter HERE: http://bit.ly/1dMzZzG\\nFollow The Late Show on Google+ HERE: http://bit.ly/1JlGgzw\\nFollow The Late Show on Instagram HERE: http://bit.ly/29wfREj\\nFollow The Late Show on Tumblr HERE: http://bit.ly/29DVvtR\\n\\nWatch The Late Show with Stephen Colbert weeknights at 11:35 PM ET/10:35 PM CT. Only on CBS.\\n\\nGet the CBS app for iPhone & iPad! Click HERE: http://bit.ly/12rLxge\\n\\nGet new episodes of shows you love across devices the next day, stream live TV, and watch full seasons of CBS fan favorites anytime, anywhere with CBS All Access. Try it free! http://bit.ly/1OQA29B\\n\\n---\\nThe Late Show with Stephen Colbert is the premier late night talk show on CBS, airing at 11:35pm EST, streaming online via CBS All Access, and delivered to the International Space Station on a USB drive taped to a weather balloon. Every night, viewers can expect: Comedy, humor, funny moments, witty interviews, celebrities, famous people, movie stars, bits, humorous celebrities doing bits, funny celebs, big group photos of every star from Hollywood, even the reclusive ones, plus also jokes.",2018-04-17T07:35:00.000Z,1426681,15292,481,1485,7
Comey Compared Donald Trump To A Mafia Boss,IN,The Late Show with Stephen Colbert,People & Blogs,"\"The Late Show|\"\"Late Show\"\"|\"\"Stephen Colbert\"\"|\"\"Steven Colbert\"\"|\"\"Colbert\"\"|\"\"celebrity\"\"|\"\"celeb\"\"|\"\"celebrities\"\"|\"\"late night\"\"|\"\"talk show\"\"|\"\"comedian\"\"|\"\"comedy\"\"|\"\"CBS\"\"|\"\"joke\"\"|\"\"jokes\"\"|\"\"funny\"\"|\"\"funny video\"\"|\"\"funny videos\"\"|\"\"humor\"\"|\"\"hollywood\"\"|\"\"famous\"\"|\"\"Intro Monologue\"\"|\"\"Politics\"\"|\"\"Nonrecurring\"\"|\"\"Topical\"\"\"","Ahead of his highly anticipated Late Show appearance on Tuesday, James Comey apparently had a practice interview conducted by George Stephanopoulos.\\n\\nSubscribe To The Late Show Channel HERE: http://bit.ly/ColbertYouTube\\nFor more content from The Late Show with Stephen Colbert, click HERE: http://bit.ly/1AKISnR\\nWatch full episodes of The Late Show HERE: http://bit.ly/1Puei40\\nLike The Late Show on Facebook HERE: http://on.fb.me/1df139Y\\nFollow The Late Show on Twitter HERE: http://bit.ly/1dMzZzG\\nFollow The Late Show on Google+ HERE: http://bit.ly/1JlGgzw\\nFollow The Late Show on Instagram HERE: http://bit.ly/29wfREj\\nFollow The Late Show on Tumblr HERE: http://bit.ly/29DVvtR\\n\\nWatch The Late Show with Stephen Colbert weeknights at 11:35 PM ET/10:35 PM CT. Only on CBS.\\n\\nGet the CBS app for iPhone & iPad! Click HERE: http://bit.ly/12rLxge\\n\\nGet new episodes of shows you love across devices the next day, stream live TV, and watch full seasons of CBS fan favorites anytime, anywhere with CBS All Access. Try it free! http://bit.ly/1OQA29B\\n\\n---\\nThe Late Show with Stephen Colbert is the premier late night talk show on CBS, airing at 11:35pm EST, streaming online via CBS All Access, and delivered to the International Space Station on a USB drive taped to a weather balloon. Every night, viewers can expect: Comedy, humor, funny moments, witty interviews, celebrities, famous people, movie stars, bits, humorous celebrities doing bits, funny celebs, big group photos of every star from Hollywood, even the reclusive ones, plus also jokes.",2018-04-17T07:35:00.000Z,1426681,15292,481,1485,7
Comey Compared Donald Trump To A Mafia Boss,JP,The Late Show with Stephen Colbert,People & Blogs,"\"The Late Show|\"\"Late Show\"\"|\"\"Stephen Colbert\"\"|\"\"Steven Colbert\"\"|\"\"Colbert\"\"|\"\"celebrity\"\"|\"\"celeb\"\"|\"\"celebrities\"\"|\"\"late night\"\"|\"\"talk show\"\"|\"\"comedian\"\"|\"\"comedy\"\"|\"\"CBS\"\"|\"\"joke\"\"|\"\"jokes\"\"|\"\"funny\"\"|\"\"funny video\"\"|\"\"funny videos\"\"|\"\"humor\"\"|\"\"hollywood\"\"|\"\"famous\"\"|\"\"Intro Monologue\"\"|\"\"Politics\"\"|\"\"Nonrecurring\"\"|\"\"Topical\"\"\"","Ahead of his highly anticipated Late Show appearance on Tuesday, James Comey apparently had a practice interview conducted by George Stephanopoulos.\\n\\nSubscribe To The Late Show Channel HERE: http://bit.ly/ColbertYouTube\\nFor more content from The Late Show with Stephen Colbert, click HERE: http://bit.ly/1AKISnR\\nWatch full episodes of The Late Show HERE: http://bit.ly/1Puei40\\nLike The Late Show on Facebook HERE: http://on.fb.me/1df139Y\\nFollow The Late Show on Twitter HERE: http://bit.ly/1dMzZzG\\nFollow The Late Show on Google+ HERE: http://bit.ly/1JlGgzw\\nFollow The Late Show on Instagram HERE: http://bit.ly/29wfREj\\nFollow The Late Show on Tumblr HERE: http://bit.ly/29DVvtR\\n\\nWatch The Late Show with Stephen Colbert weeknights at 11:35 PM ET/10:35 PM CT. Only on CBS.\\n\\nGet the CBS app for iPhone & iPad! Click HERE: http://bit.ly/12rLxge\\n\\nGet new episodes of shows you love across devices the next day, stream live TV, and watch full seasons of CBS fan favorites anytime, anywhere with CBS All Access. Try it free! http://bit.ly/1OQA29B\\n\\n---\\nThe Late Show with Stephen Colbert is the premier late night talk show on CBS, airing at 11:35pm EST, streaming online via CBS All Access, and delivered to the International Space Station on a USB drive taped to a weather balloon. Every night, viewers can expect: Comedy, humor, funny moments, witty interviews, celebrities, famous people, movie stars, bits, humorous celebrities doing bits, funny celebs, big group photos of every star from Hollywood, even the reclusive ones, plus also jokes.",2018-04-17T07:35:00.000Z,1426681,15292,481,1485,7
Comey Compared Donald Trump To A Mafia Boss,KR,The Late Show with Stephen Colbert,People & Blogs,"\"The Late Show|\"\"Late Show\"\"|\"\"Stephen Colbert\"\"|\"\"Steven Colbert\"\"|\"\"Colbert\"\"|\"\"celebrity\"\"|\"\"celeb\"\"|\"\"celebrities\"\"|\"\"late night\"\"|\"\"talk show\"\"|\"\"comedian\"\"|\"\"comedy\"\"|\"\"CBS\"\"|\"\"joke\"\"|\"\"jokes\"\"|\"\"funny\"\"|\"\"funny video\"\"|\"\"funny videos\"\"|\"\"humor\"\"|\"\"hollywood\"\"|\"\"famous\"\"|\"\"Intro Monologue\"\"|\"\"Politics\"\"|\"\"Nonrecurring\"\"|\"\"Topical\"\"\"","Ahead of his highly anticipated Late Show appearance on Tuesday, James Comey apparently had a practice interview conducted by George Stephanopoulos.\\n\\nSubscribe To The Late Show Channel HERE: http://bit.ly/ColbertYouTube\\nFor more content from The Late Show with Stephen Colbert, click HERE: http://bit.ly/1AKISnR\\nWatch full episodes of The Late Show HERE: http://bit.ly/1Puei40\\nLike The Late Show on Facebook HERE: http://on.fb.me/1df139Y\\nFollow The Late Show on Twitter HERE: http://bit.ly/1dMzZzG\\nFollow The Late Show on Google+ HERE: http://bit.ly/1JlGgzw\\nFollow The Late Show on Instagram HERE: http://bit.ly/29wfREj\\nFollow The Late Show on Tumblr HERE: http://bit.ly/29DVvtR\\n\\nWatch The Late Show with Stephen Colbert weeknights at 11:35 PM ET/10:35 PM CT. Only on CBS.\\n\\nGet the CBS app for iPhone & iPad! Click HERE: http://bit.ly/12rLxge\\n\\nGet new episodes of shows you love across devices the next day, stream live TV, and watch full seasons of CBS fan favorites anytime, anywhere with CBS All Access. Try it free! http://bit.ly/1OQA29B\\n\\n---\\nThe Late Show with Stephen Colbert is the premier late night talk show on CBS, airing at 11:35pm EST, streaming online via CBS All Access, and delivered to the International Space Station on a USB drive taped to a weather balloon. Every night, viewers can expect: Comedy, humor, funny moments, witty interviews, celebrities, famous people, movie stars, bits, humorous celebrities doing bits, funny celebs, big group photos of every star from Hollywood, even the reclusive ones, plus also jokes.",2018-04-17T07:35:00.000Z,1426681,15292,481,1485,7
Comey Compared Donald Trump To A Mafia Boss,MX,The Late Show with Stephen Colbert,People & Blogs,"\"The Late Show|\"\"Late Show\"\"|\"\"Stephen Colbert\"\"|\"\"Steven Colbert\"\"|\"\"Colbert\"\"|\"\"celebrity\"\"|\"\"celeb\"\"|\"\"celebrities\"\"|\"\"late night\"\"|\"\"talk show\"\"|\"\"comedian\"\"|\"\"comedy\"\"|\"\"CBS\"\"|\"\"joke\"\"|\"\"jokes\"\"|\"\"funny\"\"|\"\"funny video\"\"|\"\"funny videos\"\"|\"\"humor\"\"|\"\"hollywood\"\"|\"\"famous\"\"|\"\"Intro Monologue\"\"|\"\"Politics\"\"|\"\"Nonrecurring\"\"|\"\"Topical\"\"\"","Ahead of his highly anticipated Late Show appearance on Tuesday, James Comey apparently had a practice interview conducted by George Stephanopoulos.\\n\\nSubscribe To The Late Show Channel HERE: http://bit.ly/ColbertYouTube\\nFor more content from The Late Show with Stephen Colbert, click HERE: http://bit.ly/1AKISnR\\nWatch full episodes of The Late Show HERE: http://bit.ly/1Puei40\\nLike The Late Show on Facebook HERE: http://on.fb.me/1df139Y\\nFollow The Late Show on Twitter HERE: http://bit.ly/1dMzZzG\\nFollow The Late Show on Google+ HERE: http://bit.ly/1JlGgzw\\nFollow The Late Show on Instagram HERE: http://bit.ly/29wfREj\\nFollow The Late Show on Tumblr HERE: http://bit.ly/29DVvtR\\n\\nWatch The Late Show with Stephen Colbert weeknights at 11:35 PM ET/10:35 PM CT. Only on CBS.\\n\\nGet the CBS app for iPhone & iPad! Click HERE: http://bit.ly/12rLxge\\n\\nGet new episodes of shows you love across devices the next day, stream live TV, and watch full seasons of CBS fan favorites anytime, anywhere with CBS All Access. Try it free! http://bit.ly/1OQA29B\\n\\n---\\nThe Late Show with Stephen Colbert is the premier late night talk show on CBS, airing at 11:35pm EST, streaming online via CBS All Access, and delivered to the International Space Station on a USB drive taped to a weather balloon. Every night, viewers can expect: Comedy, humor, funny moments, witty interviews, celebrities, famous people, movie stars, bits, humorous celebrities doing bits, funny celebs, big group photos of every star from Hollywood, even the reclusive ones, plus also jokes.",2018-04-17T07:35:00.000Z,1426681,15292,481,1485,7
Marshmello x Lil Peep - Spotlight (Official Music Video),CA,Marshmello,Music,"\"marshmello\"|\"lil peep\"|\"spotlight\"|\"spotlight music video\"|\"marshmello lil peep\"|\"peep\"|\"mello\"|\"marshmello spotlight\"|\"lil peep spotlight\"|\"awful things\"|\"goth boy clique\"|\"lil peep tribute\"|\"new lil peep\"|\"soundcloud\"|\"worldstar\"|\"goth music\"|\"sad boy\"|\"lil tracy\"|\"benz truck\"|\"save that shit\"|\"new music\"|\"got em like\"|\"goth boi clique\"|\"gbc\"|\"cole bennett\"|\"peep spotlight\"|\"ItsLulo\"|\"Lulo\"|\"emo\"|\"rap\"|\"friends\"|\"silence\"|\"wolves\"|\"музыку\"|\"spotlight lyrics\"",Marshmello x Lil Peep - Spotlight\nPurchase & Stream HERE ▶ http://lilpeep.lnk.to/spotlight\n\nSUBSCRIBE HERE ▶ http://youtube.com/marshmellomusic?sub_confirmation=1\n\nGet your NEW Mello™️ by Marshmello gear HERE ▶ http://shop.marshmellomusic.com\n\nWatch Cooking with Marshmello HERE ▶ http://youtube.com/playlist?list=PLcYK4PlHbZQtXROf5fnrr4dO4ruWiv7ts\n\nWATCH LOVE U MUSIC VIDEO ▶ https://youtu.be/D-pKeb6Wf4U\nWATCH TAKE IT BACK MUSIC VIDEO ▶ https://youtu.be/P9Ijqa_2eu0\nWATCH SILENCE MUSIC VIDEO ▶ https://youtu.be/Tx1sqYc3qas\nWATCH BLOCKS MUSIC VIDEO ▶ https://youtu.be/5E4ZBSInqUU\nWATCH YOU & ME MUSIC VIDEO ▶ https://youtu.be/fiusxyygqGk\nWATCH FIND ME MUSIC VIDEO ▶ https://youtu.be/ymq1WdGUcw8\nWATCH MOVING ON MUSIC VIDEO ▶ https://youtu.be/yU0tnrEk8H4\nWATCH SUMMER MUSIC VIDEO ▶ https://youtu.be/2vMH8lITTCE\nWATCH ALONE MUSIC VIDEO ▶ https://youtu.be/ALZHF5UqnU4\nWATCH KEEP IT MELLO MUSIC VIDEO ▶ https://youtu.be/_J_VpmXAzqg\n\n\nMARSHMELLO: \nSpotify | http://spoti.fi/Marshmello\nSoundCloud | http://soundcloud.com/marshmellomusic\nInstagram | http://instagram.com/marshmellomusic\nTwitter | http://twitter.com/marshmellomusic\nFacebook | http://facebook.com/marshmellomusic\nMerch | http://shop.marshmellomusic.com/\n\nLIL PEEP:\nhttp://twitter.com/lilpeep\nhttp://instagram.com/lilpeep\nhttp://soundcloud.com/lil_peep\nhttp://facebook.com/lilpeepmusic\n\n\nCredits:\nStarring: ItsLulo - https://www.instagram.com/itslulo/\nDirected by: Nick Koenig - https://www.nickkoenig.rip/\nStylist: Alanna Pearl - https://www.alannapearl.com/\nDP: CJ Brion\nProduced by: Ryland Burns\nWritten by: Graeme Barrett\nSet consultant: Signe Pierce\nColorist: Josh Bohoskey/The Mill,2018-02-12T14:00:00.000Z,7075316,418594,9939,33709,11
Marshmello x Lil Peep - Spotlight (Official Music Video),DE,Marshmello,Music,"\"marshmello\"|\"lil peep\"|\"spotlight\"|\"spotlight music video\"|\"marshmello lil peep\"|\"peep\"|\"mello\"|\"marshmello spotlight\"|\"lil peep spotlight\"|\"awful things\"|\"goth boy clique\"|\"lil peep tribute\"|\"new lil peep\"|\"soundcloud\"|\"worldstar\"|\"goth music\"|\"sad boy\"|\"lil tracy\"|\"benz truck\"|\"save that shit\"|\"new music\"|\"got em like\"|\"goth boi clique\"|\"gbc\"|\"cole bennett\"|\"peep spotlight\"|\"ItsLulo\"|\"Lulo\"|\"emo\"|\"rap\"|\"friends\"|\"silence\"|\"wolves\"|\"музыку\"|\"spotlight lyrics\"",Marshmello x Lil Peep - Spotlight\nPurchase & Stream HERE ▶ http://lilpeep.lnk.to/spotlight\n\nSUBSCRIBE HERE ▶ http://youtube.com/marshmellomusic?sub_confirmation=1\n\nGet your NEW Mello™️ by Marshmello gear HERE ▶ http://shop.marshmellomusic.com\n\nWatch Cooking with Marshmello HERE ▶ http://youtube.com/playlist?list=PLcYK4PlHbZQtXROf5fnrr4dO4ruWiv7ts\n\nWATCH LOVE U MUSIC VIDEO ▶ https://youtu.be/D-pKeb6Wf4U\nWATCH TAKE IT BACK MUSIC VIDEO ▶ https://youtu.be/P9Ijqa_2eu0\nWATCH SILENCE MUSIC VIDEO ▶ https://youtu.be/Tx1sqYc3qas\nWATCH BLOCKS MUSIC VIDEO ▶ https://youtu.be/5E4ZBSInqUU\nWATCH YOU & ME MUSIC VIDEO ▶ https://youtu.be/fiusxyygqGk\nWATCH FIND ME MUSIC VIDEO ▶ https://youtu.be/ymq1WdGUcw8\nWATCH MOVING ON MUSIC VIDEO ▶ https://youtu.be/yU0tnrEk8H4\nWATCH SUMMER MUSIC VIDEO ▶ https://youtu.be/2vMH8lITTCE\nWATCH ALONE MUSIC VIDEO ▶ https://youtu.be/ALZHF5UqnU4\nWATCH KEEP IT MELLO MUSIC VIDEO ▶ https://youtu.be/_J_VpmXAzqg\n\n\nMARSHMELLO: \nSpotify | http://spoti.fi/Marshmello\nSoundCloud | http://soundcloud.com/marshmellomusic\nInstagram | http://instagram.com/marshmellomusic\nTwitter | http://twitter.com/marshmellomusic\nFacebook | http://facebook.com/marshmellomusic\nMerch | http://shop.marshmellomusic.com/\n\nLIL PEEP:\nhttp://twitter.com/lilpeep\nhttp://instagram.com/lilpeep\nhttp://soundcloud.com/lil_peep\nhttp://facebook.com/lilpeepmusic\n\n\nCredits:\nStarring: ItsLulo - https://www.instagram.com/itslulo/\nDirected by: Nick Koenig - https://www.nickkoenig.rip/\nStylist: Alanna Pearl - https://www.alannapearl.com/\nDP: CJ Brion\nProduced by: Ryland Burns\nWritten by: Graeme Barrett\nSet consultant: Signe Pierce\nColorist: Josh Bohoskey/The Mill,2018-02-12T14:00:00.000Z,7075316,418594,9939,33709,11
Marshmello x Lil Peep - Spotlight (Official Music Video),DE,Marshmello,Music,"\"marshmello\"|\"lil peep\"|\"spotlight\"|\"spotlight music video\"|\"marshmello lil peep\"|\"peep\"|\"mello\"|\"marshmello spotlight\"|\"lil peep spotlight\"|\"awful things\"|\"goth boy clique\"|\"lil peep tribute\"|\"new lil peep\"|\"soundcloud\"|\"worldstar\"|\"goth music\"|\"sad boy\"|\"lil tracy\"|\"benz truck\"|\"save that shit\"|\"new music\"|\"got em like\"|\"goth boi clique\"|\"gbc\"|\"cole bennett\"|\"peep spotlight\"|\"ItsLulo\"|\"Lulo\"|\"emo\"|\"rap\"|\"friends\"|\"silence\"|\"wolves\"",Marshmello x Lil Peep - Spotlight\nPurchase & Stream HERE ▶ http://lilpeep.lnk.to/spotlight\n\nSUBSCRIBE HERE ▶ http://youtube.com/marshmellomusic?sub_confirmation=1\n\nGet your NEW Mello™️ by Marshmello gear HERE ▶ http://shop.marshmellomusic.com\n\nWatch Cooking with Marshmello HERE ▶ http://youtube.com/playlist?list=PLcYK4PlHbZQtXROf5fnrr4dO4ruWiv7ts\n\nWATCH LOVE U MUSIC VIDEO ▶ https://youtu.be/D-pKeb6Wf4U\nWATCH TAKE IT BACK MUSIC VIDEO ▶ https://youtu.be/P9Ijqa_2eu0\nWATCH SILENCE MUSIC VIDEO ▶ https://youtu.be/Tx1sqYc3qas\nWATCH BLOCKS MUSIC VIDEO ▶ https://youtu.be/5E4ZBSInqUU\nWATCH YOU & ME MUSIC VIDEO ▶ https://youtu.be/fiusxyygqGk\nWATCH FIND ME MUSIC VIDEO ▶ https://youtu.be/ymq1WdGUcw8\nWATCH MOVING ON MUSIC VIDEO ▶ https://youtu.be/yU0tnrEk8H4\nWATCH SUMMER MUSIC VIDEO ▶ https://youtu.be/2vMH8lITTCE\nWATCH ALONE MUSIC VIDEO ▶ https://youtu.be/ALZHF5UqnU4\nWATCH KEEP IT MELLO MUSIC VIDEO ▶ https://youtu.be/_J_VpmXAzqg\n\n\nMARSHMELLO: \nSpotify | http://spoti.fi/Marshmello\nSoundCloud | http://soundcloud.com/marshmellomusic\nInstagram | http://instagram.com/marshmellomusic\nTwitter | http://twitter.com/marshmellomusic\nFacebook | http://facebook.com/marshmellomusic\nMerch | http://shop.marshmellomusic.com/\n\nLIL PEEP:\nhttp://twitter.com/lilpeep\nhttp://instagram.com/lilpeep\nhttp://soundcloud.com/lil_peep\nhttp://facebook.com/lilpeepmusic\n\n\nCredits:\nStarring: ItsLulo - https://www.instagram.com/itslulo/\nDirected by: Nick Koenig - https://www.nickkoenig.rip/\nStylist: Alanna Pearl - https://www.alannapearl.com/\nDP: CJ Brion\nProduced by: Ryland Burns\nWritten by: Graeme Barrett\nSet consultant: Signe Pierce\nColorist: Josh Bohoskey/The Mill,2018-02-12T14:00:00.000Z,1427962,264991,4757,23195,11
Marshmello x Lil Peep - Spotlight (Official Music Video),FR,Marshmello,Music,"\"marshmello\"\"|\"\"lil peep\"\"|\"\"spotlight\"\"|\"\"spotlight music video\"\"|\"\"marshmello lil peep\"\"|\"\"peep\"\"|\"\"mello\"\"|\"\"marshmello spotlight\"\"|\"\"lil peep spotlight\"\"|\"\"awful things\"\"|\"\"goth boy clique\"\"|\"\"lil peep tribute\"\"|\"\"new lil peep\"\"|\"\"soundcloud\"\"|\"\"worldstar\"\"|\"\"goth music\"\"|\"\"sad boy\"\"|\"\"lil tracy\"\"|\"\"benz truck\"\"|\"\"save that shit\"\"|\"\"new music\"\"|\"\"got em like\"\"|\"\"goth boi clique\"\"|\"\"gbc\"\"|\"\"cole bennett\"\"|\"\"peep spotlight\"\"|\"\"ItsLulo\"\"|\"\"Lulo\"\"|\"\"emo\"\"|\"\"rap\"\"|\"\"friends\"\"|\"\"silence\"\"|\"\"wolves\"\"|\"\"музыку\"\"|\"\"spotlight lyrics\"",Marshmello x Lil Peep - Spotlight\nPurchase & Stream HERE ▶ http://lilpeep.lnk.to/spotlight\n\nSUBSCRIBE HERE ▶ http://youtube.com/marshmellomusic?sub_confirmation=1\n\nGet your NEW Mello™️ by Marshmello gear HERE ▶ http://shop.marshmellomusic.com\n\nWatch Cooking with Marshmello HERE ▶ http://youtube.com/playlist?list=PLcYK4PlHbZQtXROf5fnrr4dO4ruWiv7ts\n\nWATCH LOVE U MUSIC VIDEO ▶ https://youtu.be/D-pKeb6Wf4U\nWATCH TAKE IT BACK MUSIC VIDEO ▶ https://youtu.be/P9Ijqa_2eu0\nWATCH SILENCE MUSIC VIDEO ▶ https://youtu.be/Tx1sqYc3qas\nWATCH BLOCKS MUSIC VIDEO ▶ https://youtu.be/5E4ZBSInqUU\nWATCH YOU & ME MUSIC VIDEO ▶ https://youtu.be/fiusxyygqGk\nWATCH FIND ME MUSIC VIDEO ▶ https://youtu.be/ymq1WdGUcw8\nWATCH MOVING ON MUSIC VIDEO ▶ https://youtu.be/yU0tnrEk8H4\nWATCH SUMMER MUSIC VIDEO ▶ https://youtu.be/2vMH8lITTCE\nWATCH ALONE MUSIC VIDEO ▶ https://youtu.be/ALZHF5UqnU4\nWATCH KEEP IT MELLO MUSIC VIDEO ▶ https://youtu.be/_J_VpmXAzqg\n\n\nMARSHMELLO: \nSpotify | http://spoti.fi/Marshmello\nSoundCloud | http://soundcloud.com/marshmellomusic\nInstagram | http://instagram.com/marshmellomusic\nTwitter | http://twitter.com/marshmellomusic\nFacebook | http://facebook.com/marshmellomusic\nMerch | http://shop.marshmellomusic.com/\n\nLIL PEEP:\nhttp://twitter.com/lilpeep\nhttp://instagram.com/lilpeep\nhttp://soundcloud.com/lil_peep\nhttp://facebook.com/lilpeepmusic\n\n\nCredits:\nStarring: ItsLulo - https://www.instagram.com/itslulo/\nDirected by: Nick Koenig - https://www.nickkoenig.rip/\nStylist: Alanna Pearl - https://www.alannapearl.com/\nDP: CJ Brion\nProduced by: Ryland Burns\nWritten by: Graeme Barrett\nSet consultant: Signe Pierce\nColorist: Josh Bohoskey/The Mill,2018-02-12T14:00:00.000Z,6193637,399510,9939,32625,11
Marshmello x Lil Peep - Spotlight (Official Music Video),FR,Marshmello,Music,"\"marshmello\"\"|\"\"lil peep\"\"|\"\"spotlight\"\"|\"\"spotlight music video\"\"|\"\"marshmello lil peep\"\"|\"\"peep\"\"|\"\"mello\"\"|\"\"marshmello spotlight\"\"|\"\"lil peep spotlight\"\"|\"\"awful things\"\"|\"\"goth boy clique\"\"|\"\"lil peep tribute\"\"|\"\"new lil peep\"\"|\"\"soundcloud\"\"|\"\"worldstar\"\"|\"\"goth music\"\"|\"\"sad boy\"\"|\"\"lil tracy\"\"|\"\"benz truck\"\"|\"\"save that shit\"\"|\"\"new music\"\"|\"\"got em like\"\"|\"\"goth boi clique\"\"|\"\"gbc\"\"|\"\"cole bennett\"\"|\"\"peep spotlight\"\"|\"\"ItsLulo\"\"|\"\"Lulo\"\"|\"\"emo\"\"|\"\"rap\"\"|\"\"friends\"\"|\"\"silence\"\"|\"\"wolves\"",Marshmello x Lil Peep - Spotlight\nPurchase & Stream HERE ▶ http://lilpeep.lnk.to/spotlight\n\nSUBSCRIBE HERE ▶ http://youtube.com/marshmellomusic?sub_confirmation=1\n\nGet your NEW Mello™️ by Marshmello gear HERE ▶ http://shop.marshmellomusic.com\n\nWatch Cooking with Marshmello HERE ▶ http://youtube.com/playlist?list=PLcYK4PlHbZQtXROf5fnrr4dO4ruWiv7ts\n\nWATCH LOVE U MUSIC VIDEO ▶ https://youtu.be/D-pKeb6Wf4U\nWATCH TAKE IT BACK MUSIC VIDEO ▶ https://youtu.be/P9Ijqa_2eu0\nWATCH SILENCE MUSIC VIDEO ▶ https://youtu.be/Tx1sqYc3qas\nWATCH BLOCKS MUSIC VIDEO ▶ https://youtu.be/5E4ZBSInqUU\nWATCH YOU & ME MUSIC VIDEO ▶ https://youtu.be/fiusxyygqGk\nWATCH FIND ME MUSIC VIDEO ▶ https://youtu.be/ymq1WdGUcw8\nWATCH MOVING ON MUSIC VIDEO ▶ https://youtu.be/yU0tnrEk8H4\nWATCH SUMMER MUSIC VIDEO ▶ https://youtu.be/2vMH8lITTCE\nWATCH ALONE MUSIC VIDEO ▶ https://youtu.be/ALZHF5UqnU4\nWATCH KEEP IT MELLO MUSIC VIDEO ▶ https://youtu.be/_J_VpmXAzqg\n\n\nMARSHMELLO: \nSpotify | http://spoti.fi/Marshmello\nSoundCloud | http://soundcloud.com/marshmellomusic\nInstagram | http://instagram.com/marshmellomusic\nTwitter | http://twitter.com/marshmellomusic\nFacebook | http://facebook.com/marshmellomusic\nMerch | http://shop.marshmellomusic.com/\n\nLIL PEEP:\nhttp://twitter.com/lilpeep\nhttp://instagram.com/lilpeep\nhttp://soundcloud.com/lil_peep\nhttp://facebook.com/lilpeepmusic\n\n\nCredits:\nStarring: ItsLulo - https://www.instagram.com/itslulo/\nDirected by: Nick Koenig - https://www.nickkoenig.rip/\nStylist: Alanna Pearl - https://www.alannapearl.com/\nDP: CJ Brion\nProduced by: Ryland Burns\nWritten by: Graeme Barrett\nSet consultant: Signe Pierce\nColorist: Josh Bohoskey/The Mill,2018-02-12T14:00:00.000Z,1427962,264993,4757,23195,11
Marshmello x Lil Peep - Spotlight (Official Music Video),GB,Marshmello,Music,"\"marshmello\"|\"lil peep\"|\"spotlight\"|\"spotlight music video\"|\"marshmello lil peep\"|\"peep\"|\"mello\"|\"marshmello spotlight\"|\"lil peep spotlight\"|\"awful things\"|\"goth boy clique\"|\"lil peep tribute\"|\"new lil peep\"|\"soundcloud\"|\"worldstar\"|\"goth music\"|\"sad boy\"|\"lil tracy\"|\"benz truck\"|\"save that shit\"|\"new music\"|\"got em like\"|\"goth boi clique\"|\"gbc\"|\"cole bennett\"|\"peep spotlight\"|\"ItsLulo\"|\"Lulo\"|\"emo\"|\"rap\"|\"friends\"|\"silence\"|\"wolves\"|\"музыку\"|\"spotlight lyrics\"",Marshmello x Lil Peep - Spotlight\nPurchase & Stream HERE ▶ http://lilpeep.lnk.to/spotlight\n\nSUBSCRIBE HERE ▶ http://youtube.com/marshmellomusic?sub_confirmation=1\n\nGet your NEW Mello™️ by Marshmello gear HERE ▶ http://shop.marshmellomusic.com\n\nWatch Cooking with Marshmello HERE ▶ http://youtube.com/playlist?list=PLcYK4PlHbZQtXROf5fnrr4dO4ruWiv7ts\n\nWATCH LOVE U MUSIC VIDEO ▶ https://youtu.be/D-pKeb6Wf4U\nWATCH TAKE IT BACK MUSIC VIDEO ▶ https://youtu.be/P9Ijqa_2eu0\nWATCH SILENCE MUSIC VIDEO ▶ https://youtu.be/Tx1sqYc3qas\nWATCH BLOCKS MUSIC VIDEO ▶ https://youtu.be/5E4ZBSInqUU\nWATCH YOU & ME MUSIC VIDEO ▶ https://youtu.be/fiusxyygqGk\nWATCH FIND ME MUSIC VIDEO ▶ https://youtu.be/ymq1WdGUcw8\nWATCH MOVING ON MUSIC VIDEO ▶ https://youtu.be/yU0tnrEk8H4\nWATCH SUMMER MUSIC VIDEO ▶ https://youtu.be/2vMH8lITTCE\nWATCH ALONE MUSIC VIDEO ▶ https://youtu.be/ALZHF5UqnU4\nWATCH KEEP IT MELLO MUSIC VIDEO ▶ https://youtu.be/_J_VpmXAzqg\n\n\nMARSHMELLO: \nSpotify | http://spoti.fi/Marshmello\nSoundCloud | http://soundcloud.com/marshmellomusic\nInstagram | http://instagram.com/marshmellomusic\nTwitter | http://twitter.com/marshmellomusic\nFacebook | http://facebook.com/marshmellomusic\nMerch | http://shop.marshmellomusic.com/\n\nLIL PEEP:\nhttp://twitter.com/lilpeep\nhttp://instagram.com/lilpeep\nhttp://soundcloud.com/lil_peep\nhttp://facebook.com/lilpeepmusic\n\n\nCredits:\nStarring: ItsLulo - https://www.instagram.com/itslulo/\nDirected by: Nick Koenig - https://www.nickkoenig.rip/\nStylist: Alanna Pearl - https://www.alannapearl.com/\nDP: CJ Brion\nProduced by: Ryland Burns\nWritten by: Graeme Barrett\nSet consultant: Signe Pierce\nColorist: Josh Bohoskey/The Mill,2018-02-12T14:00:00.000Z,7075316,418594,9939,33709,11
Marshmello x Lil Peep - Spotlight (Official Music Video),GB,Marshmello,Music,"\"marshmello\"|\"lil peep\"|\"spotlight\"|\"spotlight music video\"|\"marshmello lil peep\"|\"peep\"|\"mello\"|\"marshmello spotlight\"|\"lil peep spotlight\"|\"awful things\"|\"goth boy clique\"|\"lil peep tribute\"|\"new lil peep\"|\"soundcloud\"|\"worldstar\"|\"goth music\"|\"sad boy\"|\"lil tracy\"|\"benz truck\"|\"save that shit\"|\"new music\"|\"got em like\"|\"goth boi clique\"|\"gbc\"|\"cole bennett\"|\"peep spotlight\"|\"ItsLulo\"|\"Lulo\"|\"emo\"|\"rap\"|\"friends\"|\"silence\"|\"wolves\"",Marshmello x Lil Peep - Spotlight\nPurchase & Stream HERE ▶ http://lilpeep.lnk.to/spotlight\n\nSUBSCRIBE HERE ▶ http://youtube.com/marshmellomusic?sub_confirmation=1\n\nGet your NEW Mello™️ by Marshmello gear HERE ▶ http://shop.marshmellomusic.com\n\nWatch Cooking with Marshmello HERE ▶ http://youtube.com/playlist?list=PLcYK4PlHbZQtXROf5fnrr4dO4ruWiv7ts\n\nWATCH LOVE U MUSIC VIDEO ▶ https://youtu.be/D-pKeb6Wf4U\nWATCH TAKE IT BACK MUSIC VIDEO ▶ https://youtu.be/P9Ijqa_2eu0\nWATCH SILENCE MUSIC VIDEO ▶ https://youtu.be/Tx1sqYc3qas\nWATCH BLOCKS MUSIC VIDEO ▶ https://youtu.be/5E4ZBSInqUU\nWATCH YOU & ME MUSIC VIDEO ▶ https://youtu.be/fiusxyygqGk\nWATCH FIND ME MUSIC VIDEO ▶ https://youtu.be/ymq1WdGUcw8\nWATCH MOVING ON MUSIC VIDEO ▶ https://youtu.be/yU0tnrEk8H4\nWATCH SUMMER MUSIC VIDEO ▶ https://youtu.be/2vMH8lITTCE\nWATCH ALONE MUSIC VIDEO ▶ https://youtu.be/ALZHF5UqnU4\nWATCH KEEP IT MELLO MUSIC VIDEO ▶ https://youtu.be/_J_VpmXAzqg\n\n\nMARSHMELLO: \nSpotify | http://spoti.fi/Marshmello\nSoundCloud | http://soundcloud.com/marshmellomusic\nInstagram | http://instagram.com/marshmellomusic\nTwitter | http://twitter.com/marshmellomusic\nFacebook | http://facebook.com/marshmellomusic\nMerch | http://shop.marshmellomusic.com/\n\nLIL PEEP:\nhttp://twitter.com/lilpeep\nhttp://instagram.com/lilpeep\nhttp://soundcloud.com/lil_peep\nhttp://facebook.com/lilpeepmusic\n\n\nCredits:\nStarring: ItsLulo - https://www.instagram.com/itslulo/\nDirected by: Nick Koenig - https://www.nickkoenig.rip/\nStylist: Alanna Pearl - https://www.alannapearl.com/\nDP: CJ Brion\nProduced by: Ryland Burns\nWritten by: Graeme Barrett\nSet consultant: Signe Pierce\nColorist: Josh Bohoskey/The Mill,2018-02-12T14:00:00.000Z,1427962,264990,4756,23195,11
Marshmello x Lil Peep - Spotlight (Official Music Video),MX,Marshmello,Music,"\"marshmello|\"\"lil peep\"\"|\"\"spotlight\"\"|\"\"spotlight music video\"\"|\"\"marshmello lil peep\"\"|\"\"peep\"\"|\"\"mello\"\"|\"\"marshmello spotlight\"\"|\"\"lil peep spotlight\"\"|\"\"awful things\"\"|\"\"goth boy clique\"\"|\"\"lil peep tribute\"\"|\"\"new lil peep\"\"|\"\"soundcloud\"\"|\"\"worldstar\"\"|\"\"goth music\"\"|\"\"sad boy\"\"|\"\"lil tracy\"\"|\"\"benz truck\"\"|\"\"save that shit\"\"|\"\"new music\"\"|\"\"got em like\"\"|\"\"goth boi clique\"\"|\"\"gbc\"\"|\"\"cole bennett\"\"|\"\"peep spotlight\"\"|\"\"ItsLulo\"\"|\"\"Lulo\"\"|\"\"emo\"\"|\"\"rap\"\"|\"\"friends\"\"|\"\"silence\"\"|\"\"wolves\"\"|\"\"музыку\"\"|\"\"spotlight lyrics\"\"\"",Marshmello x Lil Peep - Spotlight\nPurchase & Stream HERE ▶ http://lilpeep.lnk.to/spotlight\n\nSUBSCRIBE HERE ▶ http://youtube.com/marshmellomusic?sub_confirmation=1\n\nGet your NEW Mello™️ by Marshmello gear HERE ▶ http://shop.marshmellomusic.com\n\nWatch Cooking with Marshmello HERE ▶ http://youtube.com/playlist?list=PLcYK4PlHbZQtXROf5fnrr4dO4ruWiv7ts\n\nWATCH LOVE U MUSIC VIDEO ▶ https://youtu.be/D-pKeb6Wf4U\nWATCH TAKE IT BACK MUSIC VIDEO ▶ https://youtu.be/P9Ijqa_2eu0\nWATCH SILENCE MUSIC VIDEO ▶ https://youtu.be/Tx1sqYc3qas\nWATCH BLOCKS MUSIC VIDEO ▶ https://youtu.be/5E4ZBSInqUU\nWATCH YOU & ME MUSIC VIDEO ▶ https://youtu.be/fiusxyygqGk\nWATCH FIND ME MUSIC VIDEO ▶ https://youtu.be/ymq1WdGUcw8\nWATCH MOVING ON MUSIC VIDEO ▶ https://youtu.be/yU0tnrEk8H4\nWATCH SUMMER MUSIC VIDEO ▶ https://youtu.be/2vMH8lITTCE\nWATCH ALONE MUSIC VIDEO ▶ https://youtu.be/ALZHF5UqnU4\nWATCH KEEP IT MELLO MUSIC VIDEO ▶ https://youtu.be/_J_VpmXAzqg\n\n\nMARSHMELLO: \nSpotify | http://spoti.fi/Marshmello\nSoundCloud | http://soundcloud.com/marshmellomusic\nInstagram | http://instagram.com/marshmellomusic\nTwitter | http://twitter.com/marshmellomusic\nFacebook | http://facebook.com/marshmellomusic\nMerch | http://shop.marshmellomusic.com/\n\nLIL PEEP:\nhttp://twitter.com/lilpeep\nhttp://instagram.com/lilpeep\nhttp://soundcloud.com/lil_peep\nhttp://facebook.com/lilpeepmusic\n\n\nCredits:\nStarring: ItsLulo - https://www.instagram.com/itslulo/\nDirected by: Nick Koenig - https://www.nickkoenig.rip/\nStylist: Alanna Pearl - https://www.alannapearl.com/\nDP: CJ Brion\nProduced by: Ryland Burns\nWritten by: Graeme Barrett\nSet consultant: Signe Pierce\nColorist: Josh Bohoskey/The Mill,2018-02-12T14:00:00.000Z,4463530,349173,7781,29223,11
Marshmello x Lil Peep - Spotlight (Official Music Video),MX,Marshmello,Music,"\"marshmello|\"\"lil peep\"\"|\"\"spotlight\"\"|\"\"spotlight music video\"\"|\"\"marshmello lil peep\"\"|\"\"peep\"\"|\"\"mello\"\"|\"\"marshmello spotlight\"\"|\"\"lil peep spotlight\"\"|\"\"awful things\"\"|\"\"goth boy clique\"\"|\"\"lil peep tribute\"\"|\"\"new lil peep\"\"|\"\"soundcloud\"\"|\"\"worldstar\"\"|\"\"goth music\"\"|\"\"sad boy\"\"|\"\"lil tracy\"\"|\"\"benz truck\"\"|\"\"save that shit\"\"|\"\"new music\"\"|\"\"got em like\"\"|\"\"goth boi clique\"\"|\"\"gbc\"\"|\"\"cole bennett\"\"|\"\"peep spotlight\"\"|\"\"ItsLulo\"\"|\"\"Lulo\"\"|\"\"emo\"\"|\"\"rap\"\"|\"\"friends\"\"|\"\"silence\"\"|\"\"wolves\"\"\"",Marshmello x Lil Peep - Spotlight\nPurchase & Stream HERE ▶ http://lilpeep.lnk.to/spotlight\n\nSUBSCRIBE HERE ▶ http://youtube.com/marshmellomusic?sub_confirmation=1\n\nGet your NEW Mello™️ by Marshmello gear HERE ▶ http://shop.marshmellomusic.com\n\nWatch Cooking with Marshmello HERE ▶ http://youtube.com/playlist?list=PLcYK4PlHbZQtXROf5fnrr4dO4ruWiv7ts\n\nWATCH LOVE U MUSIC VIDEO ▶ https://youtu.be/D-pKeb6Wf4U\nWATCH TAKE IT BACK MUSIC VIDEO ▶ https://youtu.be/P9Ijqa_2eu0\nWATCH SILENCE MUSIC VIDEO ▶ https://youtu.be/Tx1sqYc3qas\nWATCH BLOCKS MUSIC VIDEO ▶ https://youtu.be/5E4ZBSInqUU\nWATCH YOU & ME MUSIC VIDEO ▶ https://youtu.be/fiusxyygqGk\nWATCH FIND ME MUSIC VIDEO ▶ https://youtu.be/ymq1WdGUcw8\nWATCH MOVING ON MUSIC VIDEO ▶ https://youtu.be/yU0tnrEk8H4\nWATCH SUMMER MUSIC VIDEO ▶ https://youtu.be/2vMH8lITTCE\nWATCH ALONE MUSIC VIDEO ▶ https://youtu.be/ALZHF5UqnU4\nWATCH KEEP IT MELLO MUSIC VIDEO ▶ https://youtu.be/_J_VpmXAzqg\n\n\nMARSHMELLO: \nSpotify | http://spoti.fi/Marshmello\nSoundCloud | http://soundcloud.com/marshmellomusic\nInstagram | http://instagram.com/marshmellomusic\nTwitter | http://twitter.com/marshmellomusic\nFacebook | http://facebook.com/marshmellomusic\nMerch | http://shop.marshmellomusic.com/\n\nLIL PEEP:\nhttp://twitter.com/lilpeep\nhttp://instagram.com/lilpeep\nhttp://soundcloud.com/lil_peep\nhttp://facebook.com/lilpeepmusic\n\n\nCredits:\nStarring: ItsLulo - https://www.instagram.com/itslulo/\nDirected by: Nick Koenig - https://www.nickkoenig.rip/\nStylist: Alanna Pearl - https://www.alannapearl.com/\nDP: CJ Brion\nProduced by: Ryland Burns\nWritten by: Graeme Barrett\nSet consultant: Signe Pierce\nColorist: Josh Bohoskey/The Mill,2018-02-12T14:00:00.000Z,1427962,264995,4757,23195,11
Marshmello x Lil Peep - Spotlight (Official Music Video),RU,Marshmello,Music,"\"marshmello|\"\"lil peep\"\"|\"\"spotlight\"\"|\"\"spotlight music video\"\"|\"\"marshmello lil peep\"\"|\"\"peep\"\"|\"\"mello\"\"|\"\"marshmello spotlight\"\"|\"\"lil peep spotlight\"\"|\"\"awful things\"\"|\"\"goth boy clique\"\"|\"\"lil peep tribute\"\"|\"\"new lil peep\"\"|\"\"soundcloud\"\"|\"\"worldstar\"\"|\"\"goth music\"\"|\"\"sad boy\"\"|\"\"lil tracy\"\"|\"\"benz truck\"\"|\"\"save that shit\"\"|\"\"new music\"\"|\"\"got em like\"\"|\"\"goth boi clique\"\"|\"\"gbc\"\"|\"\"cole bennett\"\"|\"\"peep spotlight\"\"|\"\"ItsLulo\"\"|\"\"Lulo\"\"|\"\"emo\"\"|\"\"rap\"\"|\"\"friends\"\"|\"\"silence\"\"|\"\"wolves\"\"|\"\"музыку\"\"|\"\"spotlight lyrics\"\"\"",Marshmello x Lil Peep - Spotlight\nPurchase & Stream HERE ▶ http://lilpeep.lnk.to/spotlight\n\nSUBSCRIBE HERE ▶ http://youtube.com/marshmellomusic?sub_confirmation=1\n\nGet your NEW Mello™️ by Marshmello gear HERE ▶ http://shop.marshmellomusic.com\n\nWatch Cooking with Marshmello HERE ▶ http://youtube.com/playlist?list=PLcYK4PlHbZQtXROf5fnrr4dO4ruWiv7ts\n\nWATCH LOVE U MUSIC VIDEO ▶ https://youtu.be/D-pKeb6Wf4U\nWATCH TAKE IT BACK MUSIC VIDEO ▶ https://youtu.be/P9Ijqa_2eu0\nWATCH SILENCE MUSIC VIDEO ▶ https://youtu.be/Tx1sqYc3qas\nWATCH BLOCKS MUSIC VIDEO ▶ https://youtu.be/5E4ZBSInqUU\nWATCH YOU & ME MUSIC VIDEO ▶ https://youtu.be/fiusxyygqGk\nWATCH FIND ME MUSIC VIDEO ▶ https://youtu.be/ymq1WdGUcw8\nWATCH MOVING ON MUSIC VIDEO ▶ https://youtu.be/yU0tnrEk8H4\nWATCH SUMMER MUSIC VIDEO ▶ https://youtu.be/2vMH8lITTCE\nWATCH ALONE MUSIC VIDEO ▶ https://youtu.be/ALZHF5UqnU4\nWATCH KEEP IT MELLO MUSIC VIDEO ▶ https://youtu.be/_J_VpmXAzqg\n\n\nMARSHMELLO: \nSpotify | http://spoti.fi/Marshmello\nSoundCloud | http://soundcloud.com/marshmellomusic\nInstagram | http://instagram.com/marshmellomusic\nTwitter | http://twitter.com/marshmellomusic\nFacebook | http://facebook.com/marshmellomusic\nMerch | http://shop.marshmellomusic.com/\n\nLIL PEEP:\nhttp://twitter.com/lilpeep\nhttp://instagram.com/lilpeep\nhttp://soundcloud.com/lil_peep\nhttp://facebook.com/lilpeepmusic\n\n\nCredits:\nStarring: ItsLulo - https://www.instagram.com/itslulo/\nDirected by: Nick Koenig - https://www.nickkoenig.rip/\nStylist: Alanna Pearl - https://www.alannapearl.com/\nDP: CJ Brion\nProduced by: Ryland Burns\nWritten by: Graeme Barrett\nSet consultant: Signe Pierce\nColorist: Josh Bohoskey/The Mill,2018-02-12T14:00:00.000Z,4463530,349169,7781,29223,11
Marshmello x Lil Peep - Spotlight (Official Music Video),RU,Marshmello,Music,"\"marshmello|\"\"lil peep\"\"|\"\"spotlight\"\"|\"\"spotlight music video\"\"|\"\"marshmello lil peep\"\"|\"\"peep\"\"|\"\"mello\"\"|\"\"marshmello spotlight\"\"|\"\"lil peep spotlight\"\"|\"\"awful things\"\"|\"\"goth boy clique\"\"|\"\"lil peep tribute\"\"|\"\"new lil peep\"\"|\"\"soundcloud\"\"|\"\"worldstar\"\"|\"\"goth music\"\"|\"\"sad boy\"\"|\"\"lil tracy\"\"|\"\"benz truck\"\"|\"\"save that shit\"\"|\"\"new music\"\"|\"\"got em like\"\"|\"\"goth boi clique\"\"|\"\"gbc\"\"|\"\"cole bennett\"\"|\"\"peep spotlight\"\"|\"\"ItsLulo\"\"|\"\"Lulo\"\"|\"\"emo\"\"|\"\"rap\"\"|\"\"friends\"\"|\"\"silence\"\"|\"\"wolves\"\"\"",Marshmello x Lil Peep - Spotlight\nPurchase & Stream HERE ▶ http://lilpeep.lnk.to/spotlight\n\nSUBSCRIBE HERE ▶ http://youtube.com/marshmellomusic?sub_confirmation=1\n\nGet your NEW Mello™️ by Marshmello gear HERE ▶ http://shop.marshmellomusic.com\n\nWatch Cooking with Marshmello HERE ▶ http://youtube.com/playlist?list=PLcYK4PlHbZQtXROf5fnrr4dO4ruWiv7ts\n\nWATCH LOVE U MUSIC VIDEO ▶ https://youtu.be/D-pKeb6Wf4U\nWATCH TAKE IT BACK MUSIC VIDEO ▶ https://youtu.be/P9Ijqa_2eu0\nWATCH SILENCE MUSIC VIDEO ▶ https://youtu.be/Tx1sqYc3qas\nWATCH BLOCKS MUSIC VIDEO ▶ https://youtu.be/5E4ZBSInqUU\nWATCH YOU & ME MUSIC VIDEO ▶ https://youtu.be/fiusxyygqGk\nWATCH FIND ME MUSIC VIDEO ▶ https://youtu.be/ymq1WdGUcw8\nWATCH MOVING ON MUSIC VIDEO ▶ https://youtu.be/yU0tnrEk8H4\nWATCH SUMMER MUSIC VIDEO ▶ https://youtu.be/2vMH8lITTCE\nWATCH ALONE MUSIC VIDEO ▶ https://youtu.be/ALZHF5UqnU4\nWATCH KEEP IT MELLO MUSIC VIDEO ▶ https://youtu.be/_J_VpmXAzqg\n\n\nMARSHMELLO: \nSpotify | http://spoti.fi/Marshmello\nSoundCloud | http://soundcloud.com/marshmellomusic\nInstagram | http://instagram.com/marshmellomusic\nTwitter | http://twitter.com/marshmellomusic\nFacebook | http://facebook.com/marshmellomusic\nMerch | http://shop.marshmellomusic.com/\n\nLIL PEEP:\nhttp://twitter.com/lilpeep\nhttp://instagram.com/lilpeep\nhttp://soundcloud.com/lil_peep\nhttp://facebook.com/lilpeepmusic\n\n\nCredits:\nStarring: ItsLulo - https://www.instagram.com/itslulo/\nDirected by: Nick Koenig - https://www.nickkoenig.rip/\nStylist: Alanna Pearl - https://www.alannapearl.com/\nDP: CJ Brion\nProduced by: Ryland Burns\nWritten by: Graeme Barrett\nSet consultant: Signe Pierce\nColorist: Josh Bohoskey/The Mill,2018-02-12T14:00:00.000Z,1427962,264994,4757,23195,11
