title,country,channel_title,category,tags,description,publish_time,views,likes,dislikes,comment_count,cnt
4 GOLD CHAINS ft. Clams Casino,CA,Lil Peep,Music,"\"lil peep\"|\"peep\"|\"clams casino\"|\"hip hop\"|\"rap\"|\"trap\"|\"new music\"|\"rolling loud\"|\"rolling loud 2018\"|\"4 GOLD CHAINS\"","4 Gold Chains out now on iTunes, Spotify and more: http://smarturl.it/4GoldChainsFeaturing and Produced by Clams Casino Directed by Lil Peep & Heavy RaynShot by Heavy RaynEdited by Mezzyhttp://www.lilpeep.party/ http://twitter.com/lilpeep http://instagram.com/lilpeep http://soundcloud.com/lil_peep http://facebook.com/lilpeepmusichttp://twitter.com/clammyclamshttp://Instagram.com/instclamhttp://Facebook.com/clammyclams/////She's trying to find the wordsI'm trying to find this girlBut it's so dark and I was under club lights Call me on my iphoneI don't pick it up muchI've been losing friends, I don't feel right 4 Gold Chains, gave 2 to my brothersFame bring pain, but the pain make moneyKeep it 100 baby girl what's your number? Girls numb the pain and the drugs get me numb-er (x2) 4 Gold Chains, gave 2 to my brothers4 Gold Chains, gave 2 to my brothersI need 4 whips so I can give em to my brothersI need 4 cribs so I can give em to my mother 4 Gold Chains, gave 2 to my brothers",2018-05-14T04:00:01.000Z,1382189,164208,2605,22885,6
4 GOLD CHAINS ft. Clams Casino,DE,Lil Peep,Music,"\"lil peep\"|\"peep\"|\"clams casino\"|\"hip hop\"|\"rap\"|\"trap\"|\"new music\"|\"rolling loud\"|\"rolling loud 2018\"|\"4 GOLD CHAINS\"","4 Gold Chains out now on iTunes, Spotify and more: http://smarturl.it/4GoldChainsFeaturing and Produced by Clams Casino Directed by Lil Peep & Heavy RaynShot by Heavy RaynEdited by Mezzyhttp://www.lilpeep.party/ http://twitter.com/lilpeep http://instagram.com/lilpeep http://soundcloud.com/lil_peep http://facebook.com/lilpeepmusichttp://twitter.com/clammyclamshttp://Instagram.com/instclamhttp://Facebook.com/clammyclams/////She's trying to find the wordsI'm trying to find this girlBut it's so dark and I was under club lights Call me on my iphoneI don't pick it up muchI've been losing friends, I don't feel right 4 Gold Chains, gave 2 to my brothersFame bring pain, but the pain make moneyKeep it 100 baby girl what's your number? Girls numb the pain and the drugs get me numb-er (x2) 4 Gold Chains, gave 2 to my brothers4 Gold Chains, gave 2 to my brothersI need 4 whips so I can give em to my brothersI need 4 cribs so I can give em to my mother 4 Gold Chains, gave 2 to my brothers",2018-05-14T04:00:01.000Z,1382189,164208,2605,22885,6
4 GOLD CHAINS ft. Clams Casino,FR,Lil Peep,Music,"\"lil peep\"|\"peep\"|\"clams casino\"|\"hip hop\"|\"rap\"|\"trap\"|\"new music\"|\"rolling loud\"|\"rolling loud 2018\"|\"4 GOLD CHAINS\"","4 Gold Chains out now on iTunes, Spotify and more: http://smarturl.it/4GoldChainsFeaturing and Produced by Clams Casino Directed by Lil Peep & Heavy RaynShot by Heavy RaynEdited by Mezzyhttp://www.lilpeep.party/ http://twitter.com/lilpeep http://instagram.com/lilpeep http://soundcloud.com/lil_peep http://facebook.com/lilpeepmusichttp://twitter.com/clammyclamshttp://Instagram.com/instclamhttp://Facebook.com/clammyclams/////She's trying to find the wordsI'm trying to find this girlBut it's so dark and I was under club lights Call me on my iphoneI don't pick it up muchI've been losing friends, I don't feel right 4 Gold Chains, gave 2 to my brothersFame bring pain, but the pain make moneyKeep it 100 baby girl what's your number? Girls numb the pain and the drugs get me numb-er (x2) 4 Gold Chains, gave 2 to my brothers4 Gold Chains, gave 2 to my brothersI need 4 whips so I can give em to my brothersI need 4 cribs so I can give em to my mother 4 Gold Chains, gave 2 to my brothers",2018-05-14T04:00:01.000Z,1382189,164208,2605,22885,6
4 GOLD CHAINS ft. Clams Casino,MX,Lil Peep,Music,"\"lil peep|\"\"peep\"\"|\"\"clams casino\"\"|\"\"hip hop\"\"|\"\"rap\"\"|\"\"trap\"\"|\"\"new music\"\"|\"\"rolling loud\"\"|\"\"rolling loud 2018\"\"|\"\"4 GOLD CHAINS\"\"\"","4 Gold Chains out now on iTunes, Spotify and more: http://smarturl.it/4GoldChainsFeaturing and Produced by Clams Casino Directed by Lil Peep & Heavy RaynShot by Heavy RaynEdited by Mezzyhttp://www.lilpeep.party/ http://twitter.com/lilpeep http://instagram.com/lilpeep http://soundcloud.com/lil_peep http://facebook.com/lilpeepmusichttp://twitter.com/clammyclamshttp://Instagram.com/instclamhttp://Facebook.com/clammyclams/////She's trying to find the wordsI'm trying to find this girlBut it's so dark and I was under club lights Call me on my iphoneI don't pick it up muchI've been losing friends, I don't feel right 4 Gold Chains, gave 2 to my brothersFame bring pain, but the pain make moneyKeep it 100 baby girl what's your number? Girls numb the pain and the drugs get me numb-er (x2) 4 Gold Chains, gave 2 to my brothers4 Gold Chains, gave 2 to my brothersI need 4 whips so I can give em to my brothersI need 4 cribs so I can give em to my mother 4 Gold Chains, gave 2 to my brothers",2018-05-14T04:00:01.000Z,1382189,164209,2605,22885,6
4 GOLD CHAINS ft. Clams Casino,RU,Lil Peep,Music,"\"lil peep|\"\"peep\"\"|\"\"clams casino\"\"|\"\"hip hop\"\"|\"\"rap\"\"|\"\"trap\"\"|\"\"new music\"\"|\"\"rolling loud\"\"|\"\"rolling loud 2018\"\"|\"\"4 GOLD CHAINS\"\"\"","4 Gold Chains out now on iTunes, Spotify and more: http://smarturl.it/4GoldChainsFeaturing and Produced by Clams Casino Directed by Lil Peep & Heavy RaynShot by Heavy RaynEdited by Mezzyhttp://www.lilpeep.party/ http://twitter.com/lilpeep http://instagram.com/lilpeep http://soundcloud.com/lil_peep http://facebook.com/lilpeepmusichttp://twitter.com/clammyclamshttp://Instagram.com/instclamhttp://Facebook.com/clammyclams/////She's trying to find the wordsI'm trying to find this girlBut it's so dark and I was under cold Lights Call me on my iphoneI don't pick it up muchI've been losing friends, I don't feel right 4 Gold Chains, gave 2 to my brothersFame bring pain, but the pain make moneyKeep it 100 baby girl what's your number? Girls numb the pain and the drugs get me numb-er (x2) 4 Gold Chains, gave 2 to my brothers4 Gold Chains, gave 2 to my brothersI need 4 whips so I can give em to my brothersI need 4 cribs so I can give her to my mother 4 Gold Chains, gave 2 to my brothers",2018-05-14T04:00:01.000Z,225471,36922,232,6251,6
4 GOLD CHAINS ft. Clams Casino,RU,Lil Peep,Music,"\"lil peep|\"\"peep\"\"|\"\"clams casino\"\"|\"\"hip hop\"\"|\"\"rap\"\"|\"\"trap\"\"|\"\"new music\"\"|\"\"rolling loud\"\"|\"\"rolling loud 2018\"\"|\"\"4 GOLD CHAINS\"\"\"","4 Gold Chains out now on iTunes, Spotify and more: http://smarturl.it/4GoldChainsFeaturing and Produced by Clams Casino Directed by Lil Peep & Heavy RaynShot by Heavy RaynEdited by Mezzyhttp://www.lilpeep.party/ http://twitter.com/lilpeep http://instagram.com/lilpeep http://soundcloud.com/lil_peep http://facebook.com/lilpeepmusichttp://twitter.com/clammyclamshttp://Instagram.com/instclamhttp://Facebook.com/clammyclams/////She's trying to find the wordsI'm trying to find this girlBut it's so dark and I was under club lights Call me on my iphoneI don't pick it up muchI've been losing friends, I don't feel right 4 Gold Chains, gave 2 to my brothersFame bring pain, but the pain make moneyKeep it 100 baby girl what's your number? Girls numb the pain and the drugs get me numb-er (x2) 4 Gold Chains, gave 2 to my brothers4 Gold Chains, gave 2 to my brothersI need 4 whips so I can give em to my brothersI need 4 cribs so I can give em to my mother 4 Gold Chains, gave 2 to my brothers",2018-05-14T04:00:01.000Z,1382189,164209,2605,22885,6
Everything Wrong With Cars 3 In 14 Minutes Or Less,CA,CinemaSins,Film & Animation,"\"cars 3\"|\"cars\"|\"pixar\"|\"everything wrong with\"|\"eww\"|\"cinemasins\"|\"cinema sins\"|\"movie\"|\"mistakes\"|\"review\"","While loads better than Cars 2, Cars 3 is still not a good movie, and whatever is good about it was already covered in the first movie anyway. Here be its sins. \\n\\nThursday: More 2017 animated sins.\\n\\nRemember, no movie is without sin! Which movie's sins should we expose next?!\\n\\nPodcast: http://soundcloud.com/cinemasins\\nSins Video Playlist: http://www.youtube.com/watch?v=wy-v4c4is-w&list=PLMWfZxj1nTkQBy4AeRGG4xH5d2IIApNPj\\nTweet us: http://twitter.com/cinemasins\\nReddit with us: http://reddit.com/r/cinemasins\\nTumble us: http://cinema-sins.tumblr.com\\nCall us: 405-459-7466\\nJeremy's book: http://theablesbook.com",2017-11-21T16:07:26.000Z,918567,38626,779,6017,6
Everything Wrong With Cars 3 In 14 Minutes Or Less,DE,CinemaSins,Film & Animation,"\"cars 3\"|\"cars\"|\"pixar\"|\"everything wrong with\"|\"eww\"|\"cinemasins\"|\"cinema sins\"|\"movie\"|\"mistakes\"|\"review\"","While loads better than Cars 2, Cars 3 is still not a good movie, and whatever is good about it was already covered in the first movie anyway. Here be its sins. \\n\\nThursday: More 2017 animated sins.\\n\\nRemember, no movie is without sin! Which movie's sins should we expose next?!\\n\\nPodcast: http://soundcloud.com/cinemasins\\nSins Video Playlist: http://www.youtube.com/watch?v=wy-v4c4is-w&list=PLMWfZxj1nTkQBy4AeRGG4xH5d2IIApNPj\\nTweet us: http://twitter.com/cinemasins\\nReddit with us: http://reddit.com/r/cinemasins\\nTumble us: http://cinema-sins.tumblr.com\\nCall us: 405-459-7466\\nJeremy's book: http://theablesbook.com",2017-11-21T16:07:26.000Z,918567,32935,779,5223,6
Everything Wrong With Cars 3 In 14 Minutes Or Less,FR,CinemaSins,Film & Animation,"\"cars 3\"\"|\"\"cars\"\"|\"\"pixar\"\"|\"\"everything wrong with\"\"|\"\"eww\"\"|\"\"cinemasins\"\"|\"\"cinema sins\"\"|\"\"movie\"\"|\"\"mistakes\"\"|\"\"review\"","While loads better than Cars 2, Cars 3 is still not a good movie, and whatever is good about it was already covered in the first movie anyway. Here be its sins. \\n\\nThursday: More 2017 animated sins.\\n\\nRemember, no movie is without sin! Which movie's sins should we expose next?!\\n\\nPodcast: http://soundcloud.com/cinemasins\\nSins Video Playlist: http://www.youtube.com/watch?v=wy-v4c4is-w&list=PLMWfZxj1nTkQBy4AeRGG4xH5d2IIApNPj\\nTweet us: http://twitter.com/cinemasins\\nReddit with us: http://reddit.com/r/cinemasins\\nTumble us: http://cinema-sins.tumblr.com\\nCall us: 405-459-7466\\nJeremy's book: http://theablesbook.com",2017-11-21T16:07:26.000Z,918567,27054,779,4238,6
Everything Wrong With Cars 3 In 14 Minutes Or Less,GB,CinemaSins,Film & Animation,"\"cars 3\"|\"cars\"|\"pixar\"|\"everything wrong with\"|\"eww\"|\"cinemasins\"|\"cinema sins\"|\"movie\"|\"mistakes\"|\"review\"","While loads better than Cars 2, Cars 3 is still not a good movie, and whatever is good about it was already covered in the first movie anyway. Here be its sins. \\n\\nThursday: More 2017 animated sins.\\n\\nRemember, no movie is without sin! Which movie's sins should we expose next?!\\n\\nPodcast: http://soundcloud.com/cinemasins\\nSins Video Playlist: http://www.youtube.com/watch?v=wy-v4c4is-w&list=PLMWfZxj1nTkQBy4AeRGG4xH5d2IIApNPj\\nTweet us: http://twitter.com/cinemasins\\nReddit with us: http://reddit.com/r/cinemasins\\nTumble us: http://cinema-sins.tumblr.com\\nCall us: 405-459-7466\\nJeremy's book: http://theablesbook.com",2017-11-21T16:07:26.000Z,2303131,42395,2237,6802,6
Everything Wrong With Cars 3 In 14 Minutes Or Less,MX,CinemaSins,Film & Animation,"\"cars 3|\"\"cars\"\"|\"\"pixar\"\"|\"\"everything wrong with\"\"|\"\"eww\"\"|\"\"cinemasins\"\"|\"\"cinema sins\"\"|\"\"movie\"\"|\"\"mistakes\"\"|\"\"review\"\"\"","While loads better than Cars 2, Cars 3 is still not a good movie, and whatever is good about it was already covered in the first movie anyway. Here be its sins. \\n\\nThursday: More 2017 animated sins.\\n\\nRemember, no movie is without sin! Which movie's sins should we expose next?!\\n\\nPodcast: http://soundcloud.com/cinemasins\\nSins Video Playlist: http://www.youtube.com/watch?v=wy-v4c4is-w&list=PLMWfZxj1nTkQBy4AeRGG4xH5d2IIApNPj\\nTweet us: http://twitter.com/cinemasins\\nReddit with us: http://reddit.com/r/cinemasins\\nTumble us: http://cinema-sins.tumblr.com\\nCall us: 405-459-7466\\nJeremy's book: http://theablesbook.com",2017-11-21T16:07:26.000Z,918567,27055,779,4238,6
Everything Wrong With Cars 3 In 14 Minutes Or Less,US,CinemaSins,Film & Animation,"\"cars 3\"|\"cars\"|\"pixar\"|\"everything wrong with\"|\"eww\"|\"cinemasins\"|\"cinema sins\"|\"movie\"|\"mistakes\"|\"review\"","While loads better than Cars 2, Cars 3 is still not a good movie, and whatever is good about it was already covered in the first movie anyway. Here be its sins. \\n\\nThursday: More 2017 animated sins.\\n\\nRemember, no movie is without sin! Which movie's sins should we expose next?!\\n\\nPodcast: http://soundcloud.com/cinemasins\\nSins Video Playlist: http://www.youtube.com/watch?v=wy-v4c4is-w&list=PLMWfZxj1nTkQBy4AeRGG4xH5d2IIApNPj\\nTweet us: http://twitter.com/cinemasins\\nReddit with us: http://reddit.com/r/cinemasins\\nTumble us: http://cinema-sins.tumblr.com\\nCall us: 405-459-7466\\nJeremy's book: http://theablesbook.com",2017-11-21T16:07:26.000Z,2303131,42395,2237,6802,6
iMac Pro: 1 Week Impressions!,CA,Marques Brownlee,Science & Technology,"\"iMac Pro\"|\"iMac Pro Impressions\"|\"iMac Pro vs iMac\"|\"iMac Pro vs\"|\"iMac Pro benchmarks\"|\"iMac\"|\"Pro iMac\"|\"Mac Pro\"|\"iMac Pro vs Mac Pro\"|\"benchmarks\"|\"Geekbench\"|\"iMac Pro setup\"|\"iMac setup\"|\"setup tour\"|\"MKBHD\"",iMac Pro has been in the house for a week - this has been my experience so far!\nTwelveSouth Hi Rise Pro: https://www.twelvesouth.com/product/hirise-pro-for-imac\nJohn's iMac Pro Setup: http://youtu.be/Wl7V4LwkfQE\n\niMac Pro: https://www.apple.com/imac-pro/\n\nVideo Gear I use: http://kit.com/MKBHD/video-gear#recommendation17959\n\nIntro Track: Turn Around by Alltta\n\n~\nhttp://twitter.com/MKBHD\nhttp://snapchat.com/add/MKBHD\nhttp://google.com/+MarquesBrownlee\nhttp://instagram.com/MKBHD\nhttp://facebook.com/MKBHD\n\niMac Pro Provided by Apple for video/review.,2017-12-12T14:07:07.000Z,1480096,73330,1715,7341,5
iMac Pro: 1 Week Impressions!,DE,Marques Brownlee,Science & Technology,"\"iMac Pro\"|\"iMac Pro Impressions\"|\"iMac Pro vs iMac\"|\"iMac Pro vs\"|\"iMac Pro benchmarks\"|\"iMac\"|\"Pro iMac\"|\"Mac Pro\"|\"iMac Pro vs Mac Pro\"|\"benchmarks\"|\"Geekbench\"|\"iMac Pro setup\"|\"iMac setup\"|\"setup tour\"|\"MKBHD\"",iMac Pro has been in the house for a week - this has been my experience so far!\nTwelveSouth Hi Rise Pro: https://www.twelvesouth.com/product/hirise-pro-for-imac\nJohn's iMac Pro Setup: http://youtu.be/Wl7V4LwkfQE\n\niMac Pro: https://www.apple.com/imac-pro/\n\nVideo Gear I use: http://kit.com/MKBHD/video-gear#recommendation17959\n\nIntro Track: Turn Around by Alltta\n\n~\nhttp://twitter.com/MKBHD\nhttp://snapchat.com/add/MKBHD\nhttp://google.com/+MarquesBrownlee\nhttp://instagram.com/MKBHD\nhttp://facebook.com/MKBHD\n\niMac Pro Provided by Apple for video/review.,2017-12-12T14:07:07.000Z,1144752,64551,1383,6406,5
iMac Pro: 1 Week Impressions!,FR,Marques Brownlee,Science & Technology,"\"iMac Pro\"\"|\"\"iMac Pro Impressions\"\"|\"\"iMac Pro vs iMac\"\"|\"\"iMac Pro vs\"\"|\"\"iMac Pro benchmarks\"\"|\"\"iMac\"\"|\"\"Pro iMac\"\"|\"\"Mac Pro\"\"|\"\"iMac Pro vs Mac Pro\"\"|\"\"benchmarks\"\"|\"\"Geekbench\"\"|\"\"iMac Pro setup\"\"|\"\"iMac setup\"\"|\"\"setup tour\"\"|\"\"MKBHD\"",iMac Pro has been in the house for a week - this has been my experience so far!\nTwelveSouth Hi Rise Pro: https://www.twelvesouth.com/product/hirise-pro-for-imac\nJohn's iMac Pro Setup: http://youtu.be/Wl7V4LwkfQE\n\niMac Pro: https://www.apple.com/imac-pro/\n\nVideo Gear I use: http://kit.com/MKBHD/video-gear#recommendation17959\n\nIntro Track: Turn Around by Alltta\n\n~\nhttp://twitter.com/MKBHD\nhttp://snapchat.com/add/MKBHD\nhttp://google.com/+MarquesBrownlee\nhttp://instagram.com/MKBHD\nhttp://facebook.com/MKBHD\n\niMac Pro Provided by Apple for video/review.,2017-12-12T14:07:07.000Z,1144752,64551,1383,6406,5
iMac Pro: 1 Week Impressions!,IN,Marques Brownlee,Science & Technology,"\"iMac Pro|\"\"iMac Pro Impressions\"\"|\"\"iMac Pro vs iMac\"\"|\"\"iMac Pro vs\"\"|\"\"iMac Pro benchmarks\"\"|\"\"iMac\"\"|\"\"Pro iMac\"\"|\"\"Mac Pro\"\"|\"\"iMac Pro vs Mac Pro\"\"|\"\"benchmarks\"\"|\"\"Geekbench\"\"|\"\"iMac Pro setup\"\"|\"\"iMac setup\"\"|\"\"setup tour\"\"|\"\"MKBHD\"\"\"",iMac Pro has been in the house for a week - this has been my experience so far!\nTwelveSouth Hi Rise Pro: https://www.twelvesouth.com/product/hirise-pro-for-imac\nJohn's iMac Pro Setup: http://youtu.be/Wl7V4LwkfQE\n\niMac Pro: https://www.apple.com/imac-pro/\n\nVideo Gear I use: http://kit.com/MKBHD/video-gear#recommendation17959\n\nIntro Track: Turn Around by Alltta\n\n~\nhttp://twitter.com/MKBHD\nhttp://snapchat.com/add/MKBHD\nhttp://google.com/+MarquesBrownlee\nhttp://instagram.com/MKBHD\nhttp://facebook.com/MKBHD\n\niMac Pro Provided by Apple for video/review.,2017-12-12T14:07:07.000Z,1144752,64551,1383,6406,5
iMac Pro: 1 Week Impressions!,US,Marques Brownlee,Science & Technology,"\"iMac Pro\"|\"iMac Pro Impressions\"|\"iMac Pro vs iMac\"|\"iMac Pro vs\"|\"iMac Pro benchmarks\"|\"iMac\"|\"Pro iMac\"|\"Mac Pro\"|\"iMac Pro vs Mac Pro\"|\"benchmarks\"|\"Geekbench\"|\"iMac Pro setup\"|\"iMac setup\"|\"setup tour\"|\"MKBHD\"",iMac Pro has been in the house for a week - this has been my experience so far!\nTwelveSouth Hi Rise Pro: https://www.twelvesouth.com/product/hirise-pro-for-imac\nJohn's iMac Pro Setup: http://youtu.be/Wl7V4LwkfQE\n\niMac Pro: https://www.apple.com/imac-pro/\n\nVideo Gear I use: http://kit.com/MKBHD/video-gear#recommendation17959\n\nIntro Track: Turn Around by Alltta\n\n~\nhttp://twitter.com/MKBHD\nhttp://snapchat.com/add/MKBHD\nhttp://google.com/+MarquesBrownlee\nhttp://instagram.com/MKBHD\nhttp://facebook.com/MKBHD\n\niMac Pro Provided by Apple for video/review.,2017-12-12T14:07:07.000Z,1845803,82929,2105,8134,5
