title,country,channel_title,category,tags,description,publish_time,views,likes,dislikes,comment_count,cnt
Alexa randomly laughing compilation,CA,chadnisha,People & Blogs,"\"alexa\"|\"laugh\"|\"laughing\"|\"random\"|\"creepy\"|\"scary\"|\"spontaneous\"|\"echo\"|\"amazon\"|\"siri\"","All known occurrences of Alexa randomly laughing, unprompted.\\n\\nMore than a little creepy.",2018-03-07T16:03:41.000Z,315521,9106,751,467,5
Alexa randomly laughing compilation,DE,chadnisha,People & Blogs,"\"alexa\"|\"laugh\"|\"laughing\"|\"random\"|\"creepy\"|\"scary\"|\"spontaneous\"|\"echo\"|\"amazon\"|\"siri\"","All known occurrences of Alexa randomly laughing, unprompted.\\n\\nMore than a little creepy.",2018-03-07T16:03:41.000Z,315521,9106,751,467,5
Alexa randomly laughing compilation,JP,chadnisha,People & Blogs,"\"alexa|\"\"laugh\"\"|\"\"laughing\"\"|\"\"random\"\"|\"\"creepy\"\"|\"\"scary\"\"|\"\"spontaneous\"\"|\"\"echo\"\"|\"\"amazon\"\"|\"\"siri\"\"\"","All known occurrences of Alexa randomly laughing, unprompted.\\n\\nMore than a little creepy.",2018-03-07T16:03:41.000Z,315521,9106,751,467,5
Alexa randomly laughing compilation,KR,chadnisha,People & Blogs,"\"alexa|\"\"laugh\"\"|\"\"laughing\"\"|\"\"random\"\"|\"\"creepy\"\"|\"\"scary\"\"|\"\"spontaneous\"\"|\"\"echo\"\"|\"\"amazon\"\"|\"\"siri\"\"\"","All known occurrences of Alexa randomly laughing, unprompted.\\n\\nMore than a little creepy.",2018-03-07T16:03:41.000Z,315521,9106,751,467,5
Alexa randomly laughing compilation,MX,chadnisha,People & Blogs,"\"alexa|\"\"laugh\"\"|\"\"laughing\"\"|\"\"random\"\"|\"\"creepy\"\"|\"\"scary\"\"|\"\"spontaneous\"\"|\"\"echo\"\"|\"\"amazon\"\"|\"\"siri\"\"\"","All known occurrences of Alexa randomly laughing, unprompted.\\n\\nMore than a little creepy.",2018-03-07T16:03:41.000Z,1287591,9106,751,1742,5
Best Old English Love Songs♥♥♥♥Love Songs 80's 90's Collection♥♥♥♥Greatest Old Love Songs 2017,CA,Love Romatic,Music,"\"Old English Love Songs\"|\"Best Old English Love Songs\"|\"Love Songs\"|\"Love Songs 80's 90's\"|\"Love Songs 80's 90's Collection\"|\"Old Love Songs\"|\"Greatest Old Love Songs\"|\"old english songs\"|\"old english songs classics\"|\"old english love songs collection\"|\"greatest old love songs of all time\"|\"old but gold love songs\"|\"love songs playlist\"|\"old love songs english\"|\"best old love songs of all time\"|\"classic love songs of all time\"|\"class\"","Best Old English Love Songs♥♥♥♥Love Songs 80's 90's Collection♥♥♥♥Greatest Old Love Songs 2017\\nBest Old English Love Songs♥♥♥♥Love Songs 80's 90's Collection♥♥♥♥Greatest Old Love Songs 2017\\nBest Old English Love Songs♥♥♥♥Love Songs 80's 90's Collection♥♥♥♥Greatest Old Love Songs 2017\\n**Thanks Fan's OPM Love Songs for timing this Share, comment, Subscribe **\\n\\n\\n☞ Follow facebook : https://goo.gl/ebZJzS\\n☞ Subscribe : https://goo.gl/xv7CV1\\n☞ Twitter : https://goo.gl/ZiIjo9\\n♫ Love Songs playlist : https://goo.gl/hbDwWp\\n♫ Nonstop OPM playlist : https://goo.gl/ewUj7A\\n\\n\\n* None of these images, music & video clips were created/owned by us. \\n* This video is purely fan-made, if you (owners) want to remove this video, please CONTACT US DIRECTLY before doing anything. We will respectfully remove it.\\n\\nTags :\\n\\nopm,opm songsnonstop,love songs,opm 2017,best opm,hugot,nonstop love songs,opm romantic,opm love songs collection,opm songs romantic,pilipino,opm nonstop,opm love songs,opm collection,english songs,\\ninspirational,opm lovesongs,opm playlist,opm album,opm nonstop 2017,opm video,opm nonstop love songs,love songs collection,top opm songs,top opm,opm love songs playlist,lovesongs,love songs opm",2017-12-30T09:48:49.000Z,857687,2449,780,231,5
Best Old English Love Songs♥♥♥♥Love Songs 80's 90's Collection♥♥♥♥Greatest Old Love Songs 2017,DE,Love Romatic,Music,"\"Old English Love Songs\"|\"Best Old English Love Songs\"|\"Love Songs\"|\"Love Songs 80's 90's\"|\"Love Songs 80's 90's Collection\"|\"Old Love Songs\"|\"Greatest Old Love Songs\"|\"old english songs\"|\"old english songs classics\"|\"old english love songs collection\"|\"greatest old love songs of all time\"|\"old but gold love songs\"|\"love songs playlist\"|\"old love songs english\"|\"best old love songs of all time\"|\"classic love songs of all time\"|\"class\"","Best Old English Love Songs♥♥♥♥Love Songs 80's 90's Collection♥♥♥♥Greatest Old Love Songs 2017\\nBest Old English Love Songs♥♥♥♥Love Songs 80's 90's Collection♥♥♥♥Greatest Old Love Songs 2017\\nBest Old English Love Songs♥♥♥♥Love Songs 80's 90's Collection♥♥♥♥Greatest Old Love Songs 2017\\n**Thanks Fan's OPM Love Songs for timing this Share, comment, Subscribe **\\n\\n\\n☞ Follow facebook : https://goo.gl/ebZJzS\\n☞ Subscribe : https://goo.gl/xv7CV1\\n☞ Twitter : https://goo.gl/ZiIjo9\\n♫ Love Songs playlist : https://goo.gl/hbDwWp\\n♫ Nonstop OPM playlist : https://goo.gl/ewUj7A\\n\\n\\n* None of these images, music & video clips were created/owned by us. \\n* This video is purely fan-made, if you (owners) want to remove this video, please CONTACT US DIRECTLY before doing anything. We will respectfully remove it.\\n\\nTags :\\n\\nopm,opm songsnonstop,love songs,opm 2017,best opm,hugot,nonstop love songs,opm romantic,opm love songs collection,opm songs romantic,pilipino,opm nonstop,opm love songs,opm collection,english songs,\\ninspirational,opm lovesongs,opm playlist,opm album,opm nonstop 2017,opm video,opm nonstop love songs,love songs collection,top opm songs,top opm,opm love songs playlist,lovesongs,love songs opm",2017-12-30T09:48:49.000Z,857687,2449,780,231,5
Best Old English Love Songs♥♥♥♥Love Songs 80's 90's Collection♥♥♥♥Greatest Old Love Songs 2017,FR,Love Romatic,Music,"\"Old English Love Songs\"\"|\"\"Best Old English Love Songs\"\"|\"\"Love Songs\"\"|\"\"Love Songs 80's 90's\"\"|\"\"Love Songs 80's 90's Collection\"\"|\"\"Old Love Songs\"\"|\"\"Greatest Old Love Songs\"\"|\"\"old english songs\"\"|\"\"old english songs classics\"\"|\"\"old english love songs collection\"\"|\"\"greatest old love songs of all time\"\"|\"\"old but gold love songs\"\"|\"\"love songs playlist\"\"|\"\"old love songs english\"\"|\"\"best old love songs of all time\"\"|\"\"classic love songs of all time\"\"|\"\"class\"","Best Old English Love Songs♥♥♥♥Love Songs 80's 90's Collection♥♥♥♥Greatest Old Love Songs 2017\\nBest Old English Love Songs♥♥♥♥Love Songs 80's 90's Collection♥♥♥♥Greatest Old Love Songs 2017\\nBest Old English Love Songs♥♥♥♥Love Songs 80's 90's Collection♥♥♥♥Greatest Old Love Songs 2017\\n**Thanks Fan's OPM Love Songs for timing this Share, comment, Subscribe **\\n\\n\\n☞ Follow facebook : https://goo.gl/ebZJzS\\n☞ Subscribe : https://goo.gl/xv7CV1\\n☞ Twitter : https://goo.gl/ZiIjo9\\n♫ Love Songs playlist : https://goo.gl/hbDwWp\\n♫ Nonstop OPM playlist : https://goo.gl/ewUj7A\\n\\n\\n* None of these images, music & video clips were created/owned by us. \\n* This video is purely fan-made, if you (owners) want to remove this video, please CONTACT US DIRECTLY before doing anything. We will respectfully remove it.\\n\\nTags :\\n\\nopm,opm songsnonstop,love songs,opm 2017,best opm,hugot,nonstop love songs,opm romantic,opm love songs collection,opm songs romantic,pilipino,opm nonstop,opm love songs,opm collection,english songs,\\ninspirational,opm lovesongs,opm playlist,opm album,opm nonstop 2017,opm video,opm nonstop love songs,love songs collection,top opm songs,top opm,opm love songs playlist,lovesongs,love songs opm",2017-12-30T09:48:49.000Z,840162,2362,764,215,5
Best Old English Love Songs♥♥♥♥Love Songs 80's 90's Collection♥♥♥♥Greatest Old Love Songs 2017,MX,Love Romatic,Music,"\"Old English Love Songs|\"\"Best Old English Love Songs\"\"|\"\"Love Songs\"\"|\"\"Love Songs 80's 90's\"\"|\"\"Love Songs 80's 90's Collection\"\"|\"\"Old Love Songs\"\"|\"\"Greatest Old Love Songs\"\"|\"\"old english songs\"\"|\"\"old english songs classics\"\"|\"\"old english love songs collection\"\"|\"\"greatest old love songs of all time\"\"|\"\"old but gold love songs\"\"|\"\"love songs playlist\"\"|\"\"old love songs english\"\"|\"\"best old love songs of all time\"\"|\"\"classic love songs of all time\"\"|\"\"class\"\"\"","Best Old English Love Songs♥♥♥♥Love Songs 80's 90's Collection♥♥♥♥Greatest Old Love Songs 2017\\nBest Old English Love Songs♥♥♥♥Love Songs 80's 90's Collection♥♥♥♥Greatest Old Love Songs 2017\\nBest Old English Love Songs♥♥♥♥Love Songs 80's 90's Collection♥♥♥♥Greatest Old Love Songs 2017\\n**Thanks Fan's OPM Love Songs for timing this Share, comment, Subscribe **\\n\\n\\n☞ Follow facebook : https://goo.gl/ebZJzS\\n☞ Subscribe : https://goo.gl/xv7CV1\\n☞ Twitter : https://goo.gl/ZiIjo9\\n♫ Love Songs playlist : https://goo.gl/hbDwWp\\n♫ Nonstop OPM playlist : https://goo.gl/ewUj7A\\n\\n\\n* None of these images, music & video clips were created/owned by us. \\n* This video is purely fan-made, if you (owners) want to remove this video, please CONTACT US DIRECTLY before doing anything. We will respectfully remove it.\\n\\nTags :\\n\\nopm,opm songsnonstop,love songs,opm 2017,best opm,hugot,nonstop love songs,opm romantic,opm love songs collection,opm songs romantic,pilipino,opm nonstop,opm love songs,opm collection,english songs,\\ninspirational,opm lovesongs,opm playlist,opm album,opm nonstop 2017,opm video,opm nonstop love songs,love songs collection,top opm songs,top opm,opm love songs playlist,lovesongs,love songs opm",2017-12-30T09:48:49.000Z,840162,2362,764,215,5
Best Old English Love Songs♥♥♥♥Love Songs 80's 90's Collection♥♥♥♥Greatest Old Love Songs 2017,RU,Love Romatic,Music,"\"Old English Love Songs|\"\"Best Old English Love Songs\"\"|\"\"Love Songs\"\"|\"\"Love Songs 80's 90's\"\"|\"\"Love Songs 80's 90's Collection\"\"|\"\"Old Love Songs\"\"|\"\"Greatest Old Love Songs\"\"|\"\"old english songs\"\"|\"\"old english songs classics\"\"|\"\"old english love songs collection\"\"|\"\"greatest old love songs of all time\"\"|\"\"old but gold love songs\"\"|\"\"love songs playlist\"\"|\"\"old love songs english\"\"|\"\"best old love songs of all time\"\"|\"\"classic love songs of all time\"\"|\"\"class\"\"\"","Best Old English Love Songs♥♥♥♥Love Songs 80's 90's Collection♥♥♥♥Greatest Old Love Songs 2017\\nBest Old English Love Songs♥♥♥♥Love Songs 80's 90's Collection♥♥♥♥Greatest Old Love Songs 2017\\nBest Old English Love Songs♥♥♥♥Love Songs 80's 90's Collection♥♥♥♥Greatest Old Love Songs 2017\\n**Thanks Fan's OPM Love Songs for timing this Share, comment, Subscribe **\\n\\n\\n☞ Follow facebook : https://goo.gl/ebZJzS\\n☞ Subscribe : https://goo.gl/xv7CV1\\n☞ Twitter : https://goo.gl/ZiIjo9\\n♫ Love Songs playlist : https://goo.gl/hbDwWp\\n♫ Nonstop OPM playlist : https://goo.gl/ewUj7A\\n\\n\\n* None of these images, music & video clips were created/owned by us. \\n* This video is purely fan-made, if you (owners) want to remove this video, please CONTACT US DIRECTLY before doing anything. We will respectfully remove it.\\n\\nTags :\\n\\nopm,opm songsnonstop,love songs,opm 2017,best opm,hugot,nonstop love songs,opm romantic,opm love songs collection,opm songs romantic,pilipino,opm nonstop,opm love songs,opm collection,english songs,\\ninspirational,opm lovesongs,opm playlist,opm album,opm nonstop 2017,opm video,opm nonstop love songs,love songs collection,top opm songs,top opm,opm love songs playlist,lovesongs,love songs opm",2017-12-30T09:48:49.000Z,666199,1714,531,146,5
Little Mix bring the Power & CNCO to The X Factor Final! | Final | The X Factor 2017,CA,The X Factor UK,Entertainment,"\"the x factor\"|\"x factor\"|\"X factor UK\"|\"x factor 2017\"|\"simon cowell\"|\"nicole\"|\"sharon\"|\"louis\"|\"talent\"|\"auditions\"|\"judges\"|\"season 14\"|\"series 14\"|\"X Factor UK 2017\"|\"X Factor 2017 audition\"|\"The x factor 2017\"|\"XFactor 2017\"|\"itv\"","Visit the official site: http://itv.com/xfactor\\n\\nCalling all Mixers... Our girls are back where it all began to show the Contestants exactly what it takes to become winners!\\n \\nWatch as they team up with CNCO and treat us to a mash-up of Power/Reggaeton Lento. Needless to say, they’re bringing ALL of the sass!\\n\\nSUBSCRIBE: http://bit.ly/TXFSub\\nFacebook: http://bit.ly/TXFFB\\nTwitter: http://bit.ly/TXFTwi\\nDownload The X Factor mobile app: http://bit.ly/TXFapp\\nWatch full episodes on ITV Hub (UK ONLY): http://www.itv.com/hub/the-x-factor",2017-12-03T19:47:01.000Z,892103,99783,952,0,5
Little Mix bring the Power & CNCO to The X Factor Final! | Final | The X Factor 2017,DE,The X Factor UK,Entertainment,"\"the x factor\"|\"x factor\"|\"X factor UK\"|\"x factor 2017\"|\"simon cowell\"|\"nicole\"|\"sharon\"|\"louis\"|\"talent\"|\"auditions\"|\"judges\"|\"season 14\"|\"series 14\"|\"X Factor UK 2017\"|\"X Factor 2017 audition\"|\"The x factor 2017\"|\"XFactor 2017\"|\"itv\"","Visit the official site: http://itv.com/xfactor\\n\\nCalling all Mixers... Our girls are back where it all began to show the Contestants exactly what it takes to become winners!\\n \\nWatch as they team up with CNCO and treat us to a mash-up of Power/Reggaeton Lento. Needless to say, they’re bringing ALL of the sass!\\n\\nSUBSCRIBE: http://bit.ly/TXFSub\\nFacebook: http://bit.ly/TXFFB\\nTwitter: http://bit.ly/TXFTwi\\nDownload The X Factor mobile app: http://bit.ly/TXFapp\\nWatch full episodes on ITV Hub (UK ONLY): http://www.itv.com/hub/the-x-factor",2017-12-03T19:47:01.000Z,892103,99783,952,0,5
Little Mix bring the Power & CNCO to The X Factor Final! | Final | The X Factor 2017,FR,The X Factor UK,Entertainment,"\"the x factor\"\"|\"\"x factor\"\"|\"\"X factor UK\"\"|\"\"x factor 2017\"\"|\"\"simon cowell\"\"|\"\"nicole\"\"|\"\"sharon\"\"|\"\"louis\"\"|\"\"talent\"\"|\"\"auditions\"\"|\"\"judges\"\"|\"\"season 14\"\"|\"\"series 14\"\"|\"\"X Factor UK 2017\"\"|\"\"X Factor 2017 audition\"\"|\"\"The x factor 2017\"\"|\"\"XFactor 2017\"\"|\"\"itv\"","Visit the official site: http://itv.com/xfactor\\n\\nCalling all Mixers... Our girls are back where it all began to show the Contestants exactly what it takes to become winners!\\n \\nWatch as they team up with CNCO and treat us to a mash-up of Power/Reggaeton Lento. Needless to say, they’re bringing ALL of the sass!\\n\\nSUBSCRIBE: http://bit.ly/TXFSub\\nFacebook: http://bit.ly/TXFFB\\nTwitter: http://bit.ly/TXFTwi\\nDownload The X Factor mobile app: http://bit.ly/TXFapp\\nWatch full episodes on ITV Hub (UK ONLY): http://www.itv.com/hub/the-x-factor",2017-12-03T19:47:01.000Z,892103,99783,952,0,5
Little Mix bring the Power & CNCO to The X Factor Final! | Final | The X Factor 2017,MX,The X Factor UK,Entertainment,"\"the x factor|\"\"x factor\"\"|\"\"X factor UK\"\"|\"\"x factor 2017\"\"|\"\"simon cowell\"\"|\"\"nicole\"\"|\"\"sharon\"\"|\"\"louis\"\"|\"\"talent\"\"|\"\"auditions\"\"|\"\"judges\"\"|\"\"season 14\"\"|\"\"series 14\"\"|\"\"X Factor UK 2017\"\"|\"\"X Factor 2017 audition\"\"|\"\"The x factor 2017\"\"|\"\"XFactor 2017\"\"|\"\"itv\"\"\"","Visit the official site: http://itv.com/xfactor\\n\\nCalling all Mixers... Our girls are back where it all began to show the Contestants exactly what it takes to become winners!\\n \\nWatch as they team up with CNCO and treat us to a mash-up of Power/Reggaeton Lento. Needless to say, they’re bringing ALL of the sass!\\n\\nSUBSCRIBE: http://bit.ly/TXFSub\\nFacebook: http://bit.ly/TXFFB\\nTwitter: http://bit.ly/TXFTwi\\nDownload The X Factor mobile app: http://bit.ly/TXFapp\\nWatch full episodes on ITV Hub (UK ONLY): http://www.itv.com/hub/the-x-factor",2017-12-03T19:47:01.000Z,892103,99784,952,0,5
Little Mix bring the Power & CNCO to The X Factor Final! | Final | The X Factor 2017,US,The X Factor UK,Entertainment,"\"the x factor\"|\"x factor\"|\"X factor UK\"|\"x factor 2017\"|\"simon cowell\"|\"nicole\"|\"sharon\"|\"louis\"|\"talent\"|\"auditions\"|\"judges\"|\"season 14\"|\"series 14\"|\"X Factor UK 2017\"|\"X Factor 2017 audition\"|\"The x factor 2017\"|\"XFactor 2017\"|\"itv\"","Visit the official site: http://itv.com/xfactor\\n\\nCalling all Mixers... Our girls are back where it all began to show the Contestants exactly what it takes to become winners!\\n \\nWatch as they team up with CNCO and treat us to a mash-up of Power/Reggaeton Lento. Needless to say, they’re bringing ALL of the sass!\\n\\nSUBSCRIBE: http://bit.ly/TXFSub\\nFacebook: http://bit.ly/TXFFB\\nTwitter: http://bit.ly/TXFTwi\\nDownload The X Factor mobile app: http://bit.ly/TXFapp\\nWatch full episodes on ITV Hub (UK ONLY): http://www.itv.com/hub/the-x-factor",2017-12-03T19:47:01.000Z,892103,99783,952,0,5
Resumen de Real Madrid vs Real Sociedad (5-2),DE,LaLiga Santander,Sports,"\"española\"|\"oficial\"|\"soccer\"|\"football\"|\"spanish league\"|\"laliga\"|\"resumen\"|\"highlight\"|\"Real Madrid vs Real Sociedad 5-2\"|\"sp:st=soccer\"|\"sp:li=liga\"|\"sp:vl=es\"|\"sp:dt=2018-02-10T20:45:00+01:00\"|\"sp:ti:home=rma\"|\"sp:ti:away=rso\"|\"sp:ty=high\"|\"sp:or=2\"|\"hl\"|\"highlights\"|\"Cristiano Ronaldo\"|\"Kroos\"|\"Lucas Vázquez\"|\"Illarramendi\"|\"Jon Bautista\"|\"Real Madrid Vs Real Sociedad Resumen\"|\"Real Madrid Vs Real Sociedad Highlights\"|\"Real Madrid 5-2 Real Sociedad 2018\"|\"Real Madrid 5 Vs Real Sociedad 2\"",El Real Madrid golea a la Real Sociedad con tres goles de Cristiano Ronaldo LaLiga Santander J23\nSuscríbete al canal oficial de LaLiga Santander en HD | 2018-02-10 00.00h | J23 | RMA | RSO\nLaLiga Santander on YouTube: http://goo.gl/Cp0tC\nLaCopa on YouTube: http://bit.ly/1P4ZriP\nLaLiga 1|2|3 on YouTube: http://bit.ly/1OvSXbi\nFacebook: https://www.facebook.com/LaLiga\nTwitter: https://twitter.com/LaLiga\nInstagram: https://instagram.com/laliga\nGoogle+: http://goo.gl/46Py9,2018-02-10T23:00:01.000Z,764195,6473,710,496,5
Resumen de Real Madrid vs Real Sociedad (5-2),IN,LaLiga Santander,Sports,"\"española|\"\"oficial\"\"|\"\"soccer\"\"|\"\"football\"\"|\"\"spanish league\"\"|\"\"laliga\"\"|\"\"resumen\"\"|\"\"highlight\"\"|\"\"Real Madrid vs Real Sociedad 5-2\"\"|\"\"sp:st=soccer\"\"|\"\"sp:li=liga\"\"|\"\"sp:vl=es\"\"|\"\"sp:dt=2018-02-10T20:45:00+01:00\"\"|\"\"sp:ti:home=rma\"\"|\"\"sp:ti:away=rso\"\"|\"\"sp:ty=high\"\"|\"\"sp:or=2\"\"|\"\"hl\"\"|\"\"highlights\"\"|\"\"Cristiano Ronaldo\"\"|\"\"Kroos\"\"|\"\"Lucas Vázquez\"\"|\"\"Illarramendi\"\"|\"\"Jon Bautista\"\"|\"\"Real Madrid Vs Real Sociedad Resumen\"\"|\"\"Real Madrid Vs Real Sociedad Highlights\"\"|\"\"Real Madrid 5-2 Real Sociedad 2018\"\"|\"\"Real Madrid 5 Vs Real Sociedad 2\"\"\"",El Real Madrid golea a la Real Sociedad con tres goles de Cristiano Ronaldo LaLiga Santander J23\nSuscríbete al canal oficial de LaLiga Santander en HD | 2018-02-10 00.00h | J23 | RMA | RSO\nLaLiga Santander on YouTube: http://goo.gl/Cp0tC\nLaCopa on YouTube: http://bit.ly/1P4ZriP\nLaLiga 1|2|3 on YouTube: http://bit.ly/1OvSXbi\nFacebook: https://www.facebook.com/LaLiga\nTwitter: https://twitter.com/LaLiga\nInstagram: https://instagram.com/laliga\nGoogle+: http://goo.gl/46Py9,2018-02-10T23:00:01.000Z,863419,7298,903,580,5
Resumen de Real Madrid vs Real Sociedad (5-2),JP,LaLiga Santander,Sports,"\"española|\"\"oficial\"\"|\"\"soccer\"\"|\"\"football\"\"|\"\"spanish league\"\"|\"\"laliga\"\"|\"\"resumen\"\"|\"\"highlight\"\"|\"\"Real Madrid vs Real Sociedad 5-2\"\"|\"\"sp:st=soccer\"\"|\"\"sp:li=liga\"\"|\"\"sp:vl=es\"\"|\"\"sp:dt=2018-02-10T20:45:00+01:00\"\"|\"\"sp:ti:home=rma\"\"|\"\"sp:ti:away=rso\"\"|\"\"sp:ty=high\"\"|\"\"sp:or=2\"\"|\"\"hl\"\"|\"\"highlights\"\"|\"\"Cristiano Ronaldo\"\"|\"\"Kroos\"\"|\"\"Lucas Vázquez\"\"|\"\"Illarramendi\"\"|\"\"Jon Bautista\"\"|\"\"Real Madrid Vs Real Sociedad Resumen\"\"|\"\"Real Madrid Vs Real Sociedad Highlights\"\"|\"\"Real Madrid 5-2 Real Sociedad 2018\"\"|\"\"Real Madrid 5 Vs Real Sociedad 2\"\"\"",El Real Madrid golea a la Real Sociedad con tres goles de Cristiano Ronaldo LaLiga Santander J23\nSuscríbete al canal oficial de LaLiga Santander en HD | 2018-02-10 00.00h | J23 | RMA | RSO\nLaLiga Santander on YouTube: http://goo.gl/Cp0tC\nLaCopa on YouTube: http://bit.ly/1P4ZriP\nLaLiga 1|2|3 on YouTube: http://bit.ly/1OvSXbi\nFacebook: https://www.facebook.com/LaLiga\nTwitter: https://twitter.com/LaLiga\nInstagram: https://instagram.com/laliga\nGoogle+: http://goo.gl/46Py9,2018-02-10T23:00:01.000Z,296617,3445,282,275,5
Resumen de Real Madrid vs Real Sociedad (5-2),MX,LaLiga Santander,Sports,"\"española|\"\"oficial\"\"|\"\"soccer\"\"|\"\"football\"\"|\"\"spanish league\"\"|\"\"laliga\"\"|\"\"resumen\"\"|\"\"highlight\"\"|\"\"Real Madrid vs Real Sociedad 5-2\"\"|\"\"sp:st=soccer\"\"|\"\"sp:li=liga\"\"|\"\"sp:vl=es\"\"|\"\"sp:dt=2018-02-10T20:45:00+01:00\"\"|\"\"sp:ti:home=rma\"\"|\"\"sp:ti:away=rso\"\"|\"\"sp:ty=high\"\"|\"\"sp:or=2\"\"|\"\"hl\"\"|\"\"highlights\"\"|\"\"Cristiano Ronaldo\"\"|\"\"Kroos\"\"|\"\"Lucas Vázquez\"\"|\"\"Illarramendi\"\"|\"\"Jon Bautista\"\"|\"\"Real Madrid Vs Real Sociedad Resumen\"\"|\"\"Real Madrid Vs Real Sociedad Highlights\"\"|\"\"Real Madrid 5-2 Real Sociedad 2018\"\"|\"\"Real Madrid 5 Vs Real Sociedad 2\"\"\"",El Real Madrid golea a la Real Sociedad con tres goles de Cristiano Ronaldo LaLiga Santander J23\nSuscríbete al canal oficial de LaLiga Santander en HD | 2018-02-10 00.00h | J23 | RMA | RSO\nLaLiga Santander on YouTube: http://goo.gl/Cp0tC\nLaCopa on YouTube: http://bit.ly/1P4ZriP\nLaLiga 1|2|3 on YouTube: http://bit.ly/1OvSXbi\nFacebook: https://www.facebook.com/LaLiga\nTwitter: https://twitter.com/LaLiga\nInstagram: https://instagram.com/laliga\nGoogle+: http://goo.gl/46Py9,2018-02-10T23:00:01.000Z,298256,3446,282,275,5
Resumen de Real Madrid vs Real Sociedad (5-2),RU,LaLiga Santander,Sports,"\"española|\"\"oficial\"\"|\"\"soccer\"\"|\"\"football\"\"|\"\"spanish league\"\"|\"\"laliga\"\"|\"\"resumen\"\"|\"\"highlight\"\"|\"\"Real Madrid vs Real Sociedad 5-2\"\"|\"\"sp:st=soccer\"\"|\"\"sp:li=liga\"\"|\"\"sp:vl=es\"\"|\"\"sp:dt=2018-02-10T20:45:00+01:00\"\"|\"\"sp:ti:home=rma\"\"|\"\"sp:ti:away=rso\"\"|\"\"sp:ty=high\"\"|\"\"sp:or=2\"\"|\"\"hl\"\"|\"\"highlights\"\"|\"\"Cristiano Ronaldo\"\"|\"\"Kroos\"\"|\"\"Lucas Vázquez\"\"|\"\"Illarramendi\"\"|\"\"Jon Bautista\"\"|\"\"Real Madrid Vs Real Sociedad Resumen\"\"|\"\"Real Madrid Vs Real Sociedad Highlights\"\"|\"\"Real Madrid 5-2 Real Sociedad 2018\"\"|\"\"Real Madrid 5 Vs Real Sociedad 2\"\"\"",El Real Madrid golea a la Real Sociedad con tres goles de Cristiano Ronaldo LaLiga Santander J23\nSuscríbete al canal oficial de LaLiga Santander en HD | 2018-02-10 00.00h | J23 | RMA | RSO\nLaLiga Santander on YouTube: http://goo.gl/Cp0tC\nLaCopa on YouTube: http://bit.ly/1P4ZriP\nLaLiga 1|2|3 on YouTube: http://bit.ly/1OvSXbi\nFacebook: https://www.facebook.com/LaLiga\nTwitter: https://twitter.com/LaLiga\nInstagram: https://instagram.com/laliga\nGoogle+: http://goo.gl/46Py9,2018-02-10T23:00:01.000Z,296617,3445,282,275,5
Sevilla Vs Barcelona 2-2 - All Goals & Highlights - Resumen y Goles 31/03/2018 HD,CA,NugoBasilaiaa,Sports,"\"Sevilla Vs Barcelona 2-2 - All Goals & Extended Highlights - 31\\/03\\/2018 HD\"|\"Sevilla Vs Barcelona 2-2 ● All Goals & Extended Highlights ● 31\\/03\\/2018 [HD]\"|\"Barcelona vs Sevilla\"|\"Sevilla vs Barcelona\"|\"Sevilla vs Barcelona highlights\"|\"Barcelona vs Sevilla all goals\"|\"2018 Sevilla Vs Barcelona Resumen.\"|\"Sevilla Vs Barcelona 2-2 all goals and highlights 31\\/03\\/2018\"|\"indonesia\"|\"Resumen de Sevilla Vs Barcelona (2-2)\"|\"messi goal sevilla\"","Sevilla Vs Barcelona 2-2 - All Goals & Highlights - Resumen y Goles 31/03/2018 HD\\n\\nVideo Is Presented By Nugo Basilaia \\n\\n\\n\\nSevilla, Barcelona, Sevilla Vs Barcelona, goal, Fc Sevilla, football, Sevilla Vs Barcelona 2018, Sevilla Vs Barcelona highlights, goals, highlights, soccer, Sevilla Vs Barcelona, football (interest), Barcelona FC, Sevilla Vs Barcelona 2-2 - 31/03/2018  hd, Sevilla Vs Barcelona Sevilla Vs Barcelona livestream, Sevilla Vs Barcelona live, Sevilla Vs Barcelona all goals Sevilla Vs Barcelona post match analysis Sevilla Vs Barcelona all goals highlights, Sevilla Vs Barcelona analysis, Sevilla Vs Barcelona preview\\nSevilla Vs Barcelona 2-2 all goals and highlights 31/03/2018  \\nSevilla Vs Barcelona 2-2 all goals and highlights 31/03/2018 \\nSevilla Vs Barcelona | 31/03/2018  \\nSevilla Vs Barcelona 2-2 All Goals & Highlights\\nSevilla Vs Barcelona Highlights \\nSevilla Vs Barcelona Highlights \\nSevilla Vs Barcelona 2-2  Live 20 March 2018\\nSevilla Vs Barcelona 2-2 Goals Highlights\\nSevilla Vs Barcelona 2-2 GOAL\\nSevilla Vs Barcelona 2-2 GOAL\\nSevilla Vs Barcelona 2-2  All Goals & Highlights\\nSevilla Vs Barcelona 2-2 - All Goals & Highlights\\nSevilla Vs Barcelona\\nSevilla Vs Barcelona 2-2 - All Goals & Highlights \\nSevilla Vs Barcelona 2-2 2018 - Highlights & Goals \\nSevilla Vs Barcelona, Sevilla Vs Barcelona 2018, Sevilla Vs Barcelona 2-2, Sevilla Vs Barcelona Highlights, Sevilla Vs Barcelona Goals, Sevilla Vs Barcelona, Sevilla Vs Barcelona All Goals, Sevilla Vs Barcelona Highlights 2018 Sevilla Vs Barcelona Resumen.\\nSevilla Vs Barcelona 2-2\\nSevilla Vs Barcelona\\nSevilla Vs Barcelona 2-2 2018 - GOLES y RESUMEN COMPLETO\\nSevilla Vs Barcelona 2-2 2018 - Gols & Melhores Momentos\\nSevilla Vs Barcelona 2-2 - All Goals & Extended Highlights - 31/03/2018  HD\\nResumen de Sevilla Vs Barcelona (2-2)\\nSevilla Vs Barcelona 2-2 ● All Goals & Extended Highlights ● 31/03/2018  [HD]\\nSevilla Vs Barcelona 2-2 2018 - Highlights Und Tore\\nSevilla Vs Barcelona 2-2 - Goals & Highlights 31/03/2018  HD\\n\\n\\n\\n\\n\\n\\n\\n\\n\\n\\n\\n\\n\\n\\n\\n\\n\\n\\n\\n\\n\\n\\n\\n\\n\\n\\n\\n\\n\\n\\n\\n\\n\\nSevilla Vs Barcelona highlights Sevilla Vs Barcelona, Sevilla Vs Barcelona, Sevilla Vs Barcelona hd, Sevilla Vs Barcelona goles, Sevilla Vs Barcelona 31/03/2018, Sevilla Vs Barcelona goals, Sevilla Vs Barcelona resumen, Sevilla Vs Barcelona, Sevilla Vs Barcelona goal.\\nSevilla Vs Barcelona, Sevilla Vs Barcelona highlights Sevilla Vs Barcelona 2-2, Sevilla Vs Barcelona 2-2 all goals highlights, Sevilla Vs Barcelona hd, Sevilla Vs Barcelona 2-2 - all goals  extended highlights - resumen y goles 31/03/2018  hd,, Sevilla Vs Barcelona 2-2 Sevilla Vs Barcelona 2-2 moments,lo mejor, all goals, interview, resumen completo, todos los goles",2018-03-31T20:37:01.000Z,4955919,26085,3529,2801,7
Sevilla Vs Barcelona 2-2 - All Goals & Highlights - Resumen y Goles 31/03/2018 HD,DE,NugoBasilaiaa,Sports,"\"Sevilla Vs Barcelona 2-2 - All Goals & Extended Highlights - 31\\/03\\/2018 HD\"|\"Sevilla Vs Barcelona 2-2 ● All Goals & Extended Highlights ● 31\\/03\\/2018 [HD]\"|\"Barcelona vs Sevilla\"|\"Sevilla vs Barcelona\"|\"Sevilla vs Barcelona highlights\"|\"Barcelona vs Sevilla all goals\"|\"2018 Sevilla Vs Barcelona Resumen.\"|\"Sevilla Vs Barcelona 2-2 all goals and highlights 31\\/03\\/2018\"|\"indonesia\"|\"Resumen de Sevilla Vs Barcelona (2-2)\"|\"messi goal sevilla\"","Sevilla Vs Barcelona 2-2 - All Goals & Highlights - Resumen y Goles 31/03/2018 HD\\n\\nVideo Is Presented By Nugo Basilaia \\n\\n\\n\\nSevilla, Barcelona, Sevilla Vs Barcelona, goal, Fc Sevilla, football, Sevilla Vs Barcelona 2018, Sevilla Vs Barcelona highlights, goals, highlights, soccer, Sevilla Vs Barcelona, football (interest), Barcelona FC, Sevilla Vs Barcelona 2-2 - 31/03/2018  hd, Sevilla Vs Barcelona Sevilla Vs Barcelona livestream, Sevilla Vs Barcelona live, Sevilla Vs Barcelona all goals Sevilla Vs Barcelona post match analysis Sevilla Vs Barcelona all goals highlights, Sevilla Vs Barcelona analysis, Sevilla Vs Barcelona preview\\nSevilla Vs Barcelona 2-2 all goals and highlights 31/03/2018  \\nSevilla Vs Barcelona 2-2 all goals and highlights 31/03/2018 \\nSevilla Vs Barcelona | 31/03/2018  \\nSevilla Vs Barcelona 2-2 All Goals & Highlights\\nSevilla Vs Barcelona Highlights \\nSevilla Vs Barcelona Highlights \\nSevilla Vs Barcelona 2-2  Live 20 March 2018\\nSevilla Vs Barcelona 2-2 Goals Highlights\\nSevilla Vs Barcelona 2-2 GOAL\\nSevilla Vs Barcelona 2-2 GOAL\\nSevilla Vs Barcelona 2-2  All Goals & Highlights\\nSevilla Vs Barcelona 2-2 - All Goals & Highlights\\nSevilla Vs Barcelona\\nSevilla Vs Barcelona 2-2 - All Goals & Highlights \\nSevilla Vs Barcelona 2-2 2018 - Highlights & Goals \\nSevilla Vs Barcelona, Sevilla Vs Barcelona 2018, Sevilla Vs Barcelona 2-2, Sevilla Vs Barcelona Highlights, Sevilla Vs Barcelona Goals, Sevilla Vs Barcelona, Sevilla Vs Barcelona All Goals, Sevilla Vs Barcelona Highlights 2018 Sevilla Vs Barcelona Resumen.\\nSevilla Vs Barcelona 2-2\\nSevilla Vs Barcelona\\nSevilla Vs Barcelona 2-2 2018 - GOLES y RESUMEN COMPLETO\\nSevilla Vs Barcelona 2-2 2018 - Gols & Melhores Momentos\\nSevilla Vs Barcelona 2-2 - All Goals & Extended Highlights - 31/03/2018  HD\\nResumen de Sevilla Vs Barcelona (2-2)\\nSevilla Vs Barcelona 2-2 ● All Goals & Extended Highlights ● 31/03/2018  [HD]\\nSevilla Vs Barcelona 2-2 2018 - Highlights Und Tore\\nSevilla Vs Barcelona 2-2 - Goals & Highlights 31/03/2018  HD\\n\\n\\n\\n\\n\\n\\n\\n\\n\\n\\n\\n\\n\\n\\n\\n\\n\\n\\n\\n\\n\\n\\n\\n\\n\\n\\n\\n\\n\\n\\n\\n\\n\\nSevilla Vs Barcelona highlights Sevilla Vs Barcelona, Sevilla Vs Barcelona, Sevilla Vs Barcelona hd, Sevilla Vs Barcelona goles, Sevilla Vs Barcelona 31/03/2018, Sevilla Vs Barcelona goals, Sevilla Vs Barcelona resumen, Sevilla Vs Barcelona, Sevilla Vs Barcelona goal.\\nSevilla Vs Barcelona, Sevilla Vs Barcelona highlights Sevilla Vs Barcelona 2-2, Sevilla Vs Barcelona 2-2 all goals highlights, Sevilla Vs Barcelona hd, Sevilla Vs Barcelona 2-2 - all goals  extended highlights - resumen y goles 31/03/2018  hd,, Sevilla Vs Barcelona 2-2 Sevilla Vs Barcelona 2-2 moments,lo mejor, all goals, interview, resumen completo, todos los goles",2018-03-31T20:37:01.000Z,4955919,26085,3529,2801,7
Sevilla Vs Barcelona 2-2 - All Goals & Highlights - Resumen y Goles 31/03/2018 HD,FR,NugoBasilaiaa,Sports,"\"Sevilla Vs Barcelona 2-2 - All Goals & Extended Highlights - 31\\/03\\/2018 HD\"\"|\"\"Sevilla Vs Barcelona 2-2 ● All Goals & Extended Highlights ● 31\\/03\\/2018 [HD]\"\"|\"\"Barcelona vs Sevilla\"\"|\"\"Sevilla vs Barcelona\"\"|\"\"Sevilla vs Barcelona highlights\"\"|\"\"Barcelona vs Sevilla all goals\"\"|\"\"2018 Sevilla Vs Barcelona Resumen.\"\"|\"\"Sevilla Vs Barcelona 2-2 all goals and highlights 31\\/03\\/2018\"\"|\"\"indonesia\"\"|\"\"Resumen de Sevilla Vs Barcelona (2-2)\"\"|\"\"messi goal sevilla\"","Sevilla Vs Barcelona 2-2 - All Goals & Highlights - Resumen y Goles 31/03/2018 HD\\n\\nVideo Is Presented By Nugo Basilaia \\n\\n\\n\\nSevilla, Barcelona, Sevilla Vs Barcelona, goal, Fc Sevilla, football, Sevilla Vs Barcelona 2018, Sevilla Vs Barcelona highlights, goals, highlights, soccer, Sevilla Vs Barcelona, football (interest), Barcelona FC, Sevilla Vs Barcelona 2-2 - 31/03/2018  hd, Sevilla Vs Barcelona Sevilla Vs Barcelona livestream, Sevilla Vs Barcelona live, Sevilla Vs Barcelona all goals Sevilla Vs Barcelona post match analysis Sevilla Vs Barcelona all goals highlights, Sevilla Vs Barcelona analysis, Sevilla Vs Barcelona preview\\nSevilla Vs Barcelona 2-2 all goals and highlights 31/03/2018  \\nSevilla Vs Barcelona 2-2 all goals and highlights 31/03/2018 \\nSevilla Vs Barcelona | 31/03/2018  \\nSevilla Vs Barcelona 2-2 All Goals & Highlights\\nSevilla Vs Barcelona Highlights \\nSevilla Vs Barcelona Highlights \\nSevilla Vs Barcelona 2-2  Live 20 March 2018\\nSevilla Vs Barcelona 2-2 Goals Highlights\\nSevilla Vs Barcelona 2-2 GOAL\\nSevilla Vs Barcelona 2-2 GOAL\\nSevilla Vs Barcelona 2-2  All Goals & Highlights\\nSevilla Vs Barcelona 2-2 - All Goals & Highlights\\nSevilla Vs Barcelona\\nSevilla Vs Barcelona 2-2 - All Goals & Highlights \\nSevilla Vs Barcelona 2-2 2018 - Highlights & Goals \\nSevilla Vs Barcelona, Sevilla Vs Barcelona 2018, Sevilla Vs Barcelona 2-2, Sevilla Vs Barcelona Highlights, Sevilla Vs Barcelona Goals, Sevilla Vs Barcelona, Sevilla Vs Barcelona All Goals, Sevilla Vs Barcelona Highlights 2018 Sevilla Vs Barcelona Resumen.\\nSevilla Vs Barcelona 2-2\\nSevilla Vs Barcelona\\nSevilla Vs Barcelona 2-2 2018 - GOLES y RESUMEN COMPLETO\\nSevilla Vs Barcelona 2-2 2018 - Gols & Melhores Momentos\\nSevilla Vs Barcelona 2-2 - All Goals & Extended Highlights - 31/03/2018  HD\\nResumen de Sevilla Vs Barcelona (2-2)\\nSevilla Vs Barcelona 2-2 ● All Goals & Extended Highlights ● 31/03/2018  [HD]\\nSevilla Vs Barcelona 2-2 2018 - Highlights Und Tore\\nSevilla Vs Barcelona 2-2 - Goals & Highlights 31/03/2018  HD\\n\\n\\n\\n\\n\\n\\n\\n\\n\\n\\n\\n\\n\\n\\n\\n\\n\\n\\n\\n\\n\\n\\n\\n\\n\\n\\n\\n\\n\\n\\n\\n\\n\\nSevilla Vs Barcelona highlights Sevilla Vs Barcelona, Sevilla Vs Barcelona, Sevilla Vs Barcelona hd, Sevilla Vs Barcelona goles, Sevilla Vs Barcelona 31/03/2018, Sevilla Vs Barcelona goals, Sevilla Vs Barcelona resumen, Sevilla Vs Barcelona, Sevilla Vs Barcelona goal.\\nSevilla Vs Barcelona, Sevilla Vs Barcelona highlights Sevilla Vs Barcelona 2-2, Sevilla Vs Barcelona 2-2 all goals highlights, Sevilla Vs Barcelona hd, Sevilla Vs Barcelona 2-2 - all goals  extended highlights - resumen y goles 31/03/2018  hd,, Sevilla Vs Barcelona 2-2 Sevilla Vs Barcelona 2-2 moments,lo mejor, all goals, interview, resumen completo, todos los goles",2018-03-31T20:37:01.000Z,4955919,26085,3529,2801,7
Sevilla Vs Barcelona 2-2 - All Goals & Highlights - Resumen y Goles 31/03/2018 HD,IN,NugoBasilaiaa,Sports,"\"Sevilla Vs Barcelona 2-2 - All Goals & Extended Highlights - 31\\/03\\/2018 HD|\"\"Sevilla Vs Barcelona 2-2 ● All Goals & Extended Highlights ● 31\\/03\\/2018 [HD]\"\"|\"\"Barcelona vs Sevilla\"\"|\"\"Sevilla vs Barcelona\"\"|\"\"Sevilla vs Barcelona highlights\"\"|\"\"Barcelona vs Sevilla all goals\"\"|\"\"2018 Sevilla Vs Barcelona Resumen.\"\"|\"\"Sevilla Vs Barcelona 2-2 all goals and highlights 31\\/03\\/2018\"\"|\"\"indonesia\"\"|\"\"Resumen de Sevilla Vs Barcelona (2-2)\"\"|\"\"messi goal sevilla\"\"\"","Sevilla Vs Barcelona 2-2 - All Goals & Highlights - Resumen y Goles 31/03/2018 HD\\n\\nVideo Is Presented By Nugo Basilaia \\n\\n\\n\\nSevilla, Barcelona, Sevilla Vs Barcelona, goal, Fc Sevilla, football, Sevilla Vs Barcelona 2018, Sevilla Vs Barcelona highlights, goals, highlights, soccer, Sevilla Vs Barcelona, football (interest), Barcelona FC, Sevilla Vs Barcelona 2-2 - 31/03/2018  hd, Sevilla Vs Barcelona Sevilla Vs Barcelona livestream, Sevilla Vs Barcelona live, Sevilla Vs Barcelona all goals Sevilla Vs Barcelona post match analysis Sevilla Vs Barcelona all goals highlights, Sevilla Vs Barcelona analysis, Sevilla Vs Barcelona preview\\nSevilla Vs Barcelona 2-2 all goals and highlights 31/03/2018  \\nSevilla Vs Barcelona 2-2 all goals and highlights 31/03/2018 \\nSevilla Vs Barcelona | 31/03/2018  \\nSevilla Vs Barcelona 2-2 All Goals & Highlights\\nSevilla Vs Barcelona Highlights \\nSevilla Vs Barcelona Highlights \\nSevilla Vs Barcelona 2-2  Live 20 March 2018\\nSevilla Vs Barcelona 2-2 Goals Highlights\\nSevilla Vs Barcelona 2-2 GOAL\\nSevilla Vs Barcelona 2-2 GOAL\\nSevilla Vs Barcelona 2-2  All Goals & Highlights\\nSevilla Vs Barcelona 2-2 - All Goals & Highlights\\nSevilla Vs Barcelona\\nSevilla Vs Barcelona 2-2 - All Goals & Highlights \\nSevilla Vs Barcelona 2-2 2018 - Highlights & Goals \\nSevilla Vs Barcelona, Sevilla Vs Barcelona 2018, Sevilla Vs Barcelona 2-2, Sevilla Vs Barcelona Highlights, Sevilla Vs Barcelona Goals, Sevilla Vs Barcelona, Sevilla Vs Barcelona All Goals, Sevilla Vs Barcelona Highlights 2018 Sevilla Vs Barcelona Resumen.\\nSevilla Vs Barcelona 2-2\\nSevilla Vs Barcelona\\nSevilla Vs Barcelona 2-2 2018 - GOLES y RESUMEN COMPLETO\\nSevilla Vs Barcelona 2-2 2018 - Gols & Melhores Momentos\\nSevilla Vs Barcelona 2-2 - All Goals & Extended Highlights - 31/03/2018  HD\\nResumen de Sevilla Vs Barcelona (2-2)\\nSevilla Vs Barcelona 2-2 ● All Goals & Extended Highlights ● 31/03/2018  [HD]\\nSevilla Vs Barcelona 2-2 2018 - Highlights Und Tore\\nSevilla Vs Barcelona 2-2 - Goals & Highlights 31/03/2018  HD\\n\\n\\n\\n\\n\\n\\n\\n\\n\\n\\n\\n\\n\\n\\n\\n\\n\\n\\n\\n\\n\\n\\n\\n\\n\\n\\n\\n\\n\\n\\n\\n\\n\\nSevilla Vs Barcelona highlights Sevilla Vs Barcelona, Sevilla Vs Barcelona, Sevilla Vs Barcelona hd, Sevilla Vs Barcelona goles, Sevilla Vs Barcelona 31/03/2018, Sevilla Vs Barcelona goals, Sevilla Vs Barcelona resumen, Sevilla Vs Barcelona, Sevilla Vs Barcelona goal.\\nSevilla Vs Barcelona, Sevilla Vs Barcelona highlights Sevilla Vs Barcelona 2-2, Sevilla Vs Barcelona 2-2 all goals highlights, Sevilla Vs Barcelona hd, Sevilla Vs Barcelona 2-2 - all goals  extended highlights - resumen y goles 31/03/2018  hd,, Sevilla Vs Barcelona 2-2 Sevilla Vs Barcelona 2-2 moments,lo mejor, all goals, interview, resumen completo, todos los goles",2018-03-31T20:37:01.000Z,5250265,27042,3796,2890,7
Sevilla Vs Barcelona 2-2 - All Goals & Highlights - Resumen y Goles 31/03/2018 HD,JP,NugoBasilaiaa,Sports,"\"Sevilla Vs Barcelona 2-2 - All Goals & Extended Highlights - 31\\/03\\/2018 HD|\"\"Sevilla Vs Barcelona 2-2 ● All Goals & Extended Highlights ● 31\\/03\\/2018 [HD]\"\"|\"\"Barcelona vs Sevilla\"\"|\"\"Sevilla vs Barcelona\"\"|\"\"Sevilla vs Barcelona highlights\"\"|\"\"Barcelona vs Sevilla all goals\"\"|\"\"2018 Sevilla Vs Barcelona Resumen.\"\"|\"\"Sevilla Vs Barcelona 2-2 all goals and highlights 31\\/03\\/2018\"\"|\"\"indonesia\"\"|\"\"Resumen de Sevilla Vs Barcelona (2-2)\"\"|\"\"messi goal sevilla\"\"\"","Sevilla Vs Barcelona 2-2 - All Goals & Highlights - Resumen y Goles 31/03/2018 HD\\n\\nVideo Is Presented By Nugo Basilaia \\n\\n\\n\\nSevilla, Barcelona, Sevilla Vs Barcelona, goal, Fc Sevilla, football, Sevilla Vs Barcelona 2018, Sevilla Vs Barcelona highlights, goals, highlights, soccer, Sevilla Vs Barcelona, football (interest), Barcelona FC, Sevilla Vs Barcelona 2-2 - 31/03/2018  hd, Sevilla Vs Barcelona Sevilla Vs Barcelona livestream, Sevilla Vs Barcelona live, Sevilla Vs Barcelona all goals Sevilla Vs Barcelona post match analysis Sevilla Vs Barcelona all goals highlights, Sevilla Vs Barcelona analysis, Sevilla Vs Barcelona preview\\nSevilla Vs Barcelona 2-2 all goals and highlights 31/03/2018  \\nSevilla Vs Barcelona 2-2 all goals and highlights 31/03/2018 \\nSevilla Vs Barcelona | 31/03/2018  \\nSevilla Vs Barcelona 2-2 All Goals & Highlights\\nSevilla Vs Barcelona Highlights \\nSevilla Vs Barcelona Highlights \\nSevilla Vs Barcelona 2-2  Live 20 March 2018\\nSevilla Vs Barcelona 2-2 Goals Highlights\\nSevilla Vs Barcelona 2-2 GOAL\\nSevilla Vs Barcelona 2-2 GOAL\\nSevilla Vs Barcelona 2-2  All Goals & Highlights\\nSevilla Vs Barcelona 2-2 - All Goals & Highlights\\nSevilla Vs Barcelona\\nSevilla Vs Barcelona 2-2 - All Goals & Highlights \\nSevilla Vs Barcelona 2-2 2018 - Highlights & Goals \\nSevilla Vs Barcelona, Sevilla Vs Barcelona 2018, Sevilla Vs Barcelona 2-2, Sevilla Vs Barcelona Highlights, Sevilla Vs Barcelona Goals, Sevilla Vs Barcelona, Sevilla Vs Barcelona All Goals, Sevilla Vs Barcelona Highlights 2018 Sevilla Vs Barcelona Resumen.\\nSevilla Vs Barcelona 2-2\\nSevilla Vs Barcelona\\nSevilla Vs Barcelona 2-2 2018 - GOLES y RESUMEN COMPLETO\\nSevilla Vs Barcelona 2-2 2018 - Gols & Melhores Momentos\\nSevilla Vs Barcelona 2-2 - All Goals & Extended Highlights - 31/03/2018  HD\\nResumen de Sevilla Vs Barcelona (2-2)\\nSevilla Vs Barcelona 2-2 ● All Goals & Extended Highlights ● 31/03/2018  [HD]\\nSevilla Vs Barcelona 2-2 2018 - Highlights Und Tore\\nSevilla Vs Barcelona 2-2 - Goals & Highlights 31/03/2018  HD\\n\\n\\n\\n\\n\\n\\n\\n\\n\\n\\n\\n\\n\\n\\n\\n\\n\\n\\n\\n\\n\\n\\n\\n\\n\\n\\n\\n\\n\\n\\n\\n\\n\\nSevilla Vs Barcelona highlights Sevilla Vs Barcelona, Sevilla Vs Barcelona, Sevilla Vs Barcelona hd, Sevilla Vs Barcelona goles, Sevilla Vs Barcelona 31/03/2018, Sevilla Vs Barcelona goals, Sevilla Vs Barcelona resumen, Sevilla Vs Barcelona, Sevilla Vs Barcelona goal.\\nSevilla Vs Barcelona, Sevilla Vs Barcelona highlights Sevilla Vs Barcelona 2-2, Sevilla Vs Barcelona 2-2 all goals highlights, Sevilla Vs Barcelona hd, Sevilla Vs Barcelona 2-2 - all goals  extended highlights - resumen y goles 31/03/2018  hd,, Sevilla Vs Barcelona 2-2 Sevilla Vs Barcelona 2-2 moments,lo mejor, all goals, interview, resumen completo, todos los goles",2018-03-31T20:37:01.000Z,3192364,19660,2212,2212,7
Sevilla Vs Barcelona 2-2 - All Goals & Highlights - Resumen y Goles 31/03/2018 HD,MX,NugoBasilaiaa,Sports,"\"Sevilla Vs Barcelona 2-2 - All Goals & Extended Highlights - 31\\/03\\/2018 HD|\"\"Sevilla Vs Barcelona 2-2 ● All Goals & Extended Highlights ● 31\\/03\\/2018 [HD]\"\"|\"\"Barcelona vs Sevilla\"\"|\"\"Sevilla vs Barcelona\"\"|\"\"Sevilla vs Barcelona highlights\"\"|\"\"Barcelona vs Sevilla all goals\"\"|\"\"2018 Sevilla Vs Barcelona Resumen.\"\"|\"\"Sevilla Vs Barcelona 2-2 all goals and highlights 31\\/03\\/2018\"\"|\"\"indonesia\"\"|\"\"Resumen de Sevilla Vs Barcelona (2-2)\"\"|\"\"messi goal sevilla\"\"\"","Sevilla Vs Barcelona 2-2 - All Goals & Highlights - Resumen y Goles 31/03/2018 HD\\n\\nVideo Is Presented By Nugo Basilaia \\n\\n\\n\\nSevilla, Barcelona, Sevilla Vs Barcelona, goal, Fc Sevilla, football, Sevilla Vs Barcelona 2018, Sevilla Vs Barcelona highlights, goals, highlights, soccer, Sevilla Vs Barcelona, football (interest), Barcelona FC, Sevilla Vs Barcelona 2-2 - 31/03/2018  hd, Sevilla Vs Barcelona Sevilla Vs Barcelona livestream, Sevilla Vs Barcelona live, Sevilla Vs Barcelona all goals Sevilla Vs Barcelona post match analysis Sevilla Vs Barcelona all goals highlights, Sevilla Vs Barcelona analysis, Sevilla Vs Barcelona preview\\nSevilla Vs Barcelona 2-2 all goals and highlights 31/03/2018  \\nSevilla Vs Barcelona 2-2 all goals and highlights 31/03/2018 \\nSevilla Vs Barcelona | 31/03/2018  \\nSevilla Vs Barcelona 2-2 All Goals & Highlights\\nSevilla Vs Barcelona Highlights \\nSevilla Vs Barcelona Highlights \\nSevilla Vs Barcelona 2-2  Live 20 March 2018\\nSevilla Vs Barcelona 2-2 Goals Highlights\\nSevilla Vs Barcelona 2-2 GOAL\\nSevilla Vs Barcelona 2-2 GOAL\\nSevilla Vs Barcelona 2-2  All Goals & Highlights\\nSevilla Vs Barcelona 2-2 - All Goals & Highlights\\nSevilla Vs Barcelona\\nSevilla Vs Barcelona 2-2 - All Goals & Highlights \\nSevilla Vs Barcelona 2-2 2018 - Highlights & Goals \\nSevilla Vs Barcelona, Sevilla Vs Barcelona 2018, Sevilla Vs Barcelona 2-2, Sevilla Vs Barcelona Highlights, Sevilla Vs Barcelona Goals, Sevilla Vs Barcelona, Sevilla Vs Barcelona All Goals, Sevilla Vs Barcelona Highlights 2018 Sevilla Vs Barcelona Resumen.\\nSevilla Vs Barcelona 2-2\\nSevilla Vs Barcelona\\nSevilla Vs Barcelona 2-2 2018 - GOLES y RESUMEN COMPLETO\\nSevilla Vs Barcelona 2-2 2018 - Gols & Melhores Momentos\\nSevilla Vs Barcelona 2-2 - All Goals & Extended Highlights - 31/03/2018  HD\\nResumen de Sevilla Vs Barcelona (2-2)\\nSevilla Vs Barcelona 2-2 ● All Goals & Extended Highlights ● 31/03/2018  [HD]\\nSevilla Vs Barcelona 2-2 2018 - Highlights Und Tore\\nSevilla Vs Barcelona 2-2 - Goals & Highlights 31/03/2018  HD\\n\\n\\n\\n\\n\\n\\n\\n\\n\\n\\n\\n\\n\\n\\n\\n\\n\\n\\n\\n\\n\\n\\n\\n\\n\\n\\n\\n\\n\\n\\n\\n\\n\\nSevilla Vs Barcelona highlights Sevilla Vs Barcelona, Sevilla Vs Barcelona, Sevilla Vs Barcelona hd, Sevilla Vs Barcelona goles, Sevilla Vs Barcelona 31/03/2018, Sevilla Vs Barcelona goals, Sevilla Vs Barcelona resumen, Sevilla Vs Barcelona, Sevilla Vs Barcelona goal.\\nSevilla Vs Barcelona, Sevilla Vs Barcelona highlights Sevilla Vs Barcelona 2-2, Sevilla Vs Barcelona 2-2 all goals highlights, Sevilla Vs Barcelona hd, Sevilla Vs Barcelona 2-2 - all goals  extended highlights - resumen y goles 31/03/2018  hd,, Sevilla Vs Barcelona 2-2 Sevilla Vs Barcelona 2-2 moments,lo mejor, all goals, interview, resumen completo, todos los goles",2018-03-31T20:37:01.000Z,4955919,26085,3529,2801,7
Sevilla Vs Barcelona 2-2 - All Goals & Highlights - Resumen y Goles 31/03/2018 HD,RU,NugoBasilaiaa,Sports,"\"Sevilla Vs Barcelona 2-2 - All Goals & Extended Highlights - 31\\/03\\/2018 HD|\"\"Sevilla Vs Barcelona 2-2 ● All Goals & Extended Highlights ● 31\\/03\\/2018 [HD]\"\"|\"\"Barcelona vs Sevilla\"\"|\"\"Sevilla vs Barcelona\"\"|\"\"Sevilla vs Barcelona highlights\"\"|\"\"Barcelona vs Sevilla all goals\"\"|\"\"2018 Sevilla Vs Barcelona Resumen.\"\"|\"\"Sevilla Vs Barcelona 2-2 all goals and highlights 31\\/03\\/2018\"\"|\"\"indonesia\"\"|\"\"Resumen de Sevilla Vs Barcelona (2-2)\"\"|\"\"messi goal sevilla\"\"\"","Sevilla Vs Barcelona 2-2 - All Goals & Highlights - Resumen y Goles 31/03/2018 HD\\n\\nVideo Is Presented By Nugo Basilaia \\n\\n\\n\\nSevilla, Barcelona, Sevilla Vs Barcelona, goal, Fc Sevilla, football, Sevilla Vs Barcelona 2018, Sevilla Vs Barcelona highlights, goals, highlights, soccer, Sevilla Vs Barcelona, football (interest), Barcelona FC, Sevilla Vs Barcelona 2-2 - 31/03/2018  hd, Sevilla Vs Barcelona Sevilla Vs Barcelona livestream, Sevilla Vs Barcelona live, Sevilla Vs Barcelona all goals Sevilla Vs Barcelona post match analysis Sevilla Vs Barcelona all goals highlights, Sevilla Vs Barcelona analysis, Sevilla Vs Barcelona preview\\nSevilla Vs Barcelona 2-2 all goals and highlights 31/03/2018  \\nSevilla Vs Barcelona 2-2 all goals and highlights 31/03/2018 \\nSevilla Vs Barcelona | 31/03/2018  \\nSevilla Vs Barcelona 2-2 All Goals & Highlights\\nSevilla Vs Barcelona Highlights \\nSevilla Vs Barcelona Highlights \\nSevilla Vs Barcelona 2-2  Live 20 March 2018\\nSevilla Vs Barcelona 2-2 Goals Highlights\\nSevilla Vs Barcelona 2-2 GOAL\\nSevilla Vs Barcelona 2-2 GOAL\\nSevilla Vs Barcelona 2-2  All Goals & Highlights\\nSevilla Vs Barcelona 2-2 - All Goals & Highlights\\nSevilla Vs Barcelona\\nSevilla Vs Barcelona 2-2 - All Goals & Highlights \\nSevilla Vs Barcelona 2-2 2018 - Highlights & Goals \\nSevilla Vs Barcelona, Sevilla Vs Barcelona 2018, Sevilla Vs Barcelona 2-2, Sevilla Vs Barcelona Highlights, Sevilla Vs Barcelona Goals, Sevilla Vs Barcelona, Sevilla Vs Barcelona All Goals, Sevilla Vs Barcelona Highlights 2018 Sevilla Vs Barcelona Resumen.\\nSevilla Vs Barcelona 2-2\\nSevilla Vs Barcelona\\nSevilla Vs Barcelona 2-2 2018 - GOLES y RESUMEN COMPLETO\\nSevilla Vs Barcelona 2-2 2018 - Gols & Melhores Momentos\\nSevilla Vs Barcelona 2-2 - All Goals & Extended Highlights - 31/03/2018  HD\\nResumen de Sevilla Vs Barcelona (2-2)\\nSevilla Vs Barcelona 2-2 ● All Goals & Extended Highlights ● 31/03/2018  [HD]\\nSevilla Vs Barcelona 2-2 2018 - Highlights Und Tore\\nSevilla Vs Barcelona 2-2 - Goals & Highlights 31/03/2018  HD\\n\\n\\n\\n\\n\\n\\n\\n\\n\\n\\n\\n\\n\\n\\n\\n\\n\\n\\n\\n\\n\\n\\n\\n\\n\\n\\n\\n\\n\\n\\n\\n\\n\\nSevilla Vs Barcelona highlights Sevilla Vs Barcelona, Sevilla Vs Barcelona, Sevilla Vs Barcelona hd, Sevilla Vs Barcelona goles, Sevilla Vs Barcelona 31/03/2018, Sevilla Vs Barcelona goals, Sevilla Vs Barcelona resumen, Sevilla Vs Barcelona, Sevilla Vs Barcelona goal.\\nSevilla Vs Barcelona, Sevilla Vs Barcelona highlights Sevilla Vs Barcelona 2-2, Sevilla Vs Barcelona 2-2 all goals highlights, Sevilla Vs Barcelona hd, Sevilla Vs Barcelona 2-2 - all goals  extended highlights - resumen y goles 31/03/2018  hd,, Sevilla Vs Barcelona 2-2 Sevilla Vs Barcelona 2-2 moments,lo mejor, all goals, interview, resumen completo, todos los goles",2018-03-31T20:37:01.000Z,4955919,26085,3529,2801,7
[BANGTAN BOMB] V&Jungkook Singing at standby time,CA,BANGTANTV,Music,"\"방탄소년단\"|\"BTS\"|\"BANGTAN\"|\"HIPHOP\"|\"랩몬스터\"|\"RapMonster\"|\"슈가\"|\"SUGA\"|\"제이홉\"|\"jhope\"|\"지민\"|\"JIMIN\"|\"뷔\"|\"정국\"|\"JUNGKOOK\"|\"진\"|\"JIN\"",BTS Official Homepage http://bts.ibighit.com\nBTS Blog http://btsblog.ibighit.com\nBTS Facebook https://www.facebook.com/bangtan.official,2018-02-04T06:00:07.000Z,1596081,345195,702,40251,5
[BANGTAN BOMB] V&Jungkook Singing at standby time,DE,BANGTANTV,Music,"\"방탄소년단\"|\"BTS\"|\"BANGTAN\"|\"HIPHOP\"|\"랩몬스터\"|\"RapMonster\"|\"슈가\"|\"SUGA\"|\"제이홉\"|\"jhope\"|\"지민\"|\"JIMIN\"|\"뷔\"|\"정국\"|\"JUNGKOOK\"|\"진\"|\"JIN\"",BTS Official Homepage http://bts.ibighit.com\nBTS Blog http://btsblog.ibighit.com\nBTS Facebook https://www.facebook.com/bangtan.official,2018-02-04T06:00:07.000Z,1596081,345192,702,40251,5
[BANGTAN BOMB] V&Jungkook Singing at standby time,FR,BANGTANTV,Music,"\"방탄소년단\"\"|\"\"BTS\"\"|\"\"BANGTAN\"\"|\"\"HIPHOP\"\"|\"\"랩몬스터\"\"|\"\"RapMonster\"\"|\"\"슈가\"\"|\"\"SUGA\"\"|\"\"제이홉\"\"|\"\"jhope\"\"|\"\"지민\"\"|\"\"JIMIN\"\"|\"\"뷔\"\"|\"\"정국\"\"|\"\"JUNGKOOK\"\"|\"\"진\"\"|\"\"JIN\"",BTS Official Homepage http://bts.ibighit.com\nBTS Blog http://btsblog.ibighit.com\nBTS Facebook https://www.facebook.com/bangtan.official,2018-02-04T06:00:07.000Z,1596081,345197,702,40251,5
[BANGTAN BOMB] V&Jungkook Singing at standby time,KR,BANGTANTV,Music,"\"방탄소년단|\"\"BTS\"\"|\"\"BANGTAN\"\"|\"\"HIPHOP\"\"|\"\"랩몬스터\"\"|\"\"RapMonster\"\"|\"\"슈가\"\"|\"\"SUGA\"\"|\"\"제이홉\"\"|\"\"jhope\"\"|\"\"지민\"\"|\"\"JIMIN\"\"|\"\"뷔\"\"|\"\"정국\"\"|\"\"JUNGKOOK\"\"|\"\"진\"\"|\"\"JIN\"\"\"",BTS Official Homepage http://bts.ibighit.com\nBTS Blog http://btsblog.ibighit.com\nBTS Facebook https://www.facebook.com/bangtan.official,2018-02-04T06:00:07.000Z,1986416,376715,795,42919,5
[BANGTAN BOMB] V&Jungkook Singing at standby time,MX,BANGTANTV,Music,"\"방탄소년단|\"\"BTS\"\"|\"\"BANGTAN\"\"|\"\"HIPHOP\"\"|\"\"랩몬스터\"\"|\"\"RapMonster\"\"|\"\"슈가\"\"|\"\"SUGA\"\"|\"\"제이홉\"\"|\"\"jhope\"\"|\"\"지민\"\"|\"\"JIMIN\"\"|\"\"뷔\"\"|\"\"정국\"\"|\"\"JUNGKOOK\"\"|\"\"진\"\"|\"\"JIN\"\"\"",BTS Official Homepage http://bts.ibighit.com\nBTS Blog http://btsblog.ibighit.com\nBTS Facebook https://www.facebook.com/bangtan.official,2018-02-04T06:00:07.000Z,1596081,345202,702,40251,5
[STATION] SMTOWN 'Dear My Family (Live Concert Ver.)' MV,GB,SMTOWN,Music,"\"SM STATION\"|\"SMTOWN\"|\"Dear My Family\"|\"SM Entertainment\"|\"EXO\"|\"SHINee\"|\"BoA\"|\"KANGTA\"|\"Red Velvet\"|\"Girls' Generation\"|\"NCT\"|\"f(x)\"|\"TVXQ!\"|\"SUPER JUNIOR\"|\"TRAX\"","SMTOWN's STATION track Dear My Family has been released.\\nListen and download on iTunes & Apple Music, Spotify, and Google Play Music: Coming Soon!\\n#The38th #SMSTATION #SMTOWN #DearMyFamily #171229 #6PM\\n\\nSM STATION Official\\nhttp://www.instagram.com/smtownstation\\nhttp://www.facebook.com/station.smtown\\nApply for #OPEN_STATION by E-mail : openstation@smtown.com\\n\\n[STATION] SMTOWN 'Dear My Family (Live Concert Ver.)' MV ℗ S.M.Entertainment",2017-12-29T09:00:02.000Z,2332110,346819,803,22920,5
[STATION] SMTOWN 'Dear My Family (Live Concert Ver.)' MV,GB,SMTOWN,Music,"\"SM STATION\"|\"SMTOWN\"|\"Dear My Family\"|\"SM Entertainment\"|\"EXO\"|\"SHINee\"|\"BoA\"|\"KANGTA\"|\"Red Velvet\"|\"Girls' Generation\"|\"NCT\"|\"f(x)\"|\"TVXQ!\"|\"SUPER JUNIOR\"|\"TRAX\"","SMTOWN's STATION track Dear My Family has been released.\\nListen and download on iTunes & Apple Music, Spotify, and Google Play Music http://smarturl.it/STATION2_38\\n#The38th #SMSTATION #SMTOWN #DearMyFamily #171229 #6PM\\n\\nSM STATION Official\\nhttp://www.instagram.com/smtownstation\\nhttp://www.facebook.com/station.smtown\\nApply for #OPEN_STATION by E-mail : openstation@smtown.com\\n\\n[STATION] SMTOWN 'Dear My Family (Live Concert Ver.)' MV ℗ S.M.Entertainment",2017-12-29T09:00:02.000Z,3741415,399377,983,24595,5
[STATION] SMTOWN 'Dear My Family (Live Concert Ver.)' MV,KR,SMTOWN,Music,"\"SM STATION|\"\"SMTOWN\"\"|\"\"Dear My Family\"\"|\"\"SM Entertainment\"\"|\"\"EXO\"\"|\"\"SHINee\"\"|\"\"BoA\"\"|\"\"KANGTA\"\"|\"\"Red Velvet\"\"|\"\"Girls' Generation\"\"|\"\"NCT\"\"|\"\"f(x)\"\"|\"\"TVXQ!\"\"|\"\"SUPER JUNIOR\"\"|\"\"TRAX\"\"\"","SMTOWN's STATION track Dear My Family has been released.\\nListen and download on iTunes & Apple Music, Spotify, and Google Play Music: Coming Soon!\\n#The38th #SMSTATION #SMTOWN #DearMyFamily #171229 #6PM\\n\\nSM STATION Official\\nhttp://www.instagram.com/smtownstation\\nhttp://www.facebook.com/station.smtown\\nApply for #OPEN_STATION by E-mail : openstation@smtown.com\\n\\n[STATION] SMTOWN 'Dear My Family (Live Concert Ver.)' MV ℗ S.M.Entertainment",2017-12-29T09:00:02.000Z,1475878,277437,548,20109,5
[STATION] SMTOWN 'Dear My Family (Live Concert Ver.)' MV,US,SMTOWN,Music,"\"SM STATION\"|\"SMTOWN\"|\"Dear My Family\"|\"SM Entertainment\"|\"EXO\"|\"SHINee\"|\"BoA\"|\"KANGTA\"|\"Red Velvet\"|\"Girls' Generation\"|\"NCT\"|\"f(x)\"|\"TVXQ!\"|\"SUPER JUNIOR\"|\"TRAX\"","SMTOWN's STATION track Dear My Family has been released.\\nListen and download on iTunes & Apple Music, Spotify, and Google Play Music: Coming Soon!\\n#The38th #SMSTATION #SMTOWN #DearMyFamily #171229 #6PM\\n\\nSM STATION Official\\nhttp://www.instagram.com/smtownstation\\nhttp://www.facebook.com/station.smtown\\nApply for #OPEN_STATION by E-mail : openstation@smtown.com\\n\\n[STATION] SMTOWN 'Dear My Family (Live Concert Ver.)' MV ℗ S.M.Entertainment",2017-12-29T09:00:02.000Z,2332110,346819,803,22920,5
[STATION] SMTOWN 'Dear My Family (Live Concert Ver.)' MV,US,SMTOWN,Music,"\"SM STATION\"|\"SMTOWN\"|\"Dear My Family\"|\"SM Entertainment\"|\"EXO\"|\"SHINee\"|\"BoA\"|\"KANGTA\"|\"Red Velvet\"|\"Girls' Generation\"|\"NCT\"|\"f(x)\"|\"TVXQ!\"|\"SUPER JUNIOR\"|\"TRAX\"","SMTOWN's STATION track Dear My Family has been released.\\nListen and download on iTunes & Apple Music, Spotify, and Google Play Music http://smarturl.it/STATION2_38\\n#The38th #SMSTATION #SMTOWN #DearMyFamily #171229 #6PM\\n\\nSM STATION Official\\nhttp://www.instagram.com/smtownstation\\nhttp://www.facebook.com/station.smtown\\nApply for #OPEN_STATION by E-mail : openstation@smtown.com\\n\\n[STATION] SMTOWN 'Dear My Family (Live Concert Ver.)' MV ℗ S.M.Entertainment",2017-12-29T09:00:02.000Z,2997335,381809,963,23925,5
we broke up,CA,David Dobrik,People & Blogs,"\"lizzza\"|\"lizza\"|\"liza\"|\"koshy\"|\"david\"|\"dobrik\"|\"vlog\"|\"vlogger\"|\"how\"|\"to\"|\"realtionship\"|\"boyfriend\"|\"girlfriend\"|\"dating\"|\"date\"|\"first\"|\"time\"|\"funny\"|\"kiss\"|\"break\"|\"up\"|\"slpit\"|\"serious\"|\"youtuber\"|\"challenge\"|\"try\"|\"not\"|\"love\"|\"you\"","Sorry we didn't let you know sooner... we wanted to be comfortable talking about it :) All is good tho.. Ill be back to putting snakes on liza as soon as I can find a cobra! Love yalllSubscribe to My favorite Ex- Girlfriend Liza: https://www.youtube.com/channel/UCxSz6JVYmzVhtkraHWZC7HQ BUY TICKETS TO OUR SUMMER TOUR HERE: http://viewstour.com/   CHECKOUT OUR PODCAST WHERE WE TALK ABOUT RELATIONSHIPS:  https://itunes.apple.com/us/podcast/views-with-david-dobrik-and-jason-nash/id1236778275?mt=2   ALL DAVID DOBRIK CLOTHES 15% OFF HERE: https://fanjoy.co/collections/david-dobrik        ADD ME ON SNAPCHAT TO KEEP UP WITH OUR VEGAS TRIP: @Daviddobrik  WATCH MY NEW HOUSE TOUR HERE: https://www.youtube.com/watch?v=C4yECzFCdZk&t=26s   Comment how much you love our bunny if you read this!!ADD ME ON SNAPCHAT TO BE INVITED TO OUR HOUSE NEXT: @DavidDobrikThanks for watching :) Throww it a like if you like throwing stuff!Turn my notifications on these to be the next shoutout!!Twitter: @DavidDobrikInstagram: @DavidDobrikSnapchat: @DavidDobrikVine: @DavidDobrikMusically: @DavidDobrikBusiness email: daviddobrikbusiness@gmail.comOther people in the video:Liza- Twitter; @lizakoshy Instagram; @lizakoshy Snapchat; @lizakoshysnapsAlex Ernst- Twitter; @AlexErnst Instagram; @Ernst Snapchat; @AlexErnstJason Nash- Twitter and Instagram; @JasonNashJosh Peck- Instagram: @shuapeck Twitter: @Itsjoshpeck Snapchat: @joshuapeckScottysire- Twitter; @imnotscottysire Instagram; @VanillaDingDongToddysmith- Twitter; @todderic_ Instagram; @todderic_Zane- Twitter; @Zane Instagram; @Zane Snapchat; @ZaneHijaziDom: Instagram/Twitter: @DomZeglaitisThe Gabbie Show- Twitter; @TheGabbieShow Instagram; @TheGabbieShow Snapchat; @TheGabbieShowCorinna- Snapchat/Twitter/Instagram: @CorinnaKopfBignik- Twitter: @BigNik Instagram: @RealBigNik Snapchat; @BignikVineHeath- Twitter; @HeathHussar Instagram; @HeathHussar Snapchat; @HeathHussarSeth - @sethfrancoisJonah Hill- Insta: @nickantonyanBrandon Calvillo- Twitter; @BJCalvillo Instagram; @BJCalvillo Snapchat; @BJCalvilloMatt King - Twitter/Instagram/Snapchat: @MattRKingCarly incontro- Twitter/Instagram: @CarlyIncontroErin Gilfoy- Twitter and Instagram: goddess_eriu Snapchat: erin_gilfoyJack Dytrych: Twitter: @BigJuicyJack Instagram: jdytrych22Cailee: Twitter/Instagram: @CaileeRaeMusic Lindsey: @lindseygrollJulia Abner- Instagram; @JuliaAbnerElton Castee- Twitter; @EltonCastee, Instagram; @EltonCasteeMeghan McCarthy- Twitter: @MeghanWMcCarthyJcyrus snapchat: @Jcyrusvine .",2018-06-05T04:54:35.000Z,31505838,1967910,96815,311525,6
we broke up,DE,David Dobrik,People & Blogs,"\"lizzza\"|\"lizza\"|\"liza\"|\"koshy\"|\"david\"|\"dobrik\"|\"vlog\"|\"vlogger\"|\"how\"|\"to\"|\"realtionship\"|\"boyfriend\"|\"girlfriend\"|\"dating\"|\"date\"|\"first\"|\"time\"|\"funny\"|\"kiss\"|\"break\"|\"up\"|\"slpit\"|\"serious\"|\"youtuber\"|\"challenge\"|\"try\"|\"not\"|\"love\"|\"you\"","Sorry we didn't let you know sooner... we wanted to be comfortable talking about it :) All is good tho.. Ill be back to putting snakes on liza as soon as I can find a cobra! Love yalllSubscribe to My favorite Ex- Girlfriend Liza: https://www.youtube.com/channel/UCxSz6JVYmzVhtkraHWZC7HQ BUY TICKETS TO OUR SUMMER TOUR HERE: http://viewstour.com/   CHECKOUT OUR PODCAST WHERE WE TALK ABOUT RELATIONSHIPS:  https://itunes.apple.com/us/podcast/views-with-david-dobrik-and-jason-nash/id1236778275?mt=2   ALL DAVID DOBRIK CLOTHES 15% OFF HERE: https://fanjoy.co/collections/david-dobrik        ADD ME ON SNAPCHAT TO KEEP UP WITH OUR VEGAS TRIP: @Daviddobrik  WATCH MY NEW HOUSE TOUR HERE: https://www.youtube.com/watch?v=C4yECzFCdZk&t=26s   Comment how much you love our bunny if you read this!!ADD ME ON SNAPCHAT TO BE INVITED TO OUR HOUSE NEXT: @DavidDobrikThanks for watching :) Throww it a like if you like throwing stuff!Turn my notifications on these to be the next shoutout!!Twitter: @DavidDobrikInstagram: @DavidDobrikSnapchat: @DavidDobrikVine: @DavidDobrikMusically: @DavidDobrikBusiness email: daviddobrikbusiness@gmail.comOther people in the video:Liza- Twitter; @lizakoshy Instagram; @lizakoshy Snapchat; @lizakoshysnapsAlex Ernst- Twitter; @AlexErnst Instagram; @Ernst Snapchat; @AlexErnstJason Nash- Twitter and Instagram; @JasonNashJosh Peck- Instagram: @shuapeck Twitter: @Itsjoshpeck Snapchat: @joshuapeckScottysire- Twitter; @imnotscottysire Instagram; @VanillaDingDongToddysmith- Twitter; @todderic_ Instagram; @todderic_Zane- Twitter; @Zane Instagram; @Zane Snapchat; @ZaneHijaziDom: Instagram/Twitter: @DomZeglaitisThe Gabbie Show- Twitter; @TheGabbieShow Instagram; @TheGabbieShow Snapchat; @TheGabbieShowCorinna- Snapchat/Twitter/Instagram: @CorinnaKopfBignik- Twitter: @BigNik Instagram: @RealBigNik Snapchat; @BignikVineHeath- Twitter; @HeathHussar Instagram; @HeathHussar Snapchat; @HeathHussarSeth - @sethfrancoisJonah Hill- Insta: @nickantonyanBrandon Calvillo- Twitter; @BJCalvillo Instagram; @BJCalvillo Snapchat; @BJCalvilloMatt King - Twitter/Instagram/Snapchat: @MattRKingCarly incontro- Twitter/Instagram: @CarlyIncontroErin Gilfoy- Twitter and Instagram: goddess_eriu Snapchat: erin_gilfoyJack Dytrych: Twitter: @BigJuicyJack Instagram: jdytrych22Cailee: Twitter/Instagram: @CaileeRaeMusic Lindsey: @lindseygrollJulia Abner- Instagram; @JuliaAbnerElton Castee- Twitter; @EltonCastee, Instagram; @EltonCasteeMeghan McCarthy- Twitter: @MeghanWMcCarthyJcyrus snapchat: @Jcyrusvine .",2018-06-05T04:54:35.000Z,25814105,1757299,83381,288888,6
we broke up,FR,David Dobrik,People & Blogs,"\"lizzza\"|\"lizza\"|\"liza\"|\"koshy\"|\"david\"|\"dobrik\"|\"vlog\"|\"vlogger\"|\"how\"|\"to\"|\"realtionship\"|\"boyfriend\"|\"girlfriend\"|\"dating\"|\"date\"|\"first\"|\"time\"|\"funny\"|\"kiss\"|\"break\"|\"up\"|\"slpit\"|\"serious\"|\"youtuber\"|\"challenge\"|\"try\"|\"not\"|\"love\"|\"you\"","Sorry we didn't let you know sooner... we wanted to be comfortable talking about it :) All is good tho.. Ill be back to putting snakes on liza as soon as I can find a cobra! Love yalllSubscribe to My favorite Ex- Girlfriend Liza: https://www.youtube.com/channel/UCxSz6JVYmzVhtkraHWZC7HQ BUY TICKETS TO OUR SUMMER TOUR HERE: http://viewstour.com/   CHECKOUT OUR PODCAST WHERE WE TALK ABOUT RELATIONSHIPS:  https://itunes.apple.com/us/podcast/views-with-david-dobrik-and-jason-nash/id1236778275?mt=2   ALL DAVID DOBRIK CLOTHES 15% OFF HERE: https://fanjoy.co/collections/david-dobrik        ADD ME ON SNAPCHAT TO KEEP UP WITH OUR VEGAS TRIP: @Daviddobrik  WATCH MY NEW HOUSE TOUR HERE: https://www.youtube.com/watch?v=C4yECzFCdZk&t=26s   Comment how much you love our bunny if you read this!!ADD ME ON SNAPCHAT TO BE INVITED TO OUR HOUSE NEXT: @DavidDobrikThanks for watching :) Throww it a like if you like throwing stuff!Turn my notifications on these to be the next shoutout!!Twitter: @DavidDobrikInstagram: @DavidDobrikSnapchat: @DavidDobrikVine: @DavidDobrikMusically: @DavidDobrikBusiness email: daviddobrikbusiness@gmail.comOther people in the video:Liza- Twitter; @lizakoshy Instagram; @lizakoshy Snapchat; @lizakoshysnapsAlex Ernst- Twitter; @AlexErnst Instagram; @Ernst Snapchat; @AlexErnstJason Nash- Twitter and Instagram; @JasonNashJosh Peck- Instagram: @shuapeck Twitter: @Itsjoshpeck Snapchat: @joshuapeckScottysire- Twitter; @imnotscottysire Instagram; @VanillaDingDongToddysmith- Twitter; @todderic_ Instagram; @todderic_Zane- Twitter; @Zane Instagram; @Zane Snapchat; @ZaneHijaziDom: Instagram/Twitter: @DomZeglaitisThe Gabbie Show- Twitter; @TheGabbieShow Instagram; @TheGabbieShow Snapchat; @TheGabbieShowCorinna- Snapchat/Twitter/Instagram: @CorinnaKopfBignik- Twitter: @BigNik Instagram: @RealBigNik Snapchat; @BignikVineHeath- Twitter; @HeathHussar Instagram; @HeathHussar Snapchat; @HeathHussarSeth - @sethfrancoisJonah Hill- Insta: @nickantonyanBrandon Calvillo- Twitter; @BJCalvillo Instagram; @BJCalvillo Snapchat; @BJCalvilloMatt King - Twitter/Instagram/Snapchat: @MattRKingCarly incontro- Twitter/Instagram: @CarlyIncontroErin Gilfoy- Twitter and Instagram: goddess_eriu Snapchat: erin_gilfoyJack Dytrych: Twitter: @BigJuicyJack Instagram: jdytrych22Cailee: Twitter/Instagram: @CaileeRaeMusic Lindsey: @lindseygrollJulia Abner- Instagram; @JuliaAbnerElton Castee- Twitter; @EltonCastee, Instagram; @EltonCasteeMeghan McCarthy- Twitter: @MeghanWMcCarthyJcyrus snapchat: @Jcyrusvine .",2018-06-05T04:54:35.000Z,20928215,1535643,71750,264405,6
we broke up,GB,TalkBeckyTalk,Howto & Style,"\"talk becky talk\"|\"talkbeckytalk\"|\"break up\"|\"we broke up\"|\"heartbreak\"|\"life update\"|\"relationship\"|\"sad\"|\"wedding\"|\"engagement\"|\"family\"|\"breakup\"|\"single\"|\"we\"|\"broke\"|\"up\"|\"breaking\"|\"storytime\"|\"new chapter\"|\"boyfriend\"|\"vlog\"","we broke up. I hope this gives you some sort of explanation. Thank you so much for all the support and love that you gave me last year. Heartbreak and breakup is sad, but it's another one of life's journeys X\\n\\n#talkbeckytalk #breakup #lifeupdate #vlog \\n\\n__________________________\\nHaving you guys here is amazing. Here's my channel link if you have a few seconds to subscribe http://bit.ly/1wMKBB7\\n\\n________________________________________\\nI LOVE TO CHAT ON SOCIAL MEDIA WITH YOU\\n\\nINSTAGRAM https://www.instagram.com/talkbeckytalk/\\nTWITTER https://twitter.com/TalkBeckyTalk\\nFACEBOOK https://www.facebook.com/TalkBeckyTalk/\\n\\nSUBSCRIBE AND JOIN THE TBT FAMILY http://bit.ly/1wMKBB7",2018-02-18T17:05:05.000Z,92803,3800,98,1225,6
we broke up,MX,David Dobrik,People & Blogs,"\"lizzza|\"\"lizza\"\"|\"\"liza\"\"|\"\"koshy\"\"|\"\"david\"\"|\"\"dobrik\"\"|\"\"vlog\"\"|\"\"vlogger\"\"|\"\"how\"\"|\"\"to\"\"|\"\"realtionship\"\"|\"\"boyfriend\"\"|\"\"girlfriend\"\"|\"\"dating\"\"|\"\"date\"\"|\"\"first\"\"|\"\"time\"\"|\"\"funny\"\"|\"\"kiss\"\"|\"\"break\"\"|\"\"up\"\"|\"\"slpit\"\"|\"\"serious\"\"|\"\"youtuber\"\"|\"\"challenge\"\"|\"\"try\"\"|\"\"not\"\"|\"\"love\"\"|\"\"you\"\"\"","Sorry we didn't let you know sooner... we wanted to be comfortable talking about it :) All is good tho.. Ill be back to putting snakes on liza as soon as I can find a cobra! Love yalllSubscribe to My favorite Ex- Girlfriend Liza: https://www.youtube.com/channel/UCxSz6JVYmzVhtkraHWZC7HQ BUY TICKETS TO OUR SUMMER TOUR HERE: http://viewstour.com/   CHECKOUT OUR PODCAST WHERE WE TALK ABOUT RELATIONSHIPS:  https://itunes.apple.com/us/podcast/views-with-david-dobrik-and-jason-nash/id1236778275?mt=2   ALL DAVID DOBRIK CLOTHES 15% OFF HERE: https://fanjoy.co/collections/david-dobrik        ADD ME ON SNAPCHAT TO KEEP UP WITH OUR VEGAS TRIP: @Daviddobrik  WATCH MY NEW HOUSE TOUR HERE: https://www.youtube.com/watch?v=C4yECzFCdZk&t=26s   Comment how much you love our bunny if you read this!!ADD ME ON SNAPCHAT TO BE INVITED TO OUR HOUSE NEXT: @DavidDobrikThanks for watching :) Throww it a like if you like throwing stuff!Turn my notifications on these to be the next shoutout!!Twitter: @DavidDobrikInstagram: @DavidDobrikSnapchat: @DavidDobrikVine: @DavidDobrikMusically: @DavidDobrikBusiness email: daviddobrikbusiness@gmail.comOther people in the video:Liza- Twitter; @lizakoshy Instagram; @lizakoshy Snapchat; @lizakoshysnapsAlex Ernst- Twitter; @AlexErnst Instagram; @Ernst Snapchat; @AlexErnstJason Nash- Twitter and Instagram; @JasonNashJosh Peck- Instagram: @shuapeck Twitter: @Itsjoshpeck Snapchat: @joshuapeckScottysire- Twitter; @imnotscottysire Instagram; @VanillaDingDongToddysmith- Twitter; @todderic_ Instagram; @todderic_Zane- Twitter; @Zane Instagram; @Zane Snapchat; @ZaneHijaziDom: Instagram/Twitter: @DomZeglaitisThe Gabbie Show- Twitter; @TheGabbieShow Instagram; @TheGabbieShow Snapchat; @TheGabbieShowCorinna- Snapchat/Twitter/Instagram: @CorinnaKopfBignik- Twitter: @BigNik Instagram: @RealBigNik Snapchat; @BignikVineHeath- Twitter; @HeathHussar Instagram; @HeathHussar Snapchat; @HeathHussarSeth - @sethfrancoisJonah Hill- Insta: @nickantonyanBrandon Calvillo- Twitter; @BJCalvillo Instagram; @BJCalvillo Snapchat; @BJCalvilloMatt King - Twitter/Instagram/Snapchat: @MattRKingCarly incontro- Twitter/Instagram: @CarlyIncontroErin Gilfoy- Twitter and Instagram: goddess_eriu Snapchat: erin_gilfoyJack Dytrych: Twitter: @BigJuicyJack Instagram: jdytrych22Cailee: Twitter/Instagram: @CaileeRaeMusic Lindsey: @lindseygrollJulia Abner- Instagram; @JuliaAbnerElton Castee- Twitter; @EltonCastee, Instagram; @EltonCasteeMeghan McCarthy- Twitter: @MeghanWMcCarthyJcyrus snapchat: @Jcyrusvine .",2018-06-05T04:54:35.000Z,16884972,1366795,59932,237907,6
we broke up,US,David Dobrik,People & Blogs,"\"lizzza\"|\"lizza\"|\"liza\"|\"koshy\"|\"david\"|\"dobrik\"|\"vlog\"|\"vlogger\"|\"how\"|\"to\"|\"realtionship\"|\"boyfriend\"|\"girlfriend\"|\"dating\"|\"date\"|\"first\"|\"time\"|\"funny\"|\"kiss\"|\"break\"|\"up\"|\"slpit\"|\"serious\"|\"youtuber\"|\"challenge\"|\"try\"|\"not\"|\"love\"|\"you\"","Sorry we didn't let you know sooner... we wanted to be comfortable talking about it :) All is good tho.. Ill be back to putting snakes on liza as soon as I can find a cobra! Love yalllSubscribe to My favorite Ex- Girlfriend Liza: https://www.youtube.com/channel/UCxSz6JVYmzVhtkraHWZC7HQ BUY TICKETS TO OUR SUMMER TOUR HERE: http://viewstour.com/   CHECKOUT OUR PODCAST WHERE WE TALK ABOUT RELATIONSHIPS:  https://itunes.apple.com/us/podcast/views-with-david-dobrik-and-jason-nash/id1236778275?mt=2   ALL DAVID DOBRIK CLOTHES 15% OFF HERE: https://fanjoy.co/collections/david-dobrik        ADD ME ON SNAPCHAT TO KEEP UP WITH OUR VEGAS TRIP: @Daviddobrik  WATCH MY NEW HOUSE TOUR HERE: https://www.youtube.com/watch?v=C4yECzFCdZk&t=26s   Comment how much you love our bunny if you read this!!ADD ME ON SNAPCHAT TO BE INVITED TO OUR HOUSE NEXT: @DavidDobrikThanks for watching :) Throww it a like if you like throwing stuff!Turn my notifications on these to be the next shoutout!!Twitter: @DavidDobrikInstagram: @DavidDobrikSnapchat: @DavidDobrikVine: @DavidDobrikMusically: @DavidDobrikBusiness email: daviddobrikbusiness@gmail.comOther people in the video:Liza- Twitter; @lizakoshy Instagram; @lizakoshy Snapchat; @lizakoshysnapsAlex Ernst- Twitter; @AlexErnst Instagram; @Ernst Snapchat; @AlexErnstJason Nash- Twitter and Instagram; @JasonNashJosh Peck- Instagram: @shuapeck Twitter: @Itsjoshpeck Snapchat: @joshuapeckScottysire- Twitter; @imnotscottysire Instagram; @VanillaDingDongToddysmith- Twitter; @todderic_ Instagram; @todderic_Zane- Twitter; @Zane Instagram; @Zane Snapchat; @ZaneHijaziDom: Instagram/Twitter: @DomZeglaitisThe Gabbie Show- Twitter; @TheGabbieShow Instagram; @TheGabbieShow Snapchat; @TheGabbieShowCorinna- Snapchat/Twitter/Instagram: @CorinnaKopfBignik- Twitter: @BigNik Instagram: @RealBigNik Snapchat; @BignikVineHeath- Twitter; @HeathHussar Instagram; @HeathHussar Snapchat; @HeathHussarSeth - @sethfrancoisJonah Hill- Insta: @nickantonyanBrandon Calvillo- Twitter; @BJCalvillo Instagram; @BJCalvillo Snapchat; @BJCalvilloMatt King - Twitter/Instagram/Snapchat: @MattRKingCarly incontro- Twitter/Instagram: @CarlyIncontroErin Gilfoy- Twitter and Instagram: goddess_eriu Snapchat: erin_gilfoyJack Dytrych: Twitter: @BigJuicyJack Instagram: jdytrych22Cailee: Twitter/Instagram: @CaileeRaeMusic Lindsey: @lindseygrollJulia Abner- Instagram; @JuliaAbnerElton Castee- Twitter; @EltonCastee, Instagram; @EltonCasteeMeghan McCarthy- Twitter: @MeghanWMcCarthyJcyrus snapchat: @Jcyrusvine .",2018-06-05T04:54:35.000Z,33627806,2032463,99507,320194,6
