title,country,channel_title,category,tags,description,publish_time,views,likes,dislikes,comment_count,cnt
BLACKPINK - 'SQUARE UP' JENNIE MOVING POSTER,FR,BLACKPINK,People & Blogs,"\"블랙핑크\"|\"BLACKPINK\"|\"제니\"|\"JENNIE\"",[BLACKPINK - 'SQUARE UP' JENNIE MOVING POSTER]#BLACKPINK #블랙핑크 #JENNIE #제니 #THE1STMINIALBUM #EP #SQUAREUP #뚜두뚜두 #DDU_DU_DDU_DU #20180615 #RELEASE #YG,2018-06-08T00:00:00.000Z,835881,151199,973,14518,5
BLACKPINK - 'SQUARE UP' JENNIE MOVING POSTER,JP,BLACKPINK,People & Blogs,"\"블랙핑크|\"\"BLACKPINK\"\"|\"\"제니\"\"|\"\"JENNIE\"\"\"",[BLACKPINK - 'SQUARE UP' JENNIE MOVING POSTER]#BLACKPINK #블랙핑크 #JENNIE #제니 #THE1STMINIALBUM #EP #SQUAREUP #뚜두뚜두 #DDU_DU_DDU_DU #20180615 #RELEASE #YG,2018-06-08T00:00:00.000Z,835881,151205,974,14518,5
BLACKPINK - 'SQUARE UP' JENNIE MOVING POSTER,KR,BLACKPINK,People & Blogs,"\"블랙핑크|\"\"BLACKPINK\"\"|\"\"제니\"\"|\"\"JENNIE\"\"\"",[BLACKPINK - 'SQUARE UP' JENNIE MOVING POSTER]#BLACKPINK #블랙핑크 #JENNIE #제니 #THE1STMINIALBUM #EP #SQUAREUP #뚜두뚜두 #DDU_DU_DDU_DU #20180615 #RELEASE #YG,2018-06-08T00:00:00.000Z,835881,201689,973,17386,5
BLACKPINK - 'SQUARE UP' JENNIE MOVING POSTER,MX,BLACKPINK,People & Blogs,"\"블랙핑크|\"\"BLACKPINK\"\"|\"\"제니\"\"|\"\"JENNIE\"\"\"",[BLACKPINK - 'SQUARE UP' JENNIE MOVING POSTER]#BLACKPINK #블랙핑크 #JENNIE #제니 #THE1STMINIALBUM #EP #SQUAREUP #뚜두뚜두 #DDU_DU_DDU_DU #20180615 #RELEASE #YG,2018-06-08T00:00:00.000Z,835881,151205,974,14518,5
BLACKPINK - 'SQUARE UP' JENNIE MOVING POSTER,RU,BLACKPINK,People & Blogs,"\"블랙핑크|\"\"BLACKPINK\"\"|\"\"제니\"\"|\"\"JENNIE\"\"\"",[BLACKPINK - 'SQUARE UP' JENNIE MOVING POSTER]#BLACKPINK #블랙핑크 #JENNIE #제니 #THE1STMINIALBUM #EP #SQUAREUP #뚜두뚜두 #DDU_DU_DDU_DU #20180615 #RELEASE #YG,2018-06-08T00:00:00.000Z,835881,151205,974,14518,5
Black Mirror - Arkangel | Official Trailer [HD] | Netflix,CA,Netflix,Entertainment,"\"Charlie Brooker\"|\"Humans\"|\"arkep\"|\"Jesse Plemons\"|\"John Hillcoat\"|\"Black Museum\"|\"Arkangel\"|\"Jodie Foster\"|\"Crocodile\"|\"U.S.S. Callister\"|\"stranger things\"|\"Netflix Original Series\"|\"USS Callister\"|\"Jimmi Simpson\"|\"Netflix\"|\"Metalhead\"|\"Orphan Black\"|\"San Junipero\"|\"Hang the DJ\"|\"Michaela Joel\"|\"the twilight zone\"|\"TAGS: Black Mirror\"|\"Timothy Van Patten\"|\"Babs\"|\"Cristin Milioti\"|\"Letitia Wright\"|\"David Slade\"|\"Billy Magnussen\"|\"Olusanmokun\"|\"Toby Haynes\"|\"Colm McCarthy\"|\"Mr. Robot\"","The key to good parenting is control.\\n\\nWatch Black Mirror: https://www.netflix.com/title/70264888\\n\\nSUBSCRIBE: http://bit.ly/29qBUt7\\n\\nAbout Netflix:\\nNetflix is the world’s leading Internet television network with over 100 million members in over 190 countries enjoying more than 125 million hours of TV shows and movies per day, including original series, documentaries and feature films. Members can watch as much as they want, anytime, anywhere, on nearly any Internet-connected screen. Members can play, pause and resume watching, all without commercials or commitments.\\n\\nConnect with Netflix Online:\\nVisit Netflix WEBSITE: http://nflx.it/29BcWb5\\nLike Netflix Kids on FACEBOOK: http://bit.ly/NetflixFamily\\nLike Netflix on FACEBOOK: http://bit.ly/29kkAtN\\nFollow Netflix on TWITTER: http://bit.ly/29gswqd\\nFollow Netflix on INSTAGRAM: http://bit.ly/29oO4UP\\nFollow Netflix on TUMBLR: http://bit.ly/29kkemT\\n\\nBlack Mirror - Arkangel | Official Trailer [HD] | Netflix\\nhttp://youtube.com/netflix",2017-11-25T14:30:01.000Z,823882,25749,561,2789,7
Black Mirror - Arkangel | Official Trailer [HD] | Netflix,DE,Netflix,Entertainment,"\"Charlie Brooker\"|\"Humans\"|\"arkep\"|\"Jesse Plemons\"|\"John Hillcoat\"|\"Black Museum\"|\"Arkangel\"|\"Jodie Foster\"|\"Crocodile\"|\"U.S.S. Callister\"|\"stranger things\"|\"Netflix Original Series\"|\"USS Callister\"|\"Jimmi Simpson\"|\"Netflix\"|\"Metalhead\"|\"Orphan Black\"|\"San Junipero\"|\"Hang the DJ\"|\"Michaela Joel\"|\"the twilight zone\"|\"TAGS: Black Mirror\"|\"Timothy Van Patten\"|\"Babs\"|\"Cristin Milioti\"|\"Letitia Wright\"|\"David Slade\"|\"Billy Magnussen\"|\"Olusanmokun\"|\"Toby Haynes\"|\"Colm McCarthy\"|\"Mr. Robot\"","The key to good parenting is control.\\n\\nWatch Black Mirror: https://www.netflix.com/title/70264888\\n\\nSUBSCRIBE: http://bit.ly/29qBUt7\\n\\nAbout Netflix:\\nNetflix is the world’s leading Internet television network with over 100 million members in over 190 countries enjoying more than 125 million hours of TV shows and movies per day, including original series, documentaries and feature films. Members can watch as much as they want, anytime, anywhere, on nearly any Internet-connected screen. Members can play, pause and resume watching, all without commercials or commitments.\\n\\nConnect with Netflix Online:\\nVisit Netflix WEBSITE: http://nflx.it/29BcWb5\\nLike Netflix Kids on FACEBOOK: http://bit.ly/NetflixFamily\\nLike Netflix on FACEBOOK: http://bit.ly/29kkAtN\\nFollow Netflix on TWITTER: http://bit.ly/29gswqd\\nFollow Netflix on INSTAGRAM: http://bit.ly/29oO4UP\\nFollow Netflix on TUMBLR: http://bit.ly/29kkemT\\n\\nBlack Mirror - Arkangel | Official Trailer [HD] | Netflix\\nhttp://youtube.com/netflix",2017-11-25T14:30:01.000Z,823882,24694,561,2703,7
Black Mirror - Arkangel | Official Trailer [HD] | Netflix,FR,Netflix,Entertainment,"\"Charlie Brooker\"\"|\"\"Humans\"\"|\"\"arkep\"\"|\"\"Jesse Plemons\"\"|\"\"John Hillcoat\"\"|\"\"Black Museum\"\"|\"\"Arkangel\"\"|\"\"Jodie Foster\"\"|\"\"Crocodile\"\"|\"\"U.S.S. Callister\"\"|\"\"stranger things\"\"|\"\"Netflix Original Series\"\"|\"\"USS Callister\"\"|\"\"Jimmi Simpson\"\"|\"\"Netflix\"\"|\"\"Metalhead\"\"|\"\"Orphan Black\"\"|\"\"San Junipero\"\"|\"\"Hang the DJ\"\"|\"\"Michaela Joel\"\"|\"\"the twilight zone\"\"|\"\"TAGS: Black Mirror\"\"|\"\"Timothy Van Patten\"\"|\"\"Babs\"\"|\"\"Cristin Milioti\"\"|\"\"Letitia Wright\"\"|\"\"David Slade\"\"|\"\"Billy Magnussen\"\"|\"\"Olusanmokun\"\"|\"\"Toby Haynes\"\"|\"\"Colm McCarthy\"\"|\"\"Mr. Robot\"","The key to good parenting is control.\\n\\nWatch Black Mirror: https://www.netflix.com/title/70264888\\n\\nSUBSCRIBE: http://bit.ly/29qBUt7\\n\\nAbout Netflix:\\nNetflix is the world’s leading Internet television network with over 100 million members in over 190 countries enjoying more than 125 million hours of TV shows and movies per day, including original series, documentaries and feature films. Members can watch as much as they want, anytime, anywhere, on nearly any Internet-connected screen. Members can play, pause and resume watching, all without commercials or commitments.\\n\\nConnect with Netflix Online:\\nVisit Netflix WEBSITE: http://nflx.it/29BcWb5\\nLike Netflix Kids on FACEBOOK: http://bit.ly/NetflixFamily\\nLike Netflix on FACEBOOK: http://bit.ly/29kkAtN\\nFollow Netflix on TWITTER: http://bit.ly/29gswqd\\nFollow Netflix on INSTAGRAM: http://bit.ly/29oO4UP\\nFollow Netflix on TUMBLR: http://bit.ly/29kkemT\\n\\nBlack Mirror - Arkangel | Official Trailer [HD] | Netflix\\nhttp://youtube.com/netflix",2017-11-25T14:30:01.000Z,823882,21784,561,2426,7
Black Mirror - Arkangel | Official Trailer [HD] | Netflix,GB,Netflix,Entertainment,"\"Charlie Brooker\"|\"Humans\"|\"arkep\"|\"Jesse Plemons\"|\"John Hillcoat\"|\"Black Museum\"|\"Arkangel\"|\"Jodie Foster\"|\"Crocodile\"|\"U.S.S. Callister\"|\"stranger things\"|\"Netflix Original Series\"|\"USS Callister\"|\"Jimmi Simpson\"|\"Netflix\"|\"Metalhead\"|\"Orphan Black\"|\"San Junipero\"|\"Hang the DJ\"|\"Michaela Joel\"|\"the twilight zone\"|\"TAGS: Black Mirror\"|\"Timothy Van Patten\"|\"Babs\"|\"Cristin Milioti\"|\"Letitia Wright\"|\"David Slade\"|\"Billy Magnussen\"|\"Olusanmokun\"|\"Toby Haynes\"|\"Colm McCarthy\"|\"Mr. Robot\"","The key to good parenting is control.\\n\\nWatch Black Mirror: https://www.netflix.com/title/70264888\\n\\nSUBSCRIBE: http://bit.ly/29qBUt7\\n\\nAbout Netflix:\\nNetflix is the world’s leading Internet television network with over 100 million members in over 190 countries enjoying more than 125 million hours of TV shows and movies per day, including original series, documentaries and feature films. Members can watch as much as they want, anytime, anywhere, on nearly any Internet-connected screen. Members can play, pause and resume watching, all without commercials or commitments.\\n\\nConnect with Netflix Online:\\nVisit Netflix WEBSITE: http://nflx.it/29BcWb5\\nLike Netflix Kids on FACEBOOK: http://bit.ly/NetflixFamily\\nLike Netflix on FACEBOOK: http://bit.ly/29kkAtN\\nFollow Netflix on TWITTER: http://bit.ly/29gswqd\\nFollow Netflix on INSTAGRAM: http://bit.ly/29oO4UP\\nFollow Netflix on TUMBLR: http://bit.ly/29kkemT\\n\\nBlack Mirror - Arkangel | Official Trailer [HD] | Netflix\\nhttp://youtube.com/netflix",2017-11-25T14:30:01.000Z,2678626,27592,1609,3088,7
Black Mirror - Arkangel | Official Trailer [HD] | Netflix,IN,Netflix,Entertainment,"\"Charlie Brooker|\"\"Humans\"\"|\"\"arkep\"\"|\"\"Jesse Plemons\"\"|\"\"John Hillcoat\"\"|\"\"Black Museum\"\"|\"\"Arkangel\"\"|\"\"Jodie Foster\"\"|\"\"Crocodile\"\"|\"\"U.S.S. Callister\"\"|\"\"stranger things\"\"|\"\"Netflix Original Series\"\"|\"\"USS Callister\"\"|\"\"Jimmi Simpson\"\"|\"\"Netflix\"\"|\"\"Metalhead\"\"|\"\"Orphan Black\"\"|\"\"San Junipero\"\"|\"\"Hang the DJ\"\"|\"\"Michaela Joel\"\"|\"\"the twilight zone\"\"|\"\"TAGS: Black Mirror\"\"|\"\"Timothy Van Patten\"\"|\"\"Babs\"\"|\"\"Cristin Milioti\"\"|\"\"Letitia Wright\"\"|\"\"David Slade\"\"|\"\"Billy Magnussen\"\"|\"\"Olusanmokun\"\"|\"\"Toby Haynes\"\"|\"\"Colm McCarthy\"\"|\"\"Mr. Robot\"\"\"","The key to good parenting is control.\\n\\nWatch Black Mirror: https://www.netflix.com/title/70264888\\n\\nSUBSCRIBE: http://bit.ly/29qBUt7\\n\\nAbout Netflix:\\nNetflix is the world’s leading Internet television network with over 100 million members in over 190 countries enjoying more than 125 million hours of TV shows and movies per day, including original series, documentaries and feature films. Members can watch as much as they want, anytime, anywhere, on nearly any Internet-connected screen. Members can play, pause and resume watching, all without commercials or commitments.\\n\\nConnect with Netflix Online:\\nVisit Netflix WEBSITE: http://nflx.it/29BcWb5\\nLike Netflix Kids on FACEBOOK: http://bit.ly/NetflixFamily\\nLike Netflix on FACEBOOK: http://bit.ly/29kkAtN\\nFollow Netflix on TWITTER: http://bit.ly/29gswqd\\nFollow Netflix on INSTAGRAM: http://bit.ly/29oO4UP\\nFollow Netflix on TUMBLR: http://bit.ly/29kkemT\\n\\nBlack Mirror - Arkangel | Official Trailer [HD] | Netflix\\nhttp://youtube.com/netflix",2017-11-25T14:30:01.000Z,823882,24694,561,2703,7
Black Mirror - Arkangel | Official Trailer [HD] | Netflix,RU,Netflix,Entertainment,"\"Charlie Brooker|\"\"Humans\"\"|\"\"arkep\"\"|\"\"Jesse Plemons\"\"|\"\"John Hillcoat\"\"|\"\"Black Museum\"\"|\"\"Arkangel\"\"|\"\"Jodie Foster\"\"|\"\"Crocodile\"\"|\"\"U.S.S. Callister\"\"|\"\"stranger things\"\"|\"\"Netflix Original Series\"\"|\"\"USS Callister\"\"|\"\"Jimmi Simpson\"\"|\"\"Netflix\"\"|\"\"Metalhead\"\"|\"\"Orphan Black\"\"|\"\"San Junipero\"\"|\"\"Hang the DJ\"\"|\"\"Michaela Joel\"\"|\"\"the twilight zone\"\"|\"\"TAGS: Black Mirror\"\"|\"\"Timothy Van Patten\"\"|\"\"Babs\"\"|\"\"Cristin Milioti\"\"|\"\"Letitia Wright\"\"|\"\"David Slade\"\"|\"\"Billy Magnussen\"\"|\"\"Olusanmokun\"\"|\"\"Toby Haynes\"\"|\"\"Colm McCarthy\"\"|\"\"Mr. Robot\"\"\"","The key to good parenting is control.\\n\\nWatch Black Mirror: https://www.netflix.com/title/70264888\\n\\nSUBSCRIBE: http://bit.ly/29qBUt7\\n\\nAbout Netflix:\\nNetflix is the world’s leading Internet television network with over 100 million members in over 190 countries enjoying more than 125 million hours of TV shows and movies per day, including original series, documentaries and feature films. Members can watch as much as they want, anytime, anywhere, on nearly any Internet-connected screen. Members can play, pause and resume watching, all without commercials or commitments.\\n\\nConnect with Netflix Online:\\nVisit Netflix WEBSITE: http://nflx.it/29BcWb5\\nLike Netflix Kids on FACEBOOK: http://bit.ly/NetflixFamily\\nLike Netflix on FACEBOOK: http://bit.ly/29kkAtN\\nFollow Netflix on TWITTER: http://bit.ly/29gswqd\\nFollow Netflix on INSTAGRAM: http://bit.ly/29oO4UP\\nFollow Netflix on TUMBLR: http://bit.ly/29kkemT\\n\\nBlack Mirror - Arkangel | Official Trailer [HD] | Netflix\\nhttp://youtube.com/netflix",2017-11-25T14:30:01.000Z,1776191,21784,1286,2426,7
Black Mirror - Arkangel | Official Trailer [HD] | Netflix,US,Netflix,Entertainment,"\"Charlie Brooker\"|\"Humans\"|\"arkep\"|\"Jesse Plemons\"|\"John Hillcoat\"|\"Black Museum\"|\"Arkangel\"|\"Jodie Foster\"|\"Crocodile\"|\"U.S.S. Callister\"|\"stranger things\"|\"Netflix Original Series\"|\"USS Callister\"|\"Jimmi Simpson\"|\"Netflix\"|\"Metalhead\"|\"Orphan Black\"|\"San Junipero\"|\"Hang the DJ\"|\"Michaela Joel\"|\"the twilight zone\"|\"TAGS: Black Mirror\"|\"Timothy Van Patten\"|\"Babs\"|\"Cristin Milioti\"|\"Letitia Wright\"|\"David Slade\"|\"Billy Magnussen\"|\"Olusanmokun\"|\"Toby Haynes\"|\"Colm McCarthy\"|\"Mr. Robot\"","The key to good parenting is control.\\n\\nWatch Black Mirror: https://www.netflix.com/title/70264888\\n\\nSUBSCRIBE: http://bit.ly/29qBUt7\\n\\nAbout Netflix:\\nNetflix is the world’s leading Internet television network with over 100 million members in over 190 countries enjoying more than 125 million hours of TV shows and movies per day, including original series, documentaries and feature films. Members can watch as much as they want, anytime, anywhere, on nearly any Internet-connected screen. Members can play, pause and resume watching, all without commercials or commitments.\\n\\nConnect with Netflix Online:\\nVisit Netflix WEBSITE: http://nflx.it/29BcWb5\\nLike Netflix Kids on FACEBOOK: http://bit.ly/NetflixFamily\\nLike Netflix on FACEBOOK: http://bit.ly/29kkAtN\\nFollow Netflix on TWITTER: http://bit.ly/29gswqd\\nFollow Netflix on INSTAGRAM: http://bit.ly/29oO4UP\\nFollow Netflix on TUMBLR: http://bit.ly/29kkemT\\n\\nBlack Mirror - Arkangel | Official Trailer [HD] | Netflix\\nhttp://youtube.com/netflix",2017-11-25T14:30:01.000Z,823882,21783,561,2426,7
Expiration Dates Don't Mean What You Think,CA,CollegeHumor,Comedy,"\"Collegehumor\"|\"CH originals\"|\"comedy\"|\"sketch comedy\"|\"internet\"|\"humor\"|\"funny\"|\"sketch\"|\"adam ruins everything\"|\"are\"|\"adam ruins expiration dates\"|\"expiration dates don't mean anything\"|\"whatd do expiration dates mean\"|\"expiration dates fake\"|\"expiration dates debunked\"|\"adam debunks expiration dates\"","Expiration dates tell you when food tastes best, not when it isn't safe.\\n\\nAdam Ruins Everything - Adam Conover, CollegeHumor's resident know-it-all and major bummer, takes on society's biggest misconceptions.\\n\\nWatch an all-new @Adam Ruins Everything on truTV every Tuesday 10/9C! #AdamRuinsEverything\\n\\nSee more http://www.collegehumor.com\\nLIKE us on: http://www.facebook.com/collegehumor\\nFOLLOW us on: http://www.twitter.com/collegehumor\\nFOLLOW us on: http://www.collegehumor.tumblr.com",2017-11-22T18:30:01.000Z,2131820,46914,2984,5426,5
Expiration Dates Don't Mean What You Think,DE,CollegeHumor,Comedy,"\"Collegehumor\"|\"CH originals\"|\"comedy\"|\"sketch comedy\"|\"internet\"|\"humor\"|\"funny\"|\"sketch\"|\"adam ruins everything\"|\"are\"|\"adam ruins expiration dates\"|\"expiration dates don't mean anything\"|\"whatd do expiration dates mean\"|\"expiration dates fake\"|\"expiration dates debunked\"|\"adam debunks expiration dates\"","Expiration dates tell you when food tastes best, not when it isn't safe.\\n\\nAdam Ruins Everything - Adam Conover, CollegeHumor's resident know-it-all and major bummer, takes on society's biggest misconceptions.\\n\\nWatch an all-new @Adam Ruins Everything on truTV every Tuesday 10/9C! #AdamRuinsEverything\\n\\nSee more http://www.collegehumor.com\\nLIKE us on: http://www.facebook.com/collegehumor\\nFOLLOW us on: http://www.twitter.com/collegehumor\\nFOLLOW us on: http://www.collegehumor.tumblr.com",2017-11-22T18:30:01.000Z,1750448,41770,2502,4942,5
Expiration Dates Don't Mean What You Think,GB,CollegeHumor,Comedy,"\"Collegehumor\"|\"CH originals\"|\"comedy\"|\"sketch comedy\"|\"internet\"|\"humor\"|\"funny\"|\"sketch\"|\"adam ruins everything\"|\"are\"|\"adam ruins expiration dates\"|\"expiration dates don't mean anything\"|\"whatd do expiration dates mean\"|\"expiration dates fake\"|\"expiration dates debunked\"|\"adam debunks expiration dates\"","Expiration dates tell you when food tastes best, not when it isn't safe.\\n\\nAdam Ruins Everything - Adam Conover, CollegeHumor's resident know-it-all and major bummer, takes on society's biggest misconceptions.\\n\\nWatch an all-new @Adam Ruins Everything on truTV every Tuesday 10/9C! #AdamRuinsEverything\\n\\nSee more http://www.collegehumor.com\\nLIKE us on: http://www.facebook.com/collegehumor\\nFOLLOW us on: http://www.twitter.com/collegehumor\\nFOLLOW us on: http://www.collegehumor.tumblr.com",2017-11-22T18:30:01.000Z,2836865,57766,3756,5814,5
Expiration Dates Don't Mean What You Think,MX,CollegeHumor,Comedy,"\"Collegehumor|\"\"CH originals\"\"|\"\"comedy\"\"|\"\"sketch comedy\"\"|\"\"internet\"\"|\"\"humor\"\"|\"\"funny\"\"|\"\"sketch\"\"|\"\"adam ruins everything\"\"|\"\"are\"\"|\"\"adam ruins expiration dates\"\"|\"\"expiration dates don't mean anything\"\"|\"\"whatd do expiration dates mean\"\"|\"\"expiration dates fake\"\"|\"\"expiration dates debunked\"\"|\"\"adam debunks expiration dates\"\"\"","Expiration dates tell you when food tastes best, not when it isn't safe.\\n\\nAdam Ruins Everything - Adam Conover, CollegeHumor's resident know-it-all and major bummer, takes on society's biggest misconceptions.\\n\\nWatch an all-new @Adam Ruins Everything on truTV every Tuesday 10/9C! #AdamRuinsEverything\\n\\nSee more http://www.collegehumor.com\\nLIKE us on: http://www.facebook.com/collegehumor\\nFOLLOW us on: http://www.twitter.com/collegehumor\\nFOLLOW us on: http://www.collegehumor.tumblr.com",2017-11-22T18:30:01.000Z,1013330,29712,1320,3500,5
Expiration Dates Don't Mean What You Think,US,CollegeHumor,Comedy,"\"Collegehumor\"|\"CH originals\"|\"comedy\"|\"sketch comedy\"|\"internet\"|\"humor\"|\"funny\"|\"sketch\"|\"adam ruins everything\"|\"are\"|\"adam ruins expiration dates\"|\"expiration dates don't mean anything\"|\"whatd do expiration dates mean\"|\"expiration dates fake\"|\"expiration dates debunked\"|\"adam debunks expiration dates\"","Expiration dates tell you when food tastes best, not when it isn't safe.\\n\\nAdam Ruins Everything - Adam Conover, CollegeHumor's resident know-it-all and major bummer, takes on society's biggest misconceptions.\\n\\nWatch an all-new @Adam Ruins Everything on truTV every Tuesday 10/9C! #AdamRuinsEverything\\n\\nSee more http://www.collegehumor.com\\nLIKE us on: http://www.facebook.com/collegehumor\\nFOLLOW us on: http://www.twitter.com/collegehumor\\nFOLLOW us on: http://www.collegehumor.tumblr.com",2017-11-22T18:30:01.000Z,2366705,50495,3313,5426,5
Honest Trailers - Honest Trailers (Written by a Robot),CA,Screen Junkies,Film & Animation,"\"screenjunkies\"|\"screen junkies\"|\"honest trailers\"|\"honest trailer\"|\"robot ai\"|\"movie fights\"|\"artificial intelligence\"|\"ai writes\"|\"ai writer\"|\"ai written book\"|\"robot writer\"|\"robot writes\"|\"robot writes honest trailer\"|\"written by a robot\"|\"memes\"","You did it, because of your generosity towards our Movie Fights Extravaganza Benefiting Women In Film we are doing an Honest Trailer for Honest Trailers! But since there is no way for us to be impartial and really honest, we need some help  - so we recruited a robot…sorta. With the aid of Botnik Labs, they created some magical computer program that analyzed every single Honest Trailer script and generated this masterpiece poking fun at all of our tropes, styles, and themes. It is odd. It is insane. It is amazing. We hope you enjoy, and please join us May 3rd for our Movie Fights Live Extravaganza at 3PM Pacific - https://www.youtube.com/watch?v=qRyFZsNTXlMAll through the month of April, we are raising funds to help support Women In Film, advocating for and advancing the careers of women working in the screen industries. With every dollar raised we make the ScreenJunkies Movie Fights Extravaganza on May 3rd bigger. To donate and learn more go to http://www.ScreenJunkies.com/CharityE...Watch The Honest Trailers Commentary with the writers and the programmer who helped up make it!https://www.youtube.com/watch?v=FLcADSgRBx4Voiceover Narration by Jon BaileyTitle design by Robert HoltbyProducers - Dan Murrell, Spencer Gilbert, Joe Starr, and Max DionneWritten by Spencer Gilbert, Joe Starr, Dan MurrellEdited by Kevin Williamsen and TJ NordakerSupervising Producer:  Warren TesslerProduction Coordinator:  Tina ChoiEdited by Kevin Williamsen and TJ NordakerPost-Production Supervisor:  Gracie HartmannPost-Production Coordinator:  Carolyn CroceAssistant Editor:  Emin BassavandGot a tip? Email us ► feedback@screenjunkies.comFollow us on Twitter ► http://twitter.com/screenjunkiesLike us on Facebook ► http://www.fb.com/screenjunkies",2018-05-01T17:40:50.000Z,995733,31362,4297,5143,5
Honest Trailers - Honest Trailers (Written by a Robot),CA,Screen Junkies,Film & Animation,"\"screenjunkies\"|\"screen junkies\"|\"honest trailers\"|\"honest trailer\"|\"robot ai\"|\"movie fights\"|\"artificial intelligence\"|\"ai writes\"|\"ai writer\"|\"ai written book\"|\"robot writer\"|\"robot writes\"|\"robot writes honest trailer\"|\"written by a robot\"|\"memes\"","You did it, because of your generosity towards our Movie Fights Extravaganza Benefiting Women In Film we are doing an Honest Trailer for Honest Trailers! But since there is no way for us to be impartial and really honest, we need some help  - so we recruited a robot…sorta. With the aid of Botnik Labs, they created some magical computer program that analyzed every single Honest Trailer script and generated this masterpiece poking fun at all of our tropes, styles, and themes. It is odd. It is insane. It is amazing. We hope you enjoy, and please join us May 3rd for our Movie Fights Live Extravaganza at 3PM Pacific - https://www.youtube.com/watch?v=qRyFZsNTXlM\\n\\nAll through the month of April, we are raising funds to help support Women In Film, advocating for and advancing the careers of women working in the screen industries. With every dollar raised we make the ScreenJunkies Movie Fights Extravaganza on May 3rd bigger. To donate and learn more go to http://www.ScreenJunkies.com/CharityE...\\n\\nWatch The Honest Trailers Commentary with the writers and the programmer who helped up make it!\\nhttps://www.youtube.com/watch?v=FLcADSgRBx4\\n\\nVoiceover Narration by Jon Bailey\\nTitle design by Robert Holtby\\n\\nProducers - Dan Murrell, Spencer Gilbert, Joe Starr, and Max Dionne\\nWritten by Spencer Gilbert, Joe Starr, Dan Murrell\\nEdited by Kevin Williamsen and TJ Nordaker\\n\\nSupervising Producer:  Warren Tessler\\nProduction Coordinator:  Tina Choi\\n\\nEdited by Kevin Williamsen and TJ Nordaker\\nPost-Production Supervisor:  Gracie Hartmann\\nPost-Production Coordinator:  Carolyn Croce\\nAssistant Editor:  Emin Bassavand\\n\\nGot a tip? Email us ► feedback@screenjunkies.com\\nFollow us on Twitter ► http://twitter.com/screenjunkies\\nLike us on Facebook ► http://www.fb.com/screenjunkies",2018-05-01T17:40:50.000Z,660911,23622,3145,4170,5
Honest Trailers - Honest Trailers (Written by a Robot),DE,Screen Junkies,Film & Animation,"\"screenjunkies\"|\"screen junkies\"|\"honest trailers\"|\"honest trailer\"|\"robot ai\"|\"movie fights\"|\"artificial intelligence\"|\"ai writes\"|\"ai writer\"|\"ai written book\"|\"robot writer\"|\"robot writes\"|\"robot writes honest trailer\"|\"written by a robot\"|\"memes\"","You did it, because of your generosity towards our Movie Fights Extravaganza Benefiting Women In Film we are doing an Honest Trailer for Honest Trailers! But since there is no way for us to be impartial and really honest, we need some help  - so we recruited a robot…sorta. With the aid of Botnik Labs, they created some magical computer program that analyzed every single Honest Trailer script and generated this masterpiece poking fun at all of our tropes, styles, and themes. It is odd. It is insane. It is amazing. We hope you enjoy, and please join us May 3rd for our Movie Fights Live Extravaganza at 3PM Pacific - https://www.youtube.com/watch?v=qRyFZsNTXlM\\n\\nAll through the month of April, we are raising funds to help support Women In Film, advocating for and advancing the careers of women working in the screen industries. With every dollar raised we make the ScreenJunkies Movie Fights Extravaganza on May 3rd bigger. To donate and learn more go to http://www.ScreenJunkies.com/CharityE...\\n\\nWatch The Honest Trailers Commentary with the writers and the programmer who helped up make it!\\nhttps://www.youtube.com/watch?v=FLcADSgRBx4\\n\\nVoiceover Narration by Jon Bailey\\nTitle design by Robert Holtby\\n\\nProducers - Dan Murrell, Spencer Gilbert, Joe Starr, and Max Dionne\\nWritten by Spencer Gilbert, Joe Starr, Dan Murrell\\nEdited by Kevin Williamsen and TJ Nordaker\\n\\nSupervising Producer:  Warren Tessler\\nProduction Coordinator:  Tina Choi\\n\\nEdited by Kevin Williamsen and TJ Nordaker\\nPost-Production Supervisor:  Gracie Hartmann\\nPost-Production Coordinator:  Carolyn Croce\\nAssistant Editor:  Emin Bassavand\\n\\nGot a tip? Email us ► feedback@screenjunkies.com\\nFollow us on Twitter ► http://twitter.com/screenjunkies\\nLike us on Facebook ► http://www.fb.com/screenjunkies",2018-05-01T17:40:50.000Z,660911,23622,3145,4170,5
Honest Trailers - Honest Trailers (Written by a Robot),US,Screen Junkies,Film & Animation,"\"screenjunkies\"|\"screen junkies\"|\"honest trailers\"|\"honest trailer\"|\"robot ai\"|\"movie fights\"|\"artificial intelligence\"|\"ai writes\"|\"ai writer\"|\"ai written book\"|\"robot writer\"|\"robot writes\"|\"robot writes honest trailer\"|\"written by a robot\"|\"memes\"","You did it, because of your generosity towards our Movie Fights Extravaganza Benefiting Women In Film we are doing an Honest Trailer for Honest Trailers! But since there is no way for us to be impartial and really honest, we need some help  - so we recruited a robot…sorta. With the aid of Botnik Labs, they created some magical computer program that analyzed every single Honest Trailer script and generated this masterpiece poking fun at all of our tropes, styles, and themes. It is odd. It is insane. It is amazing. We hope you enjoy, and please join us May 3rd for our Movie Fights Live Extravaganza at 3PM Pacific - https://www.youtube.com/watch?v=qRyFZsNTXlMAll through the month of April, we are raising funds to help support Women In Film, advocating for and advancing the careers of women working in the screen industries. With every dollar raised we make the ScreenJunkies Movie Fights Extravaganza on May 3rd bigger. To donate and learn more go to http://www.ScreenJunkies.com/CharityE...Watch The Honest Trailers Commentary with the writers and the programmer who helped up make it!https://www.youtube.com/watch?v=FLcADSgRBx4Voiceover Narration by Jon BaileyTitle design by Robert HoltbyProducers - Dan Murrell, Spencer Gilbert, Joe Starr, and Max DionneWritten by Spencer Gilbert, Joe Starr, Dan MurrellEdited by Kevin Williamsen and TJ NordakerSupervising Producer:  Warren TesslerProduction Coordinator:  Tina ChoiEdited by Kevin Williamsen and TJ NordakerPost-Production Supervisor:  Gracie HartmannPost-Production Coordinator:  Carolyn CroceAssistant Editor:  Emin BassavandGot a tip? Email us ► feedback@screenjunkies.comFollow us on Twitter ► http://twitter.com/screenjunkiesLike us on Facebook ► http://www.fb.com/screenjunkies",2018-05-01T17:40:50.000Z,995733,39490,5465,5724,5
Honest Trailers - Honest Trailers (Written by a Robot),US,Screen Junkies,Film & Animation,"\"screenjunkies\"|\"screen junkies\"|\"honest trailers\"|\"honest trailer\"|\"robot ai\"|\"movie fights\"|\"artificial intelligence\"|\"ai writes\"|\"ai writer\"|\"ai written book\"|\"robot writer\"|\"robot writes\"|\"robot writes honest trailer\"|\"written by a robot\"|\"memes\"","You did it, because of your generosity towards our Movie Fights Extravaganza Benefiting Women In Film we are doing an Honest Trailer for Honest Trailers! But since there is no way for us to be impartial and really honest, we need some help  - so we recruited a robot…sorta. With the aid of Botnik Labs, they created some magical computer program that analyzed every single Honest Trailer script and generated this masterpiece poking fun at all of our tropes, styles, and themes. It is odd. It is insane. It is amazing. We hope you enjoy, and please join us May 3rd for our Movie Fights Live Extravaganza at 3PM Pacific - https://www.youtube.com/watch?v=qRyFZsNTXlM\\n\\nAll through the month of April, we are raising funds to help support Women In Film, advocating for and advancing the careers of women working in the screen industries. With every dollar raised we make the ScreenJunkies Movie Fights Extravaganza on May 3rd bigger. To donate and learn more go to http://www.ScreenJunkies.com/CharityE...\\n\\nWatch The Honest Trailers Commentary with the writers and the programmer who helped up make it!\\nhttps://www.youtube.com/watch?v=FLcADSgRBx4\\n\\nVoiceover Narration by Jon Bailey\\nTitle design by Robert Holtby\\n\\nProducers - Dan Murrell, Spencer Gilbert, Joe Starr, and Max Dionne\\nWritten by Spencer Gilbert, Joe Starr, Dan Murrell\\nEdited by Kevin Williamsen and TJ Nordaker\\n\\nSupervising Producer:  Warren Tessler\\nProduction Coordinator:  Tina Choi\\n\\nEdited by Kevin Williamsen and TJ Nordaker\\nPost-Production Supervisor:  Gracie Hartmann\\nPost-Production Coordinator:  Carolyn Croce\\nAssistant Editor:  Emin Bassavand\\n\\nGot a tip? Email us ► feedback@screenjunkies.com\\nFollow us on Twitter ► http://twitter.com/screenjunkies\\nLike us on Facebook ► http://www.fb.com/screenjunkies",2018-05-01T17:40:50.000Z,660911,23622,3145,4170,5
"Liam Payne, Rita Ora - For You (Fifty Shades Freed)",CA,FiftyShadesVEVO,Music,"\"Liam\"|\"Payne\"|\"Rita\"|\"Ora\"|\"For\"|\"You\"|\"(Fifty\"|\"Shades\"|\"Freed)\"|\"Republic/Universal/FSF\"|\"Soundtrack\"|\"Liam Payne and Rita Ora song\"|\"Fifty Shades Freed\"|\"Fifty Shades Soundtrack\"|\"Liam Payne new song\"|\"Rita Ora new song\"|\"Fifty Shades movie\"","For You (Fifty Shades Freed) (Official Video)\\nSong available on the Fifty Shades Freed Original Motion Picture Soundtrack\\nhttps://FiftyShadesFreed.lnk.to/ForYouYD  \\n \\nFifty Shades Freed, in theaters February 9.\\nWatch the trailer, and book tickets now: http://unvrs.al/FSFTix\\n \\nDirected by Hannah Lux Davis\\nProduced by Fuliane Petikyan\\nExecutive Produced by Luga Podesta & Brandon Bonfiglio\\nFor London Alley Entertainment\\n \\nFollow Liam on\\nFacebook - http://liamp.co/Facebook  \\nTwitter - http://liamp.co/Twitter  \\nInstagram - http://liamp.co/Instagram  \\nSnapchat - @liampayne\\nWebsite - http://liamp.co/Official  \\n \\nFollow Rita Ora on\\nFacebook - http://facebook.com/ritaora  \\nTwitter - http://twitter.com/ritaora  \\nInstagram - http://instagram.com/ritaora  \\nWebsite - http://www.ritaora.com  \\n \\nMusic video by Liam Payne & Rita Ora performing For You (Fifty Shades Freed). © 2018 Universal Studios, Capitol Records UK & Atlantic Records UK\\n\\nhttp://vevo.ly/3pu3as",2018-01-26T14:00:02.000Z,9754576,404238,7575,19583,7
"Liam Payne, Rita Ora - For You (Fifty Shades Freed)",DE,FiftyShadesVEVO,Music,"\"Liam\"|\"Payne\"|\"Rita\"|\"Ora\"|\"For\"|\"You\"|\"(Fifty\"|\"Shades\"|\"Freed)\"|\"Republic/Universal/FSF\"|\"Soundtrack\"|\"Liam Payne and Rita Ora song\"|\"Fifty Shades Freed\"|\"Fifty Shades Soundtrack\"|\"Liam Payne new song\"|\"Rita Ora new song\"|\"Fifty Shades movie\"","For You (Fifty Shades Freed) (Official Video)\\nSong available on the Fifty Shades Freed Original Motion Picture Soundtrack\\nhttps://FiftyShadesFreed.lnk.to/ForYouYD  \\n \\nFifty Shades Freed, in theaters February 9.\\nWatch the trailer, and book tickets now: http://unvrs.al/FSFTix\\n \\nDirected by Hannah Lux Davis\\nProduced by Fuliane Petikyan\\nExecutive Produced by Luga Podesta & Brandon Bonfiglio\\nFor London Alley Entertainment\\n \\nFollow Liam on\\nFacebook - http://liamp.co/Facebook  \\nTwitter - http://liamp.co/Twitter  \\nInstagram - http://liamp.co/Instagram  \\nSnapchat - @liampayne\\nWebsite - http://liamp.co/Official  \\n \\nFollow Rita Ora on\\nFacebook - http://facebook.com/ritaora  \\nTwitter - http://twitter.com/ritaora  \\nInstagram - http://instagram.com/ritaora  \\nWebsite - http://www.ritaora.com  \\n \\nMusic video by Liam Payne & Rita Ora performing For You (Fifty Shades Freed). © 2018 Universal Studios, Capitol Records UK & Atlantic Records UK\\n\\nhttp://vevo.ly/3pu3as",2018-01-26T14:00:02.000Z,7679717,360902,6506,16289,7
"Liam Payne, Rita Ora - For You (Fifty Shades Freed)",FR,FiftyShadesVEVO,Music,"\"Liam\"\"|\"\"Payne\"\"|\"\"Rita\"\"|\"\"Ora\"\"|\"\"For\"\"|\"\"You\"\"|\"\"(Fifty\"\"|\"\"Shades\"\"|\"\"Freed)\"\"|\"\"Republic/Universal/FSF\"\"|\"\"Soundtrack\"\"|\"\"Liam Payne and Rita Ora song\"\"|\"\"Fifty Shades Freed\"\"|\"\"Fifty Shades Soundtrack\"\"|\"\"Liam Payne new song\"\"|\"\"Rita Ora new song\"\"|\"\"Fifty Shades movie\"","For You (Fifty Shades Freed) (Official Video)\\nSong available on the Fifty Shades Freed Original Motion Picture Soundtrack\\nhttps://FiftyShadesFreed.lnk.to/ForYouYD  \\n \\nFifty Shades Freed, in theaters February 9.\\nWatch the trailer, and book tickets now: http://unvrs.al/FSFTix\\n \\nDirected by Hannah Lux Davis\\nProduced by Fuliane Petikyan\\nExecutive Produced by Luga Podesta & Brandon Bonfiglio\\nFor London Alley Entertainment\\n \\nFollow Liam on\\nFacebook - http://liamp.co/Facebook  \\nTwitter - http://liamp.co/Twitter  \\nInstagram - http://liamp.co/Instagram  \\nSnapchat - @liampayne\\nWebsite - http://liamp.co/Official  \\n \\nFollow Rita Ora on\\nFacebook - http://facebook.com/ritaora  \\nTwitter - http://twitter.com/ritaora  \\nInstagram - http://instagram.com/ritaora  \\nWebsite - http://www.ritaora.com  \\n \\nMusic video by Liam Payne & Rita Ora performing For You (Fifty Shades Freed). © 2018 Universal Studios, Capitol Records UK & Atlantic Records UK\\n\\nhttp://vevo.ly/3pu3as",2018-01-26T14:00:02.000Z,5824915,315105,5347,14997,7
"Liam Payne, Rita Ora - For You (Fifty Shades Freed)",GB,FiftyShadesVEVO,Music,"\"Liam\"|\"Payne\"|\"Rita\"|\"Ora\"|\"For\"|\"You\"|\"(Fifty\"|\"Shades\"|\"Freed)\"|\"Republic/Universal/FSF\"|\"Soundtrack\"|\"Liam Payne and Rita Ora song\"|\"Fifty Shades Freed\"|\"Fifty Shades Soundtrack\"|\"Liam Payne new song\"|\"Rita Ora new song\"|\"Fifty Shades movie\"","For You (Fifty Shades Freed) (Official Video)\\nSong available on the Fifty Shades Freed Original Motion Picture Soundtrack\\nhttps://FiftyShadesFreed.lnk.to/ForYouYD  \\n \\nFifty Shades Freed, in theaters February 9.\\nWatch the trailer, and book tickets now: http://unvrs.al/FSFTix\\n \\nDirected by Hannah Lux Davis\\nProduced by Fuliane Petikyan\\nExecutive Produced by Luga Podesta & Brandon Bonfiglio\\nFor London Alley Entertainment\\n \\nFollow Liam on\\nFacebook - http://liamp.co/Facebook  \\nTwitter - http://liamp.co/Twitter  \\nInstagram - http://liamp.co/Instagram  \\nSnapchat - @liampayne\\nWebsite - http://liamp.co/Official  \\n \\nFollow Rita Ora on\\nFacebook - http://facebook.com/ritaora  \\nTwitter - http://twitter.com/ritaora  \\nInstagram - http://instagram.com/ritaora  \\nWebsite - http://www.ritaora.com  \\n \\nMusic video by Liam Payne & Rita Ora performing For You (Fifty Shades Freed). © 2018 Universal Studios, Capitol Records UK & Atlantic Records UK\\n\\nhttp://vevo.ly/3pu3as",2018-01-26T14:00:02.000Z,9754576,475592,9170,20933,7
"Liam Payne, Rita Ora - For You (Fifty Shades Freed)",MX,FiftyShadesVEVO,Music,"\"Liam|\"\"Payne\"\"|\"\"Rita\"\"|\"\"Ora\"\"|\"\"For\"\"|\"\"You\"\"|\"\"(Fifty\"\"|\"\"Shades\"\"|\"\"Freed)\"\"|\"\"Republic/Universal/FSF\"\"|\"\"Soundtrack\"\"|\"\"Liam Payne and Rita Ora song\"\"|\"\"Fifty Shades Freed\"\"|\"\"Fifty Shades Soundtrack\"\"|\"\"Liam Payne new song\"\"|\"\"Rita Ora new song\"\"|\"\"Fifty Shades movie\"\"\"","For You (Fifty Shades Freed) (Official Video)\\nSong available on the Fifty Shades Freed Original Motion Picture Soundtrack\\nhttps://FiftyShadesFreed.lnk.to/ForYouYD  \\n \\nFifty Shades Freed, in theaters February 9.\\nWatch the trailer, and book tickets now: http://unvrs.al/FSFTix\\n \\nDirected by Hannah Lux Davis\\nProduced by Fuliane Petikyan\\nExecutive Produced by Luga Podesta & Brandon Bonfiglio\\nFor London Alley Entertainment\\n \\nFollow Liam on\\nFacebook - http://liamp.co/Facebook  \\nTwitter - http://liamp.co/Twitter  \\nInstagram - http://liamp.co/Instagram  \\nSnapchat - @liampayne\\nWebsite - http://liamp.co/Official  \\n \\nFollow Rita Ora on\\nFacebook - http://facebook.com/ritaora  \\nTwitter - http://twitter.com/ritaora  \\nInstagram - http://instagram.com/ritaora  \\nWebsite - http://www.ritaora.com  \\n \\nMusic video by Liam Payne & Rita Ora performing For You (Fifty Shades Freed). © 2018 Universal Studios, Capitol Records UK & Atlantic Records UK\\n\\nhttp://vevo.ly/3pu3as",2018-01-26T14:00:02.000Z,5824915,315112,5347,14997,7
"Liam Payne, Rita Ora - For You (Fifty Shades Freed)",RU,FiftyShadesVEVO,Music,"\"Liam|\"\"Payne\"\"|\"\"Rita\"\"|\"\"Ora\"\"|\"\"For\"\"|\"\"You\"\"|\"\"(Fifty\"\"|\"\"Shades\"\"|\"\"Freed)\"\"|\"\"Republic/Universal/FSF\"\"|\"\"Soundtrack\"\"|\"\"Liam Payne and Rita Ora song\"\"|\"\"Fifty Shades Freed\"\"|\"\"Fifty Shades Soundtrack\"\"|\"\"Liam Payne new song\"\"|\"\"Rita Ora new song\"\"|\"\"Fifty Shades movie\"\"\"","For You (Fifty Shades Freed) (Official Video)\\nSong available on the Fifty Shades Freed Original Motion Picture Soundtrack\\nhttps://FiftyShadesFreed.lnk.to/ForYouYD  \\n \\nFifty Shades Freed, in theaters February 9.\\nWatch the trailer, and book tickets now: http://unvrs.al/FSFTix\\n \\nDirected by Hannah Lux Davis\\nProduced by Fuliane Petikyan\\nExecutive Produced by Luga Podesta & Brandon Bonfiglio\\nFor London Alley Entertainment\\n \\nFollow Liam on\\nFacebook - http://liamp.co/Facebook  \\nTwitter - http://liamp.co/Twitter  \\nInstagram - http://liamp.co/Instagram  \\nSnapchat - @liampayne\\nWebsite - http://liamp.co/Official  \\n \\nFollow Rita Ora on\\nFacebook - http://facebook.com/ritaora  \\nTwitter - http://twitter.com/ritaora  \\nInstagram - http://instagram.com/ritaora  \\nWebsite - http://www.ritaora.com  \\n \\nMusic video by Liam Payne & Rita Ora performing For You (Fifty Shades Freed). © 2018 Universal Studios, Capitol Records UK & Atlantic Records UK\\n\\nhttp://vevo.ly/3pu3as",2018-01-26T14:00:02.000Z,2393825,201959,2766,12057,7
"Liam Payne, Rita Ora - For You (Fifty Shades Freed)",US,FiftyShadesVEVO,Music,"\"Liam\"|\"Payne\"|\"Rita\"|\"Ora\"|\"For\"|\"You\"|\"(Fifty\"|\"Shades\"|\"Freed)\"|\"Republic/Universal/FSF\"|\"Soundtrack\"|\"Liam Payne and Rita Ora song\"|\"Fifty Shades Freed\"|\"Fifty Shades Soundtrack\"|\"Liam Payne new song\"|\"Rita Ora new song\"|\"Fifty Shades movie\"","For You (Fifty Shades Freed) (Official Video)\\nSong available on the Fifty Shades Freed Original Motion Picture Soundtrack\\nhttps://FiftyShadesFreed.lnk.to/ForYouYD  \\n \\nFifty Shades Freed, in theaters February 9.\\nWatch the trailer, and book tickets now: http://unvrs.al/FSFTix\\n \\nDirected by Hannah Lux Davis\\nProduced by Fuliane Petikyan\\nExecutive Produced by Luga Podesta & Brandon Bonfiglio\\nFor London Alley Entertainment\\n \\nFollow Liam on\\nFacebook - http://liamp.co/Facebook  \\nTwitter - http://liamp.co/Twitter  \\nInstagram - http://liamp.co/Instagram  \\nSnapchat - @liampayne\\nWebsite - http://liamp.co/Official  \\n \\nFollow Rita Ora on\\nFacebook - http://facebook.com/ritaora  \\nTwitter - http://twitter.com/ritaora  \\nInstagram - http://instagram.com/ritaora  \\nWebsite - http://www.ritaora.com  \\n \\nMusic video by Liam Payne & Rita Ora performing For You (Fifty Shades Freed). © 2018 Universal Studios, Capitol Records UK & Atlantic Records UK\\n\\nhttp://vevo.ly/3pu3as",2018-01-26T14:00:02.000Z,9754576,475593,9170,20933,7
"Priyamanaval Episode 1017, 17/05/18",CA,VikatanTV,Shows,"\"Priyamanaval 17.05.2018\"|\"Priyamanaval 17 May 2018\"|\"priyamanaval episode 1017\"|\"priyamanaval serial\"|\"piriyamanaval\"|\"பிரியமானவள்\"|\"priyamanaval episode\"|\"periyamanaval\"|\"Priyamanaval episode today\"|\"priyamanaval serial 04.05.18\"|\"Priyamanaval today Episode\"|\"Priyamanaval today\"",Priyamanaval Episode 1017Subscribe: https://goo.gl/QiBz7h  Prev Episode: http://bit.ly/2IPXsms Naayagi Episode 75: http://bit.ly/2IsdRKF Priyamanaval All Episodes: https://goo.gl/8ecF64  Priyamanaval title Song: https://goo.gl/QaCzNv  Best of Thendral: https://goo.gl/MdKfZW  Channel: http://www.youtube.com/user/VikatanTVFacebook: https://www.facebook.com/priyamanavalserial/,2018-05-17T17:00:02.000Z,478698,2862,722,252,7
"Priyamanaval Episode 1017, 17/05/18",CA,VikatanTV,Shows,"\"Priyamanaval 17.05.2018\"|\"Priyamanaval 17 May 2018\"|\"priyamanaval episode 1017\"|\"priyamanaval serial\"|\"piriyamanaval\"|\"பிரியமானவள்\"|\"priyamanaval episode\"|\"periyamanaval\"|\"Priyamanaval episode today\"|\"priyamanaval serial 04.05.18\"|\"Priyamanaval today Episode\"|\"Priyamanaval today\"",Priyamanaval Episode 1017Subscribe: https://goo.gl/QiBz7h Next Episode: http://bit.ly/2IQWXsh  Prev Episode: http://bit.ly/2IPXsms Naayagi Episode 75: http://bit.ly/2IsdRKF Priyamanaval All Episodes: https://goo.gl/8ecF64  Priyamanaval title Song: https://goo.gl/QaCzNv  Best of Thendral: https://goo.gl/MdKfZW  Channel: http://www.youtube.com/user/VikatanTVFacebook: https://www.facebook.com/priyamanavalserial/,2018-05-17T17:00:02.000Z,783125,3561,958,287,7
"Priyamanaval Episode 1017, 17/05/18",DE,VikatanTV,Shows,"\"Priyamanaval 17.05.2018\"|\"Priyamanaval 17 May 2018\"|\"priyamanaval episode 1017\"|\"priyamanaval serial\"|\"piriyamanaval\"|\"பிரியமானவள்\"|\"priyamanaval episode\"|\"periyamanaval\"|\"Priyamanaval episode today\"|\"priyamanaval serial 04.05.18\"|\"Priyamanaval today Episode\"|\"Priyamanaval today\"",Priyamanaval Episode 1017Subscribe: https://goo.gl/QiBz7h  Prev Episode: http://bit.ly/2IPXsms Naayagi Episode 75: http://bit.ly/2IsdRKF Priyamanaval All Episodes: https://goo.gl/8ecF64  Priyamanaval title Song: https://goo.gl/QaCzNv  Best of Thendral: https://goo.gl/MdKfZW  Channel: http://www.youtube.com/user/VikatanTVFacebook: https://www.facebook.com/priyamanavalserial/,2018-05-17T17:00:02.000Z,478698,2862,722,252,7
"Priyamanaval Episode 1017, 17/05/18",FR,VikatanTV,Shows,"\"Priyamanaval 17.05.2018\"|\"Priyamanaval 17 May 2018\"|\"priyamanaval episode 1017\"|\"priyamanaval serial\"|\"piriyamanaval\"|\"பிரியமானவள்\"|\"priyamanaval episode\"|\"periyamanaval\"|\"Priyamanaval episode today\"|\"priyamanaval serial 04.05.18\"|\"Priyamanaval today Episode\"|\"Priyamanaval today\"",Priyamanaval Episode 1017Subscribe: https://goo.gl/QiBz7h Next Episode: http://bit.ly/2IQWXsh  Prev Episode: http://bit.ly/2IPXsms Naayagi Episode 75: http://bit.ly/2IsdRKF Priyamanaval All Episodes: https://goo.gl/8ecF64  Priyamanaval title Song: https://goo.gl/QaCzNv  Best of Thendral: https://goo.gl/MdKfZW  Channel: http://www.youtube.com/user/VikatanTVFacebook: https://www.facebook.com/priyamanavalserial/,2018-05-17T17:00:02.000Z,783125,3561,958,287,7
"Priyamanaval Episode 1017, 17/05/18",FR,VikatanTV,Shows,"\"Priyamanaval 17.05.2018\"|\"Priyamanaval 17 May 2018\"|\"priyamanaval episode 1017\"|\"priyamanaval serial\"|\"piriyamanaval\"|\"பிரியமானவள்\"|\"priyamanaval episode\"|\"periyamanaval\"|\"Priyamanaval episode today\"|\"priyamanaval serial 04.05.18\"|\"Priyamanaval today Episode\"|\"Priyamanaval today\"",Priyamanaval Episode 1017Subscribe: https://goo.gl/QiBz7h  Prev Episode: http://bit.ly/2IPXsms Naayagi Episode 75: http://bit.ly/2IsdRKF Priyamanaval All Episodes: https://goo.gl/8ecF64  Priyamanaval title Song: https://goo.gl/QaCzNv  Best of Thendral: https://goo.gl/MdKfZW  Channel: http://www.youtube.com/user/VikatanTVFacebook: https://www.facebook.com/priyamanavalserial/,2018-05-17T17:00:02.000Z,478698,2862,722,252,7
"Priyamanaval Episode 1017, 17/05/18",IN,VikatanTV,Shows,"\"Priyamanaval 17.05.2018|\"\"Priyamanaval 17 May 2018\"\"|\"\"priyamanaval episode 1017\"\"|\"\"priyamanaval serial\"\"|\"\"piriyamanaval\"\"|\"\"பிரியமானவள்\"\"|\"\"priyamanaval episode\"\"|\"\"periyamanaval\"\"|\"\"Priyamanaval episode today\"\"|\"\"priyamanaval serial 04.05.18\"\"|\"\"Priyamanaval today Episode\"\"|\"\"Priyamanaval today\"\"\"",Priyamanaval Episode 1017Subscribe: https://goo.gl/QiBz7h Next Episode: http://bit.ly/2IQWXsh  Prev Episode: http://bit.ly/2IPXsms Naayagi Episode 75: http://bit.ly/2IsdRKF Priyamanaval All Episodes: https://goo.gl/8ecF64  Priyamanaval title Song: https://goo.gl/QaCzNv  Best of Thendral: https://goo.gl/MdKfZW  Channel: http://www.youtube.com/user/VikatanTVFacebook: https://www.facebook.com/priyamanavalserial/,2018-05-17T17:00:02.000Z,847111,3670,958,294,7
"Priyamanaval Episode 1017, 17/05/18",IN,VikatanTV,Shows,"\"Priyamanaval 17.05.2018|\"\"Priyamanaval 17 May 2018\"\"|\"\"priyamanaval episode 1017\"\"|\"\"priyamanaval serial\"\"|\"\"piriyamanaval\"\"|\"\"பிரியமானவள்\"\"|\"\"priyamanaval episode\"\"|\"\"periyamanaval\"\"|\"\"Priyamanaval episode today\"\"|\"\"priyamanaval serial 04.05.18\"\"|\"\"Priyamanaval today Episode\"\"|\"\"Priyamanaval today\"\"\"",Priyamanaval Episode 1017Subscribe: https://goo.gl/QiBz7h  Prev Episode: http://bit.ly/2IPXsms Naayagi Episode 75: http://bit.ly/2IsdRKF Priyamanaval All Episodes: https://goo.gl/8ecF64  Priyamanaval title Song: https://goo.gl/QaCzNv  Best of Thendral: https://goo.gl/MdKfZW  Channel: http://www.youtube.com/user/VikatanTVFacebook: https://www.facebook.com/priyamanavalserial/,2018-05-17T17:00:02.000Z,478698,2862,722,252,7
TOP 10 RETURNS In 30 Women's Royal Rumble Match 2018 Full Highlights,CA,#AndresSTyle,People & Blogs,"\"Women's Royal Rumble 2018 Match FULL\"|\"Women's Royal Rumble Match\"|\"Women's Royal Rumble Match 2018 - TOP 10 *RETURNS*\"|\"FIRST WOMENS ROYAL RUMBLE MATCH\"|\"ASUKA WINS Women's Royal Rumble Match 2018\"|\"Royal\"",Women's Royal Rumble 2018 Match FULL\nWomen's Royal Rumble Match \n30 WOMAN ROYAL RUMBLE 2018 FULL HD\n30 Woman Royal Rumble Match 2018 Full Show - WWE Royal Rumble 28 January 2018\nASUKA WINS THE 1ST WOMENS ROYAL RUMBLE WINNER (WWE WOMENS ROYAL RUMBLE 2018 RESULTS And Highlights \nENTRANCES WOMENS ROYAL RUMBLE 2018\nWWE 30 WOMENS ROYAL RUMBLE MATCH 2018\nASUKA WINS Women's Royal Rumble Match 2018\nFIRST WOMENS ROYAL RUMBLE MATCH \nFull 1080K Women's Royal Rumble Match 2018 Full \nRoyal Rumble Femenino Los mejores Regresos \nTrish Stratus Returns Royal Rumble 2018\nNIKKI BELLA Returns Royal Rumble 2018 \nBrie Bella Returns Royal Rumble 2018 \nTHE BELLA TWINS Returns Royal Rumble 2018  \nLita Returns Royal Rumble 2018 \nMichelle Mccool Returns Royal Rumble 2018 \nMolly Holly Returns Royal Rumble 2018 \nVickie Guerrero Returns Royal Rumble 2018 \nbeth phoenix Returns Royal Rumble 2018 \nKelly Kelly Returns Royal Rumble 2018 \nTorrie Wilson Returns Royal Rumble 2018 \nJaqueline Returns Royal Rumble 2018\n\n👉 WWE Raw Women's Championship History Video: https://youtu.be/Ps7PlfeKA_M\n\n👉 NEW SmackDown Champion History Check: https://youtu.be/e8wmmWrjolo\n\nVIDEO: AndresSTyle\n\n👉 #NEW VIDEOS PLEASE #CHECK TOP 13 WOMENS FINISHERS \n\n👉 #TOP 13 Carmella Code Of Silence : https://www.youtube.com/watch?v=m7tPCMl_PgA&t=2s\n\n👉 #Top 13 Alexa Bliss Glitter Blizzard: https://youtu.be/XrfW0uKPhhM\n\n👉 TOP 13 WWE Sasha Banks - Bank Statement https://youtu.be/15qyKt5jg_0\n\n👉 #Top 13 Alexa Bliss Twisted Bliss : https://youtu.be/RpVcQ67ipGU\n\n👉 #Top 13 Alexa bliss Bliss DDT : https://www.youtube.com/watch?v=Z_Shi4RsHiA\n\n👉 TOP 30 WWE WOMENS THEME SONG 2017 CURRENT ROSTER https://www.youtube.com/watch?v=I6PcRSaK-oE\n\n👉 Mi #Facebook para que me recomiendes contenido:\nFacebook:👉 https://www.facebook.com/franciscoxavier.morenoandres\n\n👉 Twitter : https://twitter.com/PANCHURRITO?lang=es,2018-01-29T08:18:13.000Z,520401,6208,176,705,7
TOP 10 RETURNS In 30 Women's Royal Rumble Match 2018 Full Highlights,CA,#AndresSTyle,People & Blogs,"\"Women's Royal Rumble 2018 Match FULL\"|\"Women's Royal Rumble Match\"|\"Women's Royal Rumble Match 2018 - TOP 10 *RETURNS*\"|\"FIRST WOMENS ROYAL RUMBLE MATCH\"|\"ASUKA WINS Women's Royal Rumble Match 2018\"|\"Royal\"",Women's Royal Rumble 2018 Match FULL\nWomen's Royal Rumble Match \n30 WOMAN ROYAL RUMBLE 2018 FULL HD\n30 Woman Royal Rumble Match 2018 Full Show - WWE Royal Rumble 28 January 2018\nASUKA WINS THE 1ST WOMENS ROYAL RUMBLE WINNER (WWE WOMENS ROYAL RUMBLE 2018 RESULTS And Highlights \nWWE 30 WOMENS ROYAL RUMBLE MATCH 2018\nASUKA WINS Women's Royal Rumble Match 2018\nFIRST WOMENS ROYAL RUMBLE MATCH \nFull 1080K Women's Royal Rumble Match 2018 Full \nRoyal Rumble Femenino Los mejores Regresos \nTrish Stratus Returns Royal Rumble 2018\nNIKKI BELLA Returns Royal Rumble 2018 \nBrie Bella Returns Royal Rumble 2018 \nTHE BELLA TWINS Returns Royal Rumble 2018  \nLita Returns Royal Rumble 2018 \nMichelle Mccool Returns Royal Rumble 2018 \nMolly Holly Returns Royal Rumble 2018 \nVickie Guerrero Returns Royal Rumble 2018 \nbeth phoenix Returns Royal Rumble 2018 \nKelly Kelly Returns Royal Rumble 2018 \nTorrie Wilson Returns Royal Rumble 2018 \nJaqueline Returns Royal Rumble 2018\n\n👉 WWE Raw Women's Championship History Video: https://youtu.be/Ps7PlfeKA_M\n\n👉 NEW SmackDown Champion History Check: https://youtu.be/e8wmmWrjolo\n\nVIDEO: AndresSTyle\n\n👉 #NEW VIDEOS PLEASE #CHECK TOP 13 WOMENS FINISHERS \n\n👉 #TOP 13 Carmella Code Of Silence : https://www.youtube.com/watch?v=m7tPCMl_PgA&t=2s\n\n👉 #Top 13 Alexa Bliss Glitter Blizzard: https://youtu.be/XrfW0uKPhhM\n\n👉 TOP 13 WWE Sasha Banks - Bank Statement https://youtu.be/15qyKt5jg_0\n\n👉 #Top 13 Alexa Bliss Twisted Bliss : https://youtu.be/RpVcQ67ipGU\n\n👉 #Top 13 Alexa bliss Bliss DDT : https://www.youtube.com/watch?v=Z_Shi4RsHiA\n\n👉 TOP 30 WWE WOMENS THEME SONG 2017 CURRENT ROSTER https://www.youtube.com/watch?v=I6PcRSaK-oE\n\n👉 Mi #Facebook para que me recomiendes contenido:\nFacebook:👉 https://www.facebook.com/franciscoxavier.morenoandres\n\n👉 Twitter : https://twitter.com/PANCHURRITO?lang=es,2018-01-29T08:18:13.000Z,456096,5521,162,661,7
TOP 10 RETURNS In 30 Women's Royal Rumble Match 2018 Full Highlights,DE,#AndresSTyle,People & Blogs,"\"Women's Royal Rumble 2018 Match FULL\"|\"Women's Royal Rumble Match\"|\"Women's Royal Rumble Match 2018 - TOP 10 *RETURNS*\"|\"FIRST WOMENS ROYAL RUMBLE MATCH\"|\"ASUKA WINS Women's Royal Rumble Match 2018\"|\"Royal\"",Women's Royal Rumble 2018 Match FULL\nWomen's Royal Rumble Match \n30 WOMAN ROYAL RUMBLE 2018 FULL HD\n30 Woman Royal Rumble Match 2018 Full Show - WWE Royal Rumble 28 January 2018\nASUKA WINS THE 1ST WOMENS ROYAL RUMBLE WINNER (WWE WOMENS ROYAL RUMBLE 2018 RESULTS And Highlights \nWWE 30 WOMENS ROYAL RUMBLE MATCH 2018\nASUKA WINS Women's Royal Rumble Match 2018\nFIRST WOMENS ROYAL RUMBLE MATCH \nFull 1080K Women's Royal Rumble Match 2018 Full \nRoyal Rumble Femenino Los mejores Regresos \nTrish Stratus Returns Royal Rumble 2018\nNIKKI BELLA Returns Royal Rumble 2018 \nBrie Bella Returns Royal Rumble 2018 \nTHE BELLA TWINS Returns Royal Rumble 2018  \nLita Returns Royal Rumble 2018 \nMichelle Mccool Returns Royal Rumble 2018 \nMolly Holly Returns Royal Rumble 2018 \nVickie Guerrero Returns Royal Rumble 2018 \nbeth phoenix Returns Royal Rumble 2018 \nKelly Kelly Returns Royal Rumble 2018 \nTorrie Wilson Returns Royal Rumble 2018 \nJaqueline Returns Royal Rumble 2018\n\n👉 WWE Raw Women's Championship History Video: https://youtu.be/Ps7PlfeKA_M\n\n👉 NEW SmackDown Champion History Check: https://youtu.be/e8wmmWrjolo\n\nVIDEO: AndresSTyle\n\n👉 #NEW VIDEOS PLEASE #CHECK TOP 13 WOMENS FINISHERS \n\n👉 #TOP 13 Carmella Code Of Silence : https://www.youtube.com/watch?v=m7tPCMl_PgA&t=2s\n\n👉 #Top 13 Alexa Bliss Glitter Blizzard: https://youtu.be/XrfW0uKPhhM\n\n👉 TOP 13 WWE Sasha Banks - Bank Statement https://youtu.be/15qyKt5jg_0\n\n👉 #Top 13 Alexa Bliss Twisted Bliss : https://youtu.be/RpVcQ67ipGU\n\n👉 #Top 13 Alexa bliss Bliss DDT : https://www.youtube.com/watch?v=Z_Shi4RsHiA\n\n👉 TOP 30 WWE WOMENS THEME SONG 2017 CURRENT ROSTER https://www.youtube.com/watch?v=I6PcRSaK-oE\n\n👉 Mi #Facebook para que me recomiendes contenido:\nFacebook:👉 https://www.facebook.com/franciscoxavier.morenoandres\n\n👉 Twitter : https://twitter.com/PANCHURRITO?lang=es,2018-01-29T08:18:13.000Z,456096,5521,162,661,7
TOP 10 RETURNS In 30 Women's Royal Rumble Match 2018 Full Highlights,DE,#AndresSTyle,People & Blogs,"\"Women's Royal Rumble 2018 Match FULL\"|\"Women's Royal Rumble Match\"|\"Women's Royal Rumble Match 2018 - TOP 10 *RETURNS*\"|\"FIRST WOMENS ROYAL RUMBLE MATCH\"|\"ASUKA WINS Women's Royal Rumble Match 2018\"|\"Royal\"",Women's Royal Rumble 2018 Match FULL\nWomen's Royal Rumble Match \n30 WOMAN ROYAL RUMBLE 2018 FULL HD\n30 Woman Royal Rumble Match 2018 Full Show - WWE Royal Rumble 28 January 2018\nASUKA WINS THE 1ST WOMENS ROYAL RUMBLE WINNER (WWE WOMENS ROYAL RUMBLE 2018 RESULTS And Highlights \nENTRANCES WOMENS ROYAL RUMBLE 2018\nWWE 30 WOMENS ROYAL RUMBLE MATCH 2018\nASUKA WINS Women's Royal Rumble Match 2018\nFIRST WOMENS ROYAL RUMBLE MATCH \nFull 1080K Women's Royal Rumble Match 2018 Full \nRoyal Rumble Femenino Los mejores Regresos \nTrish Stratus Returns Royal Rumble 2018\nNIKKI BELLA Returns Royal Rumble 2018 \nBrie Bella Returns Royal Rumble 2018 \nTHE BELLA TWINS Returns Royal Rumble 2018  \nLita Returns Royal Rumble 2018 \nMichelle Mccool Returns Royal Rumble 2018 \nMolly Holly Returns Royal Rumble 2018 \nVickie Guerrero Returns Royal Rumble 2018 \nbeth phoenix Returns Royal Rumble 2018 \nKelly Kelly Returns Royal Rumble 2018 \nTorrie Wilson Returns Royal Rumble 2018 \nJaqueline Returns Royal Rumble 2018\n\n👉 WWE Raw Women's Championship History Video: https://youtu.be/Ps7PlfeKA_M\n\n👉 NEW SmackDown Champion History Check: https://youtu.be/e8wmmWrjolo\n\nVIDEO: AndresSTyle\n\n👉 #NEW VIDEOS PLEASE #CHECK TOP 13 WOMENS FINISHERS \n\n👉 #TOP 13 Carmella Code Of Silence : https://www.youtube.com/watch?v=m7tPCMl_PgA&t=2s\n\n👉 #Top 13 Alexa Bliss Glitter Blizzard: https://youtu.be/XrfW0uKPhhM\n\n👉 TOP 13 WWE Sasha Banks - Bank Statement https://youtu.be/15qyKt5jg_0\n\n👉 #Top 13 Alexa Bliss Twisted Bliss : https://youtu.be/RpVcQ67ipGU\n\n👉 #Top 13 Alexa bliss Bliss DDT : https://www.youtube.com/watch?v=Z_Shi4RsHiA\n\n👉 TOP 30 WWE WOMENS THEME SONG 2017 CURRENT ROSTER https://www.youtube.com/watch?v=I6PcRSaK-oE\n\n👉 Mi #Facebook para que me recomiendes contenido:\nFacebook:👉 https://www.facebook.com/franciscoxavier.morenoandres\n\n👉 Twitter : https://twitter.com/PANCHURRITO?lang=es,2018-01-29T08:18:13.000Z,520401,6208,176,705,7
TOP 10 RETURNS In 30 Women's Royal Rumble Match 2018 Full Highlights,FR,#AndresSTyle,People & Blogs,"\"Women's Royal Rumble 2018 Match FULL\"\"|\"\"Women's Royal Rumble Match\"\"|\"\"Women's Royal Rumble Match 2018 - TOP 10 *RETURNS*\"\"|\"\"FIRST WOMENS ROYAL RUMBLE MATCH\"\"|\"\"ASUKA WINS Women's Royal Rumble Match 2018\"\"|\"\"Royal\"",Women's Royal Rumble 2018 Match FULL\nWomen's Royal Rumble Match \n30 WOMAN ROYAL RUMBLE 2018 FULL HD\n30 Woman Royal Rumble Match 2018 Full Show - WWE Royal Rumble 28 January 2018\nASUKA WINS THE 1ST WOMENS ROYAL RUMBLE WINNER (WWE WOMENS ROYAL RUMBLE 2018 RESULTS And Highlights \nWWE 30 WOMENS ROYAL RUMBLE MATCH 2018\nASUKA WINS Women's Royal Rumble Match 2018\nFIRST WOMENS ROYAL RUMBLE MATCH \nFull 1080K Women's Royal Rumble Match 2018 Full \nRoyal Rumble Femenino Los mejores Regresos \nTrish Stratus Returns Royal Rumble 2018\nNIKKI BELLA Returns Royal Rumble 2018 \nBrie Bella Returns Royal Rumble 2018 \nTHE BELLA TWINS Returns Royal Rumble 2018  \nLita Returns Royal Rumble 2018 \nMichelle Mccool Returns Royal Rumble 2018 \nMolly Holly Returns Royal Rumble 2018 \nVickie Guerrero Returns Royal Rumble 2018 \nbeth phoenix Returns Royal Rumble 2018 \nKelly Kelly Returns Royal Rumble 2018 \nTorrie Wilson Returns Royal Rumble 2018 \nJaqueline Returns Royal Rumble 2018\n\n👉 WWE Raw Women's Championship History Video: https://youtu.be/Ps7PlfeKA_M\n\n👉 NEW SmackDown Champion History Check: https://youtu.be/e8wmmWrjolo\n\nVIDEO: AndresSTyle\n\n👉 #NEW VIDEOS PLEASE #CHECK TOP 13 WOMENS FINISHERS \n\n👉 #TOP 13 Carmella Code Of Silence : https://www.youtube.com/watch?v=m7tPCMl_PgA&t=2s\n\n👉 #Top 13 Alexa Bliss Glitter Blizzard: https://youtu.be/XrfW0uKPhhM\n\n👉 TOP 13 WWE Sasha Banks - Bank Statement https://youtu.be/15qyKt5jg_0\n\n👉 #Top 13 Alexa Bliss Twisted Bliss : https://youtu.be/RpVcQ67ipGU\n\n👉 #Top 13 Alexa bliss Bliss DDT : https://www.youtube.com/watch?v=Z_Shi4RsHiA\n\n👉 TOP 30 WWE WOMENS THEME SONG 2017 CURRENT ROSTER https://www.youtube.com/watch?v=I6PcRSaK-oE\n\n👉 Mi #Facebook para que me recomiendes contenido:\nFacebook:👉 https://www.facebook.com/franciscoxavier.morenoandres\n\n👉 Twitter : https://twitter.com/PANCHURRITO?lang=es,2018-01-29T08:18:13.000Z,353694,4655,130,499,7
TOP 10 RETURNS In 30 Women's Royal Rumble Match 2018 Full Highlights,MX,#AndresSTyle,People & Blogs,"\"Women's Royal Rumble 2018 Match FULL|\"\"Women's Royal Rumble Match\"\"|\"\"Women's Royal Rumble Match 2018 - TOP 10 *RETURNS*\"\"|\"\"FIRST WOMENS ROYAL RUMBLE MATCH\"\"|\"\"ASUKA WINS Women's Royal Rumble Match 2018\"\"|\"\"Royal\"\"\"",Women's Royal Rumble 2018 Match FULL\nWomen's Royal Rumble Match \n30 WOMAN ROYAL RUMBLE 2018 FULL HD\n30 Woman Royal Rumble Match 2018 Full Show - WWE Royal Rumble 28 January 2018\nASUKA WINS THE 1ST WOMENS ROYAL RUMBLE WINNER (WWE WOMENS ROYAL RUMBLE 2018 RESULTS And Highlights \nENTRANCES WOMENS ROYAL RUMBLE 2018\nWWE 30 WOMENS ROYAL RUMBLE MATCH 2018\nASUKA WINS Women's Royal Rumble Match 2018\nFIRST WOMENS ROYAL RUMBLE MATCH \nFull 1080K Women's Royal Rumble Match 2018 Full \nRoyal Rumble Femenino Los mejores Regresos \nTrish Stratus Returns Royal Rumble 2018\nNIKKI BELLA Returns Royal Rumble 2018 \nBrie Bella Returns Royal Rumble 2018 \nTHE BELLA TWINS Returns Royal Rumble 2018  \nLita Returns Royal Rumble 2018 \nMichelle Mccool Returns Royal Rumble 2018 \nMolly Holly Returns Royal Rumble 2018 \nVickie Guerrero Returns Royal Rumble 2018 \nbeth phoenix Returns Royal Rumble 2018 \nKelly Kelly Returns Royal Rumble 2018 \nTorrie Wilson Returns Royal Rumble 2018 \nJaqueline Returns Royal Rumble 2018\n\n👉 WWE Raw Women's Championship History Video: https://youtu.be/Ps7PlfeKA_M\n\n👉 NEW SmackDown Champion History Check: https://youtu.be/e8wmmWrjolo\n\nVIDEO: AndresSTyle\n\n👉 #NEW VIDEOS PLEASE #CHECK TOP 13 WOMENS FINISHERS \n\n👉 #TOP 13 Carmella Code Of Silence : https://www.youtube.com/watch?v=m7tPCMl_PgA&t=2s\n\n👉 #Top 13 Alexa Bliss Glitter Blizzard: https://youtu.be/XrfW0uKPhhM\n\n👉 TOP 13 WWE Sasha Banks - Bank Statement https://youtu.be/15qyKt5jg_0\n\n👉 #Top 13 Alexa Bliss Twisted Bliss : https://youtu.be/RpVcQ67ipGU\n\n👉 #Top 13 Alexa bliss Bliss DDT : https://www.youtube.com/watch?v=Z_Shi4RsHiA\n\n👉 TOP 30 WWE WOMENS THEME SONG 2017 CURRENT ROSTER https://www.youtube.com/watch?v=I6PcRSaK-oE\n\n👉 Mi #Facebook para que me recomiendes contenido:\nFacebook:👉 https://www.facebook.com/franciscoxavier.morenoandres\n\n👉 Twitter : https://twitter.com/PANCHURRITO?lang=es,2018-01-29T08:18:13.000Z,520402,6208,176,705,7
TOP 10 RETURNS In 30 Women's Royal Rumble Match 2018 Full Highlights,MX,#AndresSTyle,People & Blogs,"\"Women's Royal Rumble 2018 Match FULL|\"\"Women's Royal Rumble Match\"\"|\"\"Women's Royal Rumble Match 2018 - TOP 10 *RETURNS*\"\"|\"\"FIRST WOMENS ROYAL RUMBLE MATCH\"\"|\"\"ASUKA WINS Women's Royal Rumble Match 2018\"\"|\"\"Royal\"\"\"",Women's Royal Rumble 2018 Match FULL\nWomen's Royal Rumble Match \n30 WOMAN ROYAL RUMBLE 2018 FULL HD\n30 Woman Royal Rumble Match 2018 Full Show - WWE Royal Rumble 28 January 2018\nASUKA WINS THE 1ST WOMENS ROYAL RUMBLE WINNER (WWE WOMENS ROYAL RUMBLE 2018 RESULTS And Highlights \nWWE 30 WOMENS ROYAL RUMBLE MATCH 2018\nASUKA WINS Women's Royal Rumble Match 2018\nFIRST WOMENS ROYAL RUMBLE MATCH \nFull 1080K Women's Royal Rumble Match 2018 Full \nRoyal Rumble Femenino Los mejores Regresos \nTrish Stratus Returns Royal Rumble 2018\nNIKKI BELLA Returns Royal Rumble 2018 \nBrie Bella Returns Royal Rumble 2018 \nTHE BELLA TWINS Returns Royal Rumble 2018  \nLita Returns Royal Rumble 2018 \nMichelle Mccool Returns Royal Rumble 2018 \nMolly Holly Returns Royal Rumble 2018 \nVickie Guerrero Returns Royal Rumble 2018 \nbeth phoenix Returns Royal Rumble 2018 \nKelly Kelly Returns Royal Rumble 2018 \nTorrie Wilson Returns Royal Rumble 2018 \nJaqueline Returns Royal Rumble 2018\n\n👉 WWE Raw Women's Championship History Video: https://youtu.be/Ps7PlfeKA_M\n\n👉 NEW SmackDown Champion History Check: https://youtu.be/e8wmmWrjolo\n\nVIDEO: AndresSTyle\n\n👉 #NEW VIDEOS PLEASE #CHECK TOP 13 WOMENS FINISHERS \n\n👉 #TOP 13 Carmella Code Of Silence : https://www.youtube.com/watch?v=m7tPCMl_PgA&t=2s\n\n👉 #Top 13 Alexa Bliss Glitter Blizzard: https://youtu.be/XrfW0uKPhhM\n\n👉 TOP 13 WWE Sasha Banks - Bank Statement https://youtu.be/15qyKt5jg_0\n\n👉 #Top 13 Alexa Bliss Twisted Bliss : https://youtu.be/RpVcQ67ipGU\n\n👉 #Top 13 Alexa bliss Bliss DDT : https://www.youtube.com/watch?v=Z_Shi4RsHiA\n\n👉 TOP 30 WWE WOMENS THEME SONG 2017 CURRENT ROSTER https://www.youtube.com/watch?v=I6PcRSaK-oE\n\n👉 Mi #Facebook para que me recomiendes contenido:\nFacebook:👉 https://www.facebook.com/franciscoxavier.morenoandres\n\n👉 Twitter : https://twitter.com/PANCHURRITO?lang=es,2018-01-29T08:18:13.000Z,456098,5521,162,661,7
【EP.2】陈赫Selina相爱相杀 郑恺昆凌默契搭档竟被鹿晗蓝盈莹PK？《奔跑吧2》20180420 Keep Running S2 [ 浙江卫视官方HD ],CA,- 欢迎订阅 -浙江卫视【奔跑吧】官方频道,Entertainment,"\"奔跑吧\"|\"奔跑吧兄弟\"|\"奔跑吧20180420\"|\"奔跑吧 20180420\"|\"奔跑吧第二期\"|\"奔跑吧 第二期\"|\"奔跑吧第2期\"|\"奔跑吧 第2期\"|\"奔跑吧2 第二期\"|\"奔跑吧2018\"|\"running man china\"|\"奔跑吧第二季\"|\"奔跑吧第六季\"|\"奔跑吧2\"|\"奔跑吧兄弟第六季\"|\"奔跑吧 第2季\"|\"奔跑吧 2\"|\"奔跑吧第二季第二期\"|\"KeepRuning\"|\"Luhan\"|\"浙江卫视奔跑吧\"|\"Benpaoba\"|\"奔跑吧鹿晗\"|\"奔跑吧邓超\"|\"奔跑吧李晨\"|\"奔跑吧郑恺\"|\"奔跑吧王祖蓝\"|\"奔跑吧Angelababy\"|\"奔跑吧陈赫\"|\"ben pao ba xiong di\"|\"奔跑吧兄弟 鹿晗\"|\"奔跑吧兄弟 邓超\"|\"奔跑吧兄弟 李晨\"|\"奔跑吧兄弟 陈赫\"|\"奔跑吧兄弟 王祖蓝\"|\"奔跑吧兄弟 Angelababy\"|\"奔跑吧第二季 奥地利\"|\"奔跑吧第二季 维也纳\"|\"Vienna\"|\"Austria\"|\"奔跑吧2 抢鲜版\"|\"奔跑吧抢鲜版\"|\"邓超\"|\"杨颖\"|\"Angelababy\"|\"鹿晗\"|\"迪丽热巴\"|\"王祖蓝\"|\"李晨\"|\"郑恺\"|\"陈赫\"|\"昆凌\"|\"HannahQuinlivan\"|\"任家萱Selina\"|\"Selina\"|\"宋祖儿\"|\"钟楚曦\"|\"蓝盈莹\"|\"吴秀波\"","台湾和马来西亚的亲们请注意噢~由于版权原因，最新正片要等到本周日晚才能解禁,请宝宝耐心等待噢~可观看最新抢鲜版，本期精彩片段都在里面噢~\\n\\n· 奔跑吧 Keep Running YouTube: http://bitly.com/runningmanchina\\n· 浙江卫视 Zhejiang TV YouTube: http://bitly.com/zhejiangtv\\n· 浙江音乐 Zhejiang Music YouTube: http://bit.ly/singchina\\n\\n· Our Social Medias\\n  奔跑吧 Keep Running Facebook: https://goo.gl/xXfskh\\n  奔跑吧 Keep Running Twitter: @runningmanzjstv\\n  奔跑吧 Keep Running Instagram: @runningmancn \\n  浙江卫视 Zhejiang TV Facebook: https://goo.gl/SXPghm\\n\\n·奔跑吧2 FULL ：http://bit.ly/2GRZQcw  \\n·奔跑吧2 ENGSUB ：http://bit.ly/2qm3iBF \\n\\n【EP.2】陈赫Selina相爱相杀 郑恺昆凌默契搭档竟被鹿晗蓝盈莹PK？《奔跑吧2》20180420 Keep Running S2 [ 浙江卫视官方HD ]\\n\\n·《奔跑吧》是由浙江卫视制作的大型户外竞技真人秀节目的标杆之作。节目涵盖了运动竞技、悬疑解密、团队协作等游戏元素，并融入了中国特色文化，如武侠、神话、名著等桥段。\\n· 本季固定嘉宾为：邓超、Angelababy(杨颖)、李晨、陈赫、郑恺、王祖蓝、鹿晗。第一季固定主持迪丽热巴因档期原因退出。\\n\\n· 奔跑吧：http://bit.ly/2oZuarH\\n· 奔跑吧兄弟4: http://bit.ly/1Q4bPvj\\n· 奔跑吧兄弟3: https://goo.gl/ocRUkG\\n· 奔跑吧兄弟2: https://goo.gl/eKPDxx\\n· 奔跑吧兄弟1: https://goo.gl/75y4NJ\\n\\n· Keep Running ENGSUB：http://bit.ly/2pzT9P3\\n· Running Man China S4 ENGSUB: http://bit.ly/1qfn8LL\\n· Running Man China S3 ENGSUB: http://bit.ly/1T6UOXq",2018-04-20T16:53:44.000Z,482461,6892,648,2632,5
【EP.2】陈赫Selina相爱相杀 郑恺昆凌默契搭档竟被鹿晗蓝盈莹PK？《奔跑吧2》20180420 Keep Running S2 [ 浙江卫视官方HD ],DE,- 欢迎订阅 -浙江卫视【奔跑吧】官方频道,Entertainment,"\"奔跑吧\"|\"奔跑吧兄弟\"|\"奔跑吧20180420\"|\"奔跑吧 20180420\"|\"奔跑吧第二期\"|\"奔跑吧 第二期\"|\"奔跑吧第2期\"|\"奔跑吧 第2期\"|\"奔跑吧2 第二期\"|\"奔跑吧2018\"|\"running man china\"|\"奔跑吧第二季\"|\"奔跑吧第六季\"|\"奔跑吧2\"|\"奔跑吧兄弟第六季\"|\"奔跑吧 第2季\"|\"奔跑吧 2\"|\"奔跑吧第二季第二期\"|\"KeepRuning\"|\"Luhan\"|\"浙江卫视奔跑吧\"|\"Benpaoba\"|\"奔跑吧鹿晗\"|\"奔跑吧邓超\"|\"奔跑吧李晨\"|\"奔跑吧郑恺\"|\"奔跑吧王祖蓝\"|\"奔跑吧Angelababy\"|\"奔跑吧陈赫\"|\"ben pao ba xiong di\"|\"奔跑吧兄弟 鹿晗\"|\"奔跑吧兄弟 邓超\"|\"奔跑吧兄弟 李晨\"|\"奔跑吧兄弟 陈赫\"|\"奔跑吧兄弟 王祖蓝\"|\"奔跑吧兄弟 Angelababy\"|\"奔跑吧第二季 奥地利\"|\"奔跑吧第二季 维也纳\"|\"Vienna\"|\"Austria\"|\"奔跑吧2 抢鲜版\"|\"奔跑吧抢鲜版\"|\"邓超\"|\"杨颖\"|\"Angelababy\"|\"鹿晗\"|\"迪丽热巴\"|\"王祖蓝\"|\"李晨\"|\"郑恺\"|\"陈赫\"|\"昆凌\"|\"HannahQuinlivan\"|\"任家萱Selina\"|\"Selina\"|\"宋祖儿\"|\"钟楚曦\"|\"蓝盈莹\"|\"吴秀波\"","台湾和马来西亚的亲们请注意噢~由于版权原因，最新正片要等到本周日晚才能解禁,请宝宝耐心等待噢~可观看最新抢鲜版，本期精彩片段都在里面噢~\\n\\n· 奔跑吧 Keep Running YouTube: http://bitly.com/runningmanchina\\n· 浙江卫视 Zhejiang TV YouTube: http://bitly.com/zhejiangtv\\n· 浙江音乐 Zhejiang Music YouTube: http://bit.ly/singchina\\n\\n· Our Social Medias\\n  奔跑吧 Keep Running Facebook: https://goo.gl/xXfskh\\n  奔跑吧 Keep Running Twitter: @runningmanzjstv\\n  奔跑吧 Keep Running Instagram: @runningmancn \\n  浙江卫视 Zhejiang TV Facebook: https://goo.gl/SXPghm\\n\\n·奔跑吧2 FULL ：http://bit.ly/2GRZQcw  \\n·奔跑吧2 ENGSUB ：http://bit.ly/2qm3iBF \\n\\n【EP.2】陈赫Selina相爱相杀 郑恺昆凌默契搭档竟被鹿晗蓝盈莹PK？《奔跑吧2》20180420 Keep Running S2 [ 浙江卫视官方HD ]\\n\\n·《奔跑吧》是由浙江卫视制作的大型户外竞技真人秀节目的标杆之作。节目涵盖了运动竞技、悬疑解密、团队协作等游戏元素，并融入了中国特色文化，如武侠、神话、名著等桥段。\\n· 本季固定嘉宾为：邓超、Angelababy(杨颖)、李晨、陈赫、郑恺、王祖蓝、鹿晗。第一季固定主持迪丽热巴因档期原因退出。\\n\\n· 奔跑吧：http://bit.ly/2oZuarH\\n· 奔跑吧兄弟4: http://bit.ly/1Q4bPvj\\n· 奔跑吧兄弟3: https://goo.gl/ocRUkG\\n· 奔跑吧兄弟2: https://goo.gl/eKPDxx\\n· 奔跑吧兄弟1: https://goo.gl/75y4NJ\\n\\n· Keep Running ENGSUB：http://bit.ly/2pzT9P3\\n· Running Man China S4 ENGSUB: http://bit.ly/1qfn8LL\\n· Running Man China S3 ENGSUB: http://bit.ly/1T6UOXq",2018-04-20T16:53:44.000Z,482461,6892,648,2632,5
【EP.2】陈赫Selina相爱相杀 郑恺昆凌默契搭档竟被鹿晗蓝盈莹PK？《奔跑吧2》20180420 Keep Running S2 [ 浙江卫视官方HD ],FR,- 欢迎订阅 -浙江卫视【奔跑吧】官方频道,Entertainment,"\"奔跑吧\"\"|\"\"奔跑吧兄弟\"\"|\"\"奔跑吧20180420\"\"|\"\"奔跑吧 20180420\"\"|\"\"奔跑吧第二期\"\"|\"\"奔跑吧 第二期\"\"|\"\"奔跑吧第2期\"\"|\"\"奔跑吧 第2期\"\"|\"\"奔跑吧2 第二期\"\"|\"\"奔跑吧2018\"\"|\"\"running man china\"\"|\"\"奔跑吧第二季\"\"|\"\"奔跑吧第六季\"\"|\"\"奔跑吧2\"\"|\"\"奔跑吧兄弟第六季\"\"|\"\"奔跑吧 第2季\"\"|\"\"奔跑吧 2\"\"|\"\"奔跑吧第二季第二期\"\"|\"\"KeepRuning\"\"|\"\"Luhan\"\"|\"\"浙江卫视奔跑吧\"\"|\"\"Benpaoba\"\"|\"\"奔跑吧鹿晗\"\"|\"\"奔跑吧邓超\"\"|\"\"奔跑吧李晨\"\"|\"\"奔跑吧郑恺\"\"|\"\"奔跑吧王祖蓝\"\"|\"\"奔跑吧Angelababy\"\"|\"\"奔跑吧陈赫\"\"|\"\"ben pao ba xiong di\"\"|\"\"奔跑吧兄弟 鹿晗\"\"|\"\"奔跑吧兄弟 邓超\"\"|\"\"奔跑吧兄弟 李晨\"\"|\"\"奔跑吧兄弟 陈赫\"\"|\"\"奔跑吧兄弟 王祖蓝\"\"|\"\"奔跑吧兄弟 Angelababy\"\"|\"\"奔跑吧第二季 奥地利\"\"|\"\"奔跑吧第二季 维也纳\"\"|\"\"Vienna\"\"|\"\"Austria\"\"|\"\"奔跑吧2 抢鲜版\"\"|\"\"奔跑吧抢鲜版\"\"|\"\"邓超\"\"|\"\"杨颖\"\"|\"\"Angelababy\"\"|\"\"鹿晗\"\"|\"\"迪丽热巴\"\"|\"\"王祖蓝\"\"|\"\"李晨\"\"|\"\"郑恺\"\"|\"\"陈赫\"\"|\"\"昆凌\"\"|\"\"HannahQuinlivan\"\"|\"\"任家萱Selina\"\"|\"\"Selina\"\"|\"\"宋祖儿\"\"|\"\"钟楚曦\"\"|\"\"蓝盈莹\"\"|\"\"吴秀波\"","台湾和马来西亚的亲们请注意噢~由于版权原因，最新正片要等到本周日晚才能解禁,请宝宝耐心等待噢~可观看最新抢鲜版，本期精彩片段都在里面噢~\\n\\n· 奔跑吧 Keep Running YouTube: http://bitly.com/runningmanchina\\n· 浙江卫视 Zhejiang TV YouTube: http://bitly.com/zhejiangtv\\n· 浙江音乐 Zhejiang Music YouTube: http://bit.ly/singchina\\n\\n· Our Social Medias\\n  奔跑吧 Keep Running Facebook: https://goo.gl/xXfskh\\n  奔跑吧 Keep Running Twitter: @runningmanzjstv\\n  奔跑吧 Keep Running Instagram: @runningmancn \\n  浙江卫视 Zhejiang TV Facebook: https://goo.gl/SXPghm\\n\\n·奔跑吧2 FULL ：http://bit.ly/2GRZQcw  \\n·奔跑吧2 ENGSUB ：http://bit.ly/2qm3iBF \\n\\n【EP.2】陈赫Selina相爱相杀 郑恺昆凌默契搭档竟被鹿晗蓝盈莹PK？《奔跑吧2》20180420 Keep Running S2 [ 浙江卫视官方HD ]\\n\\n·《奔跑吧》是由浙江卫视制作的大型户外竞技真人秀节目的标杆之作。节目涵盖了运动竞技、悬疑解密、团队协作等游戏元素，并融入了中国特色文化，如武侠、神话、名著等桥段。\\n· 本季固定嘉宾为：邓超、Angelababy(杨颖)、李晨、陈赫、郑恺、王祖蓝、鹿晗。第一季固定主持迪丽热巴因档期原因退出。\\n\\n· 奔跑吧：http://bit.ly/2oZuarH\\n· 奔跑吧兄弟4: http://bit.ly/1Q4bPvj\\n· 奔跑吧兄弟3: https://goo.gl/ocRUkG\\n· 奔跑吧兄弟2: https://goo.gl/eKPDxx\\n· 奔跑吧兄弟1: https://goo.gl/75y4NJ\\n\\n· Keep Running ENGSUB：http://bit.ly/2pzT9P3\\n· Running Man China S4 ENGSUB: http://bit.ly/1qfn8LL\\n· Running Man China S3 ENGSUB: http://bit.ly/1T6UOXq",2018-04-20T16:53:44.000Z,482461,6892,648,2632,5
【EP.2】陈赫Selina相爱相杀 郑恺昆凌默契搭档竟被鹿晗蓝盈莹PK？《奔跑吧2》20180420 Keep Running S2 [ 浙江卫视官方HD ],JP,- 欢迎订阅 -浙江卫视【奔跑吧】官方频道,Entertainment,"\"奔跑吧|\"\"奔跑吧兄弟\"\"|\"\"奔跑吧20180420\"\"|\"\"奔跑吧 20180420\"\"|\"\"奔跑吧第二期\"\"|\"\"奔跑吧 第二期\"\"|\"\"奔跑吧第2期\"\"|\"\"奔跑吧 第2期\"\"|\"\"奔跑吧2 第二期\"\"|\"\"奔跑吧2018\"\"|\"\"running man china\"\"|\"\"奔跑吧第二季\"\"|\"\"奔跑吧第六季\"\"|\"\"奔跑吧2\"\"|\"\"奔跑吧兄弟第六季\"\"|\"\"奔跑吧 第2季\"\"|\"\"奔跑吧 2\"\"|\"\"奔跑吧第二季第二期\"\"|\"\"KeepRuning\"\"|\"\"Luhan\"\"|\"\"浙江卫视奔跑吧\"\"|\"\"Benpaoba\"\"|\"\"奔跑吧鹿晗\"\"|\"\"奔跑吧邓超\"\"|\"\"奔跑吧李晨\"\"|\"\"奔跑吧郑恺\"\"|\"\"奔跑吧王祖蓝\"\"|\"\"奔跑吧Angelababy\"\"|\"\"奔跑吧陈赫\"\"|\"\"ben pao ba xiong di\"\"|\"\"奔跑吧兄弟 鹿晗\"\"|\"\"奔跑吧兄弟 邓超\"\"|\"\"奔跑吧兄弟 李晨\"\"|\"\"奔跑吧兄弟 陈赫\"\"|\"\"奔跑吧兄弟 王祖蓝\"\"|\"\"奔跑吧兄弟 Angelababy\"\"|\"\"奔跑吧第二季 奥地利\"\"|\"\"奔跑吧第二季 维也纳\"\"|\"\"Vienna\"\"|\"\"Austria\"\"|\"\"奔跑吧2 抢鲜版\"\"|\"\"奔跑吧抢鲜版\"\"|\"\"邓超\"\"|\"\"杨颖\"\"|\"\"Angelababy\"\"|\"\"鹿晗\"\"|\"\"迪丽热巴\"\"|\"\"王祖蓝\"\"|\"\"李晨\"\"|\"\"郑恺\"\"|\"\"陈赫\"\"|\"\"昆凌\"\"|\"\"HannahQuinlivan\"\"|\"\"任家萱Selina\"\"|\"\"Selina\"\"|\"\"宋祖儿\"\"|\"\"钟楚曦\"\"|\"\"蓝盈莹\"\"|\"\"吴秀波\"\"\"","台湾和马来西亚的亲们请注意噢~由于版权原因，最新正片要等到本周日晚才能解禁,请宝宝耐心等待噢~可观看最新抢鲜版，本期精彩片段都在里面噢~\\n\\n· 奔跑吧 Keep Running YouTube: http://bitly.com/runningmanchina\\n· 浙江卫视 Zhejiang TV YouTube: http://bitly.com/zhejiangtv\\n· 浙江音乐 Zhejiang Music YouTube: http://bit.ly/singchina\\n\\n· Our Social Medias\\n  奔跑吧 Keep Running Facebook: https://goo.gl/xXfskh\\n  奔跑吧 Keep Running Twitter: @runningmanzjstv\\n  奔跑吧 Keep Running Instagram: @runningmancn \\n  浙江卫视 Zhejiang TV Facebook: https://goo.gl/SXPghm\\n\\n·奔跑吧2 FULL ：http://bit.ly/2GRZQcw  \\n·奔跑吧2 ENGSUB ：http://bit.ly/2qm3iBF \\n\\n【EP.2】陈赫Selina相爱相杀 郑恺昆凌默契搭档竟被鹿晗蓝盈莹PK？《奔跑吧2》20180420 Keep Running S2 [ 浙江卫视官方HD ]\\n\\n·《奔跑吧》是由浙江卫视制作的大型户外竞技真人秀节目的标杆之作。节目涵盖了运动竞技、悬疑解密、团队协作等游戏元素，并融入了中国特色文化，如武侠、神话、名著等桥段。\\n· 本季固定嘉宾为：邓超、Angelababy(杨颖)、李晨、陈赫、郑恺、王祖蓝、鹿晗。第一季固定主持迪丽热巴因档期原因退出。\\n\\n· 奔跑吧：http://bit.ly/2oZuarH\\n· 奔跑吧兄弟4: http://bit.ly/1Q4bPvj\\n· 奔跑吧兄弟3: https://goo.gl/ocRUkG\\n· 奔跑吧兄弟2: https://goo.gl/eKPDxx\\n· 奔跑吧兄弟1: https://goo.gl/75y4NJ\\n\\n· Keep Running ENGSUB：http://bit.ly/2pzT9P3\\n· Running Man China S4 ENGSUB: http://bit.ly/1qfn8LL\\n· Running Man China S3 ENGSUB: http://bit.ly/1T6UOXq",2018-04-20T16:53:44.000Z,482461,6892,648,2632,5
【EP.2】陈赫Selina相爱相杀 郑恺昆凌默契搭档竟被鹿晗蓝盈莹PK？《奔跑吧2》20180420 Keep Running S2 [ 浙江卫视官方HD ],KR,- 欢迎订阅 -浙江卫视【奔跑吧】官方频道,Entertainment,"\"奔跑吧|\"\"奔跑吧兄弟\"\"|\"\"奔跑吧20180420\"\"|\"\"奔跑吧 20180420\"\"|\"\"奔跑吧第二期\"\"|\"\"奔跑吧 第二期\"\"|\"\"奔跑吧第2期\"\"|\"\"奔跑吧 第2期\"\"|\"\"奔跑吧2 第二期\"\"|\"\"奔跑吧2018\"\"|\"\"running man china\"\"|\"\"奔跑吧第二季\"\"|\"\"奔跑吧第六季\"\"|\"\"奔跑吧2\"\"|\"\"奔跑吧兄弟第六季\"\"|\"\"奔跑吧 第2季\"\"|\"\"奔跑吧 2\"\"|\"\"奔跑吧第二季第二期\"\"|\"\"KeepRuning\"\"|\"\"Luhan\"\"|\"\"浙江卫视奔跑吧\"\"|\"\"Benpaoba\"\"|\"\"奔跑吧鹿晗\"\"|\"\"奔跑吧邓超\"\"|\"\"奔跑吧李晨\"\"|\"\"奔跑吧郑恺\"\"|\"\"奔跑吧王祖蓝\"\"|\"\"奔跑吧Angelababy\"\"|\"\"奔跑吧陈赫\"\"|\"\"ben pao ba xiong di\"\"|\"\"奔跑吧兄弟 鹿晗\"\"|\"\"奔跑吧兄弟 邓超\"\"|\"\"奔跑吧兄弟 李晨\"\"|\"\"奔跑吧兄弟 陈赫\"\"|\"\"奔跑吧兄弟 王祖蓝\"\"|\"\"奔跑吧兄弟 Angelababy\"\"|\"\"奔跑吧第二季 奥地利\"\"|\"\"奔跑吧第二季 维也纳\"\"|\"\"Vienna\"\"|\"\"Austria\"\"|\"\"奔跑吧2 抢鲜版\"\"|\"\"奔跑吧抢鲜版\"\"|\"\"邓超\"\"|\"\"杨颖\"\"|\"\"Angelababy\"\"|\"\"鹿晗\"\"|\"\"迪丽热巴\"\"|\"\"王祖蓝\"\"|\"\"李晨\"\"|\"\"郑恺\"\"|\"\"陈赫\"\"|\"\"昆凌\"\"|\"\"HannahQuinlivan\"\"|\"\"任家萱Selina\"\"|\"\"Selina\"\"|\"\"宋祖儿\"\"|\"\"钟楚曦\"\"|\"\"蓝盈莹\"\"|\"\"吴秀波\"\"\"","台湾和马来西亚的亲们请注意噢~由于版权原因，最新正片要等到本周日晚才能解禁,请宝宝耐心等待噢~可观看最新抢鲜版，本期精彩片段都在里面噢~\\n\\n· 奔跑吧 Keep Running YouTube: http://bitly.com/runningmanchina\\n· 浙江卫视 Zhejiang TV YouTube: http://bitly.com/zhejiangtv\\n· 浙江音乐 Zhejiang Music YouTube: http://bit.ly/singchina\\n\\n· Our Social Medias\\n  奔跑吧 Keep Running Facebook: https://goo.gl/xXfskh\\n  奔跑吧 Keep Running Twitter: @runningmanzjstv\\n  奔跑吧 Keep Running Instagram: @runningmancn \\n  浙江卫视 Zhejiang TV Facebook: https://goo.gl/SXPghm\\n\\n·奔跑吧2 FULL ：http://bit.ly/2GRZQcw  \\n·奔跑吧2 ENGSUB ：http://bit.ly/2qm3iBF \\n\\n【EP.2】陈赫Selina相爱相杀 郑恺昆凌默契搭档竟被鹿晗蓝盈莹PK？《奔跑吧2》20180420 Keep Running S2 [ 浙江卫视官方HD ]\\n\\n·《奔跑吧》是由浙江卫视制作的大型户外竞技真人秀节目的标杆之作。节目涵盖了运动竞技、悬疑解密、团队协作等游戏元素，并融入了中国特色文化，如武侠、神话、名著等桥段。\\n· 本季固定嘉宾为：邓超、Angelababy(杨颖)、李晨、陈赫、郑恺、王祖蓝、鹿晗。第一季固定主持迪丽热巴因档期原因退出。\\n\\n· 奔跑吧：http://bit.ly/2oZuarH\\n· 奔跑吧兄弟4: http://bit.ly/1Q4bPvj\\n· 奔跑吧兄弟3: https://goo.gl/ocRUkG\\n· 奔跑吧兄弟2: https://goo.gl/eKPDxx\\n· 奔跑吧兄弟1: https://goo.gl/75y4NJ\\n\\n· Keep Running ENGSUB：http://bit.ly/2pzT9P3\\n· Running Man China S4 ENGSUB: http://bit.ly/1qfn8LL\\n· Running Man China S3 ENGSUB: http://bit.ly/1T6UOXq",2018-04-20T16:53:44.000Z,482461,6892,648,2632,5
