title,country,channel_title,category,tags,description,publish_time,views,likes,dislikes,comment_count,cnt
BIG SHAQ - MAN DON'T DANCE (OFFICIAL MUSIC VIDEO),CA,Michael Dapaah,Music,"\"man don't dance\"|\"man dont dance\"|\"BIG SHAQ - MAN DON'T DANCE (MUSIC VIDEO)\"|\"BIG SHAQ - MAN DON'T DANCE\"|\"mans not hot\"|\"man's not hot\"|\"big shaq\"|\"michael dapaah\"|\"michael dapper\"|\"michael dappah\"|\"directed by daps\"|\"daps\"|\"dubai\"|\"marv brown films\"|\"marvbrownfilms\"|\"#SWIL\"|\"SWIL\"|\"SWIL2\"|\"dr ofori\"|\"roadman shaq\"|\"ksi\"|\"stevo the madman\"|\"chunkz\"|\"asznee\"|\"loveisland\"",Man Don't Dance performed by Big Shaq (Michael Dapaah) Available to Buy & Stream NOW! - https://bigshaq.lnk.to/MDDIDDirected By Daps & Michael Dapaah:Instagram - @MichaelDapaah_https://www.instagram.com/michaeldapaah_/Instagram - @FlexGodDapshttps://www.instagram.com/flexGoddaps/Edited By Marv BrownInstagram - @MarvBrownFilmshttps://www.instagram.com/marvbrownfilms/Music Produced byhttps://www.instagram.com/swiftabeaterSUBSCRIBE TO THIS CHANNEL - https://goo.gl/vsrLyzMORE VIDEOS TO COME! STAY TUNED! #SWIL2 COMING SOONFollow Michael Dapaah's on:Twitter - @MichaelDapaah_ - https://twitter.com/MichaelDapaah_Facebook - Michael Dapaah TV https://www.facebook.com/MichaelDapaa... Snapchat - ImSoDapaahIsland Records © 2017,2018-06-10T21:00:18.000Z,6891734,400420,18159,36025,7
BIG SHAQ - MAN DON'T DANCE (OFFICIAL MUSIC VIDEO),CA,Michael Dapaah,Comedy,"\"man don't dance\"|\"man dont dance\"|\"BIG SHAQ - MAN DON'T DANCE (MUSIC VIDEO)\"|\"BIG SHAQ - MAN DON'T DANCE\"|\"mans not hot\"|\"man's not hot\"|\"big shaq\"|\"michael dapaah\"|\"michael dapper\"|\"michael dappah\"|\"directed by daps\"|\"daps\"|\"dubai\"|\"marv brown films\"|\"marvbrownfilms\"|\"#SWIL\"|\"SWIL\"|\"SWIL2\"|\"dr ofori\"|\"roadman shaq\"|\"ksi\"|\"stevo the madman\"|\"chunkz\"|\"asznee\"|\"loveisland\"",Man Don't Dance performed by Big Shaq (Michael Dapaah) Available to Buy & Stream NOW! - https://bigshaq.lnk.to/MDDIDDirected By Daps & Michael Dapaah:Instagram - @MichaelDapaah_https://www.instagram.com/michaeldapaah_/Instagram - @FlexGodDapshttps://www.instagram.com/flexGoddaps/Edited By Marv BrownInstagram - @MarvBrownFilmshttps://www.instagram.com/marvbrownfilms/Music Produced byhttps://www.instagram.com/swiftabeaterSUBSCRIBE TO THIS CHANNEL - https://goo.gl/vsrLyzMORE VIDEOS TO COME! STAY TUNED! #SWIL2 COMING SOONFollow Michael Dapaah's on:Twitter - @MichaelDapaah_ - https://twitter.com/MichaelDapaah_Facebook - Michael Dapaah TV https://www.facebook.com/MichaelDapaa... Snapchat - ImSoDapaahIsland Records © 2017,2018-06-10T21:00:18.000Z,672160,77581,8625,9395,7
BIG SHAQ - MAN DON'T DANCE (OFFICIAL MUSIC VIDEO),DE,Michael Dapaah,Music,"\"man don't dance\"|\"man dont dance\"|\"BIG SHAQ - MAN DON'T DANCE (MUSIC VIDEO)\"|\"BIG SHAQ - MAN DON'T DANCE\"|\"mans not hot\"|\"man's not hot\"|\"big shaq\"|\"michael dapaah\"|\"michael dapper\"|\"michael dappah\"|\"directed by daps\"|\"daps\"|\"dubai\"|\"marv brown films\"|\"marvbrownfilms\"|\"#SWIL\"|\"SWIL\"|\"SWIL2\"|\"dr ofori\"|\"roadman shaq\"|\"ksi\"|\"stevo the madman\"|\"chunkz\"|\"asznee\"|\"loveisland\"",Man Don't Dance performed by Big Shaq (Michael Dapaah) Available to Buy & Stream NOW! - https://bigshaq.lnk.to/MDDIDDirected By Daps & Michael Dapaah:Instagram - @MichaelDapaah_https://www.instagram.com/michaeldapaah_/Instagram - @FlexGodDapshttps://www.instagram.com/flexGoddaps/Edited By Marv BrownInstagram - @MarvBrownFilmshttps://www.instagram.com/marvbrownfilms/Music Produced byhttps://www.instagram.com/swiftabeaterSUBSCRIBE TO THIS CHANNEL - https://goo.gl/vsrLyzMORE VIDEOS TO COME! STAY TUNED! #SWIL2 COMING SOONFollow Michael Dapaah's on:Twitter - @MichaelDapaah_ - https://twitter.com/MichaelDapaah_Facebook - Michael Dapaah TV https://www.facebook.com/MichaelDapaa... Snapchat - ImSoDapaahIsland Records © 2017,2018-06-10T21:00:18.000Z,6891734,400420,18159,36025,7
BIG SHAQ - MAN DON'T DANCE (OFFICIAL MUSIC VIDEO),DE,Michael Dapaah,Comedy,"\"man don't dance\"|\"man dont dance\"|\"BIG SHAQ - MAN DON'T DANCE (MUSIC VIDEO)\"|\"BIG SHAQ - MAN DON'T DANCE\"|\"mans not hot\"|\"man's not hot\"|\"big shaq\"|\"michael dapaah\"|\"michael dapper\"|\"michael dappah\"|\"directed by daps\"|\"daps\"|\"dubai\"|\"marv brown films\"|\"marvbrownfilms\"|\"#SWIL\"|\"SWIL\"|\"SWIL2\"|\"dr ofori\"|\"roadman shaq\"|\"ksi\"|\"stevo the madman\"|\"chunkz\"|\"asznee\"|\"loveisland\"",Man Don't Dance performed by Big Shaq (Michael Dapaah) Available to Buy & Stream NOW! - https://bigshaq.lnk.to/MDDIDDirected By Daps & Michael Dapaah:Instagram - @MichaelDapaah_https://www.instagram.com/michaeldapaah_/Instagram - @FlexGodDapshttps://www.instagram.com/flexGoddaps/Edited By Marv BrownInstagram - @MarvBrownFilmshttps://www.instagram.com/marvbrownfilms/Music Produced byhttps://www.instagram.com/swiftabeaterSUBSCRIBE TO THIS CHANNEL - https://goo.gl/vsrLyzMORE VIDEOS TO COME! STAY TUNED! #SWIL2 COMING SOONFollow Michael Dapaah's on:Twitter - @MichaelDapaah_ - https://twitter.com/MichaelDapaah_Facebook - Michael Dapaah TV https://www.facebook.com/MichaelDapaa... Snapchat - ImSoDapaahIsland Records © 2017,2018-06-10T21:00:18.000Z,672160,77581,8625,9395,7
BIG SHAQ - MAN DON'T DANCE (OFFICIAL MUSIC VIDEO),FR,Michael Dapaah,Comedy,"\"man don't dance\"|\"man dont dance\"|\"BIG SHAQ - MAN DON'T DANCE (MUSIC VIDEO)\"|\"BIG SHAQ - MAN DON'T DANCE\"|\"mans not hot\"|\"man's not hot\"|\"big shaq\"|\"michael dapaah\"|\"michael dapper\"|\"michael dappah\"|\"directed by daps\"|\"daps\"|\"dubai\"|\"marv brown films\"|\"marvbrownfilms\"|\"#SWIL\"|\"SWIL\"|\"SWIL2\"|\"dr ofori\"|\"roadman shaq\"|\"ksi\"|\"stevo the madman\"|\"chunkz\"|\"asznee\"|\"loveisland\"",Man Don't Dance performed by Big Shaq (Michael Dapaah) Available to Buy & Stream NOW! - https://bigshaq.lnk.to/MDDIDDirected By Daps & Michael Dapaah:Instagram - @MichaelDapaah_https://www.instagram.com/michaeldapaah_/Instagram - @FlexGodDapshttps://www.instagram.com/flexGoddaps/Edited By Marv BrownInstagram - @MarvBrownFilmshttps://www.instagram.com/marvbrownfilms/Music Produced byhttps://www.instagram.com/swiftabeaterSUBSCRIBE TO THIS CHANNEL - https://goo.gl/vsrLyzMORE VIDEOS TO COME! STAY TUNED! #SWIL2 COMING SOONFollow Michael Dapaah's on:Twitter - @MichaelDapaah_ - https://twitter.com/MichaelDapaah_Facebook - Michael Dapaah TV https://www.facebook.com/MichaelDapaa... Snapchat - ImSoDapaahIsland Records © 2017,2018-06-10T21:00:18.000Z,672160,77581,8625,9395,7
BIG SHAQ - MAN DON'T DANCE (OFFICIAL MUSIC VIDEO),US,Michael Dapaah,Music,"\"man don't dance\"|\"man dont dance\"|\"BIG SHAQ - MAN DON'T DANCE (MUSIC VIDEO)\"|\"BIG SHAQ - MAN DON'T DANCE\"|\"mans not hot\"|\"man's not hot\"|\"big shaq\"|\"michael dapaah\"|\"michael dapper\"|\"michael dappah\"|\"directed by daps\"|\"daps\"|\"dubai\"|\"marv brown films\"|\"marvbrownfilms\"|\"#SWIL\"|\"SWIL\"|\"SWIL2\"|\"dr ofori\"|\"roadman shaq\"|\"ksi\"|\"stevo the madman\"|\"chunkz\"|\"asznee\"|\"loveisland\"",Man Don't Dance performed by Big Shaq (Michael Dapaah) Available to Buy & Stream NOW! - https://bigshaq.lnk.to/MDDIDDirected By Daps & Michael Dapaah:Instagram - @MichaelDapaah_https://www.instagram.com/michaeldapaah_/Instagram - @FlexGodDapshttps://www.instagram.com/flexGoddaps/Edited By Marv BrownInstagram - @MarvBrownFilmshttps://www.instagram.com/marvbrownfilms/Music Produced byhttps://www.instagram.com/swiftabeaterSUBSCRIBE TO THIS CHANNEL - https://goo.gl/vsrLyzMORE VIDEOS TO COME! STAY TUNED! #SWIL2 COMING SOONFollow Michael Dapaah's on:Twitter - @MichaelDapaah_ - https://twitter.com/MichaelDapaah_Facebook - Michael Dapaah TV https://www.facebook.com/MichaelDapaa... Snapchat - ImSoDapaahIsland Records © 2017,2018-06-10T21:00:18.000Z,6891734,400420,18159,36025,7
BIG SHAQ - MAN DON'T DANCE (OFFICIAL MUSIC VIDEO),US,Michael Dapaah,Comedy,"\"man don't dance\"|\"man dont dance\"|\"BIG SHAQ - MAN DON'T DANCE (MUSIC VIDEO)\"|\"BIG SHAQ - MAN DON'T DANCE\"|\"mans not hot\"|\"man's not hot\"|\"big shaq\"|\"michael dapaah\"|\"michael dapper\"|\"michael dappah\"|\"directed by daps\"|\"daps\"|\"dubai\"|\"marv brown films\"|\"marvbrownfilms\"|\"#SWIL\"|\"SWIL\"|\"SWIL2\"|\"dr ofori\"|\"roadman shaq\"|\"ksi\"|\"stevo the madman\"|\"chunkz\"|\"asznee\"|\"loveisland\"",Man Don't Dance performed by Big Shaq (Michael Dapaah) Available to Buy & Stream NOW! - https://bigshaq.lnk.to/MDDIDDirected By Daps & Michael Dapaah:Instagram - @MichaelDapaah_https://www.instagram.com/michaeldapaah_/Instagram - @FlexGodDapshttps://www.instagram.com/flexGoddaps/Edited By Marv BrownInstagram - @MarvBrownFilmshttps://www.instagram.com/marvbrownfilms/Music Produced byhttps://www.instagram.com/swiftabeaterSUBSCRIBE TO THIS CHANNEL - https://goo.gl/vsrLyzMORE VIDEOS TO COME! STAY TUNED! #SWIL2 COMING SOONFollow Michael Dapaah's on:Twitter - @MichaelDapaah_ - https://twitter.com/MichaelDapaah_Facebook - Michael Dapaah TV https://www.facebook.com/MichaelDapaa... Snapchat - ImSoDapaahIsland Records © 2017,2018-06-10T21:00:18.000Z,3291375,237975,8625,23787,7
Cleveland Cavaliers vs Golden State Warriors Full Game Highlights / Game 2 / 2018 NBA Finals,CA,MLG Highlights,Sports,"\"nba\"|\"2018 nba finals\"|\"mlg highlights\"|\"mlg\"|\"nba finals\"|\"highlights\"|\"nba playoffs\"|\"nba highlights\"|\"game highlights\"|\"cleveland cavaliers\"|\"golden state warriors\"|\"cavaliers\"|\"gsw\"|\"cleveland vs golden state\"|\"cavaliers vs warriors game 2\"|\"warriors vs cavaliers game 2\"|\"cavaliers vs gs warriors full game highlights\"|\"gs warriors vs cavaliers full game highlights\"|\"cleveland cavaliers vs golden state warriors highlights\"|\"cleveland cavaliers vs golden state warriors full game highlights\"","Get Your SportzCases Here!https://SportzCases.com/?aff=272Promo code for 10% off: Youtube10AD POWERED BY: SOCIALRYSE.COM🏀Cleveland Cavaliers vs GS Warriors Full Game Highlights / Game 2 / 2018 NBA Finals / NBA Playoffs👍If you want to support my channel:https://www.patreon.com/MLGHighlights👍Follow Us on Twitter: https://twitter.com/mlgnba👍Like Us on Facebook: https://www.facebook.com/mlgnba👀Subscribe To Me On Social Networks To Keep Up To Date With Updates On My Channel :)⚠️Disclaimer:➡️ Monetization is disabled.➡️ Companies that claim rights to my videos are entitled to the monetisations and will earn a profit from my videos if they decide to monetize them. This is not my decision.➡️ If you want the video to be deleted, please write to me, thank you in advance (*for the copyright holder).",2018-06-04T02:46:06.000Z,896707,8218,687,4768,6
Cleveland Cavaliers vs Golden State Warriors Full Game Highlights / Game 2 / 2018 NBA Finals,DE,MLG Highlights,Sports,"\"nba\"|\"2018 nba finals\"|\"mlg highlights\"|\"mlg\"|\"nba finals\"|\"highlights\"|\"nba playoffs\"|\"nba highlights\"|\"game highlights\"|\"cleveland cavaliers\"|\"golden state warriors\"|\"cavaliers\"|\"gsw\"|\"cleveland vs golden state\"|\"cavaliers vs warriors game 2\"|\"warriors vs cavaliers game 2\"|\"cavaliers vs gs warriors full game highlights\"|\"gs warriors vs cavaliers full game highlights\"|\"cleveland cavaliers vs golden state warriors highlights\"|\"cleveland cavaliers vs golden state warriors full game highlights\"","Get Your SportzCases Here!https://SportzCases.com/?aff=272Promo code for 10% off: Youtube10AD POWERED BY: SOCIALRYSE.COM🏀Cleveland Cavaliers vs GS Warriors Full Game Highlights / Game 2 / 2018 NBA Finals / NBA Playoffs👍If you want to support my channel:https://www.patreon.com/MLGHighlights👍Follow Us on Twitter: https://twitter.com/mlgnba👍Like Us on Facebook: https://www.facebook.com/mlgnba👀Subscribe To Me On Social Networks To Keep Up To Date With Updates On My Channel :)⚠️Disclaimer:➡️ Monetization is disabled.➡️ Companies that claim rights to my videos are entitled to the monetisations and will earn a profit from my videos if they decide to monetize them. This is not my decision.➡️ If you want the video to be deleted, please write to me, thank you in advance (*for the copyright holder).",2018-06-04T02:46:06.000Z,896707,8218,687,3557,6
Cleveland Cavaliers vs Golden State Warriors Full Game Highlights / Game 2 / 2018 NBA Finals,FR,MLG Highlights,Sports,"\"nba\"|\"2018 nba finals\"|\"mlg highlights\"|\"mlg\"|\"nba finals\"|\"highlights\"|\"nba playoffs\"|\"nba highlights\"|\"game highlights\"|\"cleveland cavaliers\"|\"golden state warriors\"|\"cavaliers\"|\"gsw\"|\"cleveland vs golden state\"|\"cavaliers vs warriors game 2\"|\"warriors vs cavaliers game 2\"|\"cavaliers vs gs warriors full game highlights\"|\"gs warriors vs cavaliers full game highlights\"|\"cleveland cavaliers vs golden state warriors highlights\"|\"cleveland cavaliers vs golden state warriors full game highlights\"","Get Your SportzCases Here!https://SportzCases.com/?aff=272Promo code for 10% off: Youtube10AD POWERED BY: SOCIALRYSE.COM🏀Cleveland Cavaliers vs GS Warriors Full Game Highlights / Game 2 / 2018 NBA Finals / NBA Playoffs👍If you want to support my channel:https://www.patreon.com/MLGHighlights👍Follow Us on Twitter: https://twitter.com/mlgnba👍Like Us on Facebook: https://www.facebook.com/mlgnba👀Subscribe To Me On Social Networks To Keep Up To Date With Updates On My Channel :)⚠️Disclaimer:➡️ Monetization is disabled.➡️ Companies that claim rights to my videos are entitled to the monetisations and will earn a profit from my videos if they decide to monetize them. This is not my decision.➡️ If you want the video to be deleted, please write to me, thank you in advance (*for the copyright holder).",2018-06-04T02:46:06.000Z,896707,8218,687,4768,6
Cleveland Cavaliers vs Golden State Warriors Full Game Highlights / Game 2 / 2018 NBA Finals,JP,MLG Highlights,Sports,"\"nba|\"\"2018 nba finals\"\"|\"\"mlg highlights\"\"|\"\"mlg\"\"|\"\"nba finals\"\"|\"\"highlights\"\"|\"\"nba playoffs\"\"|\"\"nba highlights\"\"|\"\"game highlights\"\"|\"\"cleveland cavaliers\"\"|\"\"golden state warriors\"\"|\"\"cavaliers\"\"|\"\"gsw\"\"|\"\"cleveland vs golden state\"\"|\"\"cavaliers vs warriors game 2\"\"|\"\"warriors vs cavaliers game 2\"\"|\"\"cavaliers vs gs warriors full game highlights\"\"|\"\"gs warriors vs cavaliers full game highlights\"\"|\"\"cleveland cavaliers vs golden state warriors highlights\"\"|\"\"cleveland cavaliers vs golden state warriors full game highlights\"\"\"","Get Your SportzCases Here!https://SportzCases.com/?aff=272Promo code for 10% off: Youtube10AD POWERED BY: SOCIALRYSE.COM🏀Cleveland Cavaliers vs GS Warriors Full Game Highlights / Game 2 / 2018 NBA Finals / NBA Playoffs👍If you want to support my channel:https://www.patreon.com/MLGHighlights👍Follow Us on Twitter: https://twitter.com/mlgnba👍Like Us on Facebook: https://www.facebook.com/mlgnba👀Subscribe To Me On Social Networks To Keep Up To Date With Updates On My Channel :)⚠️Disclaimer:➡️ Monetization is disabled.➡️ Companies that claim rights to my videos are entitled to the monetisations and will earn a profit from my videos if they decide to monetize them. This is not my decision.➡️ If you want the video to be deleted, please write to me, thank you in advance (*for the copyright holder).",2018-06-04T02:46:06.000Z,896707,8218,687,3557,6
Cleveland Cavaliers vs Golden State Warriors Full Game Highlights / Game 2 / 2018 NBA Finals,MX,MLG Highlights,Sports,"\"nba|\"\"2018 nba finals\"\"|\"\"mlg highlights\"\"|\"\"mlg\"\"|\"\"nba finals\"\"|\"\"highlights\"\"|\"\"nba playoffs\"\"|\"\"nba highlights\"\"|\"\"game highlights\"\"|\"\"cleveland cavaliers\"\"|\"\"golden state warriors\"\"|\"\"cavaliers\"\"|\"\"gsw\"\"|\"\"cleveland vs golden state\"\"|\"\"cavaliers vs warriors game 2\"\"|\"\"warriors vs cavaliers game 2\"\"|\"\"cavaliers vs gs warriors full game highlights\"\"|\"\"gs warriors vs cavaliers full game highlights\"\"|\"\"cleveland cavaliers vs golden state warriors highlights\"\"|\"\"cleveland cavaliers vs golden state warriors full game highlights\"\"\"","Get Your SportzCases Here!https://SportzCases.com/?aff=272Promo code for 10% off: Youtube10AD POWERED BY: SOCIALRYSE.COM🏀Cleveland Cavaliers vs GS Warriors Full Game Highlights / Game 2 / 2018 NBA Finals / NBA Playoffs👍If you want to support my channel:https://www.patreon.com/MLGHighlights👍Follow Us on Twitter: https://twitter.com/mlgnba👍Like Us on Facebook: https://www.facebook.com/mlgnba👀Subscribe To Me On Social Networks To Keep Up To Date With Updates On My Channel :)⚠️Disclaimer:➡️ Monetization is disabled.➡️ Companies that claim rights to my videos are entitled to the monetisations and will earn a profit from my videos if they decide to monetize them. This is not my decision.➡️ If you want the video to be deleted, please write to me, thank you in advance (*for the copyright holder).",2018-06-04T02:46:06.000Z,896707,8220,687,3557,6
Cleveland Cavaliers vs Golden State Warriors Full Game Highlights / Game 2 / 2018 NBA Finals,RU,MLG Highlights,Sports,"\"nba|\"\"2018 nba finals\"\"|\"\"mlg highlights\"\"|\"\"mlg\"\"|\"\"nba finals\"\"|\"\"highlights\"\"|\"\"nba playoffs\"\"|\"\"nba highlights\"\"|\"\"game highlights\"\"|\"\"cleveland cavaliers\"\"|\"\"golden state warriors\"\"|\"\"cavaliers\"\"|\"\"gsw\"\"|\"\"cleveland vs golden state\"\"|\"\"cavaliers vs warriors game 2\"\"|\"\"warriors vs cavaliers game 2\"\"|\"\"cavaliers vs gs warriors full game highlights\"\"|\"\"gs warriors vs cavaliers full game highlights\"\"|\"\"cleveland cavaliers vs golden state warriors highlights\"\"|\"\"cleveland cavaliers vs golden state warriors full game highlights\"\"\"","Get Your SportzCases Here!https://SportzCases.com/?aff=272Promo code for 10% off: Youtube10AD POWERED BY: SOCIALRYSE.COM🏀Cleveland Cavaliers vs GS Warriors Full Game Highlights / Game 2 / 2018 NBA Finals / NBA Playoffs👍If you want to support my channel:https://www.patreon.com/MLGHighlights👍Follow Us on Twitter: https://twitter.com/mlgnba👍Like Us on Facebook: https://www.facebook.com/mlgnba👀Subscribe To Me On Social Networks To Keep Up To Date With Updates On My Channel :)⚠️Disclaimer:➡️ Monetization is disabled.➡️ Companies that claim rights to my videos are entitled to the monetisations and will earn a profit from my videos if they decide to monetize them. This is not my decision.➡️ If you want the video to be deleted, please write to me, thank you in advance (*for the copyright holder).",2018-06-04T02:46:06.000Z,896707,8218,687,3557,6
Game Theory: How RICH is a Pokemon Master?,CA,The Game Theorists,Gaming,"\"pokemon\"|\"pokemon go\"|\"pikachu\"|\"pokemon sun and moon\"|\"pokemon ultra sun and moon\"|\"pokedex\"|\"pokemon pokedex\"|\"pokemon theme song\"|\"pokemon full episodes\"|\"pokemon master\"|\"pokemon go song\"|\"economics\"|\"pokemon champion\"|\"money\"|\"get rich quick\"|\"make money\"|\"how to make money\"|\"ultra moon\"|\"ultra sun\"|\"ultra sun and moon\"|\"sun and moon\"|\"game theory\"|\"matpat\"|\"game theorists\"|\"Pokemon Theory\"|\"pokemon game theory\"|\"matpat pokemon\"|\"pokedex game theory\"|\"pokédex\"|\"pokemon switch\"|\"pokémon\"","Join Honey for FREE at ►► https://www.joinhoney.com/matpatSpecial Thanks to Honey for Partnering With Us for this episode!Subscribe to never miss a theory! ► http://bit.ly/1qV8fd6 I want to be...the very best...and also very RICH!! Being a Pokemon Champion is the dream of many a child and adult, if we are being honest. Except, after you get past all the glory and the cute Pokemon, you have to wonder - is being a Pokemon Master a viable career choice? Can you survive on the money that you'd make? Well today Loyal Theorists, we are about to find out!!SUBSCRIBE for Every Theory! ► http://bit.ly/1qV8fd6Hang out with us on GTLive! ►► http://bit.ly/1LkSBnzMore THEORIES:The Pokedex is FULL OF LIES! ►► https://bit.ly/2rRhfHWWARNING! Pokemon May Cause DEATH! ►► http://bit.ly/2FnHjRlThe TRUTH of Fire Pokemon ►► https://bit.ly/2GuXuLlHumans are Pokemon? ► https://bit.ly/1rgbRGvPokemon GO's TRAGIC END! ► https://bit.ly/2g39uaoHow Bendy Will END! ►►► http://bit.ly/2oqRNbdCheck out some more of our awesome video game content: Game Theory ►► http://bit.ly/1zz3t7ECulture Shock ►► http://bit.ly/1sw7aZ8The SCIENCE! ►► https://goo.gl/GFK9EV",2018-05-19T18:04:47.000Z,3501233,92920,4844,47741,5
Game Theory: How RICH is a Pokemon Master?,DE,The Game Theorists,Gaming,"\"pokemon\"|\"pokemon go\"|\"pikachu\"|\"pokemon sun and moon\"|\"pokemon ultra sun and moon\"|\"pokedex\"|\"pokemon pokedex\"|\"pokemon theme song\"|\"pokemon full episodes\"|\"pokemon master\"|\"pokemon go song\"|\"economics\"|\"pokemon champion\"|\"money\"|\"get rich quick\"|\"make money\"|\"how to make money\"|\"ultra moon\"|\"ultra sun\"|\"ultra sun and moon\"|\"sun and moon\"|\"game theory\"|\"matpat\"|\"game theorists\"|\"Pokemon Theory\"|\"pokemon game theory\"|\"matpat pokemon\"|\"pokedex game theory\"|\"pokédex\"|\"pokemon switch\"|\"pokémon\"","Join Honey for FREE at ►► https://www.joinhoney.com/matpatSpecial Thanks to Honey for Partnering With Us for this episode!Subscribe to never miss a theory! ► http://bit.ly/1qV8fd6 I want to be...the very best...and also very RICH!! Being a Pokemon Champion is the dream of many a child and adult, if we are being honest. Except, after you get past all the glory and the cute Pokemon, you have to wonder - is being a Pokemon Master a viable career choice? Can you survive on the money that you'd make? Well today Loyal Theorists, we are about to find out!!SUBSCRIBE for Every Theory! ► http://bit.ly/1qV8fd6Hang out with us on GTLive! ►► http://bit.ly/1LkSBnzMore THEORIES:The Pokedex is FULL OF LIES! ►► https://bit.ly/2rRhfHWWARNING! Pokemon May Cause DEATH! ►► http://bit.ly/2FnHjRlThe TRUTH of Fire Pokemon ►► https://bit.ly/2GuXuLlHumans are Pokemon? ► https://bit.ly/1rgbRGvPokemon GO's TRAGIC END! ► https://bit.ly/2g39uaoHow Bendy Will END! ►►► http://bit.ly/2oqRNbdCheck out some more of our awesome video game content: Game Theory ►► http://bit.ly/1zz3t7ECulture Shock ►► http://bit.ly/1sw7aZ8The SCIENCE! ►► https://goo.gl/GFK9EV",2018-05-19T18:04:47.000Z,2792823,92920,3891,45399,5
Game Theory: How RICH is a Pokemon Master?,FR,The Game Theorists,Gaming,"\"pokemon\"|\"pokemon go\"|\"pikachu\"|\"pokemon sun and moon\"|\"pokemon ultra sun and moon\"|\"pokedex\"|\"pokemon pokedex\"|\"pokemon theme song\"|\"pokemon full episodes\"|\"pokemon master\"|\"pokemon go song\"|\"economics\"|\"pokemon champion\"|\"money\"|\"get rich quick\"|\"make money\"|\"how to make money\"|\"ultra moon\"|\"ultra sun\"|\"ultra sun and moon\"|\"sun and moon\"|\"game theory\"|\"matpat\"|\"game theorists\"|\"Pokemon Theory\"|\"pokemon game theory\"|\"matpat pokemon\"|\"pokedex game theory\"|\"pokédex\"|\"pokemon switch\"|\"pokémon\"","Join Honey for FREE at ►► https://www.joinhoney.com/matpatSpecial Thanks to Honey for Partnering With Us for this episode!Subscribe to never miss a theory! ► http://bit.ly/1qV8fd6 I want to be...the very best...and also very RICH!! Being a Pokemon Champion is the dream of many a child and adult, if we are being honest. Except, after you get past all the glory and the cute Pokemon, you have to wonder - is being a Pokemon Master a viable career choice? Can you survive on the money that you'd make? Well today Loyal Theorists, we are about to find out!!SUBSCRIBE for Every Theory! ► http://bit.ly/1qV8fd6Hang out with us on GTLive! ►► http://bit.ly/1LkSBnzMore THEORIES:The Pokedex is FULL OF LIES! ►► https://bit.ly/2rRhfHWWARNING! Pokemon May Cause DEATH! ►► http://bit.ly/2FnHjRlThe TRUTH of Fire Pokemon ►► https://bit.ly/2GuXuLlHumans are Pokemon? ► https://bit.ly/1rgbRGvPokemon GO's TRAGIC END! ► https://bit.ly/2g39uaoHow Bendy Will END! ►►► http://bit.ly/2oqRNbdCheck out some more of our awesome video game content: Game Theory ►► http://bit.ly/1zz3t7ECulture Shock ►► http://bit.ly/1sw7aZ8The SCIENCE! ►► https://goo.gl/GFK9EV",2018-05-19T18:04:47.000Z,2297532,92920,3157,42668,5
Game Theory: How RICH is a Pokemon Master?,MX,The Game Theorists,Gaming,"\"pokemon|\"\"pokemon go\"\"|\"\"pikachu\"\"|\"\"pokemon sun and moon\"\"|\"\"pokemon ultra sun and moon\"\"|\"\"pokedex\"\"|\"\"pokemon pokedex\"\"|\"\"pokemon theme song\"\"|\"\"pokemon full episodes\"\"|\"\"pokemon master\"\"|\"\"pokemon go song\"\"|\"\"economics\"\"|\"\"pokemon champion\"\"|\"\"money\"\"|\"\"get rich quick\"\"|\"\"make money\"\"|\"\"how to make money\"\"|\"\"ultra moon\"\"|\"\"ultra sun\"\"|\"\"ultra sun and moon\"\"|\"\"sun and moon\"\"|\"\"game theory\"\"|\"\"matpat\"\"|\"\"game theorists\"\"|\"\"Pokemon Theory\"\"|\"\"pokemon game theory\"\"|\"\"matpat pokemon\"\"|\"\"pokedex game theory\"\"|\"\"pokédex\"\"|\"\"pokemon switch\"\"|\"\"pokémon\"\"\"","Join Honey for FREE at ►► https://www.joinhoney.com/matpatSpecial Thanks to Honey for Partnering With Us for this episode!Subscribe to never miss a theory! ► http://bit.ly/1qV8fd6 I want to be...the very best...and also very RICH!! Being a Pokemon Champion is the dream of many a child and adult, if we are being honest. Except, after you get past all the glory and the cute Pokemon, you have to wonder - is being a Pokemon Master a viable career choice? Can you survive on the money that you'd make? Well today Loyal Theorists, we are about to find out!!SUBSCRIBE for Every Theory! ► http://bit.ly/1qV8fd6Hang out with us on GTLive! ►► http://bit.ly/1LkSBnzMore THEORIES:The Pokedex is FULL OF LIES! ►► https://bit.ly/2rRhfHWWARNING! Pokemon May Cause DEATH! ►► http://bit.ly/2FnHjRlThe TRUTH of Fire Pokemon ►► https://bit.ly/2GuXuLlHumans are Pokemon? ► https://bit.ly/1rgbRGvPokemon GO's TRAGIC END! ► https://bit.ly/2g39uaoHow Bendy Will END! ►►► http://bit.ly/2oqRNbdCheck out some more of our awesome video game content: Game Theory ►► http://bit.ly/1zz3t7ECulture Shock ►► http://bit.ly/1sw7aZ8The SCIENCE! ►► https://goo.gl/GFK9EV",2018-05-19T18:04:47.000Z,2298099,92923,3157,42668,5
Game Theory: How RICH is a Pokemon Master?,US,The Game Theorists,Gaming,"\"pokemon\"|\"pokemon go\"|\"pikachu\"|\"pokemon sun and moon\"|\"pokemon ultra sun and moon\"|\"pokedex\"|\"pokemon pokedex\"|\"pokemon theme song\"|\"pokemon full episodes\"|\"pokemon master\"|\"pokemon go song\"|\"economics\"|\"pokemon champion\"|\"money\"|\"get rich quick\"|\"make money\"|\"how to make money\"|\"ultra moon\"|\"ultra sun\"|\"ultra sun and moon\"|\"sun and moon\"|\"game theory\"|\"matpat\"|\"game theorists\"|\"Pokemon Theory\"|\"pokemon game theory\"|\"matpat pokemon\"|\"pokedex game theory\"|\"pokédex\"|\"pokemon switch\"|\"pokémon\"","Join Honey for FREE at ►► https://www.joinhoney.com/matpatSpecial Thanks to Honey for Partnering With Us for this episode!Subscribe to never miss a theory! ► http://bit.ly/1qV8fd6 I want to be...the very best...and also very RICH!! Being a Pokemon Champion is the dream of many a child and adult, if we are being honest. Except, after you get past all the glory and the cute Pokemon, you have to wonder - is being a Pokemon Master a viable career choice? Can you survive on the money that you'd make? Well today Loyal Theorists, we are about to find out!!SUBSCRIBE for Every Theory! ► http://bit.ly/1qV8fd6Hang out with us on GTLive! ►► http://bit.ly/1LkSBnzMore THEORIES:The Pokedex is FULL OF LIES! ►► https://bit.ly/2rRhfHWWARNING! Pokemon May Cause DEATH! ►► http://bit.ly/2FnHjRlThe TRUTH of Fire Pokemon ►► https://bit.ly/2GuXuLlHumans are Pokemon? ► https://bit.ly/1rgbRGvPokemon GO's TRAGIC END! ► https://bit.ly/2g39uaoHow Bendy Will END! ►►► http://bit.ly/2oqRNbdCheck out some more of our awesome video game content: Game Theory ►► http://bit.ly/1zz3t7ECulture Shock ►► http://bit.ly/1sw7aZ8The SCIENCE! ►► https://goo.gl/GFK9EV",2018-05-19T18:04:47.000Z,4823561,92920,6217,51372,5
Prank Invasion: A Closer Look,CA,h3h3Productions,Entertainment,"\"prankinvasion\"|\"prank invasion\"|\"a closer look\"|\"h3h3\"|\"h3h3productions\"|\"ethan and hila\"",Let's take a closer look at PrankInvasion\n\nMERCH...http://h3h3shop.com\n\nFollow us on Twitch! http://twitch.tv/h3h3productions\n\nAwesome new outro music by Ramzoid:\nhttps://www.youtube.com/watch?v=rrKiJxaDuOg\n\nH3 Podcast is available at:\n\nTWITCH ► http://twitch.tv/h3h3productions\nYOUTUBE► https://www.youtube.com/h3podcast\nITUNES ► https://goo.gl/desgTE\nGOOGLE PLAY MUSIC ►https://goo.gl/EnllKV\n\nTwitter......................►https://twitter.com/h3h3productions\nHila's Twitter............►https://twitter.com/hilakleinh3\nSpreadshirt..............►http://h3h3productions.spreadshirt.com\nInstagram................►http://instagram.com/h3h3productions\nHila's Instragram.....►https://www.instagram.com/kleinhila\nWebsite....................►http://h3h3productions.com\nSubreddit.................►http://reddit.com/r/h3h3productions\n\nTheme Song by MajorLeagueWobs:\nhttps://www.youtube.com/user/strangeholder\n\nAwesome new outro music by Ramzoid:\nhttps://www.youtube.com/watch?v=rrKiJxaDuOg,2018-02-25T00:07:27.000Z,3449780,280756,6077,24213,5
Prank Invasion: A Closer Look,DE,h3h3Productions,Entertainment,"\"prankinvasion\"|\"prank invasion\"|\"a closer look\"|\"h3h3\"|\"h3h3productions\"|\"ethan and hila\"",Let's take a closer look at PrankInvasion\n\nMERCH...http://h3h3shop.com\n\nFollow us on Twitch! http://twitch.tv/h3h3productions\n\nAwesome new outro music by Ramzoid:\nhttps://www.youtube.com/watch?v=rrKiJxaDuOg\n\nH3 Podcast is available at:\n\nTWITCH ► http://twitch.tv/h3h3productions\nYOUTUBE► https://www.youtube.com/h3podcast\nITUNES ► https://goo.gl/desgTE\nGOOGLE PLAY MUSIC ►https://goo.gl/EnllKV\n\nTwitter......................►https://twitter.com/h3h3productions\nHila's Twitter............►https://twitter.com/hilakleinh3\nSpreadshirt..............►http://h3h3productions.spreadshirt.com\nInstagram................►http://instagram.com/h3h3productions\nHila's Instragram.....►https://www.instagram.com/kleinhila\nWebsite....................►http://h3h3productions.com\nSubreddit.................►http://reddit.com/r/h3h3productions\n\nTheme Song by MajorLeagueWobs:\nhttps://www.youtube.com/user/strangeholder\n\nAwesome new outro music by Ramzoid:\nhttps://www.youtube.com/watch?v=rrKiJxaDuOg,2018-02-25T00:07:27.000Z,3098362,265903,5615,23308,5
Prank Invasion: A Closer Look,FR,h3h3Productions,Entertainment,"\"prankinvasion\"\"|\"\"prank invasion\"\"|\"\"a closer look\"\"|\"\"h3h3\"\"|\"\"h3h3productions\"\"|\"\"ethan and hila\"",Let's take a closer look at PrankInvasion\n\nMERCH...http://h3h3shop.com\n\nFollow us on Twitch! http://twitch.tv/h3h3productions\n\nAwesome new outro music by Ramzoid:\nhttps://www.youtube.com/watch?v=rrKiJxaDuOg\n\nH3 Podcast is available at:\n\nTWITCH ► http://twitch.tv/h3h3productions\nYOUTUBE► https://www.youtube.com/h3podcast\nITUNES ► https://goo.gl/desgTE\nGOOGLE PLAY MUSIC ►https://goo.gl/EnllKV\n\nTwitter......................►https://twitter.com/h3h3productions\nHila's Twitter............►https://twitter.com/hilakleinh3\nSpreadshirt..............►http://h3h3productions.spreadshirt.com\nInstagram................►http://instagram.com/h3h3productions\nHila's Instragram.....►https://www.instagram.com/kleinhila\nWebsite....................►http://h3h3productions.com\nSubreddit.................►http://reddit.com/r/h3h3productions\n\nTheme Song by MajorLeagueWobs:\nhttps://www.youtube.com/user/strangeholder\n\nAwesome new outro music by Ramzoid:\nhttps://www.youtube.com/watch?v=rrKiJxaDuOg,2018-02-25T00:07:27.000Z,2766405,248153,5096,22243,5
Prank Invasion: A Closer Look,MX,h3h3Productions,Entertainment,"\"prankinvasion|\"\"prank invasion\"\"|\"\"a closer look\"\"|\"\"h3h3\"\"|\"\"h3h3productions\"\"|\"\"ethan and hila\"\"\"",Let's take a closer look at PrankInvasion\n\nMERCH...http://h3h3shop.com\n\nFollow us on Twitch! http://twitch.tv/h3h3productions\n\nAwesome new outro music by Ramzoid:\nhttps://www.youtube.com/watch?v=rrKiJxaDuOg\n\nH3 Podcast is available at:\n\nTWITCH ► http://twitch.tv/h3h3productions\nYOUTUBE► https://www.youtube.com/h3podcast\nITUNES ► https://goo.gl/desgTE\nGOOGLE PLAY MUSIC ►https://goo.gl/EnllKV\n\nTwitter......................►https://twitter.com/h3h3productions\nHila's Twitter............►https://twitter.com/hilakleinh3\nSpreadshirt..............►http://h3h3productions.spreadshirt.com\nInstagram................►http://instagram.com/h3h3productions\nHila's Instragram.....►https://www.instagram.com/kleinhila\nWebsite....................►http://h3h3productions.com\nSubreddit.................►http://reddit.com/r/h3h3productions\n\nTheme Song by MajorLeagueWobs:\nhttps://www.youtube.com/user/strangeholder\n\nAwesome new outro music by Ramzoid:\nhttps://www.youtube.com/watch?v=rrKiJxaDuOg,2018-02-25T00:07:27.000Z,1176302,145173,2670,15602,5
Prank Invasion: A Closer Look,RU,h3h3Productions,Entertainment,"\"prankinvasion|\"\"prank invasion\"\"|\"\"a closer look\"\"|\"\"h3h3\"\"|\"\"h3h3productions\"\"|\"\"ethan and hila\"\"\"",Let's take a closer look at PrankInvasion\n\nMERCH...http://h3h3shop.com\n\nFollow us on Twitch! http://twitch.tv/h3h3productions\n\nAwesome new outro music by Ramzoid:\nhttps://www.youtube.com/watch?v=rrKiJxaDuOg\n\nH3 Podcast is available at:\n\nTWITCH ► http://twitch.tv/h3h3productions\nYOUTUBE► https://www.youtube.com/h3podcast\nITUNES ► https://goo.gl/desgTE\nGOOGLE PLAY MUSIC ►https://goo.gl/EnllKV\n\nTwitter......................►https://twitter.com/h3h3productions\nHila's Twitter............►https://twitter.com/hilakleinh3\nSpreadshirt..............►http://h3h3productions.spreadshirt.com\nInstagram................►http://instagram.com/h3h3productions\nHila's Instragram.....►https://www.instagram.com/kleinhila\nWebsite....................►http://h3h3productions.com\nSubreddit.................►http://reddit.com/r/h3h3productions\n\nTheme Song by MajorLeagueWobs:\nhttps://www.youtube.com/user/strangeholder\n\nAwesome new outro music by Ramzoid:\nhttps://www.youtube.com/watch?v=rrKiJxaDuOg,2018-02-25T00:07:27.000Z,1176302,145163,2670,15602,5
Selena Gomez - Back To You (Lyric Video),CA,Selena Gomez,Film & Animation,"\"selena gomez\"|\"13 reasons why\"|\"back to you\"|\"selena\"|\"gomez\"|\"13 reasons\"|\"netflix\"","Get 'Back To You,' out now: http://smarturl.it/13ReasonsSoundtrackPreorder 13 Reasons Why Bundles: http://smarturl.it/13RYsoundtrack Subscribe to Selena's 13 Reasons Why Playlist: http://smarturl.it/13ReasonsPlaylistGet exclusive Selena Gomez merch, available at: http://smarturl.it/SelenaStoreSign-up to be the first to hear news from Selena: http://smarturl.it/SelenaGomez.NewsBest of Selena Gomez https://goo.gl/mgJg2sSelena Gomez Audio https://goo.gl/dmJYbdSubscribe for more https://goo.gl/2bTuprIf you or someone you know needs help finding crisis resources, visit: www.13ReasonsWhy.infoIf you are immediately concerned about yourself or a friend, reach out for help. TEXT: 741741www.crisistextline.orgFree, 24/7, confidential. National Suicide Prevention LifelineDIAL: 1-800-273-8255www.suicidepreventionlifeline.orgwww.thetrevorproject.orgProviding crisis and suicide intervention and prevention services for LGBTQ youth.",2018-05-10T16:00:11.000Z,3969429,409750,4750,25876,5
Selena Gomez - Back To You (Lyric Video),DE,Selena Gomez,Film & Animation,"\"selena gomez\"|\"13 reasons why\"|\"back to you\"|\"selena\"|\"gomez\"|\"13 reasons\"|\"netflix\"","Get 'Back To You,' out now: http://smarturl.it/13ReasonsSoundtrackPreorder 13 Reasons Why Bundles: http://smarturl.it/13RYsoundtrack Subscribe to Selena's 13 Reasons Why Playlist: http://smarturl.it/13ReasonsPlaylistGet exclusive Selena Gomez merch, available at: http://smarturl.it/SelenaStoreSign-up to be the first to hear news from Selena: http://smarturl.it/SelenaGomez.NewsBest of Selena Gomez https://goo.gl/mgJg2sSelena Gomez Audio https://goo.gl/dmJYbdSubscribe for more https://goo.gl/2bTuprIf you or someone you know needs help finding crisis resources, visit: www.13ReasonsWhy.infoIf you are immediately concerned about yourself or a friend, reach out for help. TEXT: 741741www.crisistextline.orgFree, 24/7, confidential. National Suicide Prevention LifelineDIAL: 1-800-273-8255www.suicidepreventionlifeline.orgwww.thetrevorproject.orgProviding crisis and suicide intervention and prevention services for LGBTQ youth.",2018-05-10T16:00:11.000Z,3969429,409750,4750,25876,5
Selena Gomez - Back To You (Lyric Video),FR,Selena Gomez,Film & Animation,"\"selena gomez\"|\"13 reasons why\"|\"back to you\"|\"selena\"|\"gomez\"|\"13 reasons\"|\"netflix\"","Get 'Back To You,' out now: http://smarturl.it/13ReasonsSoundtrackPreorder 13 Reasons Why Bundles: http://smarturl.it/13RYsoundtrack Subscribe to Selena's 13 Reasons Why Playlist: http://smarturl.it/13ReasonsPlaylistGet exclusive Selena Gomez merch, available at: http://smarturl.it/SelenaStoreSign-up to be the first to hear news from Selena: http://smarturl.it/SelenaGomez.NewsBest of Selena Gomez https://goo.gl/mgJg2sSelena Gomez Audio https://goo.gl/dmJYbdSubscribe for more https://goo.gl/2bTuprIf you or someone you know needs help finding crisis resources, visit: www.13ReasonsWhy.infoIf you are immediately concerned about yourself or a friend, reach out for help. TEXT: 741741www.crisistextline.orgFree, 24/7, confidential. National Suicide Prevention LifelineDIAL: 1-800-273-8255www.suicidepreventionlifeline.orgwww.thetrevorproject.orgProviding crisis and suicide intervention and prevention services for LGBTQ youth.",2018-05-10T16:00:11.000Z,3973100,409759,4750,25876,5
Selena Gomez - Back To You (Lyric Video),MX,Selena Gomez,Film & Animation,"\"selena gomez|\"\"13 reasons why\"\"|\"\"back to you\"\"|\"\"selena\"\"|\"\"gomez\"\"|\"\"13 reasons\"\"|\"\"netflix\"\"\"","Get 'Back To You,' out now: http://smarturl.it/13ReasonsSoundtrackPreorder 13 Reasons Why Bundles: http://smarturl.it/13RYsoundtrack Subscribe to Selena's 13 Reasons Why Playlist: http://smarturl.it/13ReasonsPlaylistGet exclusive Selena Gomez merch, available at: http://smarturl.it/SelenaStoreSign-up to be the first to hear news from Selena: http://smarturl.it/SelenaGomez.NewsBest of Selena Gomez https://goo.gl/mgJg2sSelena Gomez Audio https://goo.gl/dmJYbdSubscribe for more https://goo.gl/2bTuprIf you or someone you know needs help finding crisis resources, visit: www.13ReasonsWhy.infoIf you are immediately concerned about yourself or a friend, reach out for help. TEXT: 741741www.crisistextline.orgFree, 24/7, confidential. National Suicide Prevention LifelineDIAL: 1-800-273-8255www.suicidepreventionlifeline.orgwww.thetrevorproject.orgProviding crisis and suicide intervention and prevention services for LGBTQ youth.",2018-05-10T16:00:11.000Z,1831808,279457,2683,20745,5
Selena Gomez - Back To You (Lyric Video),US,Selena Gomez,Film & Animation,"\"selena gomez\"|\"13 reasons why\"|\"back to you\"|\"selena\"|\"gomez\"|\"13 reasons\"|\"netflix\"","Get 'Back To You,' out now: http://smarturl.it/13ReasonsSoundtrackPreorder 13 Reasons Why Bundles: http://smarturl.it/13RYsoundtrack Subscribe to Selena's 13 Reasons Why Playlist: http://smarturl.it/13ReasonsPlaylistGet exclusive Selena Gomez merch, available at: http://smarturl.it/SelenaStoreSign-up to be the first to hear news from Selena: http://smarturl.it/SelenaGomez.NewsBest of Selena Gomez https://goo.gl/mgJg2sSelena Gomez Audio https://goo.gl/dmJYbdSubscribe for more https://goo.gl/2bTuprIf you or someone you know needs help finding crisis resources, visit: www.13ReasonsWhy.infoIf you are immediately concerned about yourself or a friend, reach out for help. TEXT: 741741www.crisistextline.orgFree, 24/7, confidential. National Suicide Prevention LifelineDIAL: 1-800-273-8255www.suicidepreventionlifeline.orgwww.thetrevorproject.orgProviding crisis and suicide intervention and prevention services for LGBTQ youth.",2018-05-10T16:00:11.000Z,9853064,922355,9307,41774,5
TOCHAN (LYRICAL VIDEO) | SIDHU MOOSE WALA | BYG BYRD | HUMBLE MUSIC,CA,Humble Music,Music,"\"tochan\"|\"tochan sidhu moose wala\"|\"tochan lyrical video\"|\"tochan full video\"|\"byg byrd\"|\"sidhu moose wala songs\"|\"best of sidhu moose wala\"|\"latest punjabi songs 2018\"|\"punjabi songs\"|\"punjabi songs 2018\"|\"punjabi\"|\"punjabi music\"|\"punjabi romantic songs\"|\"punjabi sad songs\"|\"desi\"|\"humble music\"|\"gippy grewal\"|\"sidhu moose wala\"|\"sidhumoosewala\"",Song - Tochan\nSinger / Lyrics - Sidhu Moose Wala\nMusic - BYG BYRD\nLabel - Humble Music\n\nStay Tuned On - \nGaana - https://gaana.com/album/tochan-punjabi\n\nEnjoy & Stay connected with us!\nSubscribe to Humble Music: http://bit.ly/HumbleMusicYT\nLike us on Facebook: https://www.facebook.com/TheHumbleMusic\nFollow us on Twitter: https://twitter.com/TheHumbleMusic\nFollow us on Instagram: https://www.instagram.com/TheHumbleMusic\nFor Business Inquiries: info@humblemusic.in\nFor Queries :+919872207777\n\nDigitally Powered by One Digital Entertainment,2018-04-28T14:01:47.000Z,536896,46535,624,2882,5
TOCHAN (LYRICAL VIDEO) | SIDHU MOOSE WALA | BYG BYRD | HUMBLE MUSIC,CA,Humble Music,Music,"\"tochan\"|\"tochan sidhu moose wala\"|\"tochan lyrical video\"|\"tochan full video\"|\"byg byrd\"|\"sidhu moose wala songs\"|\"best of sidhu moose wala\"|\"latest punjabi songs 2018\"|\"punjabi songs\"|\"punjabi songs 2018\"|\"punjabi\"|\"punjabi music\"|\"punjabi romantic songs\"|\"punjabi sad songs\"|\"desi\"|\"humble music\"|\"gippy grewal\"|\"sidhu moose wala\"|\"sidhumoosewala\"",Song - TochanSinger / Lyrics - Sidhu Moose WalaMusic - BYG BYRDLabel - Humble MusicStay Tuned On - iTunes - https://itunes.apple.com/in/album/tochan-single/1378407309Hungama - http://www.hungama.com/album/tochan/36025840/Gaana - https://gaana.com/album/tochan-punjabiWynk Music - http://wynk.in/u/ZKTt8j0Nh Operator Codes - Vodafone Subscribers for Caller Tune Direct Dial 53710444318Idea Subscribers for Dialer Tone Direct Dial 5678910444318BSNL (E & S) Subscribers Direct Dial 5670010444318 to set BSNL TuneBSNL (N & W) Subscribers Direct Dial 567007078164 to set BSNL TuneUninor Subscribers Direct Dial 54321110444318 to Set as Caller tuneEnjoy & Stay connected with us!Subscribe to Humble Music: http://bit.ly/HumbleMusicYTLike us on Facebook: https://www.facebook.com/TheHumbleMusicFollow us on Twitter: https://twitter.com/TheHumbleMusicFollow us on Instagram: https://www.instagram.com/TheHumbleMusicFor Business Inquiries: info@humblemusic.inFor Queries :+919872207777Digitally Powered by One Digital Entertainment,2018-04-28T14:01:47.000Z,2459439,62868,2112,3838,5
TOCHAN (LYRICAL VIDEO) | SIDHU MOOSE WALA | BYG BYRD | HUMBLE MUSIC,CA,Humble Music,Music,"\"tochan\"|\"tochan sidhu moose wala\"|\"tochan lyrical video\"|\"tochan full video\"|\"byg byrd\"|\"sidhu moose wala songs\"|\"best of sidhu moose wala\"|\"latest punjabi songs 2018\"|\"punjabi songs\"|\"punjabi songs 2018\"|\"punjabi\"|\"punjabi music\"|\"punjabi romantic songs\"|\"punjabi sad songs\"|\"desi\"|\"humble music\"|\"gippy grewal\"|\"sidhu moose wala\"|\"sidhumoosewala\"",Song - Tochan\nSinger / Lyrics - Sidhu Moose Wala\nMusic - BYG BYRD\nLabel - Humble Music\n\nStay Tuned On - \niTunes - https://itunes.apple.com/in/album/tochan-single/1378407309\nHungama - http://www.hungama.com/album/tochan/36025840/\nGaana - https://gaana.com/album/tochan-punjabi\nWynk Music - http://wynk.in/u/ZKTt8j0Nh \n\nOperator Codes - \nVodafone Subscribers for Caller Tune Direct Dial 53710444318\nIdea Subscribers for Dialer Tone Direct Dial 5678910444318\nBSNL (E & S) Subscribers Direct Dial 5670010444318 to set BSNL Tune\nBSNL (N & W) Subscribers Direct Dial 567007078164 to set BSNL Tune\nUninor Subscribers Direct Dial 54321110444318 to Set as Caller tune\n\n\nEnjoy & Stay connected with us!\nSubscribe to Humble Music: http://bit.ly/HumbleMusicYT\nLike us on Facebook: https://www.facebook.com/TheHumbleMusic\nFollow us on Twitter: https://twitter.com/TheHumbleMusic\nFollow us on Instagram: https://www.instagram.com/TheHumbleMusic\nFor Business Inquiries: info@humblemusic.in\nFor Queries :+919872207777\n\nDigitally Powered by One Digital Entertainment,2018-04-28T14:01:47.000Z,2085215,58406,1902,3661,5
TOCHAN (LYRICAL VIDEO) | SIDHU MOOSE WALA | BYG BYRD | HUMBLE MUSIC,IN,Humble Music,Music,"\"tochan|\"\"tochan sidhu moose wala\"\"|\"\"tochan lyrical video\"\"|\"\"tochan full video\"\"|\"\"byg byrd\"\"|\"\"sidhu moose wala songs\"\"|\"\"best of sidhu moose wala\"\"|\"\"latest punjabi songs 2018\"\"|\"\"punjabi songs\"\"|\"\"punjabi songs 2018\"\"|\"\"punjabi\"\"|\"\"punjabi music\"\"|\"\"punjabi romantic songs\"\"|\"\"punjabi sad songs\"\"|\"\"desi\"\"|\"\"humble music\"\"|\"\"gippy grewal\"\"|\"\"sidhu moose wala\"\"|\"\"sidhumoosewala\"\"\"",Song - Tochan\nSinger / Lyrics - Sidhu Moose Wala\nMusic - BYG BYRD\nLabel - Humble Music\n\nStay Tuned On - \nGaana - https://gaana.com/album/tochan-punjabi\n\nEnjoy & Stay connected with us!\nSubscribe to Humble Music: http://bit.ly/HumbleMusicYT\nLike us on Facebook: https://www.facebook.com/TheHumbleMusic\nFollow us on Twitter: https://twitter.com/TheHumbleMusic\nFollow us on Instagram: https://www.instagram.com/TheHumbleMusic\nFor Business Inquiries: info@humblemusic.in\nFor Queries :+919872207777\n\nDigitally Powered by One Digital Entertainment,2018-04-28T14:01:47.000Z,536896,46535,624,2882,5
TOCHAN (LYRICAL VIDEO) | SIDHU MOOSE WALA | BYG BYRD | HUMBLE MUSIC,IN,Humble Music,Music,"\"tochan|\"\"tochan sidhu moose wala\"\"|\"\"tochan lyrical video\"\"|\"\"tochan full video\"\"|\"\"byg byrd\"\"|\"\"sidhu moose wala songs\"\"|\"\"best of sidhu moose wala\"\"|\"\"latest punjabi songs 2018\"\"|\"\"punjabi songs\"\"|\"\"punjabi songs 2018\"\"|\"\"punjabi\"\"|\"\"punjabi music\"\"|\"\"punjabi romantic songs\"\"|\"\"punjabi sad songs\"\"|\"\"desi\"\"|\"\"humble music\"\"|\"\"gippy grewal\"\"|\"\"sidhu moose wala\"\"|\"\"sidhumoosewala\"\"\"",Song - Tochan\nSinger / Lyrics - Sidhu Moose Wala\nMusic - BYG BYRD\nLabel - Humble Music\n\nStay Tuned On - \niTunes - https://itunes.apple.com/in/album/tochan-single/1378407309\nHungama - http://www.hungama.com/album/tochan/36025840/\nGaana - https://gaana.com/album/tochan-punjabi\nWynk Music - http://wynk.in/u/ZKTt8j0Nh \n\nOperator Codes - \nVodafone Subscribers for Caller Tune Direct Dial 53710444318\nIdea Subscribers for Dialer Tone Direct Dial 5678910444318\nBSNL (E & S) Subscribers Direct Dial 5670010444318 to set BSNL Tune\nBSNL (N & W) Subscribers Direct Dial 567007078164 to set BSNL Tune\nUninor Subscribers Direct Dial 54321110444318 to Set as Caller tune\n\n\nEnjoy & Stay connected with us!\nSubscribe to Humble Music: http://bit.ly/HumbleMusicYT\nLike us on Facebook: https://www.facebook.com/TheHumbleMusic\nFollow us on Twitter: https://twitter.com/TheHumbleMusic\nFollow us on Instagram: https://www.instagram.com/TheHumbleMusic\nFor Business Inquiries: info@humblemusic.in\nFor Queries :+919872207777\n\nDigitally Powered by One Digital Entertainment,2018-04-28T14:01:47.000Z,2085215,58406,1902,3661,5
