title,country,channel_title,category,tags,description,publish_time,views,likes,dislikes,comment_count,cnt
Kendrick Lamar and Rihanna win Best Rap/Sung Performance at The Grammy Awards 2018,CA,lolatthisname,Comedy,"\"rihanna\"|\"kendrick lamar\"|\"award\"|\"2018\"|\"best rap\"|\"performance\"","",2018-01-29T17:01:06.000Z,256269,3598,53,295,5
Kendrick Lamar and Rihanna win Best Rap/Sung Performance at The Grammy Awards 2018,DE,lolatthisname,Comedy,"\"rihanna\"|\"kendrick lamar\"|\"award\"|\"2018\"|\"best rap\"|\"performance\"","",2018-01-29T17:01:06.000Z,256269,3598,53,295,5
Kendrick Lamar and Rihanna win Best Rap/Sung Performance at The Grammy Awards 2018,FR,lolatthisname,Comedy,"\"rihanna\"\"|\"\"kendrick lamar\"\"|\"\"award\"\"|\"\"2018\"\"|\"\"best rap\"\"|\"\"performance\"","",2018-01-29T17:01:06.000Z,256269,3598,53,295,5
Kendrick Lamar and Rihanna win Best Rap/Sung Performance at The Grammy Awards 2018,MX,lolatthisname,Comedy,"\"rihanna|\"\"kendrick lamar\"\"|\"\"award\"\"|\"\"2018\"\"|\"\"best rap\"\"|\"\"performance\"\"\"","",2018-01-29T17:01:06.000Z,256269,3598,53,295,5
Kendrick Lamar and Rihanna win Best Rap/Sung Performance at The Grammy Awards 2018,US,RihannaNavyVevo,People & Blogs,"\"RIhanna\"|\"Grammy 2018\"|\"Kemdrick Lamar\"",Rihanna and Kendrick Lamar win Grammy 2018,2018-01-29T21:00:21.000Z,10754,163,30,50,5
STRANGER JOKES : Jokes de Papa avec les teens de Stranger Things,CA,"Le Jeu, C'est Sérieux",Comedy,"\"Stranger Jokes\"|\"Jokes de Papa\"|\"Stranger Things\"|\"Charlie Heaton\"|\"Natalia Dyer\"|\"Joe Keery\"|\"Drôle\"|\"Humour\"|\"Blagues nulles\"|\"Dad Jokes\"|\"Netflix\"|\"Demogorgon\"|\"Onze\"|\"Eleven\"|\"Will\"|\"Joyce\"|\"Jonathan\"|\"Nancy\"|\"Steve\"|\"Paris Games Week\"|\"Try Not To Laugh\"|\"Try Not To Cringe\"|\"Essaye de ne pas rire\"|\"JeuSerieux\"|\"France\"|\"Québec\"|\"Funny\"","Contenu commandité par Netflix France.\\nInspiré de Dad Jokes (All Def Digital) et Jokes de Papa (GaboomFilms).\\n\\nChose étrange pour Guiz et Laurent d'affronter les teens de Stranger Things – Charlie Heaton, Natalia Dyer et Joe Keery – dans un Jokes de Papa en marge de la Paris Games Week. Quelle équipe craquera sous la pression face à des blagues aussi nulles?\\n\\nSaison 2 de Stranger Things :\\n▶ https://youtube.com/watch?v=JSQToYeeR4E\\n\\nDad Jokes de All Def Digital :\\n▶ https://youtube.com/AllDefDigital\\n\\nJokes de Papa de GaboomFilms :\\n▶ https://youtube.com/playlist?list=PLKVHXumEUNS53qA3_GkAlR9eMsHkMfsek\\n\\nNOTRE BOUTIQUE : http://society6.com/jeuserieux\\nFACEBOOK : http://facebook.com/jeuserieux\\nABONNEZ-VOUS : http://bit.ly/jeuserieux",2017-11-13T15:48:57.000Z,653056,37634,638,819,6
STRANGER JOKES : Jokes de Papa avec les teens de Stranger Things,CA,"Le Jeu, C'est Sérieux",Comedy,"\"Stranger Jokes\"|\"Jokes de Papa\"|\"Stranger Things\"|\"Charlie Heaton\"|\"Natalia Dyer\"|\"Joe Keery\"|\"Drôle\"|\"Humour\"|\"Blagues nulles\"|\"Dad Jokes\"|\"Netflix\"|\"Demogorgon\"|\"Onze\"|\"Eleven\"|\"Will\"|\"Joyce\"|\"Jonathan\"|\"Nancy\"|\"Steve\"|\"Paris Games Week\"|\"Try Not To Laugh\"|\"Try Not To Cringe\"|\"Essaye de ne pas rire\"|\"JeuSerieux\"|\"France\"|\"Québec\"","Contenu commandité par Netflix France.\\nInspiré de Dads Jokes (All Def Digital) et Jokes de Papa (GaboomFilms).\\n\\nChose étrange pour Guiz et Laurent d'affronter les teens de Stranger Things – Charlie Heaton, Natalia Dyer et Joe Keery – dans un Jokes de Papa en marge de la Paris Games Week. Quelle équipe craquera sous la pression face à des blagues aussi nulles?\\n\\nSaison 2 de Stranger Things :\\n▶ https://youtube.com/watch?v=JSQToYeeR4E\\n\\nDad Jokes de All Def Digital :\\n▶ https://youtube.com/AllDefDigital\\n\\nJokes de Papa de GaboomFilms :\\n▶ https://youtube.com/playlist?list=PLKVHXumEUNS53qA3_GkAlR9eMsHkMfsek\\n\\nNOTRE BOUTIQUE : http://society6.com/jeuserieux\\nFACEBOOK : http://facebook.com/jeuserieux\\nABONNEZ-VOUS : http://bit.ly/jeuserieux",2017-11-13T15:48:57.000Z,141253,14354,202,417,6
STRANGER JOKES : Jokes de Papa avec les teens de Stranger Things,CA,"Le Jeu, C'est Sérieux",Comedy,"\"Stranger Jokes\"|\"Jokes de Papa\"|\"Stranger Things\"|\"Charlie Heaton\"|\"Natalia Dyer\"|\"Joe Keery\"|\"Drôle\"|\"Humour\"|\"Blagues nulles\"|\"Dad Jokes\"|\"Netflix\"|\"Demogorgon\"|\"Onze\"|\"Eleven\"|\"Will\"|\"Joyce\"|\"Jonathan\"|\"Nancy\"|\"Steve\"|\"Paris Games Week\"|\"Try Not To Laugh\"|\"Try Not To Cringe\"|\"Essaye de ne pas rire\"|\"JeuSerieux\"|\"France\"|\"Québec\"","Contenu commandité par Netflix France.\\nInspiré de Dad Jokes (All Def Digital) et Jokes de Papa (GaboomFilms).\\n\\nChose étrange pour Guiz et Laurent d'affronter les teens de Stranger Things – Charlie Heaton, Natalia Dyer et Joe Keery – dans un Jokes de Papa en marge de la Paris Games Week. Quelle équipe craquera sous la pression face à des blagues aussi nulles?\\n\\nSaison 2 de Stranger Things :\\n▶ https://youtube.com/watch?v=JSQToYeeR4E\\n\\nDad Jokes de All Def Digital :\\n▶ https://youtube.com/AllDefDigital\\n\\nJokes de Papa de GaboomFilms :\\n▶ https://youtube.com/playlist?list=PLKVHXumEUNS53qA3_GkAlR9eMsHkMfsek\\n\\nNOTRE BOUTIQUE : http://society6.com/jeuserieux\\nFACEBOOK : http://facebook.com/jeuserieux\\nABONNEZ-VOUS : http://bit.ly/jeuserieux",2017-11-13T15:48:57.000Z,443131,27026,491,746,6
STRANGER JOKES : Jokes de Papa avec les teens de Stranger Things,FR,"Le Jeu, C'est Sérieux",Comedy,"\"Stranger Jokes\"\"|\"\"Jokes de Papa\"\"|\"\"Stranger Things\"\"|\"\"Charlie Heaton\"\"|\"\"Natalia Dyer\"\"|\"\"Joe Keery\"\"|\"\"Drôle\"\"|\"\"Humour\"\"|\"\"Blagues nulles\"\"|\"\"Dad Jokes\"\"|\"\"Netflix\"\"|\"\"Demogorgon\"\"|\"\"Onze\"\"|\"\"Eleven\"\"|\"\"Will\"\"|\"\"Joyce\"\"|\"\"Jonathan\"\"|\"\"Nancy\"\"|\"\"Steve\"\"|\"\"Paris Games Week\"\"|\"\"Try Not To Laugh\"\"|\"\"Try Not To Cringe\"\"|\"\"Essaye de ne pas rire\"\"|\"\"JeuSerieux\"\"|\"\"France\"\"|\"\"Québec\"\"|\"\"Funny\"","Contenu commandité par Netflix France.\\nInspiré de Dad Jokes (All Def Digital) et Jokes de Papa (GaboomFilms).\\n\\nChose étrange pour Guiz et Laurent d'affronter les teens de Stranger Things – Charlie Heaton, Natalia Dyer et Joe Keery – dans un Jokes de Papa en marge de la Paris Games Week. Quelle équipe craquera sous la pression face à des blagues aussi nulles?\\n\\nSaison 2 de Stranger Things :\\n▶ https://youtube.com/watch?v=JSQToYeeR4E\\n\\nDad Jokes de All Def Digital :\\n▶ https://youtube.com/AllDefDigital\\n\\nJokes de Papa de GaboomFilms :\\n▶ https://youtube.com/playlist?list=PLKVHXumEUNS53qA3_GkAlR9eMsHkMfsek\\n\\nNOTRE BOUTIQUE : http://society6.com/jeuserieux\\nFACEBOOK : http://facebook.com/jeuserieux\\nABONNEZ-VOUS : http://bit.ly/jeuserieux",2017-11-13T15:48:57.000Z,598162,34921,609,819,6
STRANGER JOKES : Jokes de Papa avec les teens de Stranger Things,FR,"Le Jeu, C'est Sérieux",Comedy,"\"Stranger Jokes\"\"|\"\"Jokes de Papa\"\"|\"\"Stranger Things\"\"|\"\"Charlie Heaton\"\"|\"\"Natalia Dyer\"\"|\"\"Joe Keery\"\"|\"\"Drôle\"\"|\"\"Humour\"\"|\"\"Blagues nulles\"\"|\"\"Dad Jokes\"\"|\"\"Netflix\"\"|\"\"Demogorgon\"\"|\"\"Onze\"\"|\"\"Eleven\"\"|\"\"Will\"\"|\"\"Joyce\"\"|\"\"Jonathan\"\"|\"\"Nancy\"\"|\"\"Steve\"\"|\"\"Paris Games Week\"\"|\"\"Try Not To Laugh\"\"|\"\"Try Not To Cringe\"\"|\"\"Essaye de ne pas rire\"\"|\"\"JeuSerieux\"\"|\"\"France\"\"|\"\"Québec\"","Contenu commandité par Netflix France.\\nInspiré de Dad Jokes (All Def Digital) et Jokes de Papa (GaboomFilms).\\n\\nChose étrange pour Guiz et Laurent d'affronter les teens de Stranger Things – Charlie Heaton, Natalia Dyer et Joe Keery – dans un Jokes de Papa en marge de la Paris Games Week. Quelle équipe craquera sous la pression face à des blagues aussi nulles?\\n\\nSaison 2 de Stranger Things :\\n▶ https://youtube.com/watch?v=JSQToYeeR4E\\n\\nDad Jokes de All Def Digital :\\n▶ https://youtube.com/AllDefDigital\\n\\nJokes de Papa de GaboomFilms :\\n▶ https://youtube.com/playlist?list=PLKVHXumEUNS53qA3_GkAlR9eMsHkMfsek\\n\\nNOTRE BOUTIQUE : http://society6.com/jeuserieux\\nFACEBOOK : http://facebook.com/jeuserieux\\nABONNEZ-VOUS : http://bit.ly/jeuserieux",2017-11-13T15:48:57.000Z,443131,27026,491,746,6
STRANGER JOKES : Jokes de Papa avec les teens de Stranger Things,FR,"Le Jeu, C'est Sérieux",Comedy,"\"Stranger Jokes\"\"|\"\"Jokes de Papa\"\"|\"\"Stranger Things\"\"|\"\"Charlie Heaton\"\"|\"\"Natalia Dyer\"\"|\"\"Joe Keery\"\"|\"\"Drôle\"\"|\"\"Humour\"\"|\"\"Blagues nulles\"\"|\"\"Dad Jokes\"\"|\"\"Netflix\"\"|\"\"Demogorgon\"\"|\"\"Onze\"\"|\"\"Eleven\"\"|\"\"Will\"\"|\"\"Joyce\"\"|\"\"Jonathan\"\"|\"\"Nancy\"\"|\"\"Steve\"\"|\"\"Paris Games Week\"\"|\"\"Try Not To Laugh\"\"|\"\"Try Not To Cringe\"\"|\"\"Essaye de ne pas rire\"\"|\"\"JeuSerieux\"\"|\"\"France\"\"|\"\"Québec\"","Contenu commandité par Netflix France.\\nInspiré de Dads Jokes (All Def Digital) et Jokes de Papa (GaboomFilms).\\n\\nChose étrange pour Guiz et Laurent d'affronter les teens de Stranger Things – Charlie Heaton, Natalia Dyer et Joe Keery – dans un Jokes de Papa en marge de la Paris Games Week. Quelle équipe craquera sous la pression face à des blagues aussi nulles?\\n\\nSaison 2 de Stranger Things :\\n▶ https://youtube.com/watch?v=JSQToYeeR4E\\n\\nDad Jokes de All Def Digital :\\n▶ https://youtube.com/AllDefDigital\\n\\nJokes de Papa de GaboomFilms :\\n▶ https://youtube.com/playlist?list=PLKVHXumEUNS53qA3_GkAlR9eMsHkMfsek\\n\\nNOTRE BOUTIQUE : http://society6.com/jeuserieux\\nFACEBOOK : http://facebook.com/jeuserieux\\nABONNEZ-VOUS : http://bit.ly/jeuserieux",2017-11-13T15:48:57.000Z,141253,14354,202,417,6
SZA - Garden (Say It Like Dat) (Official Video),CA,SZAVEVO,Music,"\"Garden (Say It Like Dat)\"|\"R&B\"|\"SZA\"|\"Top Dawg Entertainment/RCA Records\"",SZA's CTRL available on:Apple Music - http://smarturl.it/iCTRLSpotify - http://smarturl.it/sCTRLSoundcloud - http://smarturl.it/scCTRLTidal - http://smarturl.it/tCTRLAmazon Music - http://smarturl.it/aCTRLGoogle Play - http://smarturl.it/gCTRLFollow SZA:http://szactrl.comhttp://instagram.com/szahttp://twitter.com/szahttp://facebook.com/sza,2018-05-18T14:00:04.000Z,3074637,169145,2772,13198,5
SZA - Garden (Say It Like Dat) (Official Video),DE,SZAVEVO,Music,"\"Garden (Say It Like Dat)\"|\"R&B\"|\"SZA\"|\"Top Dawg Entertainment/RCA Records\"",SZA's CTRL available on:Apple Music - http://smarturl.it/iCTRLSpotify - http://smarturl.it/sCTRLSoundcloud - http://smarturl.it/scCTRLTidal - http://smarturl.it/tCTRLAmazon Music - http://smarturl.it/aCTRLGoogle Play - http://smarturl.it/gCTRLFollow SZA:http://szactrl.comhttp://instagram.com/szahttp://twitter.com/szahttp://facebook.com/sza,2018-05-18T14:00:04.000Z,1890693,132050,1525,10941,5
SZA - Garden (Say It Like Dat) (Official Video),FR,SZAVEVO,Music,"\"Garden (Say It Like Dat)\"|\"R&B\"|\"SZA\"|\"Top Dawg Entertainment/RCA Records\"",SZA's CTRL available on:Apple Music - http://smarturl.it/iCTRLSpotify - http://smarturl.it/sCTRLSoundcloud - http://smarturl.it/scCTRLTidal - http://smarturl.it/tCTRLAmazon Music - http://smarturl.it/aCTRLGoogle Play - http://smarturl.it/gCTRLFollow SZA:http://szactrl.comhttp://instagram.com/szahttp://twitter.com/szahttp://facebook.com/sza,2018-05-18T14:00:04.000Z,1890693,132050,1525,10941,5
SZA - Garden (Say It Like Dat) (Official Video),GB,SZAVEVO,Music,"\"Garden (Say It Like Dat)\"|\"R&B\"|\"SZA\"|\"Top Dawg Entertainment/RCA Records\"",SZA's CTRL available on:Apple Music - http://smarturl.it/iCTRLSpotify - http://smarturl.it/sCTRLSoundcloud - http://smarturl.it/scCTRLTidal - http://smarturl.it/tCTRLAmazon Music - http://smarturl.it/aCTRLGoogle Play - http://smarturl.it/gCTRLFollow SZA:http://szactrl.comhttp://instagram.com/szahttp://twitter.com/szahttp://facebook.com/sza,2018-05-18T14:00:04.000Z,982006,90016,702,8081,5
SZA - Garden (Say It Like Dat) (Official Video),US,SZAVEVO,Music,"\"Garden (Say It Like Dat)\"|\"R&B\"|\"SZA\"|\"Top Dawg Entertainment/RCA Records\"",SZA's CTRL available on:Apple Music - http://smarturl.it/iCTRLSpotify - http://smarturl.it/sCTRLSoundcloud - http://smarturl.it/scCTRLTidal - http://smarturl.it/tCTRLAmazon Music - http://smarturl.it/aCTRLGoogle Play - http://smarturl.it/gCTRLFollow SZA:http://szactrl.comhttp://instagram.com/szahttp://twitter.com/szahttp://facebook.com/sza,2018-05-18T14:00:04.000Z,6004782,210802,4166,15169,5
The Twelfth Doctor Regenerates: Peter Capaldi to Jodie Whittaker - Doctor Who Christmas Special 2017,CA,BBC,Entertainment,"\"BBC Doctor Who\"|\"Peter Capaldi\"|\"Doctor Who\"|\"Dr Who\"|\"Twice Upon A Time\"|\"dr who xmas 2017\"|\"TARDIS\"|\"regeneration\"|\"Twelfth Doctor\"|\"Twelfth Doctor Regenerates\"|\"Peter Capaldie Regenerates\"|\"Peter Capaldi Regeneration\"|\"Jodie Whittaker\"|\"Jodie Whittaker Regenerates\"|\"Jodie Whittaker Regeneration\"|\"12th Doctor Regenerates\"|\"12th Doctor Regeneration\"|\"doctor who regeneration\"|\"doctor who regenerates\"|\"official doctor who\"|\"12 to 13\"|\"regeneration scene\"|\"jodie whittaker oh brilliant\"|\"debut\"","The Twelfth Doctor (Peter Capaldi) becomes the Thirteenth (Jodie Whittaker) in this regeneration scene from the Doctor Who Christmas Special and regeneration episode, Twice Upon a Time. Programme website: http://bbc.in/1UFcb1w",2017-12-25T18:28:18.000Z,1156135,16391,5240,6275,7
The Twelfth Doctor Regenerates: Peter Capaldi to Jodie Whittaker - Doctor Who Christmas Special 2017,CA,BBC,Entertainment,"\"BBC Doctor Who\"|\"Peter Capaldi\"|\"Doctor Who\"|\"Dr Who\"|\"Twice Upon A Time\"|\"dr who xmas 2017\"|\"TARDIS\"|\"regeneration\"|\"Twelfth Doctor\"|\"Twelfth Doctor Regenerates\"|\"Peter Capaldie Regenerates\"|\"Peter Capaldi Regeneration\"|\"Jodie Whittaker\"|\"Jodie Whittaker Regenerates\"|\"Jodie Whittaker Regeneration\"|\"12th Doctor Regenerates\"|\"12th Doctor Regeneration\"|\"doctor who regeneration\"|\"doctor regenerates\"|\"doctor who regenerates\"|\"official doctor who\"|\"12 to 13\"|\"regeneration scene\"","The Twelfth Doctor (Peter Capaldi) becomes the Thirteenth (Jodie Whittaker) in this regeneration scene from the Doctor Who Christmas Special and regeneration episode, Twice Upon a Time. Programme website: http://bbc.in/1UFcb1w",2017-12-25T18:28:18.000Z,915949,14448,4554,5622,7
The Twelfth Doctor Regenerates: Peter Capaldi to Jodie Whittaker - Doctor Who Christmas Special 2017,CA,BBC,Entertainment,"\"BBC Doctor Who\"|\"Peter Capaldi\"|\"Doctor Who\"|\"Dr Who\"|\"Doctor Who Christmas Special 2017 trailer\"|\"Twice Upon A Time\"|\"dr who xmas 2017\"|\"TARDIS\"|\"regeneration\"|\"Twelfth Doctor\"|\"Twelfth Doctor Regenerates\"|\"Peter Capaldie Regenerates\"|\"Peter Capaldi Regeneration\"|\"Jodie Whittaker\"|\"Jodie Whittaker Regenerates\"|\"Jodie Whittaker Regeneration\"|\"12th Doctor Regenerates\"|\"12th Doctor Regeneration\"|\"doctor who regeneration\"|\"doctor regenerates\"|\"doctor who regenerates\"|\"official doctor who\"","Programme website: http://bbc.in/1UFcb1w The Twelfth Doctor (Peter Capaldi) becomes the Thirteenth (Jodie Whittaker) in the Doctor Who Christmas Special and regeneration episode, Twice Upon a Time.",2017-12-25T18:28:18.000Z,275016,6589,1640,2469,7
The Twelfth Doctor Regenerates: Peter Capaldi to Jodie Whittaker - Doctor Who Christmas Special 2017,FR,BBC,Entertainment,"\"BBC Doctor Who\"\"|\"\"Peter Capaldi\"\"|\"\"Doctor Who\"\"|\"\"Dr Who\"\"|\"\"Twice Upon A Time\"\"|\"\"dr who xmas 2017\"\"|\"\"TARDIS\"\"|\"\"regeneration\"\"|\"\"Twelfth Doctor\"\"|\"\"Twelfth Doctor Regenerates\"\"|\"\"Peter Capaldie Regenerates\"\"|\"\"Peter Capaldi Regeneration\"\"|\"\"Jodie Whittaker\"\"|\"\"Jodie Whittaker Regenerates\"\"|\"\"Jodie Whittaker Regeneration\"\"|\"\"12th Doctor Regenerates\"\"|\"\"12th Doctor Regeneration\"\"|\"\"doctor who regeneration\"\"|\"\"doctor regenerates\"\"|\"\"doctor who regenerates\"\"|\"\"official doctor who\"\"|\"\"12 to 13\"\"|\"\"regeneration scene\"","The Twelfth Doctor (Peter Capaldi) becomes the Thirteenth (Jodie Whittaker) in this regeneration scene from the Doctor Who Christmas Special and regeneration episode, Twice Upon a Time. Programme website: http://bbc.in/1UFcb1w",2017-12-25T18:28:18.000Z,915949,14448,4555,5622,7
The Twelfth Doctor Regenerates: Peter Capaldi to Jodie Whittaker - Doctor Who Christmas Special 2017,US,BBC,Entertainment,"\"BBC Doctor Who\"|\"Peter Capaldi\"|\"Doctor Who\"|\"Dr Who\"|\"Twice Upon A Time\"|\"dr who xmas 2017\"|\"TARDIS\"|\"regeneration\"|\"Twelfth Doctor\"|\"Twelfth Doctor Regenerates\"|\"Peter Capaldie Regenerates\"|\"Peter Capaldi Regeneration\"|\"Jodie Whittaker\"|\"Jodie Whittaker Regenerates\"|\"Jodie Whittaker Regeneration\"|\"12th Doctor Regenerates\"|\"12th Doctor Regeneration\"|\"doctor who regeneration\"|\"doctor who regenerates\"|\"official doctor who\"|\"12 to 13\"|\"regeneration scene\"|\"jodie whittaker oh brilliant\"|\"debut\"","The Twelfth Doctor (Peter Capaldi) becomes the Thirteenth (Jodie Whittaker) in this regeneration scene from the Doctor Who Christmas Special and regeneration episode, Twice Upon a Time. Programme website: http://bbc.in/1UFcb1w",2017-12-25T18:28:18.000Z,1461207,18543,5779,7539,7
The Twelfth Doctor Regenerates: Peter Capaldi to Jodie Whittaker - Doctor Who Christmas Special 2017,US,BBC,Entertainment,"\"BBC Doctor Who\"|\"Peter Capaldi\"|\"Doctor Who\"|\"Dr Who\"|\"Doctor Who Christmas Special 2017 trailer\"|\"Twice Upon A Time\"|\"dr who xmas 2017\"|\"TARDIS\"|\"regeneration\"|\"Twelfth Doctor\"|\"Twelfth Doctor Regenerates\"|\"Peter Capaldie Regenerates\"|\"Peter Capaldi Regeneration\"|\"Jodie Whittaker\"|\"Jodie Whittaker Regenerates\"|\"Jodie Whittaker Regeneration\"|\"12th Doctor Regenerates\"|\"12th Doctor Regeneration\"|\"doctor who regeneration\"|\"doctor regenerates\"|\"doctor who regenerates\"|\"official doctor who\"","Programme website: http://bbc.in/1UFcb1w The Twelfth Doctor (Peter Capaldi) becomes the Thirteenth (Jodie Whittaker) in the Doctor Who Christmas Special and regeneration episode, Twice Upon a Time.",2017-12-25T18:28:18.000Z,275016,6589,1640,2469,7
The Twelfth Doctor Regenerates: Peter Capaldi to Jodie Whittaker - Doctor Who Christmas Special 2017,US,BBC,Entertainment,"\"BBC Doctor Who\"|\"Peter Capaldi\"|\"Doctor Who\"|\"Dr Who\"|\"Twice Upon A Time\"|\"dr who xmas 2017\"|\"TARDIS\"|\"regeneration\"|\"Twelfth Doctor\"|\"Twelfth Doctor Regenerates\"|\"Peter Capaldie Regenerates\"|\"Peter Capaldi Regeneration\"|\"Jodie Whittaker\"|\"Jodie Whittaker Regenerates\"|\"Jodie Whittaker Regeneration\"|\"12th Doctor Regenerates\"|\"12th Doctor Regeneration\"|\"doctor who regeneration\"|\"doctor regenerates\"|\"doctor who regenerates\"|\"official doctor who\"|\"12 to 13\"|\"regeneration scene\"","The Twelfth Doctor (Peter Capaldi) becomes the Thirteenth (Jodie Whittaker) in this regeneration scene from the Doctor Who Christmas Special and regeneration episode, Twice Upon a Time. Programme website: http://bbc.in/1UFcb1w",2017-12-25T18:28:18.000Z,915949,14447,4554,5622,7
Trilha Submersa no Recanto Ecológico Rio da Prata,CA,Recanto Ecológico Rio da Prata,Pets & Animals,[none],"Diante da repercussão do vídeo divulgado  no dia 15 de fevereiro,  na redes sociais, no qual aparece uma trilha submersa, gostaríamos de passar alguns esclarecimentos. O fato realmente aconteceu no Recanto Ecológico Rio da Prata (Jardim-MS) no dia 02 de fevereiro e foi registrado durante o monitoramento realizado pelo colaborador do passeio, Waldemilson Vera.\\n\\nQuando chove muito, o rio da Prata corre de forma mais lenta, ocasionando seu represamento, aumentando assim o nível de água do rio Olho D'Água.\\n\\nApesar da cheia, no dia em que o vídeo foi gravado as águas do rio Olho D'Água continuaram cristalinas devido a sua mata ciliar conservada e por estar dentro de uma Reserva Particular do Patrimônio Natural - RPPN, um tipo de Unidade de Conservação.\\n\\nEste foi um episódio raro, e, ao final do dia, o rio já havia voltado ao seu nível normal.\\n\\nInformamos que nesta data o passeio operou normalmente até o 1º trecho que, apesar de estar também com nível d'água acima do normal, todos os turistas saíram satisfeitos por terem vivenciado um dia diferente e especial no atrativo!",2018-02-19T12:42:17.000Z,31297,1611,14,43,5
Trilha Submersa no Recanto Ecológico Rio da Prata,CA,Recanto Ecológico Rio da Prata,Pets & Animals,[none],"Diante da repercussão do vídeo divulgado  no dia 15 de fevereiro,  na redes sociais, no qual aparece uma trilha submersa, gostaríamos de passar alguns esclarecimentos. O fato realmente aconteceu no Recanto Ecológico Rio da Prata (Jardim-MS) no dia 02 de fevereiro e foi registrado durante o monitoramento realizado pelo colaborador do passeio, Waldemilson Vera.\\n\\nQuando chove muito, o rio da Prata corre de forma mais lenta, ocasionando seu represamento, aumentando assim o nível de água do rio Olho D'Água.\\n\\nApesar da cheia, no dia em que o vídeo foi gravado as águas do rio Olho D'Água continuaram cristalinas devido a sua mata ciliar conservada e por estar dentro de uma Reserva Particular do Patrimônio Natural - RPPN, um tipo de Unidade de Conservação.\\n\\nEste foi um episódio raro, e, ao final do dia, o rio já havia voltado ao seu nível normal.\\n\\nInformamos que nesta data o passeio operou normalmente até o 1º trecho que, apesar de estar também com nível d'água acima do normal, todos os turistas saíram satisfeitos por terem vivenciado um dia diferente e especial no atrativo!\\n\\nFaced with the repercussion of the video released on February 15, in social networks, which appears a submerged track, we wanted to pass some clarification. The fact really happened at the Rio de Prata Ecological Recanto (Jardim-MS) on February 02 and was recorded during the monitoring carried out by Waldemilson Vera.\\n\\nWhen it rains a lot, the Rio da Prata river runs of slower form, causing its damming, thus increasing the water level of the Olho D'Água river.\\n\\nDespite the flood, on the day the video was recorded the waters of the Olho D'Agua river remained crystal clear due to their conserved riparian forest and being inside a Private Reserve of the Natural Patrimony - PRNP, a type of Conservation Unit.\\n\\nThis was a rare episode, and by the end of the day the river had returned to its normal level.\\n\\nWe would like to inform that on this date the tour operated normally until the 1st stretch, which, although it is also above normal, all the tourists left satisfied because they experienced a different and special day in the attraction!",2018-02-19T12:42:17.000Z,918887,15627,565,954,5
Trilha Submersa no Recanto Ecológico Rio da Prata,DE,Recanto Ecológico Rio da Prata,Pets & Animals,[none],"Diante da repercussão do vídeo divulgado  no dia 15 de fevereiro,  na redes sociais, no qual aparece uma trilha submersa, gostaríamos de passar alguns esclarecimentos. O fato realmente aconteceu no Recanto Ecológico Rio da Prata (Jardim-MS) no dia 02 de fevereiro e foi registrado durante o monitoramento realizado pelo colaborador do passeio, Waldemilson Vera.\\n\\nQuando chove muito, o rio da Prata corre de forma mais lenta, ocasionando seu represamento, aumentando assim o nível de água do rio Olho D'Água.\\n\\nApesar da cheia, no dia em que o vídeo foi gravado as águas do rio Olho D'Água continuaram cristalinas devido a sua mata ciliar conservada e por estar dentro de uma Reserva Particular do Patrimônio Natural - RPPN, um tipo de Unidade de Conservação.\\n\\nEste foi um episódio raro, e, ao final do dia, o rio já havia voltado ao seu nível normal.\\n\\nInformamos que nesta data o passeio operou normalmente até o 1º trecho que, apesar de estar também com nível d'água acima do normal, todos os turistas saíram satisfeitos por terem vivenciado um dia diferente e especial no atrativo!\\n\\nFaced with the repercussion of the video released on February 15, in social networks, which appears a submerged track, we wanted to pass some clarification. The fact really happened at the Rio de Prata Ecological Recanto (Jardim-MS) on February 02 and was recorded during the monitoring carried out by Waldemilson Vera.\\n\\nWhen it rains a lot, the Rio da Prata river runs of slower form, causing its damming, thus increasing the water level of the Olho D'Água river.\\n\\nDespite the flood, on the day the video was recorded the waters of the Olho D'Agua river remained crystal clear due to their conserved riparian forest and being inside a Private Reserve of the Natural Patrimony - PRNP, a type of Conservation Unit.\\n\\nThis was a rare episode, and by the end of the day the river had returned to its normal level.\\n\\nWe would like to inform that on this date the tour operated normally until the 1st stretch, which, although it is also above normal, all the tourists left satisfied because they experienced a different and special day in the attraction!",2018-02-19T12:42:17.000Z,918887,14109,505,954,5
Trilha Submersa no Recanto Ecológico Rio da Prata,FR,Recanto Ecológico Rio da Prata,Pets & Animals,[none],"Diante da repercussão do vídeo divulgado  no dia 15 de fevereiro,  na redes sociais, no qual aparece uma trilha submersa, gostaríamos de passar alguns esclarecimentos. O fato realmente aconteceu no Recanto Ecológico Rio da Prata (Jardim-MS) no dia 02 de fevereiro e foi registrado durante o monitoramento realizado pelo colaborador do passeio, Waldemilson Vera.\\n\\nQuando chove muito, o rio da Prata corre de forma mais lenta, ocasionando seu represamento, aumentando assim o nível de água do rio Olho D'Água.\\n\\nApesar da cheia, no dia em que o vídeo foi gravado as águas do rio Olho D'Água continuaram cristalinas devido a sua mata ciliar conservada e por estar dentro de uma Reserva Particular do Patrimônio Natural - RPPN, um tipo de Unidade de Conservação.\\n\\nEste foi um episódio raro, e, ao final do dia, o rio já havia voltado ao seu nível normal.\\n\\nInformamos que nesta data o passeio operou normalmente até o 1º trecho que, apesar de estar também com nível d'água acima do normal, todos os turistas saíram satisfeitos por terem vivenciado um dia diferente e especial no atrativo!\\n\\nFaced with the repercussion of the video released on February 15, in social networks, which appears a submerged track, we wanted to pass some clarification. The fact really happened at the Rio de Prata Ecological Recanto (Jardim-MS) on February 02 and was recorded during the monitoring carried out by Waldemilson Vera.\\n\\nWhen it rains a lot, the Rio da Prata river runs of slower form, causing its damming, thus increasing the water level of the Olho D'Água river.\\n\\nDespite the flood, on the day the video was recorded the waters of the Olho D'Agua river remained crystal clear due to their conserved riparian forest and being inside a Private Reserve of the Natural Patrimony - PRNP, a type of Conservation Unit.\\n\\nThis was a rare episode, and by the end of the day the river had returned to its normal level.\\n\\nWe would like to inform that on this date the tour operated normally until the 1st stretch, which, although it is also above normal, all the tourists left satisfied because they experienced a different and special day in the attraction!",2018-02-19T12:42:17.000Z,918887,14109,505,954,5
Trilha Submersa no Recanto Ecológico Rio da Prata,US,Recanto Ecológico Rio da Prata,Pets & Animals,[none],"Diante da repercussão do vídeo divulgado  no dia 15 de fevereiro,  na redes sociais, no qual aparece uma trilha submersa, gostaríamos de passar alguns esclarecimentos. O fato realmente aconteceu no Recanto Ecológico Rio da Prata (Jardim-MS) no dia 02 de fevereiro e foi registrado durante o monitoramento realizado pelo colaborador do passeio, Waldemilson Vera.\\n\\nQuando chove muito, o rio da Prata corre de forma mais lenta, ocasionando seu represamento, aumentando assim o nível de água do rio Olho D'Água.\\n\\nApesar da cheia, no dia em que o vídeo foi gravado as águas do rio Olho D'Água continuaram cristalinas devido a sua mata ciliar conservada e por estar dentro de uma Reserva Particular do Patrimônio Natural - RPPN, um tipo de Unidade de Conservação.\\n\\nEste foi um episódio raro, e, ao final do dia, o rio já havia voltado ao seu nível normal.\\n\\nInformamos que nesta data o passeio operou normalmente até o 1º trecho que, apesar de estar também com nível d'água acima do normal, todos os turistas saíram satisfeitos por terem vivenciado um dia diferente e especial no atrativo!\\n\\nFaced with the repercussion of the video released on February 15, in social networks, which appears a submerged track, we wanted to pass some clarification. The fact really happened at the Rio de Prata Ecological Recanto (Jardim-MS) on February 02 and was recorded during the monitoring carried out by Waldemilson Vera.\\n\\nWhen it rains a lot, the Rio da Prata river runs of slower form, causing its damming, thus increasing the water level of the Olho D'Água river.\\n\\nDespite the flood, on the day the video was recorded the waters of the Olho D'Agua river remained crystal clear due to their conserved riparian forest and being inside a Private Reserve of the Natural Patrimony - PRNP, a type of Conservation Unit.\\n\\nThis was a rare episode, and by the end of the day the river had returned to its normal level.\\n\\nWe would like to inform that on this date the tour operated normally until the 1st stretch, which, although it is also above normal, all the tourists left satisfied because they experienced a different and special day in the attraction!",2018-02-19T12:42:17.000Z,918887,16939,607,954,5
VR Fails Are Real: Fails You Missed (January 2018) | FailArmy,CA,FailArmy,Comedy,"\"failarmy\"|\"fail army\"|\"fails\"|\"fail laugh\"|\"funny videos\"|\"fail compilation 2017\"|\"bad friends\"|\"funny friends\"|\"fails of the month\"|\"skateboarding\"|\"fails of the week\"|\"scooter fail\"|\"workout fails\"|\"epic fails\"|\"funny fails\"|\"fail\"|\"failarmy 2017\"|\"failarmy kids\"|\"failarmy parkour\"|\"failarmy animals\"|\"failarmy cats\"|\"fails 2017\"|\"fails compilation\"|\"fail army funny\"|\"failarmy instant karma\"|\"fail compilation\"|\"failarmy grandma fail\"|\"vr fails\"|\"failarmy close calls\"","If you missed any fails from our platforms this week, we got you covered. We've got VR fails, bird fails and some hilarious 'Parkour you ok?' Fails! What did you think about those two grandmas? Would those pictures make you sad?! Ha! \\n\\n►►► SUBMIT YOUR VIDEOS! http://bit.ly/fasubmit \\nSUBSCRIBE! http://bit.ly/fasubscribe\\n\\nFACEBOOK • http://bit.ly/fafbpage\\nINSTAGRAM • http://bit.ly/fainsta\\nTWITTER • http://bit.ly/fatweet\\nTWITCH •  http://bit.ly/FailArmyTwitch\\nCheck out FailArmy U!!! • http://bit.ly/failu\\nFailArmy gear • http://bit.ly/failmerch\\n\\nWe've got friends in high places! Give them a watch: \\n\\nPeople Are Awesome - https://goo.gl/zDCbjj \\nThe Pet Collective - https://goo.gl/vQI0He \\nJukinVideo - https://goo.gl/7PG5MZ\\nPoke My Heart - https://goo.gl/ZLwQ4k\\nDaily Picks & Flicks - https://goo.gl/bVnuVE\\n\\nFailArmy is the world’s number one source for epic fail videos and hilarious compilations. We’re powered by fan submissions and feedback from all around the world, with over 30 million fans across digital platforms! \\n\\nTo license any of the videos shown on FailArmy, please visit Jukin Media at http://bit.ly/jukinlicense.\\n\\nVR Fails Are Real: Fails You Missed (January 2018) | FailArmy",2018-01-13T14:00:04.000Z,789585,20769,1763,969,5
VR Fails Are Real: Fails You Missed (January 2018) | FailArmy,DE,FailArmy,Comedy,"\"failarmy\"|\"fail army\"|\"fails\"|\"fail laugh\"|\"funny videos\"|\"fail compilation 2017\"|\"bad friends\"|\"funny friends\"|\"fails of the month\"|\"skateboarding\"|\"fails of the week\"|\"scooter fail\"|\"workout fails\"|\"epic fails\"|\"funny fails\"|\"fail\"|\"failarmy 2017\"|\"failarmy kids\"|\"failarmy parkour\"|\"failarmy animals\"|\"failarmy cats\"|\"fails 2017\"|\"fails compilation\"|\"fail army funny\"|\"failarmy instant karma\"|\"fail compilation\"|\"failarmy grandma fail\"|\"vr fails\"|\"failarmy close calls\"","If you missed any fails from our platforms this week, we got you covered. We've got VR fails, bird fails and some hilarious 'Parkour you ok?' Fails! What did you think about those two grandmas? Would those pictures make you sad?! Ha! \\n\\n►►► SUBMIT YOUR VIDEOS! http://bit.ly/fasubmit \\nSUBSCRIBE! http://bit.ly/fasubscribe\\n\\nFACEBOOK • http://bit.ly/fafbpage\\nINSTAGRAM • http://bit.ly/fainsta\\nTWITTER • http://bit.ly/fatweet\\nTWITCH •  http://bit.ly/FailArmyTwitch\\nCheck out FailArmy U!!! • http://bit.ly/failu\\nFailArmy gear • http://bit.ly/failmerch\\n\\nWe've got friends in high places! Give them a watch: \\n\\nPeople Are Awesome - https://goo.gl/zDCbjj \\nThe Pet Collective - https://goo.gl/vQI0He \\nJukinVideo - https://goo.gl/7PG5MZ\\nPoke My Heart - https://goo.gl/ZLwQ4k\\nDaily Picks & Flicks - https://goo.gl/bVnuVE\\n\\nFailArmy is the world’s number one source for epic fail videos and hilarious compilations. We’re powered by fan submissions and feedback from all around the world, with over 30 million fans across digital platforms! \\n\\nTo license any of the videos shown on FailArmy, please visit Jukin Media at http://bit.ly/jukinlicense.\\n\\nVR Fails Are Real: Fails You Missed (January 2018) | FailArmy",2018-01-13T14:00:04.000Z,789585,20769,1763,969,5
VR Fails Are Real: Fails You Missed (January 2018) | FailArmy,FR,FailArmy,Comedy,"\"failarmy\"\"|\"\"fail army\"\"|\"\"fails\"\"|\"\"fail laugh\"\"|\"\"funny videos\"\"|\"\"fail compilation 2017\"\"|\"\"bad friends\"\"|\"\"funny friends\"\"|\"\"fails of the month\"\"|\"\"skateboarding\"\"|\"\"fails of the week\"\"|\"\"scooter fail\"\"|\"\"workout fails\"\"|\"\"epic fails\"\"|\"\"funny fails\"\"|\"\"fail\"\"|\"\"failarmy 2017\"\"|\"\"failarmy kids\"\"|\"\"failarmy parkour\"\"|\"\"failarmy animals\"\"|\"\"failarmy cats\"\"|\"\"fails 2017\"\"|\"\"fails compilation\"\"|\"\"fail army funny\"\"|\"\"failarmy instant karma\"\"|\"\"fail compilation\"\"|\"\"failarmy grandma fail\"\"|\"\"vr fails\"\"|\"\"failarmy close calls\"","If you missed any fails from our platforms this week, we got you covered. We've got VR fails, bird fails and some hilarious 'Parkour you ok?' Fails! What did you think about those two grandmas? Would those pictures make you sad?! Ha! \\n\\n►►► SUBMIT YOUR VIDEOS! http://bit.ly/fasubmit \\nSUBSCRIBE! http://bit.ly/fasubscribe\\n\\nFACEBOOK • http://bit.ly/fafbpage\\nINSTAGRAM • http://bit.ly/fainsta\\nTWITTER • http://bit.ly/fatweet\\nTWITCH •  http://bit.ly/FailArmyTwitch\\nCheck out FailArmy U!!! • http://bit.ly/failu\\nFailArmy gear • http://bit.ly/failmerch\\n\\nWe've got friends in high places! Give them a watch: \\n\\nPeople Are Awesome - https://goo.gl/zDCbjj \\nThe Pet Collective - https://goo.gl/vQI0He \\nJukinVideo - https://goo.gl/7PG5MZ\\nPoke My Heart - https://goo.gl/ZLwQ4k\\nDaily Picks & Flicks - https://goo.gl/bVnuVE\\n\\nFailArmy is the world’s number one source for epic fail videos and hilarious compilations. We’re powered by fan submissions and feedback from all around the world, with over 30 million fans across digital platforms! \\n\\nTo license any of the videos shown on FailArmy, please visit Jukin Media at http://bit.ly/jukinlicense.\\n\\nVR Fails Are Real: Fails You Missed (January 2018) | FailArmy",2018-01-13T14:00:04.000Z,789585,20769,1763,969,5
VR Fails Are Real: Fails You Missed (January 2018) | FailArmy,MX,FailArmy,Comedy,"\"failarmy|\"\"fail army\"\"|\"\"fails\"\"|\"\"fail laugh\"\"|\"\"funny videos\"\"|\"\"fail compilation 2017\"\"|\"\"bad friends\"\"|\"\"funny friends\"\"|\"\"fails of the month\"\"|\"\"skateboarding\"\"|\"\"fails of the week\"\"|\"\"scooter fail\"\"|\"\"workout fails\"\"|\"\"epic fails\"\"|\"\"funny fails\"\"|\"\"fail\"\"|\"\"failarmy 2017\"\"|\"\"failarmy kids\"\"|\"\"failarmy parkour\"\"|\"\"failarmy animals\"\"|\"\"failarmy cats\"\"|\"\"fails 2017\"\"|\"\"fails compilation\"\"|\"\"fail army funny\"\"|\"\"failarmy instant karma\"\"|\"\"fail compilation\"\"|\"\"failarmy grandma fail\"\"|\"\"vr fails\"\"|\"\"failarmy close calls\"\"\"","If you missed any fails from our platforms this week, we got you covered. We've got VR fails, bird fails and some hilarious 'Parkour you ok?' Fails! What did you think about those two grandmas? Would those pictures make you sad?! Ha! \\n\\n►►► SUBMIT YOUR VIDEOS! http://bit.ly/fasubmit \\nSUBSCRIBE! http://bit.ly/fasubscribe\\n\\nFACEBOOK • http://bit.ly/fafbpage\\nINSTAGRAM • http://bit.ly/fainsta\\nTWITTER • http://bit.ly/fatweet\\nTWITCH •  http://bit.ly/FailArmyTwitch\\nCheck out FailArmy U!!! • http://bit.ly/failu\\nFailArmy gear • http://bit.ly/failmerch\\n\\nWe've got friends in high places! Give them a watch: \\n\\nPeople Are Awesome - https://goo.gl/zDCbjj \\nThe Pet Collective - https://goo.gl/vQI0He \\nJukinVideo - https://goo.gl/7PG5MZ\\nPoke My Heart - https://goo.gl/ZLwQ4k\\nDaily Picks & Flicks - https://goo.gl/bVnuVE\\n\\nFailArmy is the world’s number one source for epic fail videos and hilarious compilations. We’re powered by fan submissions and feedback from all around the world, with over 30 million fans across digital platforms! \\n\\nTo license any of the videos shown on FailArmy, please visit Jukin Media at http://bit.ly/jukinlicense.\\n\\nVR Fails Are Real: Fails You Missed (January 2018) | FailArmy",2018-01-13T14:00:04.000Z,789585,17038,1368,969,5
VR Fails Are Real: Fails You Missed (January 2018) | FailArmy,RU,FailArmy,Comedy,"\"failarmy|\"\"fail army\"\"|\"\"fails\"\"|\"\"fail laugh\"\"|\"\"funny videos\"\"|\"\"fail compilation 2017\"\"|\"\"bad friends\"\"|\"\"funny friends\"\"|\"\"fails of the month\"\"|\"\"skateboarding\"\"|\"\"fails of the week\"\"|\"\"scooter fail\"\"|\"\"workout fails\"\"|\"\"epic fails\"\"|\"\"funny fails\"\"|\"\"fail\"\"|\"\"failarmy 2017\"\"|\"\"failarmy kids\"\"|\"\"failarmy parkour\"\"|\"\"failarmy animals\"\"|\"\"failarmy cats\"\"|\"\"fails 2017\"\"|\"\"fails compilation\"\"|\"\"fail army funny\"\"|\"\"failarmy instant karma\"\"|\"\"fail compilation\"\"|\"\"failarmy grandma fail\"\"|\"\"vr fails\"\"|\"\"failarmy close calls\"\"\"","If you missed any fails from our platforms this week, we got you covered. We've got VR fails, bird fails and some hilarious 'Parkour you ok?' Fails! What did you think about those two grandmas? Would those pictures make you sad?! Ha! \\n\\n►►► SUBMIT YOUR VIDEOS! http://bit.ly/fasubmit \\nSUBSCRIBE! http://bit.ly/fasubscribe\\n\\nFACEBOOK • http://bit.ly/fafbpage\\nINSTAGRAM • http://bit.ly/fainsta\\nTWITTER • http://bit.ly/fatweet\\nTWITCH •  http://bit.ly/FailArmyTwitch\\nCheck out FailArmy U!!! • http://bit.ly/failu\\nFailArmy gear • http://bit.ly/failmerch\\n\\nWe've got friends in high places! Give them a watch: \\n\\nPeople Are Awesome - https://goo.gl/zDCbjj \\nThe Pet Collective - https://goo.gl/vQI0He \\nJukinVideo - https://goo.gl/7PG5MZ\\nPoke My Heart - https://goo.gl/ZLwQ4k\\nDaily Picks & Flicks - https://goo.gl/bVnuVE\\n\\nFailArmy is the world’s number one source for epic fail videos and hilarious compilations. We’re powered by fan submissions and feedback from all around the world, with over 30 million fans across digital platforms! \\n\\nTo license any of the videos shown on FailArmy, please visit Jukin Media at http://bit.ly/jukinlicense.\\n\\nVR Fails Are Real: Fails You Missed (January 2018) | FailArmy",2018-01-13T14:00:04.000Z,789585,17038,1368,969,5
Voldemort: Origins of the Heir - An unofficial fanfilm (HD + Subtitles),CA,TRYANGLE FILMS,Film & Animation,"\"harrypotter\"|\"jkrowling\"|\"voldemort\"|\"voldemortoriginsoftheheir\"|\"voldemortorigins\"|\"magic\"|\"film\"|\"tryangle\"|\"tryanglefilms\"|\"TRYANGLE\"|\"TRYANGLEFILMS\"|\"movie\"|\"cinema\"|\"youtube\"|\"fanfilm\"|\"hd\"|\"subtitles\"|\"watch\"|\"watchingvoldemort\"|\"real\"|\"official\"","Enemies of the Heir...BEWARE!\\n\\n- SUBTITLES AVAILABLE! Click on the gear icon and select your language! -\\n\\nShare a picture of the moment when you watch the film with the hashtag #WatchingVoldemort on Instagram. We will post the 9 most popular moments on our page!\\n\\nInstagram: https://goo.gl/FgzVgB\\nFacebook: https://goo.gl/n8eBTj\\nWebsite: http://www.tryanglefilms.com/#vooth\\n\\nCREW:\\n----------\\nGianmaria Pezzato: Director, Screenplay, Editing, Visual Effects\\nStefano Prestia: Executive Producer, Sound Editing, Foley, Sound FX, Practical FX, Props\\nMichele Purin: Cinematography, Camera Operator\\nMartina Segatta: Production Manager\\nManuel Venturini: Set Assistant, Drone Operator\\nSilvia Dalpiaz: Scenography\\nSonia Strusi: Makeup\\nMatt Steed: Score\\nAnna Visigalli - Corte11: Color Grading\\n\\nCAST:\\n----------\\nStefano Rossi: Tom Marvolo Riddle\\nMaddalena Orcali: Grisha McLaggen\\nAlessio Dalla Costa: General Makarov\\nAurora Moroni: Grisha McLaggen Jr.\\nAndrea Baglio: WIglaf Sigurdsson Jr.\\nAndrea Bonfanti: Lazarus Smith\\nGelsomina Bassetti: Hepzibah Smith\\nAndrea Deanesi: Wiglaf Sigurdsson\\nDavide Ellena: Lord Voldemort\\nSteven Tomasi: Veteran Soviet Auror\\nPietro Michelini: Igor\\n\\nSUPPORTERS:\\n-----------------------\\nMARTINA FOLENA VERONICA ILARIA BERTOLDI SERGIO PIATTI PIETRO GATTESCHI GIUSEPPE RECHICHI SARITA EFY CRISTIAN ILSE TUOHIMAA TRENOMARCUS MARIA MELANIA MAXIMILIAN STEINKER TITUS LIENEN COURTNEY JONES MATTHEW WEBER LINDA SCHÜTZ LUKAS EMBERGER ALEXANDER DOMINIC WEHRMANN ALEXANDER KERNER GAUTHIER GUEHO-PORTAZ SANDRA PIENING JENNIFER LARSON ANABEL LEVA PATRICIA FREIS YOAV RHEIMS TOBIAS COURTNEY LONG KOHHEI BABA TAIKI OYAMA ANDRE LEISTEN LISA ALEZZ CARLA BOLAÑOS BLANCO MAXIMILIEN ALOMAR CLARISSA BELLUSCHI MARIJAN DIVKOVIC GAU FRÀNCESCA CAMILLE ARNAULT GLORIA ALEXELINE VICTORIA ANNA PISONI JULIA VOGT MARCO DELFINO NACHO ARRAUSI STEFFEN WEGERS MIRKO VIVIANO ALBERTO VIVENZI GIUSEPPE CORRENTI ALEXANDER PARIS TIMO PARIS GIAN NICOLA CIUDINO CHARLOTTE BEAUDET INES COSTA MARTIN RASK SOPHIE PRICE MIRIAM MANNOFF CECILIE SØRENSEN LUCA MANTIONE GEMMA LONGLEY VANESSA NORKUS LAURA DEFLORIAN JESSICA GAIA FANTINI DARIO BUCALO ERIKA HODÉE MICHAEL WÜRZ CHASTINY THOMAS SAKSHAUG LOVRO KVADRANTI MARK V NIELSEN BJØRG TAUSEN CHRISTA E.N KEVIN SALVESON BOBBY PARKER MADI REAN NICOLA THOMAS JEN RUDY TIMOTHY ADAMS DEGBEY RANDI LEE CANDICE WIZER BRIAN JIMENEZ CLARE WEISENFLUH SHININGDAWN MARTELO NERO LAURA MATHEWS BECKY STOLWORTHY PAOLA RAMPELOTTO AMY SARAVIA TOMMASO BONAZZA STEFANO CARIONI LUCA FAGLIANO SANTI DE SANTA CATALINA NATHAN DUBY HUGUET JOSÉ MARIO HANK MERLHE JUSTIN FARAR ELODIE MIYU BÉZIRDJIAN TONY LUI TYLER MOORE MARISA AVESANI LORENZO IMOSCOPI GIULIA RUSSO CODY WALTON LORIS MJLAVEN SERENA MARINA MARENCO GABRIELE GIANNINI CHRISTOPH PEINIGER ELISA SARAH POSPISCHIL BERND EISENBERG KAT JESSICA ERNST JANA VOLMER MOUTREUIL MARC KAPPELER GAEBURIDER LIUZZO DELPHINE LUKAS OHMS PHILONG TRAN LEPEME KEANA BECKER CORNELIA DIETL VENTURINI LORENZO IMPERITURA MATTEO CALANCHI MAGGIE SERINO ANDREA DE VITO NATASCIA YVETTE DIXON TOM DOYLE EDUARD ZOE LOCKWOOD MAYA NETZER FABIAN WITTWER JOHANNES LOHAUS ROSSELLA ANTINORI AURORA ANTINORI MIRAGE IV BARBARA ASARO ERACLIO ACOSTA JR LUCAS FAYTOCK MARYSIA KAY LENA HOFFMANN KRISTIN MARIE KEVIN CORMIER-RIBOUT GLORIA RIVA SIMON VOGEL KALEENA LY ILARY SCARPELLINI LUCA SANTANGELO FLORIAN VALENTINA DALPIAZ BASTIEN MARCEL PIERRE GWENN SOPHIE M CHRISTIANE PRÜSSNER JÉRÉMIE GOMEZ HANNAH MOODY MANUELA HILLMANN ALISA EHRLICHER ANOLDOR ALESSANDRO ARTONI DREW MONTGOMERY CYNTHIA LI-YAN ZHUANG LAURA HERNANDEZ CORONADO DAVID ALBAN ADAM BARTH ANTON HUGHES SERENA ZIGLIO GEORGE PALOMINO SUNNY NICOLA ALESSANDRO GIAMPIERO DALAI PAUL GALVAN LISA CASEROTTI LELLE SARA TROIANI ARIANNA STEPH SMITH ANDREA PIZZININI DANIEL MERCOVICH LAURA REIMANN DANIEL GOLDSHLACK ROBERTO AGOSTINI SUZANNE BOURGEOIS MARCO NICCOLÒ TONELLI PAOLA FEDERICA FALAGIARDA SEAN P. MCADAM MORDECHAI GOFMAN PAUL TOURON STEVEN STANTON MALTE T.BURCHARD PHILIPP HÄNEL MIO KUSCHICK MICHAELA MIELKE-FALK ALEX GOLDBERGER DANIEL JAN-FREDERIK KÖSTER FELIPE ABRAMOVICH BES DE BERC SÉBASTIEN MOSSOUX JENNY TRUONG DIRK OTTO KAT MORSE SYLLIAN TUNCAY GÜNGÖRMEZ MARTINA NONNI LUKAS WINSON DUONG ALESSANDRO MAZZULLO STEPHEN LORNIE ALEXANDER MENNE KENNETH MILMAN GRIGO77 WILLIAM FERNANDEZ JR ISABELLE CARUSO WENDY CHUBA MAX REARDON LOLA M. CHAVEZ KHANADA TAYLOR JOSH YORK HEATHER PARRA NANCIE BAKER SARA BEN MICHAEL D. JEUDE MARCO KRELLER ISABELLE NALBACH OLIVER KORTH MARIANYA BRIAN GOOTEE JASMIN ENKE AMY LAMBERT JÖRG HEUMANN MOLLY TOBIAS COLLEEN MAISCH PIETRO AUREO RALF STEINBERG HAZEL MIURA YASHA AKUME ROBERT L.VAUGHN NOTESCODER GIACOMO ANDREA DEANESI PASCAL GIANMARIO RIVA BRIDGETTE ELLIOTT CHRISTIAN BATTANI ROMINA MISCIOSCIA DESLEA SELMES EY AMANDA LINEHAN ROBERT OZARK FREDERIK MLAKER WARREN ROGERS PATRICK BOUSCHE GABRIELE SANDONI RALPH GONIEA ROBERTO PANZA PAOLAL ALESSANDRA",2018-01-13T19:59:20.000Z,8669309,390174,4073,29993,6
Voldemort: Origins of the Heir - An unofficial fanfilm (HD + Subtitles),DE,TRYANGLE FILMS,Film & Animation,"\"harrypotter\"|\"jkrowling\"|\"voldemort\"|\"voldemortoriginsoftheheir\"|\"voldemortorigins\"|\"magic\"|\"film\"|\"tryangle\"|\"tryanglefilms\"|\"TRYANGLE\"|\"TRYANGLEFILMS\"|\"movie\"|\"cinema\"|\"youtube\"|\"fanfilm\"|\"hd\"|\"subtitles\"|\"watch\"|\"watchingvoldemort\"|\"real\"|\"official\"","Enemies of the Heir...BEWARE!\\n\\n- SUBTITLES AVAILABLE! Click on the gear icon and select your language! -\\n\\nShare a picture of the moment when you watch the film with the hashtag #WatchingVoldemort on Instagram. We will post the 9 most popular moments on our page!\\n\\nInstagram: https://goo.gl/FgzVgB\\nFacebook: https://goo.gl/n8eBTj\\nWebsite: http://www.tryanglefilms.com/#vooth\\n\\nCREW:\\n----------\\nGianmaria Pezzato: Director, Screenplay, Editing, Visual Effects\\nStefano Prestia: Executive Producer, Sound Editing, Foley, Sound FX, Practical FX, Props\\nMichele Purin: Cinematography, Camera Operator\\nMartina Segatta: Production Manager\\nManuel Venturini: Set Assistant, Drone Operator\\nSilvia Dalpiaz: Scenography\\nSonia Strusi: Makeup\\nMatt Steed: Score\\nAnna Visigalli - Corte11: Color Grading\\n\\nCAST:\\n----------\\nStefano Rossi: Tom Marvolo Riddle\\nMaddalena Orcali: Grisha McLaggen\\nAlessio Dalla Costa: General Makarov\\nAurora Moroni: Grisha McLaggen Jr.\\nAndrea Baglio: WIglaf Sigurdsson Jr.\\nAndrea Bonfanti: Lazarus Smith\\nGelsomina Bassetti: Hepzibah Smith\\nAndrea Deanesi: Wiglaf Sigurdsson\\nDavide Ellena: Lord Voldemort\\nSteven Tomasi: Veteran Soviet Auror\\nPietro Michelini: Igor\\n\\nSUPPORTERS:\\n-----------------------\\nMARTINA FOLENA VERONICA ILARIA BERTOLDI SERGIO PIATTI PIETRO GATTESCHI GIUSEPPE RECHICHI SARITA EFY CRISTIAN ILSE TUOHIMAA TRENOMARCUS MARIA MELANIA MAXIMILIAN STEINKER TITUS LIENEN COURTNEY JONES MATTHEW WEBER LINDA SCHÜTZ LUKAS EMBERGER ALEXANDER DOMINIC WEHRMANN ALEXANDER KERNER GAUTHIER GUEHO-PORTAZ SANDRA PIENING JENNIFER LARSON ANABEL LEVA PATRICIA FREIS YOAV RHEIMS TOBIAS COURTNEY LONG KOHHEI BABA TAIKI OYAMA ANDRE LEISTEN LISA ALEZZ CARLA BOLAÑOS BLANCO MAXIMILIEN ALOMAR CLARISSA BELLUSCHI MARIJAN DIVKOVIC GAU FRÀNCESCA CAMILLE ARNAULT GLORIA ALEXELINE VICTORIA ANNA PISONI JULIA VOGT MARCO DELFINO NACHO ARRAUSI STEFFEN WEGERS MIRKO VIVIANO ALBERTO VIVENZI GIUSEPPE CORRENTI ALEXANDER PARIS TIMO PARIS GIAN NICOLA CIUDINO CHARLOTTE BEAUDET INES COSTA MARTIN RASK SOPHIE PRICE MIRIAM MANNOFF CECILIE SØRENSEN LUCA MANTIONE GEMMA LONGLEY VANESSA NORKUS LAURA DEFLORIAN JESSICA GAIA FANTINI DARIO BUCALO ERIKA HODÉE MICHAEL WÜRZ CHASTINY THOMAS SAKSHAUG LOVRO KVADRANTI MARK V NIELSEN BJØRG TAUSEN CHRISTA E.N KEVIN SALVESON BOBBY PARKER MADI REAN NICOLA THOMAS JEN RUDY TIMOTHY ADAMS DEGBEY RANDI LEE CANDICE WIZER BRIAN JIMENEZ CLARE WEISENFLUH SHININGDAWN MARTELO NERO LAURA MATHEWS BECKY STOLWORTHY PAOLA RAMPELOTTO AMY SARAVIA TOMMASO BONAZZA STEFANO CARIONI LUCA FAGLIANO SANTI DE SANTA CATALINA NATHAN DUBY HUGUET JOSÉ MARIO HANK MERLHE JUSTIN FARAR ELODIE MIYU BÉZIRDJIAN TONY LUI TYLER MOORE MARISA AVESANI LORENZO IMOSCOPI GIULIA RUSSO CODY WALTON LORIS MJLAVEN SERENA MARINA MARENCO GABRIELE GIANNINI CHRISTOPH PEINIGER ELISA SARAH POSPISCHIL BERND EISENBERG KAT JESSICA ERNST JANA VOLMER MOUTREUIL MARC KAPPELER GAEBURIDER LIUZZO DELPHINE LUKAS OHMS PHILONG TRAN LEPEME KEANA BECKER CORNELIA DIETL VENTURINI LORENZO IMPERITURA MATTEO CALANCHI MAGGIE SERINO ANDREA DE VITO NATASCIA YVETTE DIXON TOM DOYLE EDUARD ZOE LOCKWOOD MAYA NETZER FABIAN WITTWER JOHANNES LOHAUS ROSSELLA ANTINORI AURORA ANTINORI MIRAGE IV BARBARA ASARO ERACLIO ACOSTA JR LUCAS FAYTOCK MARYSIA KAY LENA HOFFMANN KRISTIN MARIE KEVIN CORMIER-RIBOUT GLORIA RIVA SIMON VOGEL KALEENA LY ILARY SCARPELLINI LUCA SANTANGELO FLORIAN VALENTINA DALPIAZ BASTIEN MARCEL PIERRE GWENN SOPHIE M CHRISTIANE PRÜSSNER JÉRÉMIE GOMEZ HANNAH MOODY MANUELA HILLMANN ALISA EHRLICHER ANOLDOR ALESSANDRO ARTONI DREW MONTGOMERY CYNTHIA LI-YAN ZHUANG LAURA HERNANDEZ CORONADO DAVID ALBAN ADAM BARTH ANTON HUGHES SERENA ZIGLIO GEORGE PALOMINO SUNNY NICOLA ALESSANDRO GIAMPIERO DALAI PAUL GALVAN LISA CASEROTTI LELLE SARA TROIANI ARIANNA STEPH SMITH ANDREA PIZZININI DANIEL MERCOVICH LAURA REIMANN DANIEL GOLDSHLACK ROBERTO AGOSTINI SUZANNE BOURGEOIS MARCO NICCOLÒ TONELLI PAOLA FEDERICA FALAGIARDA SEAN P. MCADAM MORDECHAI GOFMAN PAUL TOURON STEVEN STANTON MALTE T.BURCHARD PHILIPP HÄNEL MIO KUSCHICK MICHAELA MIELKE-FALK ALEX GOLDBERGER DANIEL JAN-FREDERIK KÖSTER FELIPE ABRAMOVICH BES DE BERC SÉBASTIEN MOSSOUX JENNY TRUONG DIRK OTTO KAT MORSE SYLLIAN TUNCAY GÜNGÖRMEZ MARTINA NONNI LUKAS WINSON DUONG ALESSANDRO MAZZULLO STEPHEN LORNIE ALEXANDER MENNE KENNETH MILMAN GRIGO77 WILLIAM FERNANDEZ JR ISABELLE CARUSO WENDY CHUBA MAX REARDON LOLA M. CHAVEZ KHANADA TAYLOR JOSH YORK HEATHER PARRA NANCIE BAKER SARA BEN MICHAEL D. JEUDE MARCO KRELLER ISABELLE NALBACH OLIVER KORTH MARIANYA BRIAN GOOTEE JASMIN ENKE AMY LAMBERT JÖRG HEUMANN MOLLY TOBIAS COLLEEN MAISCH PIETRO AUREO RALF STEINBERG HAZEL MIURA YASHA AKUME ROBERT L.VAUGHN NOTESCODER GIACOMO ANDREA DEANESI PASCAL GIANMARIO RIVA BRIDGETTE ELLIOTT CHRISTIAN BATTANI ROMINA MISCIOSCIA DESLEA SELMES EY AMANDA LINEHAN ROBERT OZARK FREDERIK MLAKER WARREN ROGERS PATRICK BOUSCHE GABRIELE SANDONI RALPH GONIEA ROBERTO PANZA PAOLAL ALESSANDRA",2018-01-13T19:59:20.000Z,8669309,390174,4073,29993,6
Voldemort: Origins of the Heir - An unofficial fanfilm (HD + Subtitles),FR,TRYANGLE FILMS,Film & Animation,"\"harrypotter\"\"|\"\"jkrowling\"\"|\"\"voldemort\"\"|\"\"voldemortoriginsoftheheir\"\"|\"\"voldemortorigins\"\"|\"\"magic\"\"|\"\"film\"\"|\"\"tryangle\"\"|\"\"tryanglefilms\"\"|\"\"TRYANGLE\"\"|\"\"TRYANGLEFILMS\"\"|\"\"movie\"\"|\"\"cinema\"\"|\"\"youtube\"\"|\"\"fanfilm\"\"|\"\"hd\"\"|\"\"subtitles\"\"|\"\"watch\"\"|\"\"watchingvoldemort\"\"|\"\"real\"\"|\"\"official\"","Enemies of the Heir...BEWARE!\\n\\n- SUBTITLES AVAILABLE! Click on the gear icon and select your language! -\\n\\nShare a picture of the moment when you watch the film with the hashtag #WatchingVoldemort on Instagram. We will post the 9 most popular moments on our page!\\n\\nInstagram: https://goo.gl/FgzVgB\\nFacebook: https://goo.gl/n8eBTj\\nWebsite: http://www.tryanglefilms.com/#vooth\\n\\nCREW:\\n----------\\nGianmaria Pezzato: Director, Screenplay, Editing, Visual Effects\\nStefano Prestia: Executive Producer, Sound Editing, Foley, Sound FX, Practical FX, Props\\nMichele Purin: Cinematography, Camera Operator\\nMartina Segatta: Production Manager\\nManuel Venturini: Set Assistant, Drone Operator\\nSilvia Dalpiaz: Scenography\\nSonia Strusi: Makeup\\nMatt Steed: Score\\nAnna Visigalli - Corte11: Color Grading\\n\\nCAST:\\n----------\\nStefano Rossi: Tom Marvolo Riddle\\nMaddalena Orcali: Grisha McLaggen\\nAlessio Dalla Costa: General Makarov\\nAurora Moroni: Grisha McLaggen Jr.\\nAndrea Baglio: WIglaf Sigurdsson Jr.\\nAndrea Bonfanti: Lazarus Smith\\nGelsomina Bassetti: Hepzibah Smith\\nAndrea Deanesi: Wiglaf Sigurdsson\\nDavide Ellena: Lord Voldemort\\nSteven Tomasi: Veteran Soviet Auror\\nPietro Michelini: Igor\\n\\nSUPPORTERS:\\n-----------------------\\nMARTINA FOLENA VERONICA ILARIA BERTOLDI SERGIO PIATTI PIETRO GATTESCHI GIUSEPPE RECHICHI SARITA EFY CRISTIAN ILSE TUOHIMAA TRENOMARCUS MARIA MELANIA MAXIMILIAN STEINKER TITUS LIENEN COURTNEY JONES MATTHEW WEBER LINDA SCHÜTZ LUKAS EMBERGER ALEXANDER DOMINIC WEHRMANN ALEXANDER KERNER GAUTHIER GUEHO-PORTAZ SANDRA PIENING JENNIFER LARSON ANABEL LEVA PATRICIA FREIS YOAV RHEIMS TOBIAS COURTNEY LONG KOHHEI BABA TAIKI OYAMA ANDRE LEISTEN LISA ALEZZ CARLA BOLAÑOS BLANCO MAXIMILIEN ALOMAR CLARISSA BELLUSCHI MARIJAN DIVKOVIC GAU FRÀNCESCA CAMILLE ARNAULT GLORIA ALEXELINE VICTORIA ANNA PISONI JULIA VOGT MARCO DELFINO NACHO ARRAUSI STEFFEN WEGERS MIRKO VIVIANO ALBERTO VIVENZI GIUSEPPE CORRENTI ALEXANDER PARIS TIMO PARIS GIAN NICOLA CIUDINO CHARLOTTE BEAUDET INES COSTA MARTIN RASK SOPHIE PRICE MIRIAM MANNOFF CECILIE SØRENSEN LUCA MANTIONE GEMMA LONGLEY VANESSA NORKUS LAURA DEFLORIAN JESSICA GAIA FANTINI DARIO BUCALO ERIKA HODÉE MICHAEL WÜRZ CHASTINY THOMAS SAKSHAUG LOVRO KVADRANTI MARK V NIELSEN BJØRG TAUSEN CHRISTA E.N KEVIN SALVESON BOBBY PARKER MADI REAN NICOLA THOMAS JEN RUDY TIMOTHY ADAMS DEGBEY RANDI LEE CANDICE WIZER BRIAN JIMENEZ CLARE WEISENFLUH SHININGDAWN MARTELO NERO LAURA MATHEWS BECKY STOLWORTHY PAOLA RAMPELOTTO AMY SARAVIA TOMMASO BONAZZA STEFANO CARIONI LUCA FAGLIANO SANTI DE SANTA CATALINA NATHAN DUBY HUGUET JOSÉ MARIO HANK MERLHE JUSTIN FARAR ELODIE MIYU BÉZIRDJIAN TONY LUI TYLER MOORE MARISA AVESANI LORENZO IMOSCOPI GIULIA RUSSO CODY WALTON LORIS MJLAVEN SERENA MARINA MARENCO GABRIELE GIANNINI CHRISTOPH PEINIGER ELISA SARAH POSPISCHIL BERND EISENBERG KAT JESSICA ERNST JANA VOLMER MOUTREUIL MARC KAPPELER GAEBURIDER LIUZZO DELPHINE LUKAS OHMS PHILONG TRAN LEPEME KEANA BECKER CORNELIA DIETL VENTURINI LORENZO IMPERITURA MATTEO CALANCHI MAGGIE SERINO ANDREA DE VITO NATASCIA YVETTE DIXON TOM DOYLE EDUARD ZOE LOCKWOOD MAYA NETZER FABIAN WITTWER JOHANNES LOHAUS ROSSELLA ANTINORI AURORA ANTINORI MIRAGE IV BARBARA ASARO ERACLIO ACOSTA JR LUCAS FAYTOCK MARYSIA KAY LENA HOFFMANN KRISTIN MARIE KEVIN CORMIER-RIBOUT GLORIA RIVA SIMON VOGEL KALEENA LY ILARY SCARPELLINI LUCA SANTANGELO FLORIAN VALENTINA DALPIAZ BASTIEN MARCEL PIERRE GWENN SOPHIE M CHRISTIANE PRÜSSNER JÉRÉMIE GOMEZ HANNAH MOODY MANUELA HILLMANN ALISA EHRLICHER ANOLDOR ALESSANDRO ARTONI DREW MONTGOMERY CYNTHIA LI-YAN ZHUANG LAURA HERNANDEZ CORONADO DAVID ALBAN ADAM BARTH ANTON HUGHES SERENA ZIGLIO GEORGE PALOMINO SUNNY NICOLA ALESSANDRO GIAMPIERO DALAI PAUL GALVAN LISA CASEROTTI LELLE SARA TROIANI ARIANNA STEPH SMITH ANDREA PIZZININI DANIEL MERCOVICH LAURA REIMANN DANIEL GOLDSHLACK ROBERTO AGOSTINI SUZANNE BOURGEOIS MARCO NICCOLÒ TONELLI PAOLA FEDERICA FALAGIARDA SEAN P. MCADAM MORDECHAI GOFMAN PAUL TOURON STEVEN STANTON MALTE T.BURCHARD PHILIPP HÄNEL MIO KUSCHICK MICHAELA MIELKE-FALK ALEX GOLDBERGER DANIEL JAN-FREDERIK KÖSTER FELIPE ABRAMOVICH BES DE BERC SÉBASTIEN MOSSOUX JENNY TRUONG DIRK OTTO KAT MORSE SYLLIAN TUNCAY GÜNGÖRMEZ MARTINA NONNI LUKAS WINSON DUONG ALESSANDRO MAZZULLO STEPHEN LORNIE ALEXANDER MENNE KENNETH MILMAN GRIGO77 WILLIAM FERNANDEZ JR ISABELLE CARUSO WENDY CHUBA MAX REARDON LOLA M. CHAVEZ KHANADA TAYLOR JOSH YORK HEATHER PARRA NANCIE BAKER SARA BEN MICHAEL D. JEUDE MARCO KRELLER ISABELLE NALBACH OLIVER KORTH MARIANYA BRIAN GOOTEE JASMIN ENKE AMY LAMBERT JÖRG HEUMANN MOLLY TOBIAS COLLEEN MAISCH PIETRO AUREO RALF STEINBERG HAZEL MIURA YASHA AKUME ROBERT L.VAUGHN NOTESCODER GIACOMO ANDREA DEANESI PASCAL GIANMARIO RIVA BRIDGETTE ELLIOTT CHRISTIAN BATTANI ROMINA MISCIOSCIA DESLEA SELMES EY AMANDA LINEHAN ROBERT OZARK FREDERIK MLAKER WARREN ROGERS PATRICK BOUSCHE GABRIELE SANDONI RALPH GONIEA ROBERTO PANZA PAOLAL ALESSANDRA",2018-01-13T19:59:20.000Z,7543621,362004,4073,28723,6
Voldemort: Origins of the Heir - An unofficial fanfilm (HD + Subtitles),MX,TRYANGLE FILMS,Film & Animation,"\"harrypotter|\"\"jkrowling\"\"|\"\"voldemort\"\"|\"\"voldemortoriginsoftheheir\"\"|\"\"voldemortorigins\"\"|\"\"magic\"\"|\"\"film\"\"|\"\"tryangle\"\"|\"\"tryanglefilms\"\"|\"\"TRYANGLE\"\"|\"\"TRYANGLEFILMS\"\"|\"\"movie\"\"|\"\"cinema\"\"|\"\"youtube\"\"|\"\"fanfilm\"\"|\"\"hd\"\"|\"\"subtitles\"\"|\"\"watch\"\"|\"\"watchingvoldemort\"\"|\"\"real\"\"|\"\"official\"\"\"","Enemies of the Heir...BEWARE!\\n\\n- SUBTITLES AVAILABLE! Click on the gear icon and select your language! -\\n\\nShare a picture of the moment when you watch the film with the hashtag #WatchingVoldemort on Instagram. We will post the 9 most popular moments on our page!\\n\\nInstagram: https://goo.gl/FgzVgB\\nFacebook: https://goo.gl/n8eBTj\\nWebsite: http://www.tryanglefilms.com/#vooth\\n\\nCREW:\\n----------\\nGianmaria Pezzato: Director, Screenplay, Editing, Visual Effects\\nStefano Prestia: Executive Producer, Sound Editing, Foley, Sound FX, Practical FX, Props\\nMichele Purin: Cinematography, Camera Operator\\nMartina Segatta: Production Manager\\nManuel Venturini: Set Assistant, Drone Operator\\nSilvia Dalpiaz: Scenography\\nSonia Strusi: Makeup\\nMatt Steed: Score\\nAnna Visigalli - Corte11: Color Grading\\n\\nCAST:\\n----------\\nStefano Rossi: Tom Marvolo Riddle\\nMaddalena Orcali: Grisha McLaggen\\nAlessio Dalla Costa: General Makarov\\nAurora Moroni: Grisha McLaggen Jr.\\nAndrea Baglio: WIglaf Sigurdsson Jr.\\nAndrea Bonfanti: Lazarus Smith\\nGelsomina Bassetti: Hepzibah Smith\\nAndrea Deanesi: Wiglaf Sigurdsson\\nDavide Ellena: Lord Voldemort\\nSteven Tomasi: Veteran Soviet Auror\\nPietro Michelini: Igor\\n\\nSUPPORTERS:\\n-----------------------\\nMARTINA FOLENA VERONICA ILARIA BERTOLDI SERGIO PIATTI PIETRO GATTESCHI GIUSEPPE RECHICHI SARITA EFY CRISTIAN ILSE TUOHIMAA TRENOMARCUS MARIA MELANIA MAXIMILIAN STEINKER TITUS LIENEN COURTNEY JONES MATTHEW WEBER LINDA SCHÜTZ LUKAS EMBERGER ALEXANDER DOMINIC WEHRMANN ALEXANDER KERNER GAUTHIER GUEHO-PORTAZ SANDRA PIENING JENNIFER LARSON ANABEL LEVA PATRICIA FREIS YOAV RHEIMS TOBIAS COURTNEY LONG KOHHEI BABA TAIKI OYAMA ANDRE LEISTEN LISA ALEZZ CARLA BOLAÑOS BLANCO MAXIMILIEN ALOMAR CLARISSA BELLUSCHI MARIJAN DIVKOVIC GAU FRÀNCESCA CAMILLE ARNAULT GLORIA ALEXELINE VICTORIA ANNA PISONI JULIA VOGT MARCO DELFINO NACHO ARRAUSI STEFFEN WEGERS MIRKO VIVIANO ALBERTO VIVENZI GIUSEPPE CORRENTI ALEXANDER PARIS TIMO PARIS GIAN NICOLA CIUDINO CHARLOTTE BEAUDET INES COSTA MARTIN RASK SOPHIE PRICE MIRIAM MANNOFF CECILIE SØRENSEN LUCA MANTIONE GEMMA LONGLEY VANESSA NORKUS LAURA DEFLORIAN JESSICA GAIA FANTINI DARIO BUCALO ERIKA HODÉE MICHAEL WÜRZ CHASTINY THOMAS SAKSHAUG LOVRO KVADRANTI MARK V NIELSEN BJØRG TAUSEN CHRISTA E.N KEVIN SALVESON BOBBY PARKER MADI REAN NICOLA THOMAS JEN RUDY TIMOTHY ADAMS DEGBEY RANDI LEE CANDICE WIZER BRIAN JIMENEZ CLARE WEISENFLUH SHININGDAWN MARTELO NERO LAURA MATHEWS BECKY STOLWORTHY PAOLA RAMPELOTTO AMY SARAVIA TOMMASO BONAZZA STEFANO CARIONI LUCA FAGLIANO SANTI DE SANTA CATALINA NATHAN DUBY HUGUET JOSÉ MARIO HANK MERLHE JUSTIN FARAR ELODIE MIYU BÉZIRDJIAN TONY LUI TYLER MOORE MARISA AVESANI LORENZO IMOSCOPI GIULIA RUSSO CODY WALTON LORIS MJLAVEN SERENA MARINA MARENCO GABRIELE GIANNINI CHRISTOPH PEINIGER ELISA SARAH POSPISCHIL BERND EISENBERG KAT JESSICA ERNST JANA VOLMER MOUTREUIL MARC KAPPELER GAEBURIDER LIUZZO DELPHINE LUKAS OHMS PHILONG TRAN LEPEME KEANA BECKER CORNELIA DIETL VENTURINI LORENZO IMPERITURA MATTEO CALANCHI MAGGIE SERINO ANDREA DE VITO NATASCIA YVETTE DIXON TOM DOYLE EDUARD ZOE LOCKWOOD MAYA NETZER FABIAN WITTWER JOHANNES LOHAUS ROSSELLA ANTINORI AURORA ANTINORI MIRAGE IV BARBARA ASARO ERACLIO ACOSTA JR LUCAS FAYTOCK MARYSIA KAY LENA HOFFMANN KRISTIN MARIE KEVIN CORMIER-RIBOUT GLORIA RIVA SIMON VOGEL KALEENA LY ILARY SCARPELLINI LUCA SANTANGELO FLORIAN VALENTINA DALPIAZ BASTIEN MARCEL PIERRE GWENN SOPHIE M CHRISTIANE PRÜSSNER JÉRÉMIE GOMEZ HANNAH MOODY MANUELA HILLMANN ALISA EHRLICHER ANOLDOR ALESSANDRO ARTONI DREW MONTGOMERY CYNTHIA LI-YAN ZHUANG LAURA HERNANDEZ CORONADO DAVID ALBAN ADAM BARTH ANTON HUGHES SERENA ZIGLIO GEORGE PALOMINO SUNNY NICOLA ALESSANDRO GIAMPIERO DALAI PAUL GALVAN LISA CASEROTTI LELLE SARA TROIANI ARIANNA STEPH SMITH ANDREA PIZZININI DANIEL MERCOVICH LAURA REIMANN DANIEL GOLDSHLACK ROBERTO AGOSTINI SUZANNE BOURGEOIS MARCO NICCOLÒ TONELLI PAOLA FEDERICA FALAGIARDA SEAN P. MCADAM MORDECHAI GOFMAN PAUL TOURON STEVEN STANTON MALTE T.BURCHARD PHILIPP HÄNEL MIO KUSCHICK MICHAELA MIELKE-FALK ALEX GOLDBERGER DANIEL JAN-FREDERIK KÖSTER FELIPE ABRAMOVICH BES DE BERC SÉBASTIEN MOSSOUX JENNY TRUONG DIRK OTTO KAT MORSE SYLLIAN TUNCAY GÜNGÖRMEZ MARTINA NONNI LUKAS WINSON DUONG ALESSANDRO MAZZULLO STEPHEN LORNIE ALEXANDER MENNE KENNETH MILMAN GRIGO77 WILLIAM FERNANDEZ JR ISABELLE CARUSO WENDY CHUBA MAX REARDON LOLA M. CHAVEZ KHANADA TAYLOR JOSH YORK HEATHER PARRA NANCIE BAKER SARA BEN MICHAEL D. JEUDE MARCO KRELLER ISABELLE NALBACH OLIVER KORTH MARIANYA BRIAN GOOTEE JASMIN ENKE AMY LAMBERT JÖRG HEUMANN MOLLY TOBIAS COLLEEN MAISCH PIETRO AUREO RALF STEINBERG HAZEL MIURA YASHA AKUME ROBERT L.VAUGHN NOTESCODER GIACOMO ANDREA DEANESI PASCAL GIANMARIO RIVA BRIDGETTE ELLIOTT CHRISTIAN BATTANI ROMINA MISCIOSCIA DESLEA SELMES EY AMANDA LINEHAN ROBERT OZARK FREDERIK MLAKER WARREN ROGERS PATRICK BOUSCHE GABRIELE SANDONI RALPH GONIEA ROBERTO PANZA PAOLAL ALESSANDRA",2018-01-13T19:59:20.000Z,6094691,319407,4074,26533,6
Voldemort: Origins of the Heir - An unofficial fanfilm (HD + Subtitles),RU,TRYANGLE FILMS,Film & Animation,"\"harrypotter|\"\"jkrowling\"\"|\"\"voldemort\"\"|\"\"voldemortoriginsoftheheir\"\"|\"\"voldemortorigins\"\"|\"\"magic\"\"|\"\"film\"\"|\"\"tryangle\"\"|\"\"tryanglefilms\"\"|\"\"TRYANGLE\"\"|\"\"TRYANGLEFILMS\"\"|\"\"movie\"\"|\"\"cinema\"\"|\"\"youtube\"\"|\"\"fanfilm\"\"|\"\"hd\"\"|\"\"subtitles\"\"|\"\"watch\"\"|\"\"watchingvoldemort\"\"|\"\"real\"\"|\"\"official\"\"\"","Enemies of the Heir...BEWARE!\\n\\n- SUBTITLES AVAILABLE! Click on the gear icon and select your language! -\\n\\nShare a picture of the moment when you watch the film with the hashtag #WatchingVoldemort on Instagram. We will post the 9 most popular moments on our page!\\n\\nInstagram: https://goo.gl/FgzVgB\\nFacebook: https://goo.gl/n8eBTj\\nWebsite: http://www.tryanglefilms.com/#vooth\\n\\nCREW:\\n----------\\nGianmaria Pezzato: Director, Screenplay, Editing, Visual Effects\\nStefano Prestia: Executive Producer, Sound Editing, Foley, Sound FX, Practical FX, Props\\nMichele Purin: Cinematography, Camera Operator\\nMartina Segatta: Production Manager\\nManuel Venturini: Set Assistant, Drone Operator\\nSilvia Dalpiaz: Scenography\\nSonia Strusi: Makeup\\nMatt Steed: Score\\nAnna Visigalli - Corte11: Color Grading\\n\\nCAST:\\n----------\\nStefano Rossi: Tom Marvolo Riddle\\nMaddalena Orcali: Grisha McLaggen\\nAlessio Dalla Costa: General Makarov\\nAurora Moroni: Grisha McLaggen Jr.\\nAndrea Baglio: WIglaf Sigurdsson Jr.\\nAndrea Bonfanti: Lazarus Smith\\nGelsomina Bassetti: Hepzibah Smith\\nAndrea Deanesi: Wiglaf Sigurdsson\\nDavide Ellena: Lord Voldemort\\nSteven Tomasi: Veteran Soviet Auror\\nPietro Michelini: Igor\\n\\nSUPPORTERS:\\n-----------------------\\nMARTINA FOLENA VERONICA ILARIA BERTOLDI SERGIO PIATTI PIETRO GATTESCHI GIUSEPPE RECHICHI SARITA EFY CRISTIAN ILSE TUOHIMAA TRENOMARCUS MARIA MELANIA MAXIMILIAN STEINKER TITUS LIENEN COURTNEY JONES MATTHEW WEBER LINDA SCHÜTZ LUKAS EMBERGER ALEXANDER DOMINIC WEHRMANN ALEXANDER KERNER GAUTHIER GUEHO-PORTAZ SANDRA PIENING JENNIFER LARSON ANABEL LEVA PATRICIA FREIS YOAV RHEIMS TOBIAS COURTNEY LONG KOHHEI BABA TAIKI OYAMA ANDRE LEISTEN LISA ALEZZ CARLA BOLAÑOS BLANCO MAXIMILIEN ALOMAR CLARISSA BELLUSCHI MARIJAN DIVKOVIC GAU FRÀNCESCA CAMILLE ARNAULT GLORIA ALEXELINE VICTORIA ANNA PISONI JULIA VOGT MARCO DELFINO NACHO ARRAUSI STEFFEN WEGERS MIRKO VIVIANO ALBERTO VIVENZI GIUSEPPE CORRENTI ALEXANDER PARIS TIMO PARIS GIAN NICOLA CIUDINO CHARLOTTE BEAUDET INES COSTA MARTIN RASK SOPHIE PRICE MIRIAM MANNOFF CECILIE SØRENSEN LUCA MANTIONE GEMMA LONGLEY VANESSA NORKUS LAURA DEFLORIAN JESSICA GAIA FANTINI DARIO BUCALO ERIKA HODÉE MICHAEL WÜRZ CHASTINY THOMAS SAKSHAUG LOVRO KVADRANTI MARK V NIELSEN BJØRG TAUSEN CHRISTA E.N KEVIN SALVESON BOBBY PARKER MADI REAN NICOLA THOMAS JEN RUDY TIMOTHY ADAMS DEGBEY RANDI LEE CANDICE WIZER BRIAN JIMENEZ CLARE WEISENFLUH SHININGDAWN MARTELO NERO LAURA MATHEWS BECKY STOLWORTHY PAOLA RAMPELOTTO AMY SARAVIA TOMMASO BONAZZA STEFANO CARIONI LUCA FAGLIANO SANTI DE SANTA CATALINA NATHAN DUBY HUGUET JOSÉ MARIO HANK MERLHE JUSTIN FARAR ELODIE MIYU BÉZIRDJIAN TONY LUI TYLER MOORE MARISA AVESANI LORENZO IMOSCOPI GIULIA RUSSO CODY WALTON LORIS MJLAVEN SERENA MARINA MARENCO GABRIELE GIANNINI CHRISTOPH PEINIGER ELISA SARAH POSPISCHIL BERND EISENBERG KAT JESSICA ERNST JANA VOLMER MOUTREUIL MARC KAPPELER GAEBURIDER LIUZZO DELPHINE LUKAS OHMS PHILONG TRAN LEPEME KEANA BECKER CORNELIA DIETL VENTURINI LORENZO IMPERITURA MATTEO CALANCHI MAGGIE SERINO ANDREA DE VITO NATASCIA YVETTE DIXON TOM DOYLE EDUARD ZOE LOCKWOOD MAYA NETZER FABIAN WITTWER JOHANNES LOHAUS ROSSELLA ANTINORI AURORA ANTINORI MIRAGE IV BARBARA ASARO ERACLIO ACOSTA JR LUCAS FAYTOCK MARYSIA KAY LENA HOFFMANN KRISTIN MARIE KEVIN CORMIER-RIBOUT GLORIA RIVA SIMON VOGEL KALEENA LY ILARY SCARPELLINI LUCA SANTANGELO FLORIAN VALENTINA DALPIAZ BASTIEN MARCEL PIERRE GWENN SOPHIE M CHRISTIANE PRÜSSNER JÉRÉMIE GOMEZ HANNAH MOODY MANUELA HILLMANN ALISA EHRLICHER ANOLDOR ALESSANDRO ARTONI DREW MONTGOMERY CYNTHIA LI-YAN ZHUANG LAURA HERNANDEZ CORONADO DAVID ALBAN ADAM BARTH ANTON HUGHES SERENA ZIGLIO GEORGE PALOMINO SUNNY NICOLA ALESSANDRO GIAMPIERO DALAI PAUL GALVAN LISA CASEROTTI LELLE SARA TROIANI ARIANNA STEPH SMITH ANDREA PIZZININI DANIEL MERCOVICH LAURA REIMANN DANIEL GOLDSHLACK ROBERTO AGOSTINI SUZANNE BOURGEOIS MARCO NICCOLÒ TONELLI PAOLA FEDERICA FALAGIARDA SEAN P. MCADAM MORDECHAI GOFMAN PAUL TOURON STEVEN STANTON MALTE T.BURCHARD PHILIPP HÄNEL MIO KUSCHICK MICHAELA MIELKE-FALK ALEX GOLDBERGER DANIEL JAN-FREDERIK KÖSTER FELIPE ABRAMOVICH BES DE BERC SÉBASTIEN MOSSOUX JENNY TRUONG DIRK OTTO KAT MORSE SYLLIAN TUNCAY GÜNGÖRMEZ MARTINA NONNI LUKAS WINSON DUONG ALESSANDRO MAZZULLO STEPHEN LORNIE ALEXANDER MENNE KENNETH MILMAN GRIGO77 WILLIAM FERNANDEZ JR ISABELLE CARUSO WENDY CHUBA MAX REARDON LOLA M. CHAVEZ KHANADA TAYLOR JOSH YORK HEATHER PARRA NANCIE BAKER SARA BEN MICHAEL D. JEUDE MARCO KRELLER ISABELLE NALBACH OLIVER KORTH MARIANYA BRIAN GOOTEE JASMIN ENKE AMY LAMBERT JÖRG HEUMANN MOLLY TOBIAS COLLEEN MAISCH PIETRO AUREO RALF STEINBERG HAZEL MIURA YASHA AKUME ROBERT L.VAUGHN NOTESCODER GIACOMO ANDREA DEANESI PASCAL GIANMARIO RIVA BRIDGETTE ELLIOTT CHRISTIAN BATTANI ROMINA MISCIOSCIA DESLEA SELMES EY AMANDA LINEHAN ROBERT OZARK FREDERIK MLAKER WARREN ROGERS PATRICK BOUSCHE GABRIELE SANDONI RALPH GONIEA ROBERTO PANZA PAOLAL ALESSANDRA",2018-01-13T19:59:20.000Z,4196683,259392,4073,22917,6
Voldemort: Origins of the Heir - An unofficial fanfilm (HD + Subtitles),US,TRYANGLE FILMS,Film & Animation,"\"harrypotter\"|\"jkrowling\"|\"voldemort\"|\"voldemortoriginsoftheheir\"|\"voldemortorigins\"|\"magic\"|\"film\"|\"tryangle\"|\"tryanglefilms\"|\"TRYANGLE\"|\"TRYANGLEFILMS\"|\"movie\"|\"cinema\"|\"youtube\"|\"fanfilm\"|\"hd\"|\"subtitles\"|\"watch\"|\"watchingvoldemort\"|\"real\"|\"official\"","Enemies of the Heir...BEWARE!\\n\\n- SUBTITLES AVAILABLE! Click on the gear icon and select your language! -\\n\\nShare a picture of the moment when you watch the film with the hashtag #WatchingVoldemort on Instagram. We will post the 9 most popular moments on our page!\\n\\nInstagram: https://goo.gl/FgzVgB\\nFacebook: https://goo.gl/n8eBTj\\nWebsite: http://www.tryanglefilms.com/#vooth\\n\\nCREW:\\n----------\\nGianmaria Pezzato: Director, Screenplay, Editing, Visual Effects\\nStefano Prestia: Executive Producer, Sound Editing, Foley, Sound FX, Practical FX, Props\\nMichele Purin: Cinematography, Camera Operator\\nMartina Segatta: Production Manager\\nManuel Venturini: Set Assistant, Drone Operator\\nSilvia Dalpiaz: Scenography\\nSonia Strusi: Makeup\\nMatt Steed: Score\\nAnna Visigalli - Corte11: Color Grading\\n\\nCAST:\\n----------\\nStefano Rossi: Tom Marvolo Riddle\\nMaddalena Orcali: Grisha McLaggen\\nAlessio Dalla Costa: General Makarov\\nAurora Moroni: Grisha McLaggen Jr.\\nAndrea Baglio: WIglaf Sigurdsson Jr.\\nAndrea Bonfanti: Lazarus Smith\\nGelsomina Bassetti: Hepzibah Smith\\nAndrea Deanesi: Wiglaf Sigurdsson\\nDavide Ellena: Lord Voldemort\\nSteven Tomasi: Veteran Soviet Auror\\nPietro Michelini: Igor\\n\\nSUPPORTERS:\\n-----------------------\\nMARTINA FOLENA VERONICA ILARIA BERTOLDI SERGIO PIATTI PIETRO GATTESCHI GIUSEPPE RECHICHI SARITA EFY CRISTIAN ILSE TUOHIMAA TRENOMARCUS MARIA MELANIA MAXIMILIAN STEINKER TITUS LIENEN COURTNEY JONES MATTHEW WEBER LINDA SCHÜTZ LUKAS EMBERGER ALEXANDER DOMINIC WEHRMANN ALEXANDER KERNER GAUTHIER GUEHO-PORTAZ SANDRA PIENING JENNIFER LARSON ANABEL LEVA PATRICIA FREIS YOAV RHEIMS TOBIAS COURTNEY LONG KOHHEI BABA TAIKI OYAMA ANDRE LEISTEN LISA ALEZZ CARLA BOLAÑOS BLANCO MAXIMILIEN ALOMAR CLARISSA BELLUSCHI MARIJAN DIVKOVIC GAU FRÀNCESCA CAMILLE ARNAULT GLORIA ALEXELINE VICTORIA ANNA PISONI JULIA VOGT MARCO DELFINO NACHO ARRAUSI STEFFEN WEGERS MIRKO VIVIANO ALBERTO VIVENZI GIUSEPPE CORRENTI ALEXANDER PARIS TIMO PARIS GIAN NICOLA CIUDINO CHARLOTTE BEAUDET INES COSTA MARTIN RASK SOPHIE PRICE MIRIAM MANNOFF CECILIE SØRENSEN LUCA MANTIONE GEMMA LONGLEY VANESSA NORKUS LAURA DEFLORIAN JESSICA GAIA FANTINI DARIO BUCALO ERIKA HODÉE MICHAEL WÜRZ CHASTINY THOMAS SAKSHAUG LOVRO KVADRANTI MARK V NIELSEN BJØRG TAUSEN CHRISTA E.N KEVIN SALVESON BOBBY PARKER MADI REAN NICOLA THOMAS JEN RUDY TIMOTHY ADAMS DEGBEY RANDI LEE CANDICE WIZER BRIAN JIMENEZ CLARE WEISENFLUH SHININGDAWN MARTELO NERO LAURA MATHEWS BECKY STOLWORTHY PAOLA RAMPELOTTO AMY SARAVIA TOMMASO BONAZZA STEFANO CARIONI LUCA FAGLIANO SANTI DE SANTA CATALINA NATHAN DUBY HUGUET JOSÉ MARIO HANK MERLHE JUSTIN FARAR ELODIE MIYU BÉZIRDJIAN TONY LUI TYLER MOORE MARISA AVESANI LORENZO IMOSCOPI GIULIA RUSSO CODY WALTON LORIS MJLAVEN SERENA MARINA MARENCO GABRIELE GIANNINI CHRISTOPH PEINIGER ELISA SARAH POSPISCHIL BERND EISENBERG KAT JESSICA ERNST JANA VOLMER MOUTREUIL MARC KAPPELER GAEBURIDER LIUZZO DELPHINE LUKAS OHMS PHILONG TRAN LEPEME KEANA BECKER CORNELIA DIETL VENTURINI LORENZO IMPERITURA MATTEO CALANCHI MAGGIE SERINO ANDREA DE VITO NATASCIA YVETTE DIXON TOM DOYLE EDUARD ZOE LOCKWOOD MAYA NETZER FABIAN WITTWER JOHANNES LOHAUS ROSSELLA ANTINORI AURORA ANTINORI MIRAGE IV BARBARA ASARO ERACLIO ACOSTA JR LUCAS FAYTOCK MARYSIA KAY LENA HOFFMANN KRISTIN MARIE KEVIN CORMIER-RIBOUT GLORIA RIVA SIMON VOGEL KALEENA LY ILARY SCARPELLINI LUCA SANTANGELO FLORIAN VALENTINA DALPIAZ BASTIEN MARCEL PIERRE GWENN SOPHIE M CHRISTIANE PRÜSSNER JÉRÉMIE GOMEZ HANNAH MOODY MANUELA HILLMANN ALISA EHRLICHER ANOLDOR ALESSANDRO ARTONI DREW MONTGOMERY CYNTHIA LI-YAN ZHUANG LAURA HERNANDEZ CORONADO DAVID ALBAN ADAM BARTH ANTON HUGHES SERENA ZIGLIO GEORGE PALOMINO SUNNY NICOLA ALESSANDRO GIAMPIERO DALAI PAUL GALVAN LISA CASEROTTI LELLE SARA TROIANI ARIANNA STEPH SMITH ANDREA PIZZININI DANIEL MERCOVICH LAURA REIMANN DANIEL GOLDSHLACK ROBERTO AGOSTINI SUZANNE BOURGEOIS MARCO NICCOLÒ TONELLI PAOLA FEDERICA FALAGIARDA SEAN P. MCADAM MORDECHAI GOFMAN PAUL TOURON STEVEN STANTON MALTE T.BURCHARD PHILIPP HÄNEL MIO KUSCHICK MICHAELA MIELKE-FALK ALEX GOLDBERGER DANIEL JAN-FREDERIK KÖSTER FELIPE ABRAMOVICH BES DE BERC SÉBASTIEN MOSSOUX JENNY TRUONG DIRK OTTO KAT MORSE SYLLIAN TUNCAY GÜNGÖRMEZ MARTINA NONNI LUKAS WINSON DUONG ALESSANDRO MAZZULLO STEPHEN LORNIE ALEXANDER MENNE KENNETH MILMAN GRIGO77 WILLIAM FERNANDEZ JR ISABELLE CARUSO WENDY CHUBA MAX REARDON LOLA M. CHAVEZ KHANADA TAYLOR JOSH YORK HEATHER PARRA NANCIE BAKER SARA BEN MICHAEL D. JEUDE MARCO KRELLER ISABELLE NALBACH OLIVER KORTH MARIANYA BRIAN GOOTEE JASMIN ENKE AMY LAMBERT JÖRG HEUMANN MOLLY TOBIAS COLLEEN MAISCH PIETRO AUREO RALF STEINBERG HAZEL MIURA YASHA AKUME ROBERT L.VAUGHN NOTESCODER GIACOMO ANDREA DEANESI PASCAL GIANMARIO RIVA BRIDGETTE ELLIOTT CHRISTIAN BATTANI ROMINA MISCIOSCIA DESLEA SELMES EY AMANDA LINEHAN ROBERT OZARK FREDERIK MLAKER WARREN ROGERS PATRICK BOUSCHE GABRIELE SANDONI RALPH GONIEA ROBERTO PANZA PAOLAL ALESSANDRA",2018-01-13T19:59:20.000Z,9474940,430160,18357,31889,6
