title,country,channel_title,category,tags,description,publish_time,views,likes,dislikes,comment_count,cnt
Agnyaathavaasi Official Teaser | Pawan Kalyan | Trivikram | Anirudh,CA,Haarika & Hassine Creations,Entertainment,"\"Agnyaathavaasi Teaser\"|\"Agnyaathavaasi Official Teaser\"|\"Agnyaathavaasi Movie Official Teaser\"|\"PSPK25 Official Teaser\"|\"Pawan Kalyan\"|\"Trivikram Srinivas\"|\"Trivikram\"|\"Anirudh Telugu movie\"|\"Anirudh Agnyaathavaasi Movie\"|\"Agnyaathavaasi Trailer\"","Watch & Enjoy the official teaser of Agnyaathavaasi featuring Pawan Kalyan, Keerthy Suresh & Anu Emmanuel in lead roles. Directed by Trivikram Srinivas, Music is composed by Anirudh Ravichander\\n\\n#AgnyaathavaasiTeaser\\n\\nWorldwide Release on 10-01-18\\n\\nBanner: Haarika & Hassine Creations\\nStarring: Pawan Kalyan, Boman Irani, Keerthy Suresh, Anu Emmanuel, Aadhi, Khushboo, Murali Sharma, Rao Ramesh\\nMusic Director: Anirudh Ravichander\\nCinematography: Manikandan Velayutham\\nEditor: Kotagiri Venkateswar Rao\\nArt: A. S. Prakash\\nStunts: Ravi Verma\\nPRO: L Venu Gopal\\nExecutive Producer: PDV Prasad\\nProducer: S. Radha Krishna (Chinababu)\\n\\n\\n► Subscribe: http://bit.ly/HaarikaHassineOfficial\\n► Like: https://facebook.com/HaarikaHassineOfficial\\n► Follow: http://instagram.com/HaarikaHassineOfficial\\n► Follow: https://twitter.com/HaarikaHassine",2017-12-16T12:56:28.000Z,9429300,476855,49250,36802,6
Agnyaathavaasi Official Teaser | Pawan Kalyan | Trivikram | Anirudh,CA,Haarika & Hassine Creations,Entertainment,"\"Agnyaathavaasi Teaser\"|\"Agnyaathavaasi Official Teaser\"|\"Agnyaathavaasi Movie Official Teaser\"|\"PSPK25 Official Teaser\"|\"Pawan Kalyan\"|\"Trivikram Srinivas\"|\"Trivikram\"|\"Anirudh Telugu movie\"|\"Anirudh Agnyaathavaasi Movie\"|\"Agnyaathavaasi Trailer\"","Watch & Enjoy the official teaser of Agnyaathavaasi featuring Pawan Kalyan, Keerthy Suresh & Anu Emmanuel in lead roles. Directed by Trivikram Srinivas, Music is composed by Anirudh Ravichander\\n\\n#AgnyaathavaasiTeaser\\n\\nWorldwide Release on 10-01-18\\n\\nBanner: Haarika & Hassine Creations\\nStarring: Pawan Kalyan, Boman Irani, Keerthy Suresh, Anu Emmanuel, Aadhi, Khushboo, Murali Sharma, Rao Ramesh\\nMusic Director: Anirudh Ravichander\\nCinematography: Manikandan Velayutham\\nEditor: Kotagiri Venkateswar Rao\\nArt: A. S. Prakash\\nStunts: Ravi Verma\\nPRO: L Venu Gopal\\nExecutive Producer: PDV Prasad\\nProducer: S. Radha Krishna (Chinababu)\\n\\n\\n►Subscribe to our Youtube Channel:  http://bit.ly/HaarikaHassineYT\\n►Like us on http://bit.ly/HaarikaHassineFB\\n►Follow us onhttp://bit.ly/HaarikaHassineTwitter",2017-12-16T12:56:28.000Z,5328188,390343,37410,29755,6
Agnyaathavaasi Official Teaser | Pawan Kalyan | Trivikram | Anirudh,DE,Haarika & Hassine Creations,Entertainment,"\"Agnyaathavaasi Teaser\"|\"Agnyaathavaasi Official Teaser\"|\"Agnyaathavaasi Movie Official Teaser\"|\"PSPK25 Official Teaser\"|\"Pawan Kalyan\"|\"Trivikram Srinivas\"|\"Trivikram\"|\"Anirudh Telugu movie\"|\"Anirudh Agnyaathavaasi Movie\"|\"Agnyaathavaasi Trailer\"","Watch & Enjoy the official teaser of Agnyaathavaasi featuring Pawan Kalyan, Keerthy Suresh & Anu Emmanuel in lead roles. Directed by Trivikram Srinivas, Music is composed by Anirudh Ravichander\\n\\n#AgnyaathavaasiTeaser\\n\\nWorldwide Release on 10-01-18\\n\\nBanner: Haarika & Hassine Creations\\nStarring: Pawan Kalyan, Boman Irani, Keerthy Suresh, Anu Emmanuel, Aadhi, Khushboo, Murali Sharma, Rao Ramesh\\nMusic Director: Anirudh Ravichander\\nCinematography: Manikandan Velayutham\\nEditor: Kotagiri Venkateswar Rao\\nArt: A. S. Prakash\\nStunts: Ravi Verma\\nPRO: L Venu Gopal\\nExecutive Producer: PDV Prasad\\nProducer: S. Radha Krishna (Chinababu)\\n\\n\\n► Subscribe: http://bit.ly/HaarikaHassineOfficial\\n► Like: https://facebook.com/HaarikaHassineOfficial\\n► Follow: http://instagram.com/HaarikaHassineOfficial\\n► Follow: https://twitter.com/HaarikaHassine",2017-12-16T12:56:28.000Z,7974053,451509,45751,34620,6
Agnyaathavaasi Official Teaser | Pawan Kalyan | Trivikram | Anirudh,DE,Haarika & Hassine Creations,Entertainment,"\"Agnyaathavaasi Teaser\"|\"Agnyaathavaasi Official Teaser\"|\"Agnyaathavaasi Movie Official Teaser\"|\"PSPK25 Official Teaser\"|\"Pawan Kalyan\"|\"Trivikram Srinivas\"|\"Trivikram\"|\"Anirudh Telugu movie\"|\"Anirudh Agnyaathavaasi Movie\"|\"Agnyaathavaasi Trailer\"","Watch & Enjoy the official teaser of Agnyaathavaasi featuring Pawan Kalyan, Keerthy Suresh & Anu Emmanuel in lead roles. Directed by Trivikram Srinivas, Music is composed by Anirudh Ravichander\\n\\n#AgnyaathavaasiTeaser\\n\\nWorldwide Release on 10-01-18\\n\\nBanner: Haarika & Hassine Creations\\nStarring: Pawan Kalyan, Boman Irani, Keerthy Suresh, Anu Emmanuel, Aadhi, Khushboo, Murali Sharma, Rao Ramesh\\nMusic Director: Anirudh Ravichander\\nCinematography: Manikandan Velayutham\\nEditor: Kotagiri Venkateswar Rao\\nArt: A. S. Prakash\\nStunts: Ravi Verma\\nPRO: L Venu Gopal\\nExecutive Producer: PDV Prasad\\nProducer: S. Radha Krishna (Chinababu)\\n\\n\\n►Subscribe to our Youtube Channel:  http://bit.ly/HaarikaHassineYT\\n►Like us on http://bit.ly/HaarikaHassineFB\\n►Follow us onhttp://bit.ly/HaarikaHassineTwitter",2017-12-16T12:56:28.000Z,5328188,390339,37409,29755,6
Agnyaathavaasi Official Teaser | Pawan Kalyan | Trivikram | Anirudh,IN,Haarika & Hassine Creations,Entertainment,"\"Agnyaathavaasi Teaser|\"\"Agnyaathavaasi Official Teaser\"\"|\"\"Agnyaathavaasi Movie Official Teaser\"\"|\"\"PSPK25 Official Teaser\"\"|\"\"Pawan Kalyan\"\"|\"\"Trivikram Srinivas\"\"|\"\"Trivikram\"\"|\"\"Anirudh Telugu movie\"\"|\"\"Anirudh Agnyaathavaasi Movie\"\"|\"\"Agnyaathavaasi Trailer\"\"\"","Watch & Enjoy the official teaser of Agnyaathavaasi featuring Pawan Kalyan, Keerthy Suresh & Anu Emmanuel in lead roles. Directed by Trivikram Srinivas, Music is composed by Anirudh Ravichander\\n\\n#AgnyaathavaasiTeaser\\n\\nWorldwide Release on 10-01-18\\n\\nBanner: Haarika & Hassine Creations\\nStarring: Pawan Kalyan, Boman Irani, Keerthy Suresh, Anu Emmanuel, Aadhi, Khushboo, Murali Sharma, Rao Ramesh\\nMusic Director: Anirudh Ravichander\\nCinematography: Manikandan Velayutham\\nEditor: Kotagiri Venkateswar Rao\\nArt: A. S. Prakash\\nStunts: Ravi Verma\\nPRO: L Venu Gopal\\nExecutive Producer: PDV Prasad\\nProducer: S. Radha Krishna (Chinababu)\\n\\n\\n► Subscribe: http://bit.ly/HaarikaHassineOfficial\\n► Like: https://facebook.com/HaarikaHassineOfficial\\n► Follow: http://instagram.com/HaarikaHassineOfficial\\n► Follow: https://twitter.com/HaarikaHassine",2017-12-16T12:56:28.000Z,9429300,491345,52135,36837,6
Agnyaathavaasi Official Teaser | Pawan Kalyan | Trivikram | Anirudh,IN,Haarika & Hassine Creations,Entertainment,"\"Agnyaathavaasi Teaser|\"\"Agnyaathavaasi Official Teaser\"\"|\"\"Agnyaathavaasi Movie Official Teaser\"\"|\"\"PSPK25 Official Teaser\"\"|\"\"Pawan Kalyan\"\"|\"\"Trivikram Srinivas\"\"|\"\"Trivikram\"\"|\"\"Anirudh Telugu movie\"\"|\"\"Anirudh Agnyaathavaasi Movie\"\"|\"\"Agnyaathavaasi Trailer\"\"\"","Watch & Enjoy the official teaser of Agnyaathavaasi featuring Pawan Kalyan, Keerthy Suresh & Anu Emmanuel in lead roles. Directed by Trivikram Srinivas, Music is composed by Anirudh Ravichander\\n\\n#AgnyaathavaasiTeaser\\n\\nWorldwide Release on 10-01-18\\n\\nBanner: Haarika & Hassine Creations\\nStarring: Pawan Kalyan, Boman Irani, Keerthy Suresh, Anu Emmanuel, Aadhi, Khushboo, Murali Sharma, Rao Ramesh\\nMusic Director: Anirudh Ravichander\\nCinematography: Manikandan Velayutham\\nEditor: Kotagiri Venkateswar Rao\\nArt: A. S. Prakash\\nStunts: Ravi Verma\\nPRO: L Venu Gopal\\nExecutive Producer: PDV Prasad\\nProducer: S. Radha Krishna (Chinababu)\\n\\n\\n►Subscribe to our Youtube Channel:  http://bit.ly/HaarikaHassineYT\\n►Like us on http://bit.ly/HaarikaHassineFB\\n►Follow us onhttp://bit.ly/HaarikaHassineTwitter",2017-12-16T12:56:28.000Z,5328188,390339,37409,29755,6
Germany vs Brazil 0-1 All Goals & Highlights Extended 2018 HD,CA,Legendary Football,Sports,"\"Germany\"|\"Brazil\"",#Germany  #Brazil,2018-03-27T21:54:37.000Z,3404160,9425,743,825,5
Germany vs Brazil 0-1 All Goals & Highlights Extended 2018 HD,FR,Legendary Football,Sports,"\"Germany\"\"|\"\"Brazil\"",#Germany  #Brazil,2018-03-27T21:54:37.000Z,3404160,9425,743,825,5
Germany vs Brazil 0-1 All Goals & Highlights Extended 2018 HD,JP,Legendary Football,Sports,"\"Germany|\"\"Brazil\"\"\"",#Germany  #Brazil,2018-03-27T21:54:37.000Z,3045739,8768,1680,1612,5
Germany vs Brazil 0-1 All Goals & Highlights Extended 2018 HD,KR,Legendary Football,Sports,"\"Germany|\"\"Brazil\"\"\"",#Germany  #Brazil,2018-03-27T21:54:37.000Z,3045739,8768,1680,1612,5
Germany vs Brazil 0-1 All Goals & Highlights Extended 2018 HD,MX,Legendary Football,Sports,"\"Germany|\"\"Brazil\"\"\"",#Germany  #Brazil,2018-03-27T21:54:37.000Z,3045739,8768,743,825,5
Meghan Trainor - No Excuses,CA,MeghanTrainorVEVO,Music,"\"meghan trainor\"|\"no excuses\"|\"no excuses official video\"|\"all about that bass\"|\"like i'm gonna lose you\"|\"me too\"|\"no\"|\"dear future husband\"|\"better when i'm dancin'\"|\"fifth harmony\"|\"rixton\"|\"ariana grande\"|\"tori kelly\"|\"nick jonas\"|\"shawn mendes\"|\"selena gomez\"|\"Epic\"|\"Meghan Trainor\"|\"No Excuses\"|\"Pop\"","No Excuses available at Spotify: http://smarturl.it/NoExcusesMT/spotify\\niTunes: http://smarturl.it/NoExcusesMT/itunes\\nAmazon: http://smarturl.it/NoExcusesMT/amazonmusicbuy\\nApple Music: http://smarturl.it/NoExcusesMT/applemusic\\nGoogle Play: http://smarturl.it/NoExcusesMT/googleplay\\n\\nVideo Directed by: Colin Tilley\\nVideo Produced by: Jamee Ranta\\n\\nMeghan Trainor online: \\nhttps://twitter.com/Meghan_Trainor \\nhttps://www.instagram.com/meghan_trainor \\nhttps://www.facebook.com/meghantrainorsongs \\nhttps://meghan-trainor.com\\n\\n(C) 2018 Epic Records, a division of Sony Music Entertainment",2018-03-01T13:00:05.000Z,6478495,89454,5559,8517,6
Meghan Trainor - No Excuses,DE,MeghanTrainorVEVO,Music,"\"meghan trainor\"|\"no excuses\"|\"no excuses official video\"|\"all about that bass\"|\"like i'm gonna lose you\"|\"me too\"|\"no\"|\"dear future husband\"|\"better when i'm dancin'\"|\"fifth harmony\"|\"rixton\"|\"ariana grande\"|\"tori kelly\"|\"nick jonas\"|\"shawn mendes\"|\"selena gomez\"|\"Epic\"|\"Meghan Trainor\"|\"No Excuses\"|\"Pop\"","No Excuses available at Spotify: http://smarturl.it/NoExcusesMT/spotify\\niTunes: http://smarturl.it/NoExcusesMT/itunes\\nAmazon: http://smarturl.it/NoExcusesMT/amazonmusicbuy\\nApple Music: http://smarturl.it/NoExcusesMT/applemusic\\nGoogle Play: http://smarturl.it/NoExcusesMT/googleplay\\n\\nVideo Directed by: Colin Tilley\\nVideo Produced by: Jamee Ranta\\n\\nMeghan Trainor online: \\nhttps://twitter.com/Meghan_Trainor \\nhttps://www.instagram.com/meghan_trainor \\nhttps://www.facebook.com/meghantrainorsongs \\nhttps://meghan-trainor.com\\n\\n(C) 2018 Epic Records, a division of Sony Music Entertainment",2018-03-01T13:00:05.000Z,2615498,89453,5559,8517,6
Meghan Trainor - No Excuses,FR,MeghanTrainorVEVO,Music,"\"meghan trainor\"\"|\"\"no excuses\"\"|\"\"no excuses official video\"\"|\"\"all about that bass\"\"|\"\"like i'm gonna lose you\"\"|\"\"me too\"\"|\"\"no\"\"|\"\"dear future husband\"\"|\"\"better when i'm dancin'\"\"|\"\"fifth harmony\"\"|\"\"rixton\"\"|\"\"ariana grande\"\"|\"\"tori kelly\"\"|\"\"nick jonas\"\"|\"\"shawn mendes\"\"|\"\"selena gomez\"\"|\"\"Epic\"\"|\"\"Meghan Trainor\"\"|\"\"No Excuses\"\"|\"\"Pop\"","No Excuses available at Spotify: http://smarturl.it/NoExcusesMT/spotify\\niTunes: http://smarturl.it/NoExcusesMT/itunes\\nAmazon: http://smarturl.it/NoExcusesMT/amazonmusicbuy\\nApple Music: http://smarturl.it/NoExcusesMT/applemusic\\nGoogle Play: http://smarturl.it/NoExcusesMT/googleplay\\n\\nVideo Directed by: Colin Tilley\\nVideo Produced by: Jamee Ranta\\n\\nMeghan Trainor online: \\nhttps://twitter.com/Meghan_Trainor \\nhttps://www.instagram.com/meghan_trainor \\nhttps://www.facebook.com/meghantrainorsongs \\nhttps://meghan-trainor.com\\n\\n(C) 2018 Epic Records, a division of Sony Music Entertainment",2018-03-01T13:00:05.000Z,2615498,89455,5559,8517,6
Meghan Trainor - No Excuses,GB,MeghanTrainorVEVO,Music,"\"meghan trainor\"|\"no excuses\"|\"no excuses official video\"|\"all about that bass\"|\"like i'm gonna lose you\"|\"me too\"|\"no\"|\"dear future husband\"|\"better when i'm dancin'\"|\"fifth harmony\"|\"rixton\"|\"ariana grande\"|\"tori kelly\"|\"nick jonas\"|\"shawn mendes\"|\"selena gomez\"|\"Epic\"|\"Meghan Trainor\"|\"No Excuses\"|\"Pop\"","No Excuses available at Spotify: http://smarturl.it/NoExcusesMT/spotify\\niTunes: http://smarturl.it/NoExcusesMT/itunes\\nAmazon: http://smarturl.it/NoExcusesMT/amazonmusicbuy\\nApple Music: http://smarturl.it/NoExcusesMT/applemusic\\nGoogle Play: http://smarturl.it/NoExcusesMT/googleplay\\n\\nVideo Directed by: Colin Tilley\\nVideo Produced by: Jamee Ranta\\n\\nMeghan Trainor online: \\nhttps://twitter.com/Meghan_Trainor \\nhttps://www.instagram.com/meghan_trainor \\nhttps://www.facebook.com/meghantrainorsongs \\nhttps://meghan-trainor.com\\n\\n(C) 2018 Epic Records, a division of Sony Music Entertainment",2018-03-01T13:00:05.000Z,9190703,455891,35823,28005,6
Meghan Trainor - No Excuses,MX,MeghanTrainorVEVO,Music,"\"meghan trainor|\"\"no excuses\"\"|\"\"no excuses official video\"\"|\"\"all about that bass\"\"|\"\"like i'm gonna lose you\"\"|\"\"me too\"\"|\"\"no\"\"|\"\"dear future husband\"\"|\"\"better when i'm dancin'\"\"|\"\"fifth harmony\"\"|\"\"rixton\"\"|\"\"ariana grande\"\"|\"\"tori kelly\"\"|\"\"nick jonas\"\"|\"\"shawn mendes\"\"|\"\"selena gomez\"\"|\"\"Epic\"\"|\"\"Meghan Trainor\"\"|\"\"No Excuses\"\"|\"\"Pop\"\"\"","No Excuses available at Spotify: http://smarturl.it/NoExcusesMT/spotify\\niTunes: http://smarturl.it/NoExcusesMT/itunes\\nAmazon: http://smarturl.it/NoExcusesMT/amazonmusicbuy\\nApple Music: http://smarturl.it/NoExcusesMT/applemusic\\nGoogle Play: http://smarturl.it/NoExcusesMT/googleplay\\n\\nVideo Directed by: Colin Tilley\\nVideo Produced by: Jamee Ranta\\n\\nMeghan Trainor online: \\nhttps://twitter.com/Meghan_Trainor \\nhttps://www.instagram.com/meghan_trainor \\nhttps://www.facebook.com/meghantrainorsongs \\nhttps://meghan-trainor.com\\n\\n(C) 2018 Epic Records, a division of Sony Music Entertainment",2018-03-01T13:00:05.000Z,2616209,89457,5560,8523,6
Meghan Trainor - No Excuses,US,MeghanTrainorVEVO,Music,"\"meghan trainor\"|\"no excuses\"|\"no excuses official video\"|\"all about that bass\"|\"like i'm gonna lose you\"|\"me too\"|\"no\"|\"dear future husband\"|\"better when i'm dancin'\"|\"fifth harmony\"|\"rixton\"|\"ariana grande\"|\"tori kelly\"|\"nick jonas\"|\"shawn mendes\"|\"selena gomez\"|\"Epic\"|\"Meghan Trainor\"|\"No Excuses\"|\"Pop\"","No Excuses available at Spotify: http://smarturl.it/NoExcusesMT/spotify\\niTunes: http://smarturl.it/NoExcusesMT/itunes\\nAmazon: http://smarturl.it/NoExcusesMT/amazonmusicbuy\\nApple Music: http://smarturl.it/NoExcusesMT/applemusic\\nGoogle Play: http://smarturl.it/NoExcusesMT/googleplay\\n\\nVideo Directed by: Colin Tilley\\nVideo Produced by: Jamee Ranta\\n\\nMeghan Trainor online: \\nhttps://twitter.com/Meghan_Trainor \\nhttps://www.instagram.com/meghan_trainor \\nhttps://www.facebook.com/meghantrainorsongs \\nhttps://meghan-trainor.com\\n\\n(C) 2018 Epic Records, a division of Sony Music Entertainment",2018-03-01T13:00:05.000Z,9190703,89449,5559,8517,6
