title,country,channel_title,category,tags,description,publish_time,views,likes,dislikes,comment_count,cnt
Corporate Taxes: Last Week Tonight with John Oliver (HBO),DE,LastWeekTonight,Entertainment,[none],"Many of America’s largest corporations shift a surprising portion of their profits overseas to avoid paying taxes. Even more surprisingly, that’s a legal thing to do.\\n\\nConnect with Last Week Tonight online...\\n\\nSubscribe to the Last Week Tonight YouTube channel for more almost news as it almost happens: www.youtube.com/user/LastWeekTonight\\n\\nFind Last Week Tonight on Facebook like your mom would: http://Facebook.com/LastWeekTonight\\n\\nFollow us on Twitter for news about jokes and jokes about news: http://Twitter.com/LastWeekTonight\\n\\nVisit our official site for all that other stuff at once: http://www.hbo.com/lastweektonight",2018-04-16T06:30:00.000Z,2961719,58928,1819,5089,5
Corporate Taxes: Last Week Tonight with John Oliver (HBO),FR,LastWeekTonight,Entertainment,[none],"Many of America’s largest corporations shift a surprising portion of their profits overseas to avoid paying taxes. Even more surprisingly, that’s a legal thing to do.\\n\\nConnect with Last Week Tonight online...\\n\\nSubscribe to the Last Week Tonight YouTube channel for more almost news as it almost happens: www.youtube.com/user/LastWeekTonight\\n\\nFind Last Week Tonight on Facebook like your mom would: http://Facebook.com/LastWeekTonight\\n\\nFollow us on Twitter for news about jokes and jokes about news: http://Twitter.com/LastWeekTonight\\n\\nVisit our official site for all that other stuff at once: http://www.hbo.com/lastweektonight",2018-04-16T06:30:00.000Z,2726898,56510,1695,4801,5
Corporate Taxes: Last Week Tonight with John Oliver (HBO),IN,LastWeekTonight,Entertainment,[none],"Many of America’s largest corporations shift a surprising portion of their profits overseas to avoid paying taxes. Even more surprisingly, that’s a legal thing to do.\\n\\nConnect with Last Week Tonight online...\\n\\nSubscribe to the Last Week Tonight YouTube channel for more almost news as it almost happens: www.youtube.com/user/LastWeekTonight\\n\\nFind Last Week Tonight on Facebook like your mom would: http://Facebook.com/LastWeekTonight\\n\\nFollow us on Twitter for news about jokes and jokes about news: http://Twitter.com/LastWeekTonight\\n\\nVisit our official site for all that other stuff at once: http://www.hbo.com/lastweektonight",2018-04-16T06:30:00.000Z,2217638,50441,1420,4199,5
Corporate Taxes: Last Week Tonight with John Oliver (HBO),JP,LastWeekTonight,Entertainment,[none],"Many of America’s largest corporations shift a surprising portion of their profits overseas to avoid paying taxes. Even more surprisingly, that’s a legal thing to do.\\n\\nConnect with Last Week Tonight online...\\n\\nSubscribe to the Last Week Tonight YouTube channel for more almost news as it almost happens: www.youtube.com/user/LastWeekTonight\\n\\nFind Last Week Tonight on Facebook like your mom would: http://Facebook.com/LastWeekTonight\\n\\nFollow us on Twitter for news about jokes and jokes about news: http://Twitter.com/LastWeekTonight\\n\\nVisit our official site for all that other stuff at once: http://www.hbo.com/lastweektonight",2018-04-16T06:30:00.000Z,2217638,50442,1420,4199,5
Corporate Taxes: Last Week Tonight with John Oliver (HBO),MX,LastWeekTonight,Entertainment,[none],"Many of America’s largest corporations shift a surprising portion of their profits overseas to avoid paying taxes. Even more surprisingly, that’s a legal thing to do.\\n\\nConnect with Last Week Tonight online...\\n\\nSubscribe to the Last Week Tonight YouTube channel for more almost news as it almost happens: www.youtube.com/user/LastWeekTonight\\n\\nFind Last Week Tonight on Facebook like your mom would: http://Facebook.com/LastWeekTonight\\n\\nFollow us on Twitter for news about jokes and jokes about news: http://Twitter.com/LastWeekTonight\\n\\nVisit our official site for all that other stuff at once: http://www.hbo.com/lastweektonight",2018-04-16T06:30:00.000Z,2217638,50443,1420,4199,5
Fails Like Teen Spirit (February 2018) | FailArmy,CA,FailArmy,Comedy,"\"failarmy\"|\"fail army\"|\"fails\"|\"fail laugh\"|\"funny videos\"|\"fail compilation 2017\"|\"bad friends\"|\"funny friends\"|\"fails of the month\"|\"skateboarding\"|\"fails of the week\"|\"scooter fail\"|\"workout fails\"|\"epic fails\"|\"funny fails\"|\"fail\"|\"failarmy 2018\"|\"failarmy kids\"|\"failarmy parkour\"|\"failarmy animals\"|\"failarmy cats\"|\"fails 2017\"|\"fails compilation\"|\"fail army funny\"|\"failarmy instant karma\"|\"fail compilation\"|\"teen fails\"|\"faceplant\"|\"kurt cobain\"|\"wrestle fail\"|\"school prank\"|\"bmx fails 2018\"","Fails Like Teen Spirit is all about the best years of your life (so they say), and the fails that come along with it. Kurt Cobain would be proud of these! Have a favorite? Let us know in the comments below! \\n\\n►►► SUBMIT YOUR VIDEOS! http://bit.ly/fasubmit \\nSUBSCRIBE! http://bit.ly/fasubscribe\\n\\nFACEBOOK • http://bit.ly/fafbpage\\nINSTAGRAM • http://bit.ly/fainsta\\nTWITTER • http://bit.ly/fatweet\\nTWITCH •  http://bit.ly/FailArmyTwitch\\nCheck out FailArmy U!!! • http://bit.ly/failu\\nFailArmy gear • http://bit.ly/failmerch\\n\\nWe've got friends in high places! Give them a watch: \\n\\nPeople Are Awesome - https://goo.gl/zDCbjj \\nThe Pet Collective - https://goo.gl/vQI0He \\nJukinVideo - https://goo.gl/7PG5MZ\\nPoke My Heart - https://goo.gl/ZLwQ4k\\nDaily Picks & Flicks - https://goo.gl/bVnuVE\\n\\nFailArmy is the world’s number one source for epic fail videos and hilarious compilations. We’re powered by fan submissions and feedback from all around the world, with over 30 million fans across digital platforms! \\n\\nTo license any of the videos shown on FailArmy, please visit Jukin Media at http://bit.ly/jukinlicense.\\n\\nVideos:\\n\\nCan Hits Guy's Groin https://goo.gl/4aKZf6\\nScooter Rider Lands With Rail In Between Legs https://goo.gl/r79BF9\\nGuy Faceplants Halfpipe After Attempted Backflip Tailwhip https://goo.gl/wxWTnV\\nWoman Falls While Bowling Between Legs https://goo.gl/FpimfE\\nHot Pepper Challenge Goes Wrong https://goo.gl/JQe6YH\\nKick Falls While Attempting High Kick https://goo.gl/3gLKQA\\nGuy Falls While Attempting Backflip on Swing https://goo.gl/eWj8TP\\nCheerleader Falls During Stunt Training https://goo.gl/kffiVn\\nGuy Falls on Head After Attempting Backflip off Swing https://goo.gl/gHW2N2\\nGirl Faceplants After Attempting to Jump Over Volleyball Net https://goo.gl/WTqhuf\\nGuy Runs Into Wall During Blindfolded Race https://goo.gl/t9oEJh\\nGuy Falls While Attempting Backflip in Elevator https://goo.gl/Am2m1E\\nGirl Smacks Head with Resistance Band https://goo.gl/5KMU3V\\nGuy Attempts Bike Stunt and Face Plants https://goo.gl/qDKLJN\\nSkier Tumbles Down Mountain https://goo.gl/9KuSnq\\nGuy Acts Loopy While Sedated https://goo.gl/Zmdr2c\\nGirls Regret Feeding Ostrich https://goo.gl/7RnFMu\\nFirst Time Driver Crashes Into Garage https://goo.gl/TpsuYW\\nGirl Faceplants While Trying to Slide Down Bridge Arch https://goo.gl/Ke5P3a\\nSiblings Break Glass Table While Wrestling https://goo.gl/tXzytu\\nKid Tries to Impress Girl with Dance Moves https://goo.gl/Vtk4uR\\nKid Falls off Hoverboard While Shoveling Snow https://goo.gl/sidjRe\\nWoman Falls on Stomach After Backflip https://goo.gl/BA8G2k\\nGuy Backflips and Lands on Glasses https://goo.gl/FSLhe5\\nGuy on BMX Bike Lands Front Flip on Fence https://goo.gl/DJaeDf\\nGirl Tries The Kyle Jenner Lip Challenge https://goo.gl/jyUZMJ\\nTeen Eats Wood Chips https://goo.gl/Bd1Jff\\nTeen Breaks Diving Board https://goo.gl/bLjy2i\\nTeens Dance to Some Music https://goo.gl/EcxjZ6\\nTeen Falls on Swegway https://goo.gl/4nRr6C\\nTeen Embarrassingly Flies Over Handlebars https://goo.gl/wNFK16\\nTeen Plays with Remote Controlled Car https://goo.gl/KCAqSp\\nTeen Can't Do Box Jumps https://goo.gl/n8H2GW\\nBatman and Superman Stunt Breaks Roof https://goo.gl/cwSnGB\\nStilts vs. Treadmill https://goo.gl/2N7qyA\\nSkateboarder Breaks Board and Hurts Nuts https://goo.gl/sR5XKj\\nTeen Riding Tandem on WaveRunner Falls Overboard https://goo.gl/8EBSKF\\nFalling Asleep at School Desk Prank https://goo.gl/V3r6hk\\nGuy Smashes Milk Jugs and Slips https://goo.gl/hTTmg7\\nPing Pong Headshot Fail https://goo.gl/BnGMkH",2018-02-27T14:00:04.000Z,851762,29052,815,968,5
Fails Like Teen Spirit (February 2018) | FailArmy,DE,FailArmy,Comedy,"\"failarmy\"|\"fail army\"|\"fails\"|\"fail laugh\"|\"funny videos\"|\"fail compilation 2017\"|\"bad friends\"|\"funny friends\"|\"fails of the month\"|\"skateboarding\"|\"fails of the week\"|\"scooter fail\"|\"workout fails\"|\"epic fails\"|\"funny fails\"|\"fail\"|\"failarmy 2018\"|\"failarmy kids\"|\"failarmy parkour\"|\"failarmy animals\"|\"failarmy cats\"|\"fails 2017\"|\"fails compilation\"|\"fail army funny\"|\"failarmy instant karma\"|\"fail compilation\"|\"teen fails\"|\"faceplant\"|\"kurt cobain\"|\"wrestle fail\"|\"school prank\"|\"bmx fails 2018\"","Fails Like Teen Spirit is all about the best years of your life (so they say), and the fails that come along with it. Kurt Cobain would be proud of these! Have a favorite? Let us know in the comments below! \\n\\n►►► SUBMIT YOUR VIDEOS! http://bit.ly/fasubmit \\nSUBSCRIBE! http://bit.ly/fasubscribe\\n\\nFACEBOOK • http://bit.ly/fafbpage\\nINSTAGRAM • http://bit.ly/fainsta\\nTWITTER • http://bit.ly/fatweet\\nTWITCH •  http://bit.ly/FailArmyTwitch\\nCheck out FailArmy U!!! • http://bit.ly/failu\\nFailArmy gear • http://bit.ly/failmerch\\n\\nWe've got friends in high places! Give them a watch: \\n\\nPeople Are Awesome - https://goo.gl/zDCbjj \\nThe Pet Collective - https://goo.gl/vQI0He \\nJukinVideo - https://goo.gl/7PG5MZ\\nPoke My Heart - https://goo.gl/ZLwQ4k\\nDaily Picks & Flicks - https://goo.gl/bVnuVE\\n\\nFailArmy is the world’s number one source for epic fail videos and hilarious compilations. We’re powered by fan submissions and feedback from all around the world, with over 30 million fans across digital platforms! \\n\\nTo license any of the videos shown on FailArmy, please visit Jukin Media at http://bit.ly/jukinlicense.\\n\\nVideos:\\n\\nCan Hits Guy's Groin https://goo.gl/4aKZf6\\nScooter Rider Lands With Rail In Between Legs https://goo.gl/r79BF9\\nGuy Faceplants Halfpipe After Attempted Backflip Tailwhip https://goo.gl/wxWTnV\\nWoman Falls While Bowling Between Legs https://goo.gl/FpimfE\\nHot Pepper Challenge Goes Wrong https://goo.gl/JQe6YH\\nKick Falls While Attempting High Kick https://goo.gl/3gLKQA\\nGuy Falls While Attempting Backflip on Swing https://goo.gl/eWj8TP\\nCheerleader Falls During Stunt Training https://goo.gl/kffiVn\\nGuy Falls on Head After Attempting Backflip off Swing https://goo.gl/gHW2N2\\nGirl Faceplants After Attempting to Jump Over Volleyball Net https://goo.gl/WTqhuf\\nGuy Runs Into Wall During Blindfolded Race https://goo.gl/t9oEJh\\nGuy Falls While Attempting Backflip in Elevator https://goo.gl/Am2m1E\\nGirl Smacks Head with Resistance Band https://goo.gl/5KMU3V\\nGuy Attempts Bike Stunt and Face Plants https://goo.gl/qDKLJN\\nSkier Tumbles Down Mountain https://goo.gl/9KuSnq\\nGuy Acts Loopy While Sedated https://goo.gl/Zmdr2c\\nGirls Regret Feeding Ostrich https://goo.gl/7RnFMu\\nFirst Time Driver Crashes Into Garage https://goo.gl/TpsuYW\\nGirl Faceplants While Trying to Slide Down Bridge Arch https://goo.gl/Ke5P3a\\nSiblings Break Glass Table While Wrestling https://goo.gl/tXzytu\\nKid Tries to Impress Girl with Dance Moves https://goo.gl/Vtk4uR\\nKid Falls off Hoverboard While Shoveling Snow https://goo.gl/sidjRe\\nWoman Falls on Stomach After Backflip https://goo.gl/BA8G2k\\nGuy Backflips and Lands on Glasses https://goo.gl/FSLhe5\\nGuy on BMX Bike Lands Front Flip on Fence https://goo.gl/DJaeDf\\nGirl Tries The Kyle Jenner Lip Challenge https://goo.gl/jyUZMJ\\nTeen Eats Wood Chips https://goo.gl/Bd1Jff\\nTeen Breaks Diving Board https://goo.gl/bLjy2i\\nTeens Dance to Some Music https://goo.gl/EcxjZ6\\nTeen Falls on Swegway https://goo.gl/4nRr6C\\nTeen Embarrassingly Flies Over Handlebars https://goo.gl/wNFK16\\nTeen Plays with Remote Controlled Car https://goo.gl/KCAqSp\\nTeen Can't Do Box Jumps https://goo.gl/n8H2GW\\nBatman and Superman Stunt Breaks Roof https://goo.gl/cwSnGB\\nStilts vs. Treadmill https://goo.gl/2N7qyA\\nSkateboarder Breaks Board and Hurts Nuts https://goo.gl/sR5XKj\\nTeen Riding Tandem on WaveRunner Falls Overboard https://goo.gl/8EBSKF\\nFalling Asleep at School Desk Prank https://goo.gl/V3r6hk\\nGuy Smashes Milk Jugs and Slips https://goo.gl/hTTmg7\\nPing Pong Headshot Fail https://goo.gl/BnGMkH",2018-02-27T14:00:04.000Z,851762,31168,815,968,5
Fails Like Teen Spirit (February 2018) | FailArmy,FR,FailArmy,Comedy,"\"failarmy\"\"|\"\"fail army\"\"|\"\"fails\"\"|\"\"fail laugh\"\"|\"\"funny videos\"\"|\"\"fail compilation 2017\"\"|\"\"bad friends\"\"|\"\"funny friends\"\"|\"\"fails of the month\"\"|\"\"skateboarding\"\"|\"\"fails of the week\"\"|\"\"scooter fail\"\"|\"\"workout fails\"\"|\"\"epic fails\"\"|\"\"funny fails\"\"|\"\"fail\"\"|\"\"failarmy 2018\"\"|\"\"failarmy kids\"\"|\"\"failarmy parkour\"\"|\"\"failarmy animals\"\"|\"\"failarmy cats\"\"|\"\"fails 2017\"\"|\"\"fails compilation\"\"|\"\"fail army funny\"\"|\"\"failarmy instant karma\"\"|\"\"fail compilation\"\"|\"\"teen fails\"\"|\"\"faceplant\"\"|\"\"kurt cobain\"\"|\"\"wrestle fail\"\"|\"\"school prank\"\"|\"\"bmx fails 2018\"","Fails Like Teen Spirit is all about the best years of your life (so they say), and the fails that come along with it. Kurt Cobain would be proud of these! Have a favorite? Let us know in the comments below! \\n\\n►►► SUBMIT YOUR VIDEOS! http://bit.ly/fasubmit \\nSUBSCRIBE! http://bit.ly/fasubscribe\\n\\nFACEBOOK • http://bit.ly/fafbpage\\nINSTAGRAM • http://bit.ly/fainsta\\nTWITTER • http://bit.ly/fatweet\\nTWITCH •  http://bit.ly/FailArmyTwitch\\nCheck out FailArmy U!!! • http://bit.ly/failu\\nFailArmy gear • http://bit.ly/failmerch\\n\\nWe've got friends in high places! Give them a watch: \\n\\nPeople Are Awesome - https://goo.gl/zDCbjj \\nThe Pet Collective - https://goo.gl/vQI0He \\nJukinVideo - https://goo.gl/7PG5MZ\\nPoke My Heart - https://goo.gl/ZLwQ4k\\nDaily Picks & Flicks - https://goo.gl/bVnuVE\\n\\nFailArmy is the world’s number one source for epic fail videos and hilarious compilations. We’re powered by fan submissions and feedback from all around the world, with over 30 million fans across digital platforms! \\n\\nTo license any of the videos shown on FailArmy, please visit Jukin Media at http://bit.ly/jukinlicense.\\n\\nVideos:\\n\\nCan Hits Guy's Groin https://goo.gl/4aKZf6\\nScooter Rider Lands With Rail In Between Legs https://goo.gl/r79BF9\\nGuy Faceplants Halfpipe After Attempted Backflip Tailwhip https://goo.gl/wxWTnV\\nWoman Falls While Bowling Between Legs https://goo.gl/FpimfE\\nHot Pepper Challenge Goes Wrong https://goo.gl/JQe6YH\\nKick Falls While Attempting High Kick https://goo.gl/3gLKQA\\nGuy Falls While Attempting Backflip on Swing https://goo.gl/eWj8TP\\nCheerleader Falls During Stunt Training https://goo.gl/kffiVn\\nGuy Falls on Head After Attempting Backflip off Swing https://goo.gl/gHW2N2\\nGirl Faceplants After Attempting to Jump Over Volleyball Net https://goo.gl/WTqhuf\\nGuy Runs Into Wall During Blindfolded Race https://goo.gl/t9oEJh\\nGuy Falls While Attempting Backflip in Elevator https://goo.gl/Am2m1E\\nGirl Smacks Head with Resistance Band https://goo.gl/5KMU3V\\nGuy Attempts Bike Stunt and Face Plants https://goo.gl/qDKLJN\\nSkier Tumbles Down Mountain https://goo.gl/9KuSnq\\nGuy Acts Loopy While Sedated https://goo.gl/Zmdr2c\\nGirls Regret Feeding Ostrich https://goo.gl/7RnFMu\\nFirst Time Driver Crashes Into Garage https://goo.gl/TpsuYW\\nGirl Faceplants While Trying to Slide Down Bridge Arch https://goo.gl/Ke5P3a\\nSiblings Break Glass Table While Wrestling https://goo.gl/tXzytu\\nKid Tries to Impress Girl with Dance Moves https://goo.gl/Vtk4uR\\nKid Falls off Hoverboard While Shoveling Snow https://goo.gl/sidjRe\\nWoman Falls on Stomach After Backflip https://goo.gl/BA8G2k\\nGuy Backflips and Lands on Glasses https://goo.gl/FSLhe5\\nGuy on BMX Bike Lands Front Flip on Fence https://goo.gl/DJaeDf\\nGirl Tries The Kyle Jenner Lip Challenge https://goo.gl/jyUZMJ\\nTeen Eats Wood Chips https://goo.gl/Bd1Jff\\nTeen Breaks Diving Board https://goo.gl/bLjy2i\\nTeens Dance to Some Music https://goo.gl/EcxjZ6\\nTeen Falls on Swegway https://goo.gl/4nRr6C\\nTeen Embarrassingly Flies Over Handlebars https://goo.gl/wNFK16\\nTeen Plays with Remote Controlled Car https://goo.gl/KCAqSp\\nTeen Can't Do Box Jumps https://goo.gl/n8H2GW\\nBatman and Superman Stunt Breaks Roof https://goo.gl/cwSnGB\\nStilts vs. Treadmill https://goo.gl/2N7qyA\\nSkateboarder Breaks Board and Hurts Nuts https://goo.gl/sR5XKj\\nTeen Riding Tandem on WaveRunner Falls Overboard https://goo.gl/8EBSKF\\nFalling Asleep at School Desk Prank https://goo.gl/V3r6hk\\nGuy Smashes Milk Jugs and Slips https://goo.gl/hTTmg7\\nPing Pong Headshot Fail https://goo.gl/BnGMkH",2018-02-27T14:00:04.000Z,851762,23222,815,968,5
Fails Like Teen Spirit (February 2018) | FailArmy,MX,FailArmy,Comedy,"\"failarmy|\"\"fail army\"\"|\"\"fails\"\"|\"\"fail laugh\"\"|\"\"funny videos\"\"|\"\"fail compilation 2017\"\"|\"\"bad friends\"\"|\"\"funny friends\"\"|\"\"fails of the month\"\"|\"\"skateboarding\"\"|\"\"fails of the week\"\"|\"\"scooter fail\"\"|\"\"workout fails\"\"|\"\"epic fails\"\"|\"\"funny fails\"\"|\"\"fail\"\"|\"\"failarmy 2018\"\"|\"\"failarmy kids\"\"|\"\"failarmy parkour\"\"|\"\"failarmy animals\"\"|\"\"failarmy cats\"\"|\"\"fails 2017\"\"|\"\"fails compilation\"\"|\"\"fail army funny\"\"|\"\"failarmy instant karma\"\"|\"\"fail compilation\"\"|\"\"teen fails\"\"|\"\"faceplant\"\"|\"\"kurt cobain\"\"|\"\"wrestle fail\"\"|\"\"school prank\"\"|\"\"bmx fails 2018\"\"\"","Fails Like Teen Spirit is all about the best years of your life (so they say), and the fails that come along with it. Kurt Cobain would be proud of these! Have a favorite? Let us know in the comments below! \\n\\n►►► SUBMIT YOUR VIDEOS! http://bit.ly/fasubmit \\nSUBSCRIBE! http://bit.ly/fasubscribe\\n\\nFACEBOOK • http://bit.ly/fafbpage\\nINSTAGRAM • http://bit.ly/fainsta\\nTWITTER • http://bit.ly/fatweet\\nTWITCH •  http://bit.ly/FailArmyTwitch\\nCheck out FailArmy U!!! • http://bit.ly/failu\\nFailArmy gear • http://bit.ly/failmerch\\n\\nWe've got friends in high places! Give them a watch: \\n\\nPeople Are Awesome - https://goo.gl/zDCbjj \\nThe Pet Collective - https://goo.gl/vQI0He \\nJukinVideo - https://goo.gl/7PG5MZ\\nPoke My Heart - https://goo.gl/ZLwQ4k\\nDaily Picks & Flicks - https://goo.gl/bVnuVE\\n\\nFailArmy is the world’s number one source for epic fail videos and hilarious compilations. We’re powered by fan submissions and feedback from all around the world, with over 30 million fans across digital platforms! \\n\\nTo license any of the videos shown on FailArmy, please visit Jukin Media at http://bit.ly/jukinlicense.\\n\\nVideos:\\n\\nCan Hits Guy's Groin https://goo.gl/4aKZf6\\nScooter Rider Lands With Rail In Between Legs https://goo.gl/r79BF9\\nGuy Faceplants Halfpipe After Attempted Backflip Tailwhip https://goo.gl/wxWTnV\\nWoman Falls While Bowling Between Legs https://goo.gl/FpimfE\\nHot Pepper Challenge Goes Wrong https://goo.gl/JQe6YH\\nKick Falls While Attempting High Kick https://goo.gl/3gLKQA\\nGuy Falls While Attempting Backflip on Swing https://goo.gl/eWj8TP\\nCheerleader Falls During Stunt Training https://goo.gl/kffiVn\\nGuy Falls on Head After Attempting Backflip off Swing https://goo.gl/gHW2N2\\nGirl Faceplants After Attempting to Jump Over Volleyball Net https://goo.gl/WTqhuf\\nGuy Runs Into Wall During Blindfolded Race https://goo.gl/t9oEJh\\nGuy Falls While Attempting Backflip in Elevator https://goo.gl/Am2m1E\\nGirl Smacks Head with Resistance Band https://goo.gl/5KMU3V\\nGuy Attempts Bike Stunt and Face Plants https://goo.gl/qDKLJN\\nSkier Tumbles Down Mountain https://goo.gl/9KuSnq\\nGuy Acts Loopy While Sedated https://goo.gl/Zmdr2c\\nGirls Regret Feeding Ostrich https://goo.gl/7RnFMu\\nFirst Time Driver Crashes Into Garage https://goo.gl/TpsuYW\\nGirl Faceplants While Trying to Slide Down Bridge Arch https://goo.gl/Ke5P3a\\nSiblings Break Glass Table While Wrestling https://goo.gl/tXzytu\\nKid Tries to Impress Girl with Dance Moves https://goo.gl/Vtk4uR\\nKid Falls off Hoverboard While Shoveling Snow https://goo.gl/sidjRe\\nWoman Falls on Stomach After Backflip https://goo.gl/BA8G2k\\nGuy Backflips and Lands on Glasses https://goo.gl/FSLhe5\\nGuy on BMX Bike Lands Front Flip on Fence https://goo.gl/DJaeDf\\nGirl Tries The Kyle Jenner Lip Challenge https://goo.gl/jyUZMJ\\nTeen Eats Wood Chips https://goo.gl/Bd1Jff\\nTeen Breaks Diving Board https://goo.gl/bLjy2i\\nTeens Dance to Some Music https://goo.gl/EcxjZ6\\nTeen Falls on Swegway https://goo.gl/4nRr6C\\nTeen Embarrassingly Flies Over Handlebars https://goo.gl/wNFK16\\nTeen Plays with Remote Controlled Car https://goo.gl/KCAqSp\\nTeen Can't Do Box Jumps https://goo.gl/n8H2GW\\nBatman and Superman Stunt Breaks Roof https://goo.gl/cwSnGB\\nStilts vs. Treadmill https://goo.gl/2N7qyA\\nSkateboarder Breaks Board and Hurts Nuts https://goo.gl/sR5XKj\\nTeen Riding Tandem on WaveRunner Falls Overboard https://goo.gl/8EBSKF\\nFalling Asleep at School Desk Prank https://goo.gl/V3r6hk\\nGuy Smashes Milk Jugs and Slips https://goo.gl/hTTmg7\\nPing Pong Headshot Fail https://goo.gl/BnGMkH",2018-02-27T14:00:04.000Z,851762,23223,815,968,5
Fails Like Teen Spirit (February 2018) | FailArmy,RU,FailArmy,Comedy,"\"failarmy|\"\"fail army\"\"|\"\"fails\"\"|\"\"fail laugh\"\"|\"\"funny videos\"\"|\"\"fail compilation 2017\"\"|\"\"bad friends\"\"|\"\"funny friends\"\"|\"\"fails of the month\"\"|\"\"skateboarding\"\"|\"\"fails of the week\"\"|\"\"scooter fail\"\"|\"\"workout fails\"\"|\"\"epic fails\"\"|\"\"funny fails\"\"|\"\"fail\"\"|\"\"failarmy 2018\"\"|\"\"failarmy kids\"\"|\"\"failarmy parkour\"\"|\"\"failarmy animals\"\"|\"\"failarmy cats\"\"|\"\"fails 2017\"\"|\"\"fails compilation\"\"|\"\"fail army funny\"\"|\"\"failarmy instant karma\"\"|\"\"fail compilation\"\"|\"\"teen fails\"\"|\"\"faceplant\"\"|\"\"kurt cobain\"\"|\"\"wrestle fail\"\"|\"\"school prank\"\"|\"\"bmx fails 2018\"\"\"","Fails Like Teen Spirit is all about the best years of your life (so they say), and the fails that come along with it. Kurt Cobain would be proud of these! Have a favorite? Let us know in the comments below! \\n\\n►►► SUBMIT YOUR VIDEOS! http://bit.ly/fasubmit \\nSUBSCRIBE! http://bit.ly/fasubscribe\\n\\nFACEBOOK • http://bit.ly/fafbpage\\nINSTAGRAM • http://bit.ly/fainsta\\nTWITTER • http://bit.ly/fatweet\\nTWITCH •  http://bit.ly/FailArmyTwitch\\nCheck out FailArmy U!!! • http://bit.ly/failu\\nFailArmy gear • http://bit.ly/failmerch\\n\\nWe've got friends in high places! Give them a watch: \\n\\nPeople Are Awesome - https://goo.gl/zDCbjj \\nThe Pet Collective - https://goo.gl/vQI0He \\nJukinVideo - https://goo.gl/7PG5MZ\\nPoke My Heart - https://goo.gl/ZLwQ4k\\nDaily Picks & Flicks - https://goo.gl/bVnuVE\\n\\nFailArmy is the world’s number one source for epic fail videos and hilarious compilations. We’re powered by fan submissions and feedback from all around the world, with over 30 million fans across digital platforms! \\n\\nTo license any of the videos shown on FailArmy, please visit Jukin Media at http://bit.ly/jukinlicense.\\n\\nVideos:\\n\\nCan Hits Guy's Groin https://goo.gl/4aKZf6\\nScooter Rider Lands With Rail In Between Legs https://goo.gl/r79BF9\\nGuy Faceplants Halfpipe After Attempted Backflip Tailwhip https://goo.gl/wxWTnV\\nWoman Falls While Bowling Between Legs https://goo.gl/FpimfE\\nHot Pepper Challenge Goes Wrong https://goo.gl/JQe6YH\\nKick Falls While Attempting High Kick https://goo.gl/3gLKQA\\nGuy Falls While Attempting Backflip on Swing https://goo.gl/eWj8TP\\nCheerleader Falls During Stunt Training https://goo.gl/kffiVn\\nGuy Falls on Head After Attempting Backflip off Swing https://goo.gl/gHW2N2\\nGirl Faceplants After Attempting to Jump Over Volleyball Net https://goo.gl/WTqhuf\\nGuy Runs Into Wall During Blindfolded Race https://goo.gl/t9oEJh\\nGuy Falls While Attempting Backflip in Elevator https://goo.gl/Am2m1E\\nGirl Smacks Head with Resistance Band https://goo.gl/5KMU3V\\nGuy Attempts Bike Stunt and Face Plants https://goo.gl/qDKLJN\\nSkier Tumbles Down Mountain https://goo.gl/9KuSnq\\nGuy Acts Loopy While Sedated https://goo.gl/Zmdr2c\\nGirls Regret Feeding Ostrich https://goo.gl/7RnFMu\\nFirst Time Driver Crashes Into Garage https://goo.gl/TpsuYW\\nGirl Faceplants While Trying to Slide Down Bridge Arch https://goo.gl/Ke5P3a\\nSiblings Break Glass Table While Wrestling https://goo.gl/tXzytu\\nKid Tries to Impress Girl with Dance Moves https://goo.gl/Vtk4uR\\nKid Falls off Hoverboard While Shoveling Snow https://goo.gl/sidjRe\\nWoman Falls on Stomach After Backflip https://goo.gl/BA8G2k\\nGuy Backflips and Lands on Glasses https://goo.gl/FSLhe5\\nGuy on BMX Bike Lands Front Flip on Fence https://goo.gl/DJaeDf\\nGirl Tries The Kyle Jenner Lip Challenge https://goo.gl/jyUZMJ\\nTeen Eats Wood Chips https://goo.gl/Bd1Jff\\nTeen Breaks Diving Board https://goo.gl/bLjy2i\\nTeens Dance to Some Music https://goo.gl/EcxjZ6\\nTeen Falls on Swegway https://goo.gl/4nRr6C\\nTeen Embarrassingly Flies Over Handlebars https://goo.gl/wNFK16\\nTeen Plays with Remote Controlled Car https://goo.gl/KCAqSp\\nTeen Can't Do Box Jumps https://goo.gl/n8H2GW\\nBatman and Superman Stunt Breaks Roof https://goo.gl/cwSnGB\\nStilts vs. Treadmill https://goo.gl/2N7qyA\\nSkateboarder Breaks Board and Hurts Nuts https://goo.gl/sR5XKj\\nTeen Riding Tandem on WaveRunner Falls Overboard https://goo.gl/8EBSKF\\nFalling Asleep at School Desk Prank https://goo.gl/V3r6hk\\nGuy Smashes Milk Jugs and Slips https://goo.gl/hTTmg7\\nPing Pong Headshot Fail https://goo.gl/BnGMkH",2018-02-27T14:00:04.000Z,851762,23222,815,968,5
THIS MAN SHOULD'VE BEEN IN YOUTUBE REWIND.,CA,PewDiePie,Entertainment,"\"pewdiepie\"|\"johnny dee\"",Legend: https://www.youtube.com/channel/UC8K7ZcitMRkNoWV0yXVH2ng\n\nHeadphones::\nhttp://rzr.to/edgar\n\nChair::\nUSA & Asia: https://usa.clutchchairz.com/product/pewdiepie-edition-throttle-series/\nEurope: https://europe.clutchchairz.com/en/product/throttle-series-pewdiepie-edition/\nCanada: https://canada.clutchchairz.com/product/throttle-series-pewdiepie-edition/ ‎,2017-12-26T17:16:18.000Z,1688603,138002,2474,13444,6
THIS MAN SHOULD'VE BEEN IN YOUTUBE REWIND.,DE,PewDiePie,Entertainment,"\"pewdiepie\"|\"johnny dee\"",Legend: https://www.youtube.com/channel/UC8K7ZcitMRkNoWV0yXVH2ng\n\nHeadphones::\nhttp://rzr.to/edgar\n\nChair::\nUSA & Asia: https://usa.clutchchairz.com/product/pewdiepie-edition-throttle-series/\nEurope: https://europe.clutchchairz.com/en/product/throttle-series-pewdiepie-edition/\nCanada: https://canada.clutchchairz.com/product/throttle-series-pewdiepie-edition/ ‎,2017-12-26T17:16:18.000Z,1688603,137999,2474,13444,6
THIS MAN SHOULD'VE BEEN IN YOUTUBE REWIND.,FR,PewDiePie,Entertainment,"\"pewdiepie\"\"|\"\"johnny dee\"",Legend: https://www.youtube.com/channel/UC8K7ZcitMRkNoWV0yXVH2ng\n\nHeadphones::\nhttp://rzr.to/edgar\n\nChair::\nUSA & Asia: https://usa.clutchchairz.com/product/pewdiepie-edition-throttle-series/\nEurope: https://europe.clutchchairz.com/en/product/throttle-series-pewdiepie-edition/\nCanada: https://canada.clutchchairz.com/product/throttle-series-pewdiepie-edition/ ‎,2017-12-26T17:16:18.000Z,1688603,138002,2474,13444,6
THIS MAN SHOULD'VE BEEN IN YOUTUBE REWIND.,IN,PewDiePie,Entertainment,"\"pewdiepie|\"\"johnny dee\"\"\"",Legend: https://www.youtube.com/channel/UC8K7ZcitMRkNoWV0yXVH2ng\n\nHeadphones::\nhttp://rzr.to/edgar\n\nChair::\nUSA & Asia: https://usa.clutchchairz.com/product/pewdiepie-edition-throttle-series/\nEurope: https://europe.clutchchairz.com/en/product/throttle-series-pewdiepie-edition/\nCanada: https://canada.clutchchairz.com/product/throttle-series-pewdiepie-edition/ ‎,2017-12-26T17:16:18.000Z,2301094,169319,3117,16155,6
THIS MAN SHOULD'VE BEEN IN YOUTUBE REWIND.,MX,PewDiePie,Entertainment,"\"pewdiepie|\"\"johnny dee\"\"\"",Legend: https://www.youtube.com/channel/UC8K7ZcitMRkNoWV0yXVH2ng\n\nHeadphones::\nhttp://rzr.to/edgar\n\nChair::\nUSA & Asia: https://usa.clutchchairz.com/product/pewdiepie-edition-throttle-series/\nEurope: https://europe.clutchchairz.com/en/product/throttle-series-pewdiepie-edition/\nCanada: https://canada.clutchchairz.com/product/throttle-series-pewdiepie-edition/ ‎,2017-12-26T17:16:18.000Z,1688603,138006,2474,13444,6
THIS MAN SHOULD'VE BEEN IN YOUTUBE REWIND.,RU,PewDiePie,Entertainment,"\"pewdiepie|\"\"johnny dee\"\"\"",Legend: https://www.youtube.com/channel/UC8K7ZcitMRkNoWV0yXVH2ng\n\nHeadphones::\nhttp://rzr.to/edgar\n\nChair::\nUSA & Asia: https://usa.clutchchairz.com/product/pewdiepie-edition-throttle-series/\nEurope: https://europe.clutchchairz.com/en/product/throttle-series-pewdiepie-edition/\nCanada: https://canada.clutchchairz.com/product/throttle-series-pewdiepie-edition/ ‎,2017-12-26T17:16:18.000Z,1688603,138004,2474,13444,6
