title,country,channel_title,category,tags,description,publish_time,views,likes,dislikes,comment_count,cnt
"#MeToo Backlash | January 17, 2018 Act 1 | Full Frontal on TBS",CA,Full Frontal with Samantha Bee,People & Blogs,"\"Full Frontal with Samantha Bee\"|\"Full Frontal\"|\"Samantha Bee\"|\"Sam Bee\"|\"TBS\"|\"#MeToo\"",Women speaking out has finally led to men speaking about how unfair it was that the women got to speak in the first place.\n\nWatch Full Frontal with Samantha Bee all new Wednesdays at 10:30/ 9:30c on TBS!,2018-01-18T07:00:01.000Z,940904,17062,25278,9336,5
"#MeToo Backlash | January 17, 2018 Act 1 | Full Frontal on TBS",DE,Full Frontal with Samantha Bee,People & Blogs,"\"Full Frontal with Samantha Bee\"|\"Full Frontal\"|\"Samantha Bee\"|\"Sam Bee\"|\"TBS\"|\"#MeToo\"",Women speaking out has finally led to men speaking about how unfair it was that the women got to speak in the first place.\n\nWatch Full Frontal with Samantha Bee all new Wednesdays at 10:30/ 9:30c on TBS!,2018-01-18T07:00:01.000Z,940904,14815,20048,7250,5
"#MeToo Backlash | January 17, 2018 Act 1 | Full Frontal on TBS",FR,Full Frontal with Samantha Bee,People & Blogs,"\"Full Frontal with Samantha Bee\"\"|\"\"Full Frontal\"\"|\"\"Samantha Bee\"\"|\"\"Sam Bee\"\"|\"\"TBS\"\"|\"\"#MeToo\"",Women speaking out has finally led to men speaking about how unfair it was that the women got to speak in the first place.\n\nWatch Full Frontal with Samantha Bee all new Wednesdays at 10:30/ 9:30c on TBS!,2018-01-18T07:00:01.000Z,635686,11383,12123,4289,5
"#MeToo Backlash | January 17, 2018 Act 1 | Full Frontal on TBS",GB,Full Frontal with Samantha Bee,People & Blogs,"\"Full Frontal with Samantha Bee\"|\"Full Frontal\"|\"Samantha Bee\"|\"Sam Bee\"|\"TBS\"|\"#MeToo\"",Women speaking out has finally led to men speaking about how unfair it was that the women got to speak in the first place.\n\nWatch Full Frontal with Samantha Bee all new Wednesdays at 10:30/ 9:30c on TBS!,2018-01-18T07:00:01.000Z,940904,18876,28293,9336,5
"#MeToo Backlash | January 17, 2018 Act 1 | Full Frontal on TBS",US,Full Frontal with Samantha Bee,People & Blogs,"\"Full Frontal with Samantha Bee\"|\"Full Frontal\"|\"Samantha Bee\"|\"Sam Bee\"|\"TBS\"|\"#MeToo\"",Women speaking out has finally led to men speaking about how unfair it was that the women got to speak in the first place.\n\nWatch Full Frontal with Samantha Bee all new Wednesdays at 10:30/ 9:30c on TBS!,2018-01-18T07:00:01.000Z,940904,18388,27497,9336,5
"15 YEAR OLD CRIES OVER NOT GETTING $231,000",DE,PewDiePie,Entertainment,"\"SATIRE\"|\"pewdiepie\"|\"react\"|\"world\"|\"dr phil\"|\"spoiled\"|\"brat\"|\"beverly hills\"|\"girl\"|\"15\"",Beverly hills spoiled brat goes on Dr Phil because $2500 per month is not enough for a 15 year old. SUBMIT MEMES: https://www.reddit.com/r/PewdiepieSubmissions/CHECK OUT: Check out A$$: http://store.steampowered.com/app/703840/Animal_Super_Squad/(A game I helped make):MERCH: https://represent.com/pewdiepie3TSUKI: https://tsuki-co-uk.myshopify.com:::::::My Setup:::::::: Chair:: ONLY 399 !USA & Asia: https://usa.clutchchairz.com/product/pewdiepie-edition-throttle-series/Europe: https://europe.clutchchairz.com/en/product/throttle-series-pewdiepie-edition/Canada: https://canada.clutchchairz.com/product/throttle-series-pewdiepie-edition/(Amazon affiliate links)Headphones::http://rzr.to/edgarCamera::http://amzn.to/2FaJFGaMicrophone:::http://amzn.to/2F8gUKaDisplay::http://amzn.to/2H2PhyMLight::http://amzn.to/2CWDLTaKeyboard::http://amzn.to/2FaJNWaMouse::http://amzn.to/2oOqJlGMousepad::http://amzn.to/2oH0tu7__Outro:Animation: https://www.youtube.com/user/jae55555Song: https://www.youtube.com/channel/UC3e8EMTOn4g6ZSKggHTnNng,2018-06-06T18:29:46.000Z,3615349,347329,3106,47835,6
"15 YEAR OLD CRIES OVER NOT GETTING $231,000",FR,PewDiePie,Entertainment,"\"SATIRE\"|\"pewdiepie\"|\"react\"|\"world\"|\"dr phil\"|\"spoiled\"|\"brat\"|\"beverly hills\"|\"girl\"|\"15\"",Beverly hills spoiled brat goes on Dr Phil because $2500 per month is not enough for a 15 year old. SUBMIT MEMES: https://www.reddit.com/r/PewdiepieSubmissions/CHECK OUT: Check out A$$: http://store.steampowered.com/app/703840/Animal_Super_Squad/(A game I helped make):MERCH: https://represent.com/pewdiepie3TSUKI: https://tsuki-co-uk.myshopify.com:::::::My Setup:::::::: Chair:: ONLY 399 !USA & Asia: https://usa.clutchchairz.com/product/pewdiepie-edition-throttle-series/Europe: https://europe.clutchchairz.com/en/product/throttle-series-pewdiepie-edition/Canada: https://canada.clutchchairz.com/product/throttle-series-pewdiepie-edition/(Amazon affiliate links)Headphones::http://rzr.to/edgarCamera::http://amzn.to/2FaJFGaMicrophone:::http://amzn.to/2F8gUKaDisplay::http://amzn.to/2H2PhyMLight::http://amzn.to/2CWDLTaKeyboard::http://amzn.to/2FaJNWaMouse::http://amzn.to/2oOqJlGMousepad::http://amzn.to/2oH0tu7__Outro:Animation: https://www.youtube.com/user/jae55555Song: https://www.youtube.com/channel/UC3e8EMTOn4g6ZSKggHTnNng,2018-06-06T18:29:46.000Z,3615349,347329,3106,47835,6
"15 YEAR OLD CRIES OVER NOT GETTING $231,000",IN,PewDiePie,Entertainment,"\"SATIRE|\"\"pewdiepie\"\"|\"\"react\"\"|\"\"world\"\"|\"\"dr phil\"\"|\"\"spoiled\"\"|\"\"brat\"\"|\"\"beverly hills\"\"|\"\"girl\"\"|\"\"15\"\"\"",Beverly hills spoiled brat goes on Dr Phil because $2500 per month is not enough for a 15 year old. SUBMIT MEMES: https://www.reddit.com/r/PewdiepieSubmissions/CHECK OUT: Check out A$$: http://store.steampowered.com/app/703840/Animal_Super_Squad/(A game I helped make):MERCH: https://represent.com/pewdiepie3TSUKI: https://tsuki-co-uk.myshopify.com:::::::My Setup:::::::: Chair:: ONLY 399 !USA & Asia: https://usa.clutchchairz.com/product/pewdiepie-edition-throttle-series/Europe: https://europe.clutchchairz.com/en/product/throttle-series-pewdiepie-edition/Canada: https://canada.clutchchairz.com/product/throttle-series-pewdiepie-edition/(Amazon affiliate links)Headphones::http://rzr.to/edgarCamera::http://amzn.to/2FaJFGaMicrophone:::http://amzn.to/2F8gUKaDisplay::http://amzn.to/2H2PhyMLight::http://amzn.to/2CWDLTaKeyboard::http://amzn.to/2FaJNWaMouse::http://amzn.to/2oOqJlGMousepad::http://amzn.to/2oH0tu7__Outro:Animation: https://www.youtube.com/user/jae55555Song: https://www.youtube.com/channel/UC3e8EMTOn4g6ZSKggHTnNng,2018-06-06T18:29:46.000Z,3615349,347329,3106,47835,6
"15 YEAR OLD CRIES OVER NOT GETTING $231,000",JP,PewDiePie,Entertainment,"\"SATIRE|\"\"pewdiepie\"\"|\"\"react\"\"|\"\"world\"\"|\"\"dr phil\"\"|\"\"spoiled\"\"|\"\"brat\"\"|\"\"beverly hills\"\"|\"\"girl\"\"|\"\"15\"\"\"",Beverly hills spoiled brat goes on Dr Phil because $2500 per month is not enough for a 15 year old. SUBMIT MEMES: https://www.reddit.com/r/PewdiepieSubmissions/CHECK OUT: Check out A$$: http://store.steampowered.com/app/703840/Animal_Super_Squad/(A game I helped make):MERCH: https://represent.com/pewdiepie3TSUKI: https://tsuki-co-uk.myshopify.com:::::::My Setup:::::::: Chair:: ONLY 399 !USA & Asia: https://usa.clutchchairz.com/product/pewdiepie-edition-throttle-series/Europe: https://europe.clutchchairz.com/en/product/throttle-series-pewdiepie-edition/Canada: https://canada.clutchchairz.com/product/throttle-series-pewdiepie-edition/(Amazon affiliate links)Headphones::http://rzr.to/edgarCamera::http://amzn.to/2FaJFGaMicrophone:::http://amzn.to/2F8gUKaDisplay::http://amzn.to/2H2PhyMLight::http://amzn.to/2CWDLTaKeyboard::http://amzn.to/2FaJNWaMouse::http://amzn.to/2oOqJlGMousepad::http://amzn.to/2oH0tu7__Outro:Animation: https://www.youtube.com/user/jae55555Song: https://www.youtube.com/channel/UC3e8EMTOn4g6ZSKggHTnNng,2018-06-06T18:29:46.000Z,2718593,285807,2445,41083,6
"15 YEAR OLD CRIES OVER NOT GETTING $231,000",MX,PewDiePie,Entertainment,"\"SATIRE|\"\"pewdiepie\"\"|\"\"react\"\"|\"\"world\"\"|\"\"dr phil\"\"|\"\"spoiled\"\"|\"\"brat\"\"|\"\"beverly hills\"\"|\"\"girl\"\"|\"\"15\"\"\"",Beverly hills spoiled brat goes on Dr Phil because $2500 per month is not enough for a 15 year old. SUBMIT MEMES: https://www.reddit.com/r/PewdiepieSubmissions/CHECK OUT: Check out A$$: http://store.steampowered.com/app/703840/Animal_Super_Squad/(A game I helped make):MERCH: https://represent.com/pewdiepie3TSUKI: https://tsuki-co-uk.myshopify.com:::::::My Setup:::::::: Chair:: ONLY 399 !USA & Asia: https://usa.clutchchairz.com/product/pewdiepie-edition-throttle-series/Europe: https://europe.clutchchairz.com/en/product/throttle-series-pewdiepie-edition/Canada: https://canada.clutchchairz.com/product/throttle-series-pewdiepie-edition/(Amazon affiliate links)Headphones::http://rzr.to/edgarCamera::http://amzn.to/2FaJFGaMicrophone:::http://amzn.to/2F8gUKaDisplay::http://amzn.to/2H2PhyMLight::http://amzn.to/2CWDLTaKeyboard::http://amzn.to/2FaJNWaMouse::http://amzn.to/2oOqJlGMousepad::http://amzn.to/2oH0tu7__Outro:Animation: https://www.youtube.com/user/jae55555Song: https://www.youtube.com/channel/UC3e8EMTOn4g6ZSKggHTnNng,2018-06-06T18:29:46.000Z,2718593,285818,2445,41089,6
"15 YEAR OLD CRIES OVER NOT GETTING $231,000",RU,PewDiePie,Entertainment,"\"SATIRE|\"\"pewdiepie\"\"|\"\"react\"\"|\"\"world\"\"|\"\"dr phil\"\"|\"\"spoiled\"\"|\"\"brat\"\"|\"\"beverly hills\"\"|\"\"girl\"\"|\"\"15\"\"\"",Beverly hills spoiled brat goes on Dr Phil because $2500 per month is not enough for a 15 year old. SUBMIT MEMES: https://www.reddit.com/r/PewdiepieSubmissions/CHECK OUT: Check out A$$: http://store.steampowered.com/app/703840/Animal_Super_Squad/(A game I helped make):MERCH: https://represent.com/pewdiepie3TSUKI: https://tsuki-co-uk.myshopify.com:::::::My Setup:::::::: Chair:: ONLY 399 !USA & Asia: https://usa.clutchchairz.com/product/pewdiepie-edition-throttle-series/Europe: https://europe.clutchchairz.com/en/product/throttle-series-pewdiepie-edition/Canada: https://canada.clutchchairz.com/product/throttle-series-pewdiepie-edition/(Amazon affiliate links)Headphones::http://rzr.to/edgarCamera::http://amzn.to/2FaJFGaMicrophone:::http://amzn.to/2F8gUKaDisplay::http://amzn.to/2H2PhyMLight::http://amzn.to/2CWDLTaKeyboard::http://amzn.to/2FaJNWaMouse::http://amzn.to/2oOqJlGMousepad::http://amzn.to/2oH0tu7__Outro:Animation: https://www.youtube.com/user/jae55555Song: https://www.youtube.com/channel/UC3e8EMTOn4g6ZSKggHTnNng,2018-06-06T18:29:46.000Z,2718593,285807,2445,41083,6
ALL TIME GREATEST AIRPLANE SEAT - Emirates First Class Suite,CA,CaseyNeistat,People & Blogs,Emirates first class,MY DOPE MERCH - https://shopcaseyneistat.com/\n\nMusic mixed by http://youtube.com/dyalla \nfilmed this video in 4k on this -- http://amzn.to/2sTDnRZ\nwith this lens -- http://amzn.to/2rUJOmD\nbig drone - http://tinyurl.com/h4ft3oy\nOTHER GEAR ---  http://amzn.to/2o3GLX5\nSony CAMERA http://amzn.to/2nOBmnv\nOLD CAMERA; http://amzn.to/2o2cQBT\nMAIN LENS; http://amzn.to/2od5gBJ\nBIG SONY CAMERA; http://amzn.to/2nrdJRO\nBIG Canon CAMERA; http://tinyurl.com/jn4q4vz\nBENDY TRIPOD THING; http://tinyurl.com/gw3ylz2\nYOU NEED THIS FOR THE BENDY TRIPOD; http://tinyurl.com/j8mzzua\nWIDE LENS; http://tinyurl.com/jkfcm8t\nMORE EXPENSIVE WIDE LENS; http://tinyurl.com/zrdgtou\nSMALL CAMERA; http://tinyurl.com/hrrzhor\nMICROPHONE; http://tinyurl.com/zefm4jy\nOTHER MICROPHONE; http://tinyurl.com/jxgpj86\nOLD DRONE (cheaper but still great);http://tinyurl.com/zcfmnmd\n\nfollow me; on http://instagram.com/caseyneistat\non https://www.facebook.com/cneistat\non https://twitter.com/CaseyNeistat,2017-12-11T23:45:03.000Z,4371293,223814,5475,12821,7
ALL TIME GREATEST AIRPLANE SEAT - Emirates First Class Suite,DE,CaseyNeistat,People & Blogs,Emirates first class,MY DOPE MERCH - https://shopcaseyneistat.com/\n\nMusic mixed by http://youtube.com/dyalla \nfilmed this video in 4k on this -- http://amzn.to/2sTDnRZ\nwith this lens -- http://amzn.to/2rUJOmD\nbig drone - http://tinyurl.com/h4ft3oy\nOTHER GEAR ---  http://amzn.to/2o3GLX5\nSony CAMERA http://amzn.to/2nOBmnv\nOLD CAMERA; http://amzn.to/2o2cQBT\nMAIN LENS; http://amzn.to/2od5gBJ\nBIG SONY CAMERA; http://amzn.to/2nrdJRO\nBIG Canon CAMERA; http://tinyurl.com/jn4q4vz\nBENDY TRIPOD THING; http://tinyurl.com/gw3ylz2\nYOU NEED THIS FOR THE BENDY TRIPOD; http://tinyurl.com/j8mzzua\nWIDE LENS; http://tinyurl.com/jkfcm8t\nMORE EXPENSIVE WIDE LENS; http://tinyurl.com/zrdgtou\nSMALL CAMERA; http://tinyurl.com/hrrzhor\nMICROPHONE; http://tinyurl.com/zefm4jy\nOTHER MICROPHONE; http://tinyurl.com/jxgpj86\nOLD DRONE (cheaper but still great);http://tinyurl.com/zcfmnmd\n\nfollow me; on http://instagram.com/caseyneistat\non https://www.facebook.com/cneistat\non https://twitter.com/CaseyNeistat,2017-12-11T23:45:03.000Z,3967721,211190,5109,12821,7
ALL TIME GREATEST AIRPLANE SEAT - Emirates First Class Suite,FR,CaseyNeistat,People & Blogs,Emirates first class,MY DOPE MERCH - https://shopcaseyneistat.com/\n\nMusic mixed by http://youtube.com/dyalla \nfilmed this video in 4k on this -- http://amzn.to/2sTDnRZ\nwith this lens -- http://amzn.to/2rUJOmD\nbig drone - http://tinyurl.com/h4ft3oy\nOTHER GEAR ---  http://amzn.to/2o3GLX5\nSony CAMERA http://amzn.to/2nOBmnv\nOLD CAMERA; http://amzn.to/2o2cQBT\nMAIN LENS; http://amzn.to/2od5gBJ\nBIG SONY CAMERA; http://amzn.to/2nrdJRO\nBIG Canon CAMERA; http://tinyurl.com/jn4q4vz\nBENDY TRIPOD THING; http://tinyurl.com/gw3ylz2\nYOU NEED THIS FOR THE BENDY TRIPOD; http://tinyurl.com/j8mzzua\nWIDE LENS; http://tinyurl.com/jkfcm8t\nMORE EXPENSIVE WIDE LENS; http://tinyurl.com/zrdgtou\nSMALL CAMERA; http://tinyurl.com/hrrzhor\nMICROPHONE; http://tinyurl.com/zefm4jy\nOTHER MICROPHONE; http://tinyurl.com/jxgpj86\nOLD DRONE (cheaper but still great);http://tinyurl.com/zcfmnmd\n\nfollow me; on http://instagram.com/caseyneistat\non https://www.facebook.com/cneistat\non https://twitter.com/CaseyNeistat,2017-12-11T23:45:03.000Z,2880365,182112,3717,11782,7
ALL TIME GREATEST AIRPLANE SEAT - Emirates First Class Suite,GB,CaseyNeistat,People & Blogs,Emirates first class,MY DOPE MERCH - https://shopcaseyneistat.com/\n\nMusic mixed by http://youtube.com/dyalla \nfilmed this video in 4k on this -- http://amzn.to/2sTDnRZ\nwith this lens -- http://amzn.to/2rUJOmD\nbig drone - http://tinyurl.com/h4ft3oy\nOTHER GEAR ---  http://amzn.to/2o3GLX5\nSony CAMERA http://amzn.to/2nOBmnv\nOLD CAMERA; http://amzn.to/2o2cQBT\nMAIN LENS; http://amzn.to/2od5gBJ\nBIG SONY CAMERA; http://amzn.to/2nrdJRO\nBIG Canon CAMERA; http://tinyurl.com/jn4q4vz\nBENDY TRIPOD THING; http://tinyurl.com/gw3ylz2\nYOU NEED THIS FOR THE BENDY TRIPOD; http://tinyurl.com/j8mzzua\nWIDE LENS; http://tinyurl.com/jkfcm8t\nMORE EXPENSIVE WIDE LENS; http://tinyurl.com/zrdgtou\nSMALL CAMERA; http://tinyurl.com/hrrzhor\nMICROPHONE; http://tinyurl.com/zefm4jy\nOTHER MICROPHONE; http://tinyurl.com/jxgpj86\nOLD DRONE (cheaper but still great);http://tinyurl.com/zcfmnmd\n\nfollow me; on http://instagram.com/caseyneistat\non https://www.facebook.com/cneistat\non https://twitter.com/CaseyNeistat,2017-12-11T23:45:03.000Z,7994101,302644,8513,15376,7
ALL TIME GREATEST AIRPLANE SEAT - Emirates First Class Suite,IN,CaseyNeistat,People & Blogs,Emirates first class,MY DOPE MERCH - https://shopcaseyneistat.com/\n\nMusic mixed by http://youtube.com/dyalla \nfilmed this video in 4k on this -- http://amzn.to/2sTDnRZ\nwith this lens -- http://amzn.to/2rUJOmD\nbig drone - http://tinyurl.com/h4ft3oy\nOTHER GEAR ---  http://amzn.to/2o3GLX5\nSony CAMERA http://amzn.to/2nOBmnv\nOLD CAMERA; http://amzn.to/2o2cQBT\nMAIN LENS; http://amzn.to/2od5gBJ\nBIG SONY CAMERA; http://amzn.to/2nrdJRO\nBIG Canon CAMERA; http://tinyurl.com/jn4q4vz\nBENDY TRIPOD THING; http://tinyurl.com/gw3ylz2\nYOU NEED THIS FOR THE BENDY TRIPOD; http://tinyurl.com/j8mzzua\nWIDE LENS; http://tinyurl.com/jkfcm8t\nMORE EXPENSIVE WIDE LENS; http://tinyurl.com/zrdgtou\nSMALL CAMERA; http://tinyurl.com/hrrzhor\nMICROPHONE; http://tinyurl.com/zefm4jy\nOTHER MICROPHONE; http://tinyurl.com/jxgpj86\nOLD DRONE (cheaper but still great);http://tinyurl.com/zcfmnmd\n\nfollow me; on http://instagram.com/caseyneistat\non https://www.facebook.com/cneistat\non https://twitter.com/CaseyNeistat,2017-12-11T23:45:03.000Z,3495663,198519,4655,12821,7
ALL TIME GREATEST AIRPLANE SEAT - Emirates First Class Suite,MX,CaseyNeistat,People & Blogs,Emirates first class,MY DOPE MERCH - https://shopcaseyneistat.com/\n\nMusic mixed by http://youtube.com/dyalla \nfilmed this video in 4k on this -- http://amzn.to/2sTDnRZ\nwith this lens -- http://amzn.to/2rUJOmD\nbig drone - http://tinyurl.com/h4ft3oy\nOTHER GEAR ---  http://amzn.to/2o3GLX5\nSony CAMERA http://amzn.to/2nOBmnv\nOLD CAMERA; http://amzn.to/2o2cQBT\nMAIN LENS; http://amzn.to/2od5gBJ\nBIG SONY CAMERA; http://amzn.to/2nrdJRO\nBIG Canon CAMERA; http://tinyurl.com/jn4q4vz\nBENDY TRIPOD THING; http://tinyurl.com/gw3ylz2\nYOU NEED THIS FOR THE BENDY TRIPOD; http://tinyurl.com/j8mzzua\nWIDE LENS; http://tinyurl.com/jkfcm8t\nMORE EXPENSIVE WIDE LENS; http://tinyurl.com/zrdgtou\nSMALL CAMERA; http://tinyurl.com/hrrzhor\nMICROPHONE; http://tinyurl.com/zefm4jy\nOTHER MICROPHONE; http://tinyurl.com/jxgpj86\nOLD DRONE (cheaper but still great);http://tinyurl.com/zcfmnmd\n\nfollow me; on http://instagram.com/caseyneistat\non https://www.facebook.com/cneistat\non https://twitter.com/CaseyNeistat,2017-12-11T23:45:03.000Z,2880365,182114,3718,11782,7
ALL TIME GREATEST AIRPLANE SEAT - Emirates First Class Suite,US,CaseyNeistat,People & Blogs,Emirates first class,MY DOPE MERCH - https://shopcaseyneistat.com/\n\nMusic mixed by http://youtube.com/dyalla \nfilmed this video in 4k on this -- http://amzn.to/2sTDnRZ\nwith this lens -- http://amzn.to/2rUJOmD\nbig drone - http://tinyurl.com/h4ft3oy\nOTHER GEAR ---  http://amzn.to/2o3GLX5\nSony CAMERA http://amzn.to/2nOBmnv\nOLD CAMERA; http://amzn.to/2o2cQBT\nMAIN LENS; http://amzn.to/2od5gBJ\nBIG SONY CAMERA; http://amzn.to/2nrdJRO\nBIG Canon CAMERA; http://tinyurl.com/jn4q4vz\nBENDY TRIPOD THING; http://tinyurl.com/gw3ylz2\nYOU NEED THIS FOR THE BENDY TRIPOD; http://tinyurl.com/j8mzzua\nWIDE LENS; http://tinyurl.com/jkfcm8t\nMORE EXPENSIVE WIDE LENS; http://tinyurl.com/zrdgtou\nSMALL CAMERA; http://tinyurl.com/hrrzhor\nMICROPHONE; http://tinyurl.com/zefm4jy\nOTHER MICROPHONE; http://tinyurl.com/jxgpj86\nOLD DRONE (cheaper but still great);http://tinyurl.com/zcfmnmd\n\nfollow me; on http://instagram.com/caseyneistat\non https://www.facebook.com/cneistat\non https://twitter.com/CaseyNeistat,2017-12-11T23:45:03.000Z,5875258,263740,6570,14042,7
BLOOD SUGAR ❤️ PALETTE & LOVE SICK COLLECTION REVEAL | Jeffree Star Cosmetics,CA,jeffreestar,Howto & Style,"\"jeffree star\"|\"jeffree star cosmetics\"|\"blood sugar palette\"|\"blood sugar eyeshadow palette\"|\"jeffree star approved\"|\"love sick collection reveal\"|\"jeffree star blood sugar\"|\"blood sugar palette review and swatches\"|\"velour liquid lipstick\"|\"lip ammunition\"|\"skin frost highlighter\"|\"jeffree star lip scrub\"|\"jeffree star liquid lipstick\"|\"james charles\"|\"nikkietutorials\"|\"manny mua\"|\"jaclyn hill\"|\"tati westbrook\"|\"huda beauty\"|\"anatasia beverly hills\"|\"jeffree star lipstick\"","HEY EVERYONE!!!! ⭐️ Today I'm so excited to unveil the BLOOD SUGAR pressed pigment eyeshadow palette! ANDDDD the ENTIRE LOVE SICK COLLECTION! I thought we should start 2018 off right with my 3rd palette and an entire collection inspired by being in love, wanting to BE in love before... and my love for sugar, candy and my fascination with the medical field. This collection is one of my favorites and I can't wait for you all to play with everything and create! \\n\\nTHE LOVE SICK 💄 COLLECTION INCLUDES:\\n\\n💉 BLOOD SUGAR PALETTE (retail: $52.00)\\n\\n💊 VELOUR LIQUID LIPSTICK SHADES ($18):\\nRomeo - rose bright pink\\nSelf-Control - muted lilac\\nRestraints - metallic grey\\nProblematic - pure berry purple\\n\\n🌡 LIP AMMUNITION™ SHADES ($18):\\nSinister - dark berry\\nAndrogyny - deep mauve\\nCalabasas - burnt sienna \\n\\n🍭VELOUR LIP SCRUBS ($12):\\nCherry Soda\\nCandy Necklace\\nChocolate Covered Strawberry \\n\\nMINI RED & PINK LIQUID LIP BUNDLE BOX ($52)\\n\\nACCESSORIES:\\nRed & Plum Star Hand Held Mirrors ($20)\\nHolographic Red Makeup Bag ($25)\\n\\n💄*SHOP* THE BRAND NEW #JeffreeStarCosmetics FASHION ► http://bit.ly/2hP94cU\\n\\n*SHOP: http://www.jeffreestarcosmetics.com\\n+ FOLLOW MY BRAND ON Instagram: http://instagram.com/jeffreestarcosmetics\\n+FOLLOW ME ON IG: http://instagram.com/jeffreestar\\n+ FACEBOOK: https://www.facebook.com/JeffreeStar\\n+ SNAPCHAT: jeffreestar\\n+ TWITTER: @jeffreestar\\n\\nJACKET BY: Alexander McQueen\\n\\nWATCH MORE VIDEOS...................❤️🔥\\n\\n🔮 GUCCI MADE ME PINK CUSTOM LUGGAGE  ► http://bit.ly/2DhuKVL\\n\\nWATCH THE STAR FAMILY COLLECTION REVEAL: http://bit.ly/2ybC8A4\\n\\n💄 I DO MY BOYFRIEND’S MAKEUP  ► http://bit.ly/2bCh8eo\\n\\n💉 FULL FACE USING ONLY MAYBELLINE PRODUCTS! ► http://bit.ly/2rdsIjR\\n\\nMUSIC: ► Egzod  ► ”Mirage (feat. Leo The Kind)” - https://www.youtube.com/watch?v=jrnUNG9vgZM\\n(courtesy of NoCopyrightSounds)",2018-01-26T17:48:13.000Z,2437475,181527,5116,44390,6
BLOOD SUGAR ❤️ PALETTE & LOVE SICK COLLECTION REVEAL | Jeffree Star Cosmetics,GB,jeffreestar,Howto & Style,"\"jeffree star\"|\"jeffree star cosmetics\"|\"blood sugar palette\"|\"blood sugar eyeshadow palette\"|\"jeffree star approved\"|\"love sick collection reveal\"|\"jeffree star blood sugar\"|\"blood sugar palette review and swatches\"|\"velour liquid lipstick\"|\"lip ammunition\"|\"skin frost highlighter\"|\"jeffree star lip scrub\"|\"jeffree star liquid lipstick\"|\"james charles\"|\"nikkietutorials\"|\"manny mua\"|\"jaclyn hill\"|\"tati westbrook\"|\"huda beauty\"|\"anatasia beverly hills\"|\"jeffree star lipstick\"","HEY EVERYONE!!!! ⭐️ Today I'm so excited to unveil the BLOOD SUGAR pressed pigment eyeshadow palette! ANDDDD the ENTIRE LOVE SICK COLLECTION! I thought we should start 2018 off right with my 3rd palette and an entire collection inspired by being in love, wanting to BE in love before... and my love for sugar, candy and my fascination with the medical field. This collection is one of my favorites and I can't wait for you all to play with everything and create! \\n\\n 👠 WATCH THIS #BloodSugar cut crease Makeup Tutorial  ► http://bit.ly/2BzPHth\\n\\nTHE LOVE SICK COLLECTION INCLUDES:\\n💉 BLOOD SUGAR PALETTE (retail: $52.00)\\n\\n💊 VELOUR LIQUID LIPSTICK SHADES ($18):\\nRomeo - rose bright pink\\nSelf-Control - muted lilac\\nRestraints - metallic grey\\nProblematic - pure berry purple\\n\\n🌡 LIP AMMUNITION™ SHADES ($18):\\nSinister - dark berry\\nAndrogyny - deep mauve\\nCalabasas - burnt sienna \\n\\n🍭VELOUR LIP SCRUBS ($12):\\nCherry Soda\\nCandy Necklace\\nChocolate Covered Strawberry \\n\\nMINI RED & PINK LIQUID LIP BUNDLE BOX ($52)\\n\\nACCESSORIES:\\nRed & Plum Star Hand Held Mirrors ($20)\\nHolographic Red Makeup Bag ($25)\\n\\n💄*SHOP* THE BRAND NEW #JeffreeStarCosmetics FASHION ► http://bit.ly/2hP94cU\\n\\n*SHOP: http://www.jeffreestarcosmetics.com\\n+ FOLLOW MY BRAND ON Instagram: http://instagram.com/jeffreestarcosmetics\\n+FOLLOW ME ON IG: http://instagram.com/jeffreestar\\n+ FACEBOOK: https://www.facebook.com/JeffreeStar\\n+ SNAPCHAT: jeffreestar\\n+ TWITTER: @jeffreestar\\n\\nJACKET BY: Alexander McQueen\\n\\nWATCH MORE VIDEOS...................❤️🔥\\n\\n🔮 GUCCI MADE ME PINK CUSTOM LUGGAGE  ► http://bit.ly/2DhuKVL\\n\\nWATCH THE STAR FAMILY COLLECTION REVEAL: http://bit.ly/2ybC8A4\\n\\n💄 I DO MY BOYFRIEND’S MAKEUP  ► http://bit.ly/2bCh8eo\\n\\n💉 FULL FACE USING ONLY MAYBELLINE PRODUCTS! ► http://bit.ly/2rdsIjR\\n\\nMUSIC: ► Egzod  ► ”Mirage (feat. Leo The Kind)” - https://www.youtube.com/watch?v=jrnUNG9vgZM\\n(courtesy of NoCopyrightSounds)",2018-01-26T17:48:13.000Z,3430617,212178,6514,48440,6
BLOOD SUGAR ❤️ PALETTE & LOVE SICK COLLECTION REVEAL | Jeffree Star Cosmetics,GB,jeffreestar,Howto & Style,"\"jeffree star\"|\"jeffree star cosmetics\"|\"blood sugar palette\"|\"blood sugar eyeshadow palette\"|\"jeffree star approved\"|\"love sick collection reveal\"|\"jeffree star blood sugar\"|\"blood sugar palette review and swatches\"|\"velour liquid lipstick\"|\"lip ammunition\"|\"skin frost highlighter\"|\"jeffree star lip scrub\"|\"jeffree star liquid lipstick\"|\"james charles\"|\"nikkietutorials\"|\"manny mua\"|\"jaclyn hill\"|\"tati westbrook\"|\"huda beauty\"|\"anatasia beverly hills\"|\"jeffree star lipstick\"","HEY EVERYONE!!!! ⭐️ Today I'm so excited to unveil the BLOOD SUGAR pressed pigment eyeshadow palette! ANDDDD the ENTIRE LOVE SICK COLLECTION! I thought we should start 2018 off right with my 3rd palette and an entire collection inspired by being in love, wanting to BE in love before... and my love for sugar, candy and my fascination with the medical field. This collection is one of my favorites and I can't wait for you all to play with everything and create! \\n\\nTHE LOVE SICK 💄 COLLECTION INCLUDES:\\n\\n💉 BLOOD SUGAR PALETTE (retail: $52.00)\\n\\n💊 VELOUR LIQUID LIPSTICK SHADES ($18):\\nRomeo - rose bright pink\\nSelf-Control - muted lilac\\nRestraints - metallic grey\\nProblematic - pure berry purple\\n\\n🌡 LIP AMMUNITION™ SHADES ($18):\\nSinister - dark berry\\nAndrogyny - deep mauve\\nCalabasas - burnt sienna \\n\\n🍭VELOUR LIP SCRUBS ($12):\\nCherry Soda\\nCandy Necklace\\nChocolate Covered Strawberry \\n\\nMINI RED & PINK LIQUID LIP BUNDLE BOX ($52)\\n\\nACCESSORIES:\\nRed & Plum Star Hand Held Mirrors ($20)\\nHolographic Red Makeup Bag ($25)\\n\\n💄*SHOP* THE BRAND NEW #JeffreeStarCosmetics FASHION ► http://bit.ly/2hP94cU\\n\\n*SHOP: http://www.jeffreestarcosmetics.com\\n+ FOLLOW MY BRAND ON Instagram: http://instagram.com/jeffreestarcosmetics\\n+FOLLOW ME ON IG: http://instagram.com/jeffreestar\\n+ FACEBOOK: https://www.facebook.com/JeffreeStar\\n+ SNAPCHAT: jeffreestar\\n+ TWITTER: @jeffreestar\\n\\nJACKET BY: Alexander McQueen\\n\\nWATCH MORE VIDEOS...................❤️🔥\\n\\n🔮 GUCCI MADE ME PINK CUSTOM LUGGAGE  ► http://bit.ly/2DhuKVL\\n\\nWATCH THE STAR FAMILY COLLECTION REVEAL: http://bit.ly/2ybC8A4\\n\\n💄 I DO MY BOYFRIEND’S MAKEUP  ► http://bit.ly/2bCh8eo\\n\\n💉 FULL FACE USING ONLY MAYBELLINE PRODUCTS! ► http://bit.ly/2rdsIjR\\n\\nMUSIC: ► Egzod  ► ”Mirage (feat. Leo The Kind)” - https://www.youtube.com/watch?v=jrnUNG9vgZM\\n(courtesy of NoCopyrightSounds)",2018-01-26T17:48:13.000Z,2437475,181527,5116,44390,6
BLOOD SUGAR ❤️ PALETTE & LOVE SICK COLLECTION REVEAL | Jeffree Star Cosmetics,GB,jeffreestar,Howto & Style,"\"jeffree star\"|\"jeffree star cosmetics\"|\"blood sugar palette\"|\"blood sugar eyeshadow palette\"|\"jeffree star approved\"|\"love sick collection reveal\"|\"jeffree star blood sugar\"|\"blood sugar palette review and swatches\"|\"velour liquid lipstick\"|\"lip ammunition\"|\"skin frost highlighter\"|\"jeffree star lip scrub\"|\"jeffree star liquid lipstick\"|\"james charles\"|\"nikkietutorials\"|\"manny mua\"|\"jaclyn hill\"|\"tati westbrook\"|\"huda beauty\"|\"anatasia beverly hills\"|\"jeffree star lipstick\"","💄*SHOP* THE NEW #JeffreeStarCosmetics LOVE SICK COLLECTION ► http://bit.ly/2G50nD1\\n\\nHEY EVERYONE!!!! ⭐️ Today I'm so excited to unveil the BLOOD SUGAR pressed pigment eyeshadow palette! ANDDDD the ENTIRE LOVE SICK COLLECTION! I thought we should start 2018 off right with my 3rd palette and an entire collection inspired by being in love, wanting to BE in love before... and my love for sugar, candy and my fascination with the medical field. This collection is one of my favorites and I can't wait for you all to play with everything and create! \\n\\n 👠 WATCH THIS #BloodSugar cut crease Makeup Tutorial  ► http://bit.ly/2BzPHth\\n\\nTHE LOVE SICK COLLECTION INCLUDES:\\n💉 BLOOD SUGAR PALETTE (retail: $52.00)\\n\\n💊 VELOUR LIQUID LIPSTICK SHADES ($18):\\nRomeo - rose bright pink\\nSelf-Control - muted lilac\\nRestraints - metallic grey\\nProblematic - pure berry purple\\n\\n🌡 LIP AMMUNITION™ SHADES ($18):\\nSinister - dark berry\\nAndrogyny - deep mauve\\nCalabasas - burnt sienna \\n\\n🍭VELOUR LIP SCRUBS ($12):\\nCherry Soda\\nCandy Necklace\\nChocolate Covered Strawberry \\n\\nMINI RED & PINK LIQUID LIP BUNDLE BOX ($52)\\n\\nACCESSORIES:\\nRed & Plum Star Hand Held Mirrors ($20)\\nHolographic Red Makeup Bag ($25)\\n\\n💄*SHOP* THE BRAND NEW #JeffreeStarCosmetics FASHION ► http://bit.ly/2hP94cU\\n\\n*SHOP: http://www.jeffreestarcosmetics.com\\n+ FOLLOW MY BRAND ON Instagram: http://instagram.com/jeffreestarcosmetics\\n+FOLLOW ME ON IG: http://instagram.com/jeffreestar\\n+ FACEBOOK: https://www.facebook.com/JeffreeStar\\n+ SNAPCHAT: jeffreestar\\n+ TWITTER: @jeffreestar\\n\\nJACKET BY: Alexander McQueen\\n\\nWATCH MORE VIDEOS...................❤️🔥\\n\\n🔮 GUCCI MADE ME PINK CUSTOM LUGGAGE  ► http://bit.ly/2DhuKVL\\n\\nWATCH THE STAR FAMILY COLLECTION REVEAL: http://bit.ly/2ybC8A4\\n\\n💄 I DO MY BOYFRIEND’S MAKEUP  ► http://bit.ly/2bCh8eo\\n\\n💉 FULL FACE USING ONLY MAYBELLINE PRODUCTS! ► http://bit.ly/2rdsIjR\\n\\nMUSIC: ► Egzod  ► ”Mirage (feat. Leo The Kind)” - https://www.youtube.com/watch?v=jrnUNG9vgZM\\n(courtesy of NoCopyrightSounds)",2018-01-26T17:48:13.000Z,3571563,215627,6553,48760,6
BLOOD SUGAR ❤️ PALETTE & LOVE SICK COLLECTION REVEAL | Jeffree Star Cosmetics,US,jeffreestar,Howto & Style,"\"jeffree star\"|\"jeffree star cosmetics\"|\"blood sugar palette\"|\"blood sugar eyeshadow palette\"|\"jeffree star approved\"|\"love sick collection reveal\"|\"jeffree star blood sugar\"|\"blood sugar palette review and swatches\"|\"velour liquid lipstick\"|\"lip ammunition\"|\"skin frost highlighter\"|\"jeffree star lip scrub\"|\"jeffree star liquid lipstick\"|\"james charles\"|\"nikkietutorials\"|\"manny mua\"|\"jaclyn hill\"|\"tati westbrook\"|\"huda beauty\"|\"anatasia beverly hills\"|\"jeffree star lipstick\"","HEY EVERYONE!!!! ⭐️ Today I'm so excited to unveil the BLOOD SUGAR pressed pigment eyeshadow palette! ANDDDD the ENTIRE LOVE SICK COLLECTION! I thought we should start 2018 off right with my 3rd palette and an entire collection inspired by being in love, wanting to BE in love before... and my love for sugar, candy and my fascination with the medical field. This collection is one of my favorites and I can't wait for you all to play with everything and create! \\n\\n 👠 WATCH THIS #BloodSugar cut crease Makeup Tutorial  ► http://bit.ly/2BzPHth\\n\\nTHE LOVE SICK COLLECTION INCLUDES:\\n💉 BLOOD SUGAR PALETTE (retail: $52.00)\\n\\n💊 VELOUR LIQUID LIPSTICK SHADES ($18):\\nRomeo - rose bright pink\\nSelf-Control - muted lilac\\nRestraints - metallic grey\\nProblematic - pure berry purple\\n\\n🌡 LIP AMMUNITION™ SHADES ($18):\\nSinister - dark berry\\nAndrogyny - deep mauve\\nCalabasas - burnt sienna \\n\\n🍭VELOUR LIP SCRUBS ($12):\\nCherry Soda\\nCandy Necklace\\nChocolate Covered Strawberry \\n\\nMINI RED & PINK LIQUID LIP BUNDLE BOX ($52)\\n\\nACCESSORIES:\\nRed & Plum Star Hand Held Mirrors ($20)\\nHolographic Red Makeup Bag ($25)\\n\\n💄*SHOP* THE BRAND NEW #JeffreeStarCosmetics FASHION ► http://bit.ly/2hP94cU\\n\\n*SHOP: http://www.jeffreestarcosmetics.com\\n+ FOLLOW MY BRAND ON Instagram: http://instagram.com/jeffreestarcosmetics\\n+FOLLOW ME ON IG: http://instagram.com/jeffreestar\\n+ FACEBOOK: https://www.facebook.com/JeffreeStar\\n+ SNAPCHAT: jeffreestar\\n+ TWITTER: @jeffreestar\\n\\nJACKET BY: Alexander McQueen\\n\\nWATCH MORE VIDEOS...................❤️🔥\\n\\n🔮 GUCCI MADE ME PINK CUSTOM LUGGAGE  ► http://bit.ly/2DhuKVL\\n\\nWATCH THE STAR FAMILY COLLECTION REVEAL: http://bit.ly/2ybC8A4\\n\\n💄 I DO MY BOYFRIEND’S MAKEUP  ► http://bit.ly/2bCh8eo\\n\\n💉 FULL FACE USING ONLY MAYBELLINE PRODUCTS! ► http://bit.ly/2rdsIjR\\n\\nMUSIC: ► Egzod  ► ”Mirage (feat. Leo The Kind)” - https://www.youtube.com/watch?v=jrnUNG9vgZM\\n(courtesy of NoCopyrightSounds)",2018-01-26T17:48:13.000Z,3100935,203911,6282,47173,6
BLOOD SUGAR ❤️ PALETTE & LOVE SICK COLLECTION REVEAL | Jeffree Star Cosmetics,US,jeffreestar,Howto & Style,"\"jeffree star\"|\"jeffree star cosmetics\"|\"blood sugar palette\"|\"blood sugar eyeshadow palette\"|\"jeffree star approved\"|\"love sick collection reveal\"|\"jeffree star blood sugar\"|\"blood sugar palette review and swatches\"|\"velour liquid lipstick\"|\"lip ammunition\"|\"skin frost highlighter\"|\"jeffree star lip scrub\"|\"jeffree star liquid lipstick\"|\"james charles\"|\"nikkietutorials\"|\"manny mua\"|\"jaclyn hill\"|\"tati westbrook\"|\"huda beauty\"|\"anatasia beverly hills\"|\"jeffree star lipstick\"","HEY EVERYONE!!!! ⭐️ Today I'm so excited to unveil the BLOOD SUGAR pressed pigment eyeshadow palette! ANDDDD the ENTIRE LOVE SICK COLLECTION! I thought we should start 2018 off right with my 3rd palette and an entire collection inspired by being in love, wanting to BE in love before... and my love for sugar, candy and my fascination with the medical field. This collection is one of my favorites and I can't wait for you all to play with everything and create! \\n\\nTHE LOVE SICK 💄 COLLECTION INCLUDES:\\n\\n💉 BLOOD SUGAR PALETTE (retail: $52.00)\\n\\n💊 VELOUR LIQUID LIPSTICK SHADES ($18):\\nRomeo - rose bright pink\\nSelf-Control - muted lilac\\nRestraints - metallic grey\\nProblematic - pure berry purple\\n\\n🌡 LIP AMMUNITION™ SHADES ($18):\\nSinister - dark berry\\nAndrogyny - deep mauve\\nCalabasas - burnt sienna \\n\\n🍭VELOUR LIP SCRUBS ($12):\\nCherry Soda\\nCandy Necklace\\nChocolate Covered Strawberry \\n\\nMINI RED & PINK LIQUID LIP BUNDLE BOX ($52)\\n\\nACCESSORIES:\\nRed & Plum Star Hand Held Mirrors ($20)\\nHolographic Red Makeup Bag ($25)\\n\\n💄*SHOP* THE BRAND NEW #JeffreeStarCosmetics FASHION ► http://bit.ly/2hP94cU\\n\\n*SHOP: http://www.jeffreestarcosmetics.com\\n+ FOLLOW MY BRAND ON Instagram: http://instagram.com/jeffreestarcosmetics\\n+FOLLOW ME ON IG: http://instagram.com/jeffreestar\\n+ FACEBOOK: https://www.facebook.com/JeffreeStar\\n+ SNAPCHAT: jeffreestar\\n+ TWITTER: @jeffreestar\\n\\nJACKET BY: Alexander McQueen\\n\\nWATCH MORE VIDEOS...................❤️🔥\\n\\n🔮 GUCCI MADE ME PINK CUSTOM LUGGAGE  ► http://bit.ly/2DhuKVL\\n\\nWATCH THE STAR FAMILY COLLECTION REVEAL: http://bit.ly/2ybC8A4\\n\\n💄 I DO MY BOYFRIEND’S MAKEUP  ► http://bit.ly/2bCh8eo\\n\\n💉 FULL FACE USING ONLY MAYBELLINE PRODUCTS! ► http://bit.ly/2rdsIjR\\n\\nMUSIC: ► Egzod  ► ”Mirage (feat. Leo The Kind)” - https://www.youtube.com/watch?v=jrnUNG9vgZM\\n(courtesy of NoCopyrightSounds)",2018-01-26T17:48:13.000Z,2437475,181527,5116,44390,6
COLLEGE KIDS REACT TO THIS IS AMERICA - CHILDISH GAMBINO,CA,FBE,Entertainment,"\"this is america\"|\"childish gambino\"|\"donald glover\"|\"COLLEGE KIDS REACT TO THIS IS AMERICA - CHILDISH GAMBINO\"|\"college kids react\"|\"react\"|\"reaction\"|\"thefinebros\"|\"fine brothers\"|\"fine brothers entertainment\"|\"finebros\"|\"fine bros\"|\"FBE\"|\"watch\"|\"review\"|\"for the first time\"|\"reviews\"|\"responds\"|\"respond\"|\"youtubers react\"|\"elders react\"|\"teens react\"|\"kids react\"|\"adults react\"|\"parents react\"|\"teenagers react\"|\"america music video\"","This is America by Childish Gambino reacted to by College Kids! Subscribe to Donald Glover! https://www.youtube.com/channel/UC20LoHy2mX0LQODrkUalxVQSUBSCRIBE THEN HIT THE 🔔! New Videos 2pm PST on FBE! http://goo.gl/aFu8CWatch latest videos from FBE: https://goo.gl/aU5PSmCollege Kids React to Childish Gambino's powerful new video, This is America! Watch to see their Reactions!Content Featured: Childish Gambino - This Is America (Official Video)https://goo.gl/6WuZrRFeatured college kids in this episode:Adamhttps://www.youtube.com/c/AdamLusk11Diontehttps://www.snapchat.com/add/cover_tasticEthan Jameshttps://www.youtube.com/channel/UCqSX49pYAIKd8YslPguEG2gJeanniehttps://www.youtube.com/JeannieEliseMaiKostashttps://www.youtube.com/user/kostasgarcia/Lenehttps://www.instagram.com/lenemurad/Sheilahttps://www.instagram.com/sheilacuriel/Torihttps://www.instagram.com/justxtori/Willhttps://instagram.com/BigWillSimmonsMERCH 👕 https://www.shopfbe.comFollow Fine Brothers Entertainment:FBE WEBSITE: http://www.finebrosent.comFBE CHANNEL: http://www.youtube.com/FBEREACT CHANNEL: http://www.youtube.com/REACTBONUS CHANNEL: https://www.youtube.com/FBE2FACEBOOK: http://www.facebook.com/FBEFACEBOOK: http://www.facebook.com/FBEShowsTWITTER: http://www.twitter.com/fbeINSTAGRAM: http://www.instagram.com/fbeSNAPCHAT: https://www.snapchat.com/add/finebrosSOUNDCLOUD: https://soundcloud.com/fbepodcastiTUNES (Podcast): https://goo.gl/DSdGFTGOOGLE PLAY (Podcast): https://goo.gl/UhL6bkMUSICAL.LY: @fbeTWITCH: https://www.twitch.tv/fbeliveAMAZON: https://www.amazon.com/v/FBESEND US STUFF:FBEP.O. BOX 4324Valley Village, CA 91617-4324Creators & Executive Producers - Benny Fine & Rafi FineHead of Production - Nick BergtholdDirector of Production - Drew RoderDirector of Post Production - Adam SpeasSupervising Producer - Kyle SegalProducer - Ethan WeiserAssociate Producer - Vartuhi Oganesyan, JC ChavezProduction Coordinator - Cynthia GarciaAssistant Production Coordinator - Kristy KieferPost Supervisor - David ValbuenaEditor - Zach ButlerAssistant Editor - Austin Miller, Lizzy SiskindProduction Assistant - Lauren Hutchinson, Jayden RomeroStudio Technician - Josh HiltonSet design - Melissa JudsonMusic - Cyrus Ghahremani© Fine Brothers Entertainment.College Kids React #59 - COLLEGE KIDS REACT TO THIS IS AMERICA - CHILDISH GAMBINO",2018-05-11T21:00:03.000Z,3611855,88721,7369,7928,5
COLLEGE KIDS REACT TO THIS IS AMERICA - CHILDISH GAMBINO,DE,FBE,Entertainment,"\"this is america\"|\"childish gambino\"|\"donald glover\"|\"COLLEGE KIDS REACT TO THIS IS AMERICA - CHILDISH GAMBINO\"|\"college kids react\"|\"react\"|\"reaction\"|\"thefinebros\"|\"fine brothers\"|\"fine brothers entertainment\"|\"finebros\"|\"fine bros\"|\"FBE\"|\"watch\"|\"review\"|\"for the first time\"|\"reviews\"|\"responds\"|\"respond\"|\"youtubers react\"|\"elders react\"|\"teens react\"|\"kids react\"|\"adults react\"|\"parents react\"|\"teenagers react\"|\"america music video\"","This is America by Childish Gambino reacted to by College Kids! Subscribe to Donald Glover! https://www.youtube.com/channel/UC20LoHy2mX0LQODrkUalxVQSUBSCRIBE THEN HIT THE 🔔! New Videos 2pm PST on FBE! http://goo.gl/aFu8CWatch latest videos from FBE: https://goo.gl/aU5PSmCollege Kids React to Childish Gambino's powerful new video, This is America! Watch to see their Reactions!Content Featured: Childish Gambino - This Is America (Official Video)https://goo.gl/6WuZrRFeatured college kids in this episode:Adamhttps://www.youtube.com/c/AdamLusk11Diontehttps://www.snapchat.com/add/cover_tasticEthan Jameshttps://www.youtube.com/channel/UCqSX49pYAIKd8YslPguEG2gJeanniehttps://www.youtube.com/JeannieEliseMaiKostashttps://www.youtube.com/user/kostasgarcia/Lenehttps://www.instagram.com/lenemurad/Sheilahttps://www.instagram.com/sheilacuriel/Torihttps://www.instagram.com/justxtori/Willhttps://instagram.com/BigWillSimmonsMERCH 👕 https://www.shopfbe.comFollow Fine Brothers Entertainment:FBE WEBSITE: http://www.finebrosent.comFBE CHANNEL: http://www.youtube.com/FBEREACT CHANNEL: http://www.youtube.com/REACTBONUS CHANNEL: https://www.youtube.com/FBE2FACEBOOK: http://www.facebook.com/FBEFACEBOOK: http://www.facebook.com/FBEShowsTWITTER: http://www.twitter.com/fbeINSTAGRAM: http://www.instagram.com/fbeSNAPCHAT: https://www.snapchat.com/add/finebrosSOUNDCLOUD: https://soundcloud.com/fbepodcastiTUNES (Podcast): https://goo.gl/DSdGFTGOOGLE PLAY (Podcast): https://goo.gl/UhL6bkMUSICAL.LY: @fbeTWITCH: https://www.twitch.tv/fbeliveAMAZON: https://www.amazon.com/v/FBESEND US STUFF:FBEP.O. BOX 4324Valley Village, CA 91617-4324Creators & Executive Producers - Benny Fine & Rafi FineHead of Production - Nick BergtholdDirector of Production - Drew RoderDirector of Post Production - Adam SpeasSupervising Producer - Kyle SegalProducer - Ethan WeiserAssociate Producer - Vartuhi Oganesyan, JC ChavezProduction Coordinator - Cynthia GarciaAssistant Production Coordinator - Kristy KieferPost Supervisor - David ValbuenaEditor - Zach ButlerAssistant Editor - Austin Miller, Lizzy SiskindProduction Assistant - Lauren Hutchinson, Jayden RomeroStudio Technician - Josh HiltonSet design - Melissa JudsonMusic - Cyrus Ghahremani© Fine Brothers Entertainment.College Kids React #59 - COLLEGE KIDS REACT TO THIS IS AMERICA - CHILDISH GAMBINO",2018-05-11T21:00:03.000Z,2759643,88721,5137,7928,5
COLLEGE KIDS REACT TO THIS IS AMERICA - CHILDISH GAMBINO,FR,FBE,Entertainment,"\"this is america\"|\"childish gambino\"|\"donald glover\"|\"COLLEGE KIDS REACT TO THIS IS AMERICA - CHILDISH GAMBINO\"|\"college kids react\"|\"react\"|\"reaction\"|\"thefinebros\"|\"fine brothers\"|\"fine brothers entertainment\"|\"finebros\"|\"fine bros\"|\"FBE\"|\"watch\"|\"review\"|\"for the first time\"|\"reviews\"|\"responds\"|\"respond\"|\"youtubers react\"|\"elders react\"|\"teens react\"|\"kids react\"|\"adults react\"|\"parents react\"|\"teenagers react\"|\"america music video\"","This is America by Childish Gambino reacted to by College Kids! Subscribe to Donald Glover! https://www.youtube.com/channel/UC20LoHy2mX0LQODrkUalxVQSUBSCRIBE THEN HIT THE 🔔! New Videos 2pm PST on FBE! http://goo.gl/aFu8CWatch latest videos from FBE: https://goo.gl/aU5PSmCollege Kids React to Childish Gambino's powerful new video, This is America! Watch to see their Reactions!Content Featured: Childish Gambino - This Is America (Official Video)https://goo.gl/6WuZrRFeatured college kids in this episode:Adamhttps://www.youtube.com/c/AdamLusk11Diontehttps://www.snapchat.com/add/cover_tasticEthan Jameshttps://www.youtube.com/channel/UCqSX49pYAIKd8YslPguEG2gJeanniehttps://www.youtube.com/JeannieEliseMaiKostashttps://www.youtube.com/user/kostasgarcia/Lenehttps://www.instagram.com/lenemurad/Sheilahttps://www.instagram.com/sheilacuriel/Torihttps://www.instagram.com/justxtori/Willhttps://instagram.com/BigWillSimmonsMERCH 👕 https://www.shopfbe.comFollow Fine Brothers Entertainment:FBE WEBSITE: http://www.finebrosent.comFBE CHANNEL: http://www.youtube.com/FBEREACT CHANNEL: http://www.youtube.com/REACTBONUS CHANNEL: https://www.youtube.com/FBE2FACEBOOK: http://www.facebook.com/FBEFACEBOOK: http://www.facebook.com/FBEShowsTWITTER: http://www.twitter.com/fbeINSTAGRAM: http://www.instagram.com/fbeSNAPCHAT: https://www.snapchat.com/add/finebrosSOUNDCLOUD: https://soundcloud.com/fbepodcastiTUNES (Podcast): https://goo.gl/DSdGFTGOOGLE PLAY (Podcast): https://goo.gl/UhL6bkMUSICAL.LY: @fbeTWITCH: https://www.twitch.tv/fbeliveAMAZON: https://www.amazon.com/v/FBESEND US STUFF:FBEP.O. BOX 4324Valley Village, CA 91617-4324Creators & Executive Producers - Benny Fine & Rafi FineHead of Production - Nick BergtholdDirector of Production - Drew RoderDirector of Post Production - Adam SpeasSupervising Producer - Kyle SegalProducer - Ethan WeiserAssociate Producer - Vartuhi Oganesyan, JC ChavezProduction Coordinator - Cynthia GarciaAssistant Production Coordinator - Kristy KieferPost Supervisor - David ValbuenaEditor - Zach ButlerAssistant Editor - Austin Miller, Lizzy SiskindProduction Assistant - Lauren Hutchinson, Jayden RomeroStudio Technician - Josh HiltonSet design - Melissa JudsonMusic - Cyrus Ghahremani© Fine Brothers Entertainment.College Kids React #59 - COLLEGE KIDS REACT TO THIS IS AMERICA - CHILDISH GAMBINO",2018-05-11T21:00:03.000Z,2759643,88721,5137,7928,5
COLLEGE KIDS REACT TO THIS IS AMERICA - CHILDISH GAMBINO,MX,FBE,Entertainment,"\"this is america|\"\"childish gambino\"\"|\"\"donald glover\"\"|\"\"COLLEGE KIDS REACT TO THIS IS AMERICA - CHILDISH GAMBINO\"\"|\"\"college kids react\"\"|\"\"react\"\"|\"\"reaction\"\"|\"\"thefinebros\"\"|\"\"fine brothers\"\"|\"\"fine brothers entertainment\"\"|\"\"finebros\"\"|\"\"fine bros\"\"|\"\"FBE\"\"|\"\"watch\"\"|\"\"review\"\"|\"\"for the first time\"\"|\"\"reviews\"\"|\"\"responds\"\"|\"\"respond\"\"|\"\"youtubers react\"\"|\"\"elders react\"\"|\"\"teens react\"\"|\"\"kids react\"\"|\"\"adults react\"\"|\"\"parents react\"\"|\"\"teenagers react\"\"|\"\"america music video\"\"\"","This is America by Childish Gambino reacted to by College Kids! Subscribe to Donald Glover! https://www.youtube.com/channel/UC20LoHy2mX0LQODrkUalxVQSUBSCRIBE THEN HIT THE 🔔! New Videos 2pm PST on FBE! http://goo.gl/aFu8CWatch latest videos from FBE: https://goo.gl/aU5PSmCollege Kids React to Childish Gambino's powerful new video, This is America! Watch to see their Reactions!Content Featured: Childish Gambino - This Is America (Official Video)https://goo.gl/6WuZrRFeatured college kids in this episode:Adamhttps://www.youtube.com/c/AdamLusk11Diontehttps://www.snapchat.com/add/cover_tasticEthan Jameshttps://www.youtube.com/channel/UCqSX49pYAIKd8YslPguEG2gJeanniehttps://www.youtube.com/JeannieEliseMaiKostashttps://www.youtube.com/user/kostasgarcia/Lenehttps://www.instagram.com/lenemurad/Sheilahttps://www.instagram.com/sheilacuriel/Torihttps://www.instagram.com/justxtori/Willhttps://instagram.com/BigWillSimmonsMERCH 👕 https://www.shopfbe.comFollow Fine Brothers Entertainment:FBE WEBSITE: http://www.finebrosent.comFBE CHANNEL: http://www.youtube.com/FBEREACT CHANNEL: http://www.youtube.com/REACTBONUS CHANNEL: https://www.youtube.com/FBE2FACEBOOK: http://www.facebook.com/FBEFACEBOOK: http://www.facebook.com/FBEShowsTWITTER: http://www.twitter.com/fbeINSTAGRAM: http://www.instagram.com/fbeSNAPCHAT: https://www.snapchat.com/add/finebrosSOUNDCLOUD: https://soundcloud.com/fbepodcastiTUNES (Podcast): https://goo.gl/DSdGFTGOOGLE PLAY (Podcast): https://goo.gl/UhL6bkMUSICAL.LY: @fbeTWITCH: https://www.twitch.tv/fbeliveAMAZON: https://www.amazon.com/v/FBESEND US STUFF:FBEP.O. BOX 4324Valley Village, CA 91617-4324Creators & Executive Producers - Benny Fine & Rafi FineHead of Production - Nick BergtholdDirector of Production - Drew RoderDirector of Post Production - Adam SpeasSupervising Producer - Kyle SegalProducer - Ethan WeiserAssociate Producer - Vartuhi Oganesyan, JC ChavezProduction Coordinator - Cynthia GarciaAssistant Production Coordinator - Kristy KieferPost Supervisor - David ValbuenaEditor - Zach ButlerAssistant Editor - Austin Miller, Lizzy SiskindProduction Assistant - Lauren Hutchinson, Jayden RomeroStudio Technician - Josh HiltonSet design - Melissa JudsonMusic - Cyrus Ghahremani© Fine Brothers Entertainment.College Kids React #59 - COLLEGE KIDS REACT TO THIS IS AMERICA - CHILDISH GAMBINO",2018-05-11T21:00:03.000Z,2759680,88724,5137,7928,5
COLLEGE KIDS REACT TO THIS IS AMERICA - CHILDISH GAMBINO,US,FBE,Entertainment,"\"this is america\"|\"childish gambino\"|\"donald glover\"|\"COLLEGE KIDS REACT TO THIS IS AMERICA - CHILDISH GAMBINO\"|\"college kids react\"|\"react\"|\"reaction\"|\"thefinebros\"|\"fine brothers\"|\"fine brothers entertainment\"|\"finebros\"|\"fine bros\"|\"FBE\"|\"watch\"|\"review\"|\"for the first time\"|\"reviews\"|\"responds\"|\"respond\"|\"youtubers react\"|\"elders react\"|\"teens react\"|\"kids react\"|\"adults react\"|\"parents react\"|\"teenagers react\"|\"america music video\"","This is America by Childish Gambino reacted to by College Kids! Subscribe to Donald Glover! https://www.youtube.com/channel/UC20LoHy2mX0LQODrkUalxVQSUBSCRIBE THEN HIT THE 🔔! New Videos 2pm PST on FBE! http://goo.gl/aFu8CWatch latest videos from FBE: https://goo.gl/aU5PSmCollege Kids React to Childish Gambino's powerful new video, This is America! Watch to see their Reactions!Content Featured: Childish Gambino - This Is America (Official Video)https://goo.gl/6WuZrRFeatured college kids in this episode:Adamhttps://www.youtube.com/c/AdamLusk11Diontehttps://www.snapchat.com/add/cover_tasticEthan Jameshttps://www.youtube.com/channel/UCqSX49pYAIKd8YslPguEG2gJeanniehttps://www.youtube.com/JeannieEliseMaiKostashttps://www.youtube.com/user/kostasgarcia/Lenehttps://www.instagram.com/lenemurad/Sheilahttps://www.instagram.com/sheilacuriel/Torihttps://www.instagram.com/justxtori/Willhttps://instagram.com/BigWillSimmonsMERCH 👕 https://www.shopfbe.comFollow Fine Brothers Entertainment:FBE WEBSITE: http://www.finebrosent.comFBE CHANNEL: http://www.youtube.com/FBEREACT CHANNEL: http://www.youtube.com/REACTBONUS CHANNEL: https://www.youtube.com/FBE2FACEBOOK: http://www.facebook.com/FBEFACEBOOK: http://www.facebook.com/FBEShowsTWITTER: http://www.twitter.com/fbeINSTAGRAM: http://www.instagram.com/fbeSNAPCHAT: https://www.snapchat.com/add/finebrosSOUNDCLOUD: https://soundcloud.com/fbepodcastiTUNES (Podcast): https://goo.gl/DSdGFTGOOGLE PLAY (Podcast): https://goo.gl/UhL6bkMUSICAL.LY: @fbeTWITCH: https://www.twitch.tv/fbeliveAMAZON: https://www.amazon.com/v/FBESEND US STUFF:FBEP.O. BOX 4324Valley Village, CA 91617-4324Creators & Executive Producers - Benny Fine & Rafi FineHead of Production - Nick BergtholdDirector of Production - Drew RoderDirector of Post Production - Adam SpeasSupervising Producer - Kyle SegalProducer - Ethan WeiserAssociate Producer - Vartuhi Oganesyan, JC ChavezProduction Coordinator - Cynthia GarciaAssistant Production Coordinator - Kristy KieferPost Supervisor - David ValbuenaEditor - Zach ButlerAssistant Editor - Austin Miller, Lizzy SiskindProduction Assistant - Lauren Hutchinson, Jayden RomeroStudio Technician - Josh HiltonSet design - Melissa JudsonMusic - Cyrus Ghahremani© Fine Brothers Entertainment.College Kids React #59 - COLLEGE KIDS REACT TO THIS IS AMERICA - CHILDISH GAMBINO",2018-05-11T21:00:03.000Z,4919175,88721,9449,22937,5
Emily Blunt Tells the Story of How She Met John Krasinski,CA,Late Night with Seth Meyers,Comedy,"\"Late Night\"|\"Seth Meyers\"|\"Emily Blunt\"|\"Tells the Story\"|\"Met\"|\"John Krasinski\"|\"NBC\"|\"NBC TV\"|\"television\"|\"funny\"|\"talk show\"|\"comedy\"|\"humor\"|\"stand-up\"|\"parody\"|\"snl seth meyers\"|\"host\"|\"promo\"|\"seth\"|\"meyers\"|\"weekend update\"|\"news satire\"|\"satire\"|\"Live Die Repeat\"|\"Edge of Tomorrow\"|\"The Devil Wears Prada\"|\"The Adjustment Bureau\"|\"Into The Woods\"|\"Sicario\"","Emily Blunt reveals what her daughters think about her acting, what it was like to take on the mantle of Mary Poppins and how she and John Krasinski met.\\n» Subscribe to Late Night: http://bit.ly/LateNightSeth\\n» Get more Late Night with Seth Meyers: http://www.nbc.com/late-night-with-seth-meyers/\\n» Watch Late Night with Seth Meyers Weeknights 12:35/11:35c on NBC.\\n\\nLATE NIGHT ON SOCIAL\\nFollow Late Night on Twitter: https://twitter.com/LateNightSeth\\nLike Late Night on Facebook: https://www.facebook.com/LateNightSeth\\nFind Late Night on Tumblr: http://latenightseth.tumblr.com/\\nConnect with Late Night on Google+: https://plus.google.com/+LateNightSeth/videos\\n\\nLate Night with Seth Meyers on YouTube features A-list celebrity guests, memorable comedy, and topical monologue jokes.\\n\\nNBC ON SOCIAL \\nLike NBC: http://Facebook.com/NBC\\nFollow NBC: http://Twitter.com/NBC\\nNBC Tumblr: http://NBCtv.tumblr.com/\\nNBC Pinterest: http://Pinterest.com/NBCtv/\\nNBC Google+: https://plus.google.com/+NBC\\nYouTube: http://www.youtube.com/nbc\\nNBC Instagram: http://instagram.com/nbctv\\n\\nEmily Blunt Tells the Story of How She Met John Krasinski- Late Night with Seth Meyers\\nhttps://youtu.be/CU8qwXYH83c\\n\\n\\nLate Night with Seth Meyers\\nhttp://www.youtube.com/user/latenightseth",2018-04-04T10:00:01.000Z,738925,8895,118,272,6
Emily Blunt Tells the Story of How She Met John Krasinski,DE,Late Night with Seth Meyers,Comedy,"\"Late Night\"|\"Seth Meyers\"|\"Emily Blunt\"|\"Tells the Story\"|\"Met\"|\"John Krasinski\"|\"NBC\"|\"NBC TV\"|\"television\"|\"funny\"|\"talk show\"|\"comedy\"|\"humor\"|\"stand-up\"|\"parody\"|\"snl seth meyers\"|\"host\"|\"promo\"|\"seth\"|\"meyers\"|\"weekend update\"|\"news satire\"|\"satire\"|\"Live Die Repeat\"|\"Edge of Tomorrow\"|\"The Devil Wears Prada\"|\"The Adjustment Bureau\"|\"Into The Woods\"|\"Sicario\"","Emily Blunt reveals what her daughters think about her acting, what it was like to take on the mantle of Mary Poppins and how she and John Krasinski met.\\n» Subscribe to Late Night: http://bit.ly/LateNightSeth\\n» Get more Late Night with Seth Meyers: http://www.nbc.com/late-night-with-seth-meyers/\\n» Watch Late Night with Seth Meyers Weeknights 12:35/11:35c on NBC.\\n\\nLATE NIGHT ON SOCIAL\\nFollow Late Night on Twitter: https://twitter.com/LateNightSeth\\nLike Late Night on Facebook: https://www.facebook.com/LateNightSeth\\nFind Late Night on Tumblr: http://latenightseth.tumblr.com/\\nConnect with Late Night on Google+: https://plus.google.com/+LateNightSeth/videos\\n\\nLate Night with Seth Meyers on YouTube features A-list celebrity guests, memorable comedy, and topical monologue jokes.\\n\\nNBC ON SOCIAL \\nLike NBC: http://Facebook.com/NBC\\nFollow NBC: http://Twitter.com/NBC\\nNBC Tumblr: http://NBCtv.tumblr.com/\\nNBC Pinterest: http://Pinterest.com/NBCtv/\\nNBC Google+: https://plus.google.com/+NBC\\nYouTube: http://www.youtube.com/nbc\\nNBC Instagram: http://instagram.com/nbctv\\n\\nEmily Blunt Tells the Story of How She Met John Krasinski- Late Night with Seth Meyers\\nhttps://youtu.be/CU8qwXYH83c\\n\\n\\nLate Night with Seth Meyers\\nhttp://www.youtube.com/user/latenightseth",2018-04-04T10:00:01.000Z,738925,8895,118,272,6
Emily Blunt Tells the Story of How She Met John Krasinski,FR,Late Night with Seth Meyers,Comedy,"\"Late Night\"\"|\"\"Seth Meyers\"\"|\"\"Emily Blunt\"\"|\"\"Tells the Story\"\"|\"\"Met\"\"|\"\"John Krasinski\"\"|\"\"NBC\"\"|\"\"NBC TV\"\"|\"\"television\"\"|\"\"funny\"\"|\"\"talk show\"\"|\"\"comedy\"\"|\"\"humor\"\"|\"\"stand-up\"\"|\"\"parody\"\"|\"\"snl seth meyers\"\"|\"\"host\"\"|\"\"promo\"\"|\"\"seth\"\"|\"\"meyers\"\"|\"\"weekend update\"\"|\"\"news satire\"\"|\"\"satire\"\"|\"\"Live Die Repeat\"\"|\"\"Edge of Tomorrow\"\"|\"\"The Devil Wears Prada\"\"|\"\"The Adjustment Bureau\"\"|\"\"Into The Woods\"\"|\"\"Sicario\"","Emily Blunt reveals what her daughters think about her acting, what it was like to take on the mantle of Mary Poppins and how she and John Krasinski met.\\n» Subscribe to Late Night: http://bit.ly/LateNightSeth\\n» Get more Late Night with Seth Meyers: http://www.nbc.com/late-night-with-seth-meyers/\\n» Watch Late Night with Seth Meyers Weeknights 12:35/11:35c on NBC.\\n\\nLATE NIGHT ON SOCIAL\\nFollow Late Night on Twitter: https://twitter.com/LateNightSeth\\nLike Late Night on Facebook: https://www.facebook.com/LateNightSeth\\nFind Late Night on Tumblr: http://latenightseth.tumblr.com/\\nConnect with Late Night on Google+: https://plus.google.com/+LateNightSeth/videos\\n\\nLate Night with Seth Meyers on YouTube features A-list celebrity guests, memorable comedy, and topical monologue jokes.\\n\\nNBC ON SOCIAL \\nLike NBC: http://Facebook.com/NBC\\nFollow NBC: http://Twitter.com/NBC\\nNBC Tumblr: http://NBCtv.tumblr.com/\\nNBC Pinterest: http://Pinterest.com/NBCtv/\\nNBC Google+: https://plus.google.com/+NBC\\nYouTube: http://www.youtube.com/nbc\\nNBC Instagram: http://instagram.com/nbctv\\n\\nEmily Blunt Tells the Story of How She Met John Krasinski- Late Night with Seth Meyers\\nhttps://youtu.be/CU8qwXYH83c\\n\\n\\nLate Night with Seth Meyers\\nhttp://www.youtube.com/user/latenightseth",2018-04-04T10:00:01.000Z,738925,8895,118,272,6
Emily Blunt Tells the Story of How She Met John Krasinski,IN,Late Night with Seth Meyers,Comedy,"\"Late Night|\"\"Seth Meyers\"\"|\"\"Emily Blunt\"\"|\"\"Tells the Story\"\"|\"\"Met\"\"|\"\"John Krasinski\"\"|\"\"NBC\"\"|\"\"NBC TV\"\"|\"\"television\"\"|\"\"funny\"\"|\"\"talk show\"\"|\"\"comedy\"\"|\"\"humor\"\"|\"\"stand-up\"\"|\"\"parody\"\"|\"\"snl seth meyers\"\"|\"\"host\"\"|\"\"promo\"\"|\"\"seth\"\"|\"\"meyers\"\"|\"\"weekend update\"\"|\"\"news satire\"\"|\"\"satire\"\"|\"\"Live Die Repeat\"\"|\"\"Edge of Tomorrow\"\"|\"\"The Devil Wears Prada\"\"|\"\"The Adjustment Bureau\"\"|\"\"Into The Woods\"\"|\"\"Sicario\"\"\"","Emily Blunt reveals what her daughters think about her acting, what it was like to take on the mantle of Mary Poppins and how she and John Krasinski met.\\n» Subscribe to Late Night: http://bit.ly/LateNightSeth\\n» Get more Late Night with Seth Meyers: http://www.nbc.com/late-night-with-seth-meyers/\\n» Watch Late Night with Seth Meyers Weeknights 12:35/11:35c on NBC.\\n\\nLATE NIGHT ON SOCIAL\\nFollow Late Night on Twitter: https://twitter.com/LateNightSeth\\nLike Late Night on Facebook: https://www.facebook.com/LateNightSeth\\nFind Late Night on Tumblr: http://latenightseth.tumblr.com/\\nConnect with Late Night on Google+: https://plus.google.com/+LateNightSeth/videos\\n\\nLate Night with Seth Meyers on YouTube features A-list celebrity guests, memorable comedy, and topical monologue jokes.\\n\\nNBC ON SOCIAL \\nLike NBC: http://Facebook.com/NBC\\nFollow NBC: http://Twitter.com/NBC\\nNBC Tumblr: http://NBCtv.tumblr.com/\\nNBC Pinterest: http://Pinterest.com/NBCtv/\\nNBC Google+: https://plus.google.com/+NBC\\nYouTube: http://www.youtube.com/nbc\\nNBC Instagram: http://instagram.com/nbctv\\n\\nEmily Blunt Tells the Story of How She Met John Krasinski- Late Night with Seth Meyers\\nhttps://youtu.be/CU8qwXYH83c\\n\\n\\nLate Night with Seth Meyers\\nhttp://www.youtube.com/user/latenightseth",2018-04-04T10:00:01.000Z,738925,8895,118,272,6
Emily Blunt Tells the Story of How She Met John Krasinski,MX,Late Night with Seth Meyers,Comedy,"\"Late Night|\"\"Seth Meyers\"\"|\"\"Emily Blunt\"\"|\"\"Tells the Story\"\"|\"\"Met\"\"|\"\"John Krasinski\"\"|\"\"NBC\"\"|\"\"NBC TV\"\"|\"\"television\"\"|\"\"funny\"\"|\"\"talk show\"\"|\"\"comedy\"\"|\"\"humor\"\"|\"\"stand-up\"\"|\"\"parody\"\"|\"\"snl seth meyers\"\"|\"\"host\"\"|\"\"promo\"\"|\"\"seth\"\"|\"\"meyers\"\"|\"\"weekend update\"\"|\"\"news satire\"\"|\"\"satire\"\"|\"\"Live Die Repeat\"\"|\"\"Edge of Tomorrow\"\"|\"\"The Devil Wears Prada\"\"|\"\"The Adjustment Bureau\"\"|\"\"Into The Woods\"\"|\"\"Sicario\"\"\"","Emily Blunt reveals what her daughters think about her acting, what it was like to take on the mantle of Mary Poppins and how she and John Krasinski met.\\n» Subscribe to Late Night: http://bit.ly/LateNightSeth\\n» Get more Late Night with Seth Meyers: http://www.nbc.com/late-night-with-seth-meyers/\\n» Watch Late Night with Seth Meyers Weeknights 12:35/11:35c on NBC.\\n\\nLATE NIGHT ON SOCIAL\\nFollow Late Night on Twitter: https://twitter.com/LateNightSeth\\nLike Late Night on Facebook: https://www.facebook.com/LateNightSeth\\nFind Late Night on Tumblr: http://latenightseth.tumblr.com/\\nConnect with Late Night on Google+: https://plus.google.com/+LateNightSeth/videos\\n\\nLate Night with Seth Meyers on YouTube features A-list celebrity guests, memorable comedy, and topical monologue jokes.\\n\\nNBC ON SOCIAL \\nLike NBC: http://Facebook.com/NBC\\nFollow NBC: http://Twitter.com/NBC\\nNBC Tumblr: http://NBCtv.tumblr.com/\\nNBC Pinterest: http://Pinterest.com/NBCtv/\\nNBC Google+: https://plus.google.com/+NBC\\nYouTube: http://www.youtube.com/nbc\\nNBC Instagram: http://instagram.com/nbctv\\n\\nEmily Blunt Tells the Story of How She Met John Krasinski- Late Night with Seth Meyers\\nhttps://youtu.be/CU8qwXYH83c\\n\\n\\nLate Night with Seth Meyers\\nhttp://www.youtube.com/user/latenightseth",2018-04-04T10:00:01.000Z,738925,8895,119,272,6
Emily Blunt Tells the Story of How She Met John Krasinski,US,Late Night with Seth Meyers,Comedy,"\"Late Night\"|\"Seth Meyers\"|\"Emily Blunt\"|\"Tells the Story\"|\"Met\"|\"John Krasinski\"|\"NBC\"|\"NBC TV\"|\"television\"|\"funny\"|\"talk show\"|\"comedy\"|\"humor\"|\"stand-up\"|\"parody\"|\"snl seth meyers\"|\"host\"|\"promo\"|\"seth\"|\"meyers\"|\"weekend update\"|\"news satire\"|\"satire\"|\"Live Die Repeat\"|\"Edge of Tomorrow\"|\"The Devil Wears Prada\"|\"The Adjustment Bureau\"|\"Into The Woods\"|\"Sicario\"","Emily Blunt reveals what her daughters think about her acting, what it was like to take on the mantle of Mary Poppins and how she and John Krasinski met.\\n» Subscribe to Late Night: http://bit.ly/LateNightSeth\\n» Get more Late Night with Seth Meyers: http://www.nbc.com/late-night-with-seth-meyers/\\n» Watch Late Night with Seth Meyers Weeknights 12:35/11:35c on NBC.\\n\\nLATE NIGHT ON SOCIAL\\nFollow Late Night on Twitter: https://twitter.com/LateNightSeth\\nLike Late Night on Facebook: https://www.facebook.com/LateNightSeth\\nFind Late Night on Tumblr: http://latenightseth.tumblr.com/\\nConnect with Late Night on Google+: https://plus.google.com/+LateNightSeth/videos\\n\\nLate Night with Seth Meyers on YouTube features A-list celebrity guests, memorable comedy, and topical monologue jokes.\\n\\nNBC ON SOCIAL \\nLike NBC: http://Facebook.com/NBC\\nFollow NBC: http://Twitter.com/NBC\\nNBC Tumblr: http://NBCtv.tumblr.com/\\nNBC Pinterest: http://Pinterest.com/NBCtv/\\nNBC Google+: https://plus.google.com/+NBC\\nYouTube: http://www.youtube.com/nbc\\nNBC Instagram: http://instagram.com/nbctv\\n\\nEmily Blunt Tells the Story of How She Met John Krasinski- Late Night with Seth Meyers\\nhttps://youtu.be/CU8qwXYH83c\\n\\n\\nLate Night with Seth Meyers\\nhttp://www.youtube.com/user/latenightseth",2018-04-04T10:00:01.000Z,738925,8895,530,724,6
Everything Changed For the 4th Time,CA,SACCONEJOLYs,People & Blogs,"\"family\"|\"mom\"|\"mommy\"|\"baby\"|\"children\"|\"kids\"|\"mother\"|\"father\"|\"dad\"|\"son\"|\"daughter\"|\"home\"|\"young family\"|\"sacconejolys\"|\"video dairy\"|\"real life\"|\"reality tv\"|\"london\"|\"jonathan\"|\"joly\"|\"anna\"|\"saccone\"|\"pregnancy\"|\"new baby\"|\"announcement\"","Its official friends! We are pregnant with our 4th baby in August this year!! We always wanted to have another but we didn't expect or plan to have it so soon!! ha - tune in tomorrow for the full video on how we found out and all we have been doing sneaking around off camera!\\n\\ni can't believe i have 4 kids!! and 6 dogs.. and 1 little squid! \\n\\nOrder our book http://amzn.to/2pHY7wA \\nWatch from the start http://www.sacconejolys.co.uk\\n1 YEAR AGO https://www.youtube.com/watch?v=u9jFkwZekXE&t=2s\\n2 YEARS AGO https://www.youtube.com/watch?v=477yliU0a4Q\\n3 YEARS AGO https://www.youtube.com/watch?v=7as2IaKFeH4\\n4 YEARS AGO https://www.youtube.com/watch?v=ypnCLaRlA3I\\n5 YEARS AGO https://www.youtube.com/watch?v=y-xy4Z0ktLE\\n6 YEARS AGO https://www.youtube.com/watch?v=zLEfdfhFJg0\\n7 YEARS AGO https://www.youtube.com/watch?v=6UXEEhy9gvg\\n\\nWatch our Proposal video\\nhttp://www.youtube.com/watch?v=yxQ4Vu02HEs\\n\\nWatch our wedding video\\nhttp://www.youtube.com/watch?v=5UYOQg-aJZw\\n\\nWatch the birth of our baby girl (Emilia)\\nhttp://www.youtube.com/watch?v=uLrNulUx7xc\\n\\nWatch the birth of our baby boy (Eduardo)\\nhttps://www.youtube.com/watch?v=MqU3wGXnV3E\\n\\nWatch the birth of our baby girl (Alessia)\\nhttps://www.youtube.com/watch?v=RVoGKXUE-8k&t\\n\\nWatch the birth of our Maltese Puppies\\nhttp://www.youtube.com/watch?v=2Ex4S4uJMvg\\n\\nEverything you wanted to know about me before the videos\\nhttps://www.youtube.com/watch?v=qnKVnFlRkAk\\n\\nFriendliest Friends Channel http://www.youtube.com/friendliestfriends\\nJonathan's Channel: http://www.youtube.com/jonathanjoly\\nAnna's Channel: http://www.youtube.com/thestylediet\\n\\n- Add Jonathan on Snapchat: sacconejolys\\n- Add Anna on Snapchat: asacconejoly\\n- Follow Jonathan on Instagram: http://instagram.com/jonathanjoly\\n- Follow Anna on Instagram: http://instagram.com/annasaccone\\n\\nFollow us on TWITTER\\nhttp://www.twitter.com/jonathanjoly\\nhttp://www.twitter.com/annasaccone\\n\\nJoin us on FACEBOOK\\nhttps://www.facebook.com/JonathanPatrickJoly\\n\\nCheck out our INSTAGRAM pictures\\nhttp://instagram.com/jonathanjoly\\nhttp://instagram.com/annasaccone\\n\\n*******************************\\n\\nShort History of SACCONEJOLYs\\n\\nIn 2008 Anna was uploading beauty videos to youtube on her own channel and Jonathan was helping her behind the scenes.\\n\\nIn late 2009 Jonathan set up this channel because he wanted to do his own youtube videos. What started out as a week experiment to film his life everyday for 7 days in a row has now become SACCONEJOLYS\\n\\nthis channel was formally known as LeFloofTV but was later changed to SACCONEJOLYs\\n\\nWhen Jonathan Joly married Anna Saccone they both decided that instead of Anna dropping her family name they would both take each others name and join them together.\\n\\nThey choose to use SACCONEJOLY rather then JOLYSACCONE simply because it sounded better.\\n\\nJonathan and Anna Saccone Joly have three children, Emilia Saccone Joly, Eduardo Saccone Joly and Alessia Saccone Joly. they also have six maltese dogs, Albi, Sina, Theo, Bianca, Nivea and Nuvola.\\n\\nThey moved from Ireland to the UK in 2014.\\n\\n********************************",2018-02-04T18:00:05.000Z,897325,73505,467,8852,5
Everything Changed For the 4th Time,CA,SACCONEJOLYs,People & Blogs,"\"family\"|\"mom\"|\"mommy\"|\"baby\"|\"children\"|\"kids\"|\"mother\"|\"father\"|\"dad\"|\"son\"|\"daughter\"|\"home\"|\"young family\"|\"sacconejolys\"|\"video dairy\"|\"real life\"|\"reality tv\"|\"london\"|\"jonathan\"|\"joly\"|\"anna\"|\"saccone\"|\"pregnancy\"|\"new baby\"|\"announcement\"","Its official friends! We are pregnant with our 4th baby in August this year!! We always wanted to have another but we didn't expect or plan to have it so soon!! ha - tune in tomorrow for the full video on how we found out and all we have been doing sneaking around off camera!\\n\\ni can't believe i have 4 kids!! and 6 dogs.. and 1 little squid! \\n\\nOrder our book http://amzn.to/2pHY7wA \\nWatch from the start http://www.sacconejolys.co.uk\\n\\nWatch our Proposal video\\nhttp://www.youtube.com/watch?v=yxQ4Vu02HEs\\n\\nWatch our wedding video\\nhttp://www.youtube.com/watch?v=5UYOQg-aJZw\\n\\nWatch the birth of our baby girl (Emilia)\\nhttp://www.youtube.com/watch?v=uLrNulUx7xc\\n\\nWatch the birth of our baby boy (Eduardo)\\nhttps://www.youtube.com/watch?v=MqU3wGXnV3E\\n\\nWatch the birth of our baby girl (Alessia)\\nhttps://www.youtube.com/watch?v=RVoGKXUE-8k&t\\n\\nWatch the birth of our Maltese Puppies\\nhttp://www.youtube.com/watch?v=2Ex4S4uJMvg\\n\\nEverything you wanted to know about me before the videos\\nhttps://www.youtube.com/watch?v=qnKVnFlRkAk\\n\\nFriendliest Friends Channel http://www.youtube.com/friendliestfriends\\nJonathan's Channel: http://www.youtube.com/jonathanjoly\\nAnna's Channel: http://www.youtube.com/thestylediet\\n\\n- Add Jonathan on Snapchat: sacconejolys\\n- Add Anna on Snapchat: asacconejoly\\n- Follow Jonathan on Instagram: http://instagram.com/jonathanjoly\\n- Follow Anna on Instagram: http://instagram.com/annasaccone\\n\\nFollow us on TWITTER\\nhttp://www.twitter.com/jonathanjoly\\nhttp://www.twitter.com/annasaccone\\n\\nJoin us on FACEBOOK\\nhttps://www.facebook.com/JonathanPatrickJoly\\n\\nCheck out our INSTAGRAM pictures\\nhttp://instagram.com/jonathanjoly\\nhttp://instagram.com/annasaccone\\n\\n*******************************\\n\\nShort History of SACCONEJOLYs\\n\\nIn 2008 Anna was uploading beauty videos to youtube on her own channel and Jonathan was helping her behind the scenes.\\n\\nIn late 2009 Jonathan set up this channel because he wanted to do his own youtube videos. What started out as a week experiment to film his life everyday for 7 days in a row has now become SACCONEJOLYS\\n\\nthis channel was formally known as LeFloofTV but was later changed to SACCONEJOLYs\\n\\nWhen Jonathan Joly married Anna Saccone they both decided that instead of Anna dropping her family name they would both take each others name and join them together.\\n\\nThey choose to use SACCONEJOLY rather then JOLYSACCONE simply because it sounded better.\\n\\nJonathan and Anna Saccone Joly have three children, Emilia Saccone Joly, Eduardo Saccone Joly and Alessia Saccone Joly. they also have six maltese dogs, Albi, Sina, Theo, Bianca, Nivea and Nuvola.\\n\\nThey moved from Ireland to the UK in 2014.\\n\\n********************************",2018-02-04T18:00:05.000Z,527598,58373,264,7894,5
Everything Changed For the 4th Time,DE,SACCONEJOLYs,People & Blogs,"\"family\"|\"mom\"|\"mommy\"|\"baby\"|\"children\"|\"kids\"|\"mother\"|\"father\"|\"dad\"|\"son\"|\"daughter\"|\"home\"|\"young family\"|\"sacconejolys\"|\"video dairy\"|\"real life\"|\"reality tv\"|\"london\"|\"jonathan\"|\"joly\"|\"anna\"|\"saccone\"|\"pregnancy\"|\"new baby\"|\"announcement\"","Its official friends! We are pregnant with our 4th baby in August this year!! We always wanted to have another but we didn't expect or plan to have it so soon!! ha - tune in tomorrow for the full video on how we found out and all we have been doing sneaking around off camera!\\n\\ni can't believe i have 4 kids!! and 6 dogs.. and 1 little squid! \\n\\nOrder our book http://amzn.to/2pHY7wA \\nWatch from the start http://www.sacconejolys.co.uk\\n1 YEAR AGO https://www.youtube.com/watch?v=u9jFkwZekXE&t=2s\\n2 YEARS AGO https://www.youtube.com/watch?v=477yliU0a4Q\\n3 YEARS AGO https://www.youtube.com/watch?v=7as2IaKFeH4\\n4 YEARS AGO https://www.youtube.com/watch?v=ypnCLaRlA3I\\n5 YEARS AGO https://www.youtube.com/watch?v=y-xy4Z0ktLE\\n6 YEARS AGO https://www.youtube.com/watch?v=zLEfdfhFJg0\\n7 YEARS AGO https://www.youtube.com/watch?v=6UXEEhy9gvg\\n\\nWatch our Proposal video\\nhttp://www.youtube.com/watch?v=yxQ4Vu02HEs\\n\\nWatch our wedding video\\nhttp://www.youtube.com/watch?v=5UYOQg-aJZw\\n\\nWatch the birth of our baby girl (Emilia)\\nhttp://www.youtube.com/watch?v=uLrNulUx7xc\\n\\nWatch the birth of our baby boy (Eduardo)\\nhttps://www.youtube.com/watch?v=MqU3wGXnV3E\\n\\nWatch the birth of our baby girl (Alessia)\\nhttps://www.youtube.com/watch?v=RVoGKXUE-8k&t\\n\\nWatch the birth of our Maltese Puppies\\nhttp://www.youtube.com/watch?v=2Ex4S4uJMvg\\n\\nEverything you wanted to know about me before the videos\\nhttps://www.youtube.com/watch?v=qnKVnFlRkAk\\n\\nFriendliest Friends Channel http://www.youtube.com/friendliestfriends\\nJonathan's Channel: http://www.youtube.com/jonathanjoly\\nAnna's Channel: http://www.youtube.com/thestylediet\\n\\n- Add Jonathan on Snapchat: sacconejolys\\n- Add Anna on Snapchat: asacconejoly\\n- Follow Jonathan on Instagram: http://instagram.com/jonathanjoly\\n- Follow Anna on Instagram: http://instagram.com/annasaccone\\n\\nFollow us on TWITTER\\nhttp://www.twitter.com/jonathanjoly\\nhttp://www.twitter.com/annasaccone\\n\\nJoin us on FACEBOOK\\nhttps://www.facebook.com/JonathanPatrickJoly\\n\\nCheck out our INSTAGRAM pictures\\nhttp://instagram.com/jonathanjoly\\nhttp://instagram.com/annasaccone\\n\\n*******************************\\n\\nShort History of SACCONEJOLYs\\n\\nIn 2008 Anna was uploading beauty videos to youtube on her own channel and Jonathan was helping her behind the scenes.\\n\\nIn late 2009 Jonathan set up this channel because he wanted to do his own youtube videos. What started out as a week experiment to film his life everyday for 7 days in a row has now become SACCONEJOLYS\\n\\nthis channel was formally known as LeFloofTV but was later changed to SACCONEJOLYs\\n\\nWhen Jonathan Joly married Anna Saccone they both decided that instead of Anna dropping her family name they would both take each others name and join them together.\\n\\nThey choose to use SACCONEJOLY rather then JOLYSACCONE simply because it sounded better.\\n\\nJonathan and Anna Saccone Joly have three children, Emilia Saccone Joly, Eduardo Saccone Joly and Alessia Saccone Joly. they also have six maltese dogs, Albi, Sina, Theo, Bianca, Nivea and Nuvola.\\n\\nThey moved from Ireland to the UK in 2014.\\n\\n********************************",2018-02-04T18:00:05.000Z,801067,69774,403,8735,5
Everything Changed For the 4th Time,DE,SACCONEJOLYs,People & Blogs,"\"family\"|\"mom\"|\"mommy\"|\"baby\"|\"children\"|\"kids\"|\"mother\"|\"father\"|\"dad\"|\"son\"|\"daughter\"|\"home\"|\"young family\"|\"sacconejolys\"|\"video dairy\"|\"real life\"|\"reality tv\"|\"london\"|\"jonathan\"|\"joly\"|\"anna\"|\"saccone\"|\"pregnancy\"|\"new baby\"|\"announcement\"","Its official friends! We are pregnant with our 4th baby in August this year!! We always wanted to have another but we didn't expect or plan to have it so soon!! ha - tune in tomorrow for the full video on how we found out and all we have been doing sneaking around off camera!\\n\\ni can't believe i have 4 kids!! and 6 dogs.. and 1 little squid! \\n\\nOrder our book http://amzn.to/2pHY7wA \\nWatch from the start http://www.sacconejolys.co.uk\\n\\nWatch our Proposal video\\nhttp://www.youtube.com/watch?v=yxQ4Vu02HEs\\n\\nWatch our wedding video\\nhttp://www.youtube.com/watch?v=5UYOQg-aJZw\\n\\nWatch the birth of our baby girl (Emilia)\\nhttp://www.youtube.com/watch?v=uLrNulUx7xc\\n\\nWatch the birth of our baby boy (Eduardo)\\nhttps://www.youtube.com/watch?v=MqU3wGXnV3E\\n\\nWatch the birth of our baby girl (Alessia)\\nhttps://www.youtube.com/watch?v=RVoGKXUE-8k&t\\n\\nWatch the birth of our Maltese Puppies\\nhttp://www.youtube.com/watch?v=2Ex4S4uJMvg\\n\\nEverything you wanted to know about me before the videos\\nhttps://www.youtube.com/watch?v=qnKVnFlRkAk\\n\\nFriendliest Friends Channel http://www.youtube.com/friendliestfriends\\nJonathan's Channel: http://www.youtube.com/jonathanjoly\\nAnna's Channel: http://www.youtube.com/thestylediet\\n\\n- Add Jonathan on Snapchat: sacconejolys\\n- Add Anna on Snapchat: asacconejoly\\n- Follow Jonathan on Instagram: http://instagram.com/jonathanjoly\\n- Follow Anna on Instagram: http://instagram.com/annasaccone\\n\\nFollow us on TWITTER\\nhttp://www.twitter.com/jonathanjoly\\nhttp://www.twitter.com/annasaccone\\n\\nJoin us on FACEBOOK\\nhttps://www.facebook.com/JonathanPatrickJoly\\n\\nCheck out our INSTAGRAM pictures\\nhttp://instagram.com/jonathanjoly\\nhttp://instagram.com/annasaccone\\n\\n*******************************\\n\\nShort History of SACCONEJOLYs\\n\\nIn 2008 Anna was uploading beauty videos to youtube on her own channel and Jonathan was helping her behind the scenes.\\n\\nIn late 2009 Jonathan set up this channel because he wanted to do his own youtube videos. What started out as a week experiment to film his life everyday for 7 days in a row has now become SACCONEJOLYS\\n\\nthis channel was formally known as LeFloofTV but was later changed to SACCONEJOLYs\\n\\nWhen Jonathan Joly married Anna Saccone they both decided that instead of Anna dropping her family name they would both take each others name and join them together.\\n\\nThey choose to use SACCONEJOLY rather then JOLYSACCONE simply because it sounded better.\\n\\nJonathan and Anna Saccone Joly have three children, Emilia Saccone Joly, Eduardo Saccone Joly and Alessia Saccone Joly. they also have six maltese dogs, Albi, Sina, Theo, Bianca, Nivea and Nuvola.\\n\\nThey moved from Ireland to the UK in 2014.\\n\\n********************************",2018-02-04T18:00:05.000Z,527598,58373,264,7894,5
Everything Changed For the 4th Time,FR,SACCONEJOLYs,People & Blogs,"\"family\"\"|\"\"mom\"\"|\"\"mommy\"\"|\"\"baby\"\"|\"\"children\"\"|\"\"kids\"\"|\"\"mother\"\"|\"\"father\"\"|\"\"dad\"\"|\"\"son\"\"|\"\"daughter\"\"|\"\"home\"\"|\"\"young family\"\"|\"\"sacconejolys\"\"|\"\"video dairy\"\"|\"\"real life\"\"|\"\"reality tv\"\"|\"\"london\"\"|\"\"jonathan\"\"|\"\"joly\"\"|\"\"anna\"\"|\"\"saccone\"\"|\"\"pregnancy\"\"|\"\"new baby\"\"|\"\"announcement\"","Its official friends! We are pregnant with our 4th baby in August this year!! We always wanted to have another but we didn't expect or plan to have it so soon!! ha - tune in tomorrow for the full video on how we found out and all we have been doing sneaking around off camera!\\n\\ni can't believe i have 4 kids!! and 6 dogs.. and 1 little squid! \\n\\nOrder our book http://amzn.to/2pHY7wA \\nWatch from the start http://www.sacconejolys.co.uk\\n\\nWatch our Proposal video\\nhttp://www.youtube.com/watch?v=yxQ4Vu02HEs\\n\\nWatch our wedding video\\nhttp://www.youtube.com/watch?v=5UYOQg-aJZw\\n\\nWatch the birth of our baby girl (Emilia)\\nhttp://www.youtube.com/watch?v=uLrNulUx7xc\\n\\nWatch the birth of our baby boy (Eduardo)\\nhttps://www.youtube.com/watch?v=MqU3wGXnV3E\\n\\nWatch the birth of our baby girl (Alessia)\\nhttps://www.youtube.com/watch?v=RVoGKXUE-8k&t\\n\\nWatch the birth of our Maltese Puppies\\nhttp://www.youtube.com/watch?v=2Ex4S4uJMvg\\n\\nEverything you wanted to know about me before the videos\\nhttps://www.youtube.com/watch?v=qnKVnFlRkAk\\n\\nFriendliest Friends Channel http://www.youtube.com/friendliestfriends\\nJonathan's Channel: http://www.youtube.com/jonathanjoly\\nAnna's Channel: http://www.youtube.com/thestylediet\\n\\n- Add Jonathan on Snapchat: sacconejolys\\n- Add Anna on Snapchat: asacconejoly\\n- Follow Jonathan on Instagram: http://instagram.com/jonathanjoly\\n- Follow Anna on Instagram: http://instagram.com/annasaccone\\n\\nFollow us on TWITTER\\nhttp://www.twitter.com/jonathanjoly\\nhttp://www.twitter.com/annasaccone\\n\\nJoin us on FACEBOOK\\nhttps://www.facebook.com/JonathanPatrickJoly\\n\\nCheck out our INSTAGRAM pictures\\nhttp://instagram.com/jonathanjoly\\nhttp://instagram.com/annasaccone\\n\\n*******************************\\n\\nShort History of SACCONEJOLYs\\n\\nIn 2008 Anna was uploading beauty videos to youtube on her own channel and Jonathan was helping her behind the scenes.\\n\\nIn late 2009 Jonathan set up this channel because he wanted to do his own youtube videos. What started out as a week experiment to film his life everyday for 7 days in a row has now become SACCONEJOLYS\\n\\nthis channel was formally known as LeFloofTV but was later changed to SACCONEJOLYs\\n\\nWhen Jonathan Joly married Anna Saccone they both decided that instead of Anna dropping her family name they would both take each others name and join them together.\\n\\nThey choose to use SACCONEJOLY rather then JOLYSACCONE simply because it sounded better.\\n\\nJonathan and Anna Saccone Joly have three children, Emilia Saccone Joly, Eduardo Saccone Joly and Alessia Saccone Joly. they also have six maltese dogs, Albi, Sina, Theo, Bianca, Nivea and Nuvola.\\n\\nThey moved from Ireland to the UK in 2014.\\n\\n********************************",2018-02-04T18:00:05.000Z,527598,58373,264,7894,5
Johnny English Strikes Again - Official Trailer (HD) - Coming Soon,CA,Universal Pictures,Entertainment,"\"johnny english\"|\"johnny trailer\"|\"english\"|\"trailer\"|\"movie trailer\"|\"movie\"|\"universal pictures\"|\"007\"|\"agent\"|\"movies\"|\"spy movie\"|\"spy\"|\"johnny english strikes again\"|\"johnny english reborn\"|\"johnny english 3\"","The world’s greatest spy is back. Watch Rowan Atkinson in the new trailer for #JohnnyEnglish Strikes Again!\\n\\nJOHNNY ENGLISH STRIKES AGAIN is the third installment of the Johnny English comedy series, with Rowan Atkinson returning as the much loved accidental secret agent. The new adventure begins when a cyber-attack reveals the identity of all active undercover agents in Britain, leaving Johnny English as the secret service’s last hope. Called out of retirement, English dives head first into action with the mission to find the mastermind hacker. As a man with few skills and analogue methods, Johnny English must overcome the challenges of modern technology to make this mission a success. \\n\\nhttp://www.johnnyenglishmovie.com/\\nhttps://www.facebook.com/johnnyenglishmovie/\\nhttps://twitter.com/johnnyenglish\\nhttps://www.instagram.com/johnnyenglish/",2018-04-05T07:00:36.000Z,5427688,181585,2279,9050,5
Johnny English Strikes Again - Official Trailer (HD) - Coming Soon,FR,Universal Pictures,Entertainment,"\"johnny english\"\"|\"\"johnny trailer\"\"|\"\"english\"\"|\"\"trailer\"\"|\"\"movie trailer\"\"|\"\"movie\"\"|\"\"universal pictures\"\"|\"\"007\"\"|\"\"agent\"\"|\"\"movies\"\"|\"\"spy movie\"\"|\"\"spy\"\"|\"\"johnny english strikes again\"\"|\"\"johnny english reborn\"\"|\"\"johnny english 3\"","The world’s greatest spy is back. Watch Rowan Atkinson in the new trailer for #JohnnyEnglish Strikes Again!\\n\\nJOHNNY ENGLISH STRIKES AGAIN is the third installment of the Johnny English comedy series, with Rowan Atkinson returning as the much loved accidental secret agent. The new adventure begins when a cyber-attack reveals the identity of all active undercover agents in Britain, leaving Johnny English as the secret service’s last hope. Called out of retirement, English dives head first into action with the mission to find the mastermind hacker. As a man with few skills and analogue methods, Johnny English must overcome the challenges of modern technology to make this mission a success. \\n\\nhttp://www.johnnyenglishmovie.com/\\nhttps://www.facebook.com/johnnyenglishmovie/\\nhttps://twitter.com/johnnyenglish\\nhttps://www.instagram.com/johnnyenglish/",2018-04-05T07:00:36.000Z,3358449,132796,1474,9050,5
Johnny English Strikes Again - Official Trailer (HD) - Coming Soon,IN,Universal Pictures,Entertainment,"\"johnny english|\"\"johnny trailer\"\"|\"\"english\"\"|\"\"trailer\"\"|\"\"movie trailer\"\"|\"\"movie\"\"|\"\"universal pictures\"\"|\"\"007\"\"|\"\"agent\"\"|\"\"movies\"\"|\"\"spy movie\"\"|\"\"spy\"\"|\"\"johnny english strikes again\"\"|\"\"johnny english reborn\"\"|\"\"johnny english 3\"\"\"","The world’s greatest spy is back. Watch Rowan Atkinson in the new trailer for #JohnnyEnglish Strikes Again!\\n\\nJOHNNY ENGLISH STRIKES AGAIN is the third installment of the Johnny English comedy series, with Rowan Atkinson returning as the much loved accidental secret agent. The new adventure begins when a cyber-attack reveals the identity of all active undercover agents in Britain, leaving Johnny English as the secret service’s last hope. Called out of retirement, English dives head first into action with the mission to find the mastermind hacker. As a man with few skills and analogue methods, Johnny English must overcome the challenges of modern technology to make this mission a success. \\n\\nhttp://www.johnnyenglishmovie.com/\\nhttps://www.facebook.com/johnnyenglishmovie/\\nhttps://twitter.com/johnnyenglish\\nhttps://www.instagram.com/johnnyenglish/",2018-04-05T07:00:36.000Z,5427688,181584,2279,9050,5
Johnny English Strikes Again - Official Trailer (HD) - Coming Soon,RU,Universal Pictures,Entertainment,"\"johnny english|\"\"johnny trailer\"\"|\"\"english\"\"|\"\"trailer\"\"|\"\"movie trailer\"\"|\"\"movie\"\"|\"\"universal pictures\"\"|\"\"007\"\"|\"\"agent\"\"|\"\"movies\"\"|\"\"spy movie\"\"|\"\"spy\"\"|\"\"johnny english strikes again\"\"|\"\"johnny english reborn\"\"|\"\"johnny english 3\"\"\"","The world’s greatest spy is back. Watch Rowan Atkinson in the new trailer for #JohnnyEnglish Strikes Again!\\n\\nJOHNNY ENGLISH STRIKES AGAIN is the third installment of the Johnny English comedy series, with Rowan Atkinson returning as the much loved accidental secret agent. The new adventure begins when a cyber-attack reveals the identity of all active undercover agents in Britain, leaving Johnny English as the secret service’s last hope. Called out of retirement, English dives head first into action with the mission to find the mastermind hacker. As a man with few skills and analogue methods, Johnny English must overcome the challenges of modern technology to make this mission a success. \\n\\nhttp://www.johnnyenglishmovie.com/\\nhttps://www.facebook.com/johnnyenglishmovie/\\nhttps://twitter.com/johnnyenglish\\nhttps://www.instagram.com/johnnyenglish/",2018-04-05T07:00:36.000Z,3358449,132800,1475,9050,5
Johnny English Strikes Again - Official Trailer (HD) - Coming Soon,US,Universal Pictures,Entertainment,"\"johnny english\"|\"johnny trailer\"|\"english\"|\"trailer\"|\"movie trailer\"|\"movie\"|\"universal pictures\"|\"007\"|\"agent\"|\"movies\"|\"spy movie\"|\"spy\"|\"johnny english strikes again\"|\"johnny english reborn\"|\"johnny english 3\"","The world’s greatest spy is back. Watch Rowan Atkinson in the new trailer for #JohnnyEnglish Strikes Again!\\n\\nJOHNNY ENGLISH STRIKES AGAIN is the third installment of the Johnny English comedy series, with Rowan Atkinson returning as the much loved accidental secret agent. The new adventure begins when a cyber-attack reveals the identity of all active undercover agents in Britain, leaving Johnny English as the secret service’s last hope. Called out of retirement, English dives head first into action with the mission to find the mastermind hacker. As a man with few skills and analogue methods, Johnny English must overcome the challenges of modern technology to make this mission a success. \\n\\nhttp://www.johnnyenglishmovie.com/\\nhttps://www.facebook.com/johnnyenglishmovie/\\nhttps://twitter.com/johnnyenglish\\nhttps://www.instagram.com/johnnyenglish/",2018-04-05T07:00:36.000Z,8955556,233690,3308,9050,5
"Pixl Radio 🎵 24/7 Music Live Stream | Pop Music, Dance Music | Spotlight: Dua Lipa – New Rules",CA,Pixl Networks,Music,[none],"Pixl Radio 🎵 24/7 Music Live Stream | Pop Music, Dance Music | Spotlight: Dua Lipa – New Rules\\n\\nWelcome to YouTube's biggest radio station, backed up by the teams behind some of the most popular artists in the world.\\n\\nHit the 🔔 to join the notification squad!\\n\\nNightbot commands 🤖\\n!hey\\n!sup\\n!country YourCountry, ex: !country England\\n!hype\\n!love\\n!party\\n!food\\n!joke\\n!compliment\\n!bye\\n\\nSupport Pixl Networks\\nhttp://snapchat.com/add/pixlnetworks\\nhttp://instagram.com/pixlnetworks\\nhttp://open.spotify.com/user/pixlnetworks\\nhttp://facebook.com/pixlnetworks\\nhttp://twitter.com/pixlnetworks\\nhttp://soundcloud.com/pixlnetworks\\nhttp://discord.gg/pixlnetworks\\n\\nArtworks by AuroraLion, Erisiar, Sylar113, mclelun\\n\\nHashtags: #radio #music #livemusic #pop #popmusic #dance #dancemusic\\n\\nIn cooperation with the record labels of artists including Demi Lovato, Jason Derulo, Bebe Rexha, Dua Lipa, Hailee Steinfeld, Marshmello, Alan Walker, Avicii, DJ Snake, and Major Lazer.\\n\\nPixl Radio (autocorrected Pixel Radio) is operated by Pixl Networks, YouTube's leading music network for popular music. Subscribe to this channel to stay on top of the hottest music trends!",2018-01-05T20:26:21.000Z,604300,10566,363,0,6
"Pixl Radio 🎵 24/7 Music Live Stream | Pop Music, Dance Music | Spotlight: Dua Lipa – New Rules",CA,Pixl Networks,Music,[none],"Pixl Radio 🎵 24/7 Music Live Stream | Pop Music, Dance Music | Spotlight: Dua Lipa – New Rules\\n\\nWelcome to YouTube's biggest radio station, backed up by the teams behind some of the most popular artists in the world.\\n\\nHit the 🔔 to join the notification squad!\\n\\nNightbot commands 🤖\\n!hey\\n!sup\\n!country YourCountry, ex: !country England\\n!hype\\n!love\\n!party\\n!food\\n!joke\\n!compliment\\n!bye\\n\\nSupport Pixl Networks\\nhttp://snapchat.com/add/pixlnetworks\\nhttp://instagram.com/pixlnetworks\\nhttp://open.spotify.com/user/pixlnetworks\\nhttp://facebook.com/pixlnetworks\\nhttp://twitter.com/pixlnetworks\\nhttp://soundcloud.com/pixlnetworks\\nhttp://discord.gg/pixlnetworks\\n\\nArtworks by AuroraLion, Erisiar, Sylar113, mclelun\\n\\nHashtags: #radio #music #livemusic #pop #popmusic #dance #dancemusic\\n\\nIn cooperation with the record labels of artists including Demi Lovato, Jason Derulo, Bebe Rexha, Dua Lipa, Hailee Steinfeld, Marshmello, Alan Walker, Avicii, DJ Snake, and Major Lazer.\\n\\nPixl Radio (autocorrected Pixel Radio) is operated by Pixl Networks, YouTube's leading music promotion network for popular music. Subscribe to this channel to stay on top of the hottest music trends!",2018-01-05T20:26:21.000Z,1491617,20628,822,0,6
"Pixl Radio 🎵 24/7 Music Live Stream | Pop Music, Dance Music | Spotlight: Dua Lipa – New Rules",CA,Pixl Networks,Music,[none],"Pixl Radio 🎵 24/7 Music Live Stream | Pop Music, Dance Music | Spotlight: Dua Lipa – New Rules\\n\\nWelcome to YouTube's biggest radio station, backed up by the teams behind some of the most popular artists in the world.\\n\\nHit the 🔔 to join the notification squad!\\n\\nNightbot commands 🤖\\n!hey\\n!sup\\n!country YourCountry, ex: !country England\\n!hype\\n!love\\n!party\\n!food\\n!joke\\n!compliment\\n!bye\\n\\nSupport Pixl Networks\\nhttp://snapchat.com/add/pixlnetworks\\nhttp://instagram.com/pixlnetworks\\nhttp://open.spotify.com/user/pixlnetworks\\nhttp://facebook.com/pixlnetworks\\nhttp://twitter.com/pixlnetworks\\nhttp://soundcloud.com/pixlnetworks\\nhttp://discord.gg/pixlnetworks\\n\\nArtworks by AuroraLion, Erisiar, Sylar113, mclelun\\n\\nHashtags: #radio #music #livemusic #pop #popmusic #dance #dancemusic\\n\\nIn cooperation with the record labels of artists including Demi Lovato, Jason Derulo, Bebe Rexha, Dua Lipa, Hailee Steinfeld, Marshmello, Alan Walker, Avicii, DJ Snake, and Major Lazer.\\n\\nPixl Radio (autocorrected Pixel Radio) is operated by Pixl Networks, an independent music network showcasing high-quality music from major labels as well as rising artists. Subscribe to this channel to be updated with the latest songs.",2018-01-05T20:26:21.000Z,147800,3895,118,0,6
"Pixl Radio 🎵 24/7 Music Live Stream | Pop Music, Dance Music | Spotlight: Dua Lipa – New Rules",DE,Pixl Networks,Music,[none],"Pixl Radio 🎵 24/7 Music Live Stream | Pop Music, Dance Music | Spotlight: Dua Lipa – New Rules\\n\\nWelcome to YouTube's biggest radio station, backed up by the teams behind some of the most popular artists in the world.\\n\\nHit the 🔔 to join the notification squad!\\n\\nNightbot commands 🤖\\n!hey\\n!sup\\n!country YourCountry, ex: !country England\\n!hype\\n!love\\n!party\\n!food\\n!joke\\n!compliment\\n!bye\\n\\nSupport Pixl Networks\\nhttp://snapchat.com/add/pixlnetworks\\nhttp://instagram.com/pixlnetworks\\nhttp://open.spotify.com/user/pixlnetworks\\nhttp://facebook.com/pixlnetworks\\nhttp://twitter.com/pixlnetworks\\nhttp://soundcloud.com/pixlnetworks\\nhttp://discord.gg/pixlnetworks\\n\\nArtworks by AuroraLion, Erisiar, Sylar113, mclelun\\n\\nHashtags: #radio #music #livemusic #pop #popmusic #dance #dancemusic\\n\\nIn cooperation with the record labels of artists including Demi Lovato, Jason Derulo, Bebe Rexha, Dua Lipa, Hailee Steinfeld, Marshmello, Alan Walker, Avicii, DJ Snake, and Major Lazer.\\n\\nPixl Radio (autocorrected Pixel Radio) is operated by Pixl Networks, YouTube's leading music network for popular music. Subscribe to this channel to stay on top of the hottest music trends!",2018-01-05T20:26:21.000Z,604300,10566,363,0,6
"Pixl Radio 🎵 24/7 Music Live Stream | Pop Music, Dance Music | Spotlight: Dua Lipa – New Rules",DE,Pixl Networks,Music,[none],"Pixl Radio 🎵 24/7 Music Live Stream | Pop Music, Dance Music | Spotlight: Dua Lipa – New Rules\\n\\nWelcome to YouTube's biggest radio station, backed up by the teams behind some of the most popular artists in the world.\\n\\nHit the 🔔 to join the notification squad!\\n\\nNightbot commands 🤖\\n!hey\\n!sup\\n!country YourCountry, ex: !country England\\n!hype\\n!love\\n!party\\n!food\\n!joke\\n!compliment\\n!bye\\n\\nSupport Pixl Networks\\nhttp://snapchat.com/add/pixlnetworks\\nhttp://instagram.com/pixlnetworks\\nhttp://open.spotify.com/user/pixlnetworks\\nhttp://facebook.com/pixlnetworks\\nhttp://twitter.com/pixlnetworks\\nhttp://soundcloud.com/pixlnetworks\\nhttp://discord.gg/pixlnetworks\\n\\nArtworks by AuroraLion, Erisiar, Sylar113, mclelun\\n\\nHashtags: #radio #music #livemusic #pop #popmusic #dance #dancemusic\\n\\nIn cooperation with the record labels of artists including Demi Lovato, Jason Derulo, Bebe Rexha, Dua Lipa, Hailee Steinfeld, Marshmello, Alan Walker, Avicii, DJ Snake, and Major Lazer.\\n\\nPixl Radio (autocorrected Pixel Radio) is operated by Pixl Networks, YouTube's leading music promotion network for popular music. Subscribe to this channel to stay on top of the hottest music trends!",2018-01-05T20:26:21.000Z,1044982,15874,583,0,6
"Pixl Radio 🎵 24/7 Music Live Stream | Pop Music, Dance Music | Spotlight: Dua Lipa – New Rules",FR,Pixl Networks,Music,[none],"Pixl Radio 🎵 24/7 Music Live Stream | Pop Music, Dance Music | Spotlight: Dua Lipa – New Rules\\n\\nWelcome to YouTube's biggest radio station, backed up by the teams behind some of the most popular artists in the world.\\n\\nHit the 🔔 to join the notification squad!\\n\\nNightbot commands 🤖\\n!hey\\n!sup\\n!country YourCountry, ex: !country England\\n!hype\\n!love\\n!party\\n!food\\n!joke\\n!compliment\\n!bye\\n\\nSupport Pixl Networks\\nhttp://snapchat.com/add/pixlnetworks\\nhttp://instagram.com/pixlnetworks\\nhttp://open.spotify.com/user/pixlnetworks\\nhttp://facebook.com/pixlnetworks\\nhttp://twitter.com/pixlnetworks\\nhttp://soundcloud.com/pixlnetworks\\nhttp://discord.gg/pixlnetworks\\n\\nArtworks by AuroraLion, Erisiar, Sylar113, mclelun\\n\\nHashtags: #radio #music #livemusic #pop #popmusic #dance #dancemusic\\n\\nIn cooperation with the record labels of artists including Demi Lovato, Jason Derulo, Bebe Rexha, Dua Lipa, Hailee Steinfeld, Marshmello, Alan Walker, Avicii, DJ Snake, and Major Lazer.\\n\\nPixl Radio (autocorrected Pixel Radio) is operated by Pixl Networks, YouTube's leading music network for popular music. Subscribe to this channel to stay on top of the hottest music trends!",2018-01-05T20:26:21.000Z,604300,10566,363,0,6
