title,country,channel_title,category,tags,description,publish_time,views,likes,dislikes,comment_count,cnt
10 BEST Moments From 2018 Golden Globes,CA,Clevver News,Entertainment,"\"News\"|\"newsfeed\"|\"clevver news\"|\"entertainment\"|\"trophy life\"|\"golden globes\"|\"golden globes 2018\"|\"Big Little Lies\"|\"The Handmaid’s Tale\"|\"seth Meyers\"|\"natalie portman\"|\"Jennifer aniston\"|\"carol burnett\"|\"sterling k brown\"|\"aziz Ansari\"|\"james franco\"|\"hugh Jackman\"|\"oprah\"","This episode was brought to you by TurboTax. Relax, there’s TurboTax. http://intuit.me/1eCMlVs\\nMore Celebrity News ►► http://bit.ly/SubClevverNews\\n\\nIt was a night in solidarity of women around the world joining forces and making their voices heard during the 2018 Golden Globes, so let’s keep the fierce female energy going with all of tonight’s most star-studded moments.\\n\\n\\nFor More Clevver Visit:\\nThere are 2 types of people: those who follow us on Facebook and those who are missing out http://facebook.com/clevver\\n\\nKeep up with us on Instagram: http://instagr.am/Clevver\\nFollow us on Twitter: http://twitter.com/ClevverTV\\nWebsite: http://www.clevver.com \\n\\n\\nAdd us to your circles on Google+: http://google.com/+ClevverNews\\nTweet Me: http://www.twitter.com/drew__dorsey\\nThis is a sponsored video",2018-01-08T10:18:32.000Z,784022,5910,5650,3097,5
10 BEST Moments From 2018 Golden Globes,DE,Clevver News,Entertainment,"\"News\"|\"newsfeed\"|\"clevver news\"|\"entertainment\"|\"trophy life\"|\"golden globes\"|\"golden globes 2018\"|\"Big Little Lies\"|\"The Handmaid’s Tale\"|\"seth Meyers\"|\"natalie portman\"|\"Jennifer aniston\"|\"carol burnett\"|\"sterling k brown\"|\"aziz Ansari\"|\"james franco\"|\"hugh Jackman\"|\"oprah\"","This episode was brought to you by TurboTax. Relax, there’s TurboTax. http://intuit.me/1eCMlVs\\nMore Celebrity News ►► http://bit.ly/SubClevverNews\\n\\nIt was a night in solidarity of women around the world joining forces and making their voices heard during the 2018 Golden Globes, so let’s keep the fierce female energy going with all of tonight’s most star-studded moments.\\n\\n\\nFor More Clevver Visit:\\nThere are 2 types of people: those who follow us on Facebook and those who are missing out http://facebook.com/clevver\\n\\nKeep up with us on Instagram: http://instagr.am/Clevver\\nFollow us on Twitter: http://twitter.com/ClevverTV\\nWebsite: http://www.clevver.com \\n\\n\\nAdd us to your circles on Google+: http://google.com/+ClevverNews\\nTweet Me: http://www.twitter.com/drew__dorsey\\nThis is a sponsored video",2018-01-08T10:18:32.000Z,784022,5910,1763,1165,5
10 BEST Moments From 2018 Golden Globes,FR,Clevver News,Entertainment,"\"News\"\"|\"\"newsfeed\"\"|\"\"clevver news\"\"|\"\"entertainment\"\"|\"\"trophy life\"\"|\"\"golden globes\"\"|\"\"golden globes 2018\"\"|\"\"Big Little Lies\"\"|\"\"The Handmaid’s Tale\"\"|\"\"seth Meyers\"\"|\"\"natalie portman\"\"|\"\"Jennifer aniston\"\"|\"\"carol burnett\"\"|\"\"sterling k brown\"\"|\"\"aziz Ansari\"\"|\"\"james franco\"\"|\"\"hugh Jackman\"\"|\"\"oprah\"","This episode was brought to you by TurboTax. Relax, there’s TurboTax. http://intuit.me/1eCMlVs\\nMore Celebrity News ►► http://bit.ly/SubClevverNews\\n\\nIt was a night in solidarity of women around the world joining forces and making their voices heard during the 2018 Golden Globes, so let’s keep the fierce female energy going with all of tonight’s most star-studded moments.\\n\\n\\nFor More Clevver Visit:\\nThere are 2 types of people: those who follow us on Facebook and those who are missing out http://facebook.com/clevver\\n\\nKeep up with us on Instagram: http://instagr.am/Clevver\\nFollow us on Twitter: http://twitter.com/ClevverTV\\nWebsite: http://www.clevver.com \\n\\n\\nAdd us to your circles on Google+: http://google.com/+ClevverNews\\nTweet Me: http://www.twitter.com/drew__dorsey\\nThis is a sponsored video",2018-01-08T10:18:32.000Z,784022,5910,1763,1165,5
10 BEST Moments From 2018 Golden Globes,MX,Clevver News,Entertainment,"\"News|\"\"newsfeed\"\"|\"\"clevver news\"\"|\"\"entertainment\"\"|\"\"trophy life\"\"|\"\"golden globes\"\"|\"\"golden globes 2018\"\"|\"\"Big Little Lies\"\"|\"\"The Handmaid’s Tale\"\"|\"\"seth Meyers\"\"|\"\"natalie portman\"\"|\"\"Jennifer aniston\"\"|\"\"carol burnett\"\"|\"\"sterling k brown\"\"|\"\"aziz Ansari\"\"|\"\"james franco\"\"|\"\"hugh Jackman\"\"|\"\"oprah\"\"\"","This episode was brought to you by TurboTax. Relax, there’s TurboTax. http://intuit.me/1eCMlVs\\nMore Celebrity News ►► http://bit.ly/SubClevverNews\\n\\nIt was a night in solidarity of women around the world joining forces and making their voices heard during the 2018 Golden Globes, so let’s keep the fierce female energy going with all of tonight’s most star-studded moments.\\n\\n\\nFor More Clevver Visit:\\nThere are 2 types of people: those who follow us on Facebook and those who are missing out http://facebook.com/clevver\\n\\nKeep up with us on Instagram: http://instagr.am/Clevver\\nFollow us on Twitter: http://twitter.com/ClevverTV\\nWebsite: http://www.clevver.com \\n\\n\\nAdd us to your circles on Google+: http://google.com/+ClevverNews\\nTweet Me: http://www.twitter.com/drew__dorsey\\nThis is a sponsored video",2018-01-08T10:18:32.000Z,784022,5910,1763,1165,5
10 BEST Moments From 2018 Golden Globes,US,Clevver News,Entertainment,"\"News\"|\"newsfeed\"|\"clevver news\"|\"entertainment\"|\"trophy life\"|\"golden globes\"|\"golden globes 2018\"|\"Big Little Lies\"|\"The Handmaid’s Tale\"|\"seth Meyers\"|\"natalie portman\"|\"Jennifer aniston\"|\"carol burnett\"|\"sterling k brown\"|\"aziz Ansari\"|\"james franco\"|\"hugh Jackman\"|\"oprah\"","This episode was brought to you by TurboTax. Relax, there’s TurboTax. http://intuit.me/1eCMlVs\\nMore Celebrity News ►► http://bit.ly/SubClevverNews\\n\\nIt was a night in solidarity of women around the world joining forces and making their voices heard during the 2018 Golden Globes, so let’s keep the fierce female energy going with all of tonight’s most star-studded moments.\\n\\n\\nFor More Clevver Visit:\\nThere are 2 types of people: those who follow us on Facebook and those who are missing out http://facebook.com/clevver\\n\\nKeep up with us on Instagram: http://instagr.am/Clevver\\nFollow us on Twitter: http://twitter.com/ClevverTV\\nWebsite: http://www.clevver.com \\n\\n\\nAdd us to your circles on Google+: http://google.com/+ClevverNews\\nTweet Me: http://www.twitter.com/drew__dorsey\\nThis is a sponsored video",2018-01-08T10:18:32.000Z,782747,5910,5837,3230,5
Fish | Basics with Babish,CA,Binging with Babish,Entertainment,"\"basics with babish\"|\"binging with babish\"|\"cooking with babish\"|\"babbish\"|\"fish\"|\"fish and chips\"|\"how to make fish and chips\"|\"fish and chips recipe\"|\"salmon\"|\"how to make salmon\"|\"salmon recipe\"|\"easy salmon recipe\"|\"good salmon recipe\"|\"best salmon recipe\"|\"basics with babish fish\"|\"fish basics with babish\"|\"babish fish\"|\"recipe\"|\"andrew rea\"","On this episode of Basics, we're taking a look at a few ways to simply prepare fish. Whether you're baking or frying, it's an economically and ecologically responsible way to make dinner tonight.Grocery List:Salmon filletsPanko bread crumbsThyme, choppedRosemary, mincedWhite fish (high quality like cod or haddock)Russet potatoesPeanut or vegetable oilKosher saltGround black pepperGrain mustardMayoAll purpose flourCornstarchPaprikaBaking powderMexican beer (or beer of your choice)Tartar sauce (optional)Special equipment:Stainless steel pot, deep enough for fryingThermometer for frying oilJoin me 5/24 on Twitch for the fish live cook-a-long:https://www.twitch.tv/bingingwithbabish/Music:Melt Broke for Freehttps://soundcloud.com/broke-for-freehttps://www.bingingwithbabish.com/podcast/My first cookbook, Eat What You Watch, is available now in stores and online!Amazon: http://a.co/bv3rGzrBarnes & Noble: http://bit.ly/2uf65LXTheme song: Stay Tuned by Wuh Ohhttps://open.spotify.com/track/5lbQ6nKPgzkfFigheb467zBinging With Babish Website: http://bit.ly/BingingBabishWebsiteBasics With Babish Website: http://bit.ly/BasicsWithBabishWebsitePatreon: http://bit.ly/BingingPatreonInstagram: http://bit.ly/BabishInstagramFacebook: http://bit.ly/BabishFacebookTwitter: http://bit.ly/BabishTwitterTwitch: http://bit.ly/BabishTwitch",2018-05-17T16:47:42.000Z,912774,30178,449,2340,5
Fish | Basics with Babish,DE,Binging with Babish,Entertainment,"\"basics with babish\"|\"binging with babish\"|\"cooking with babish\"|\"babbish\"|\"fish\"|\"fish and chips\"|\"how to make fish and chips\"|\"fish and chips recipe\"|\"salmon\"|\"how to make salmon\"|\"salmon recipe\"|\"easy salmon recipe\"|\"good salmon recipe\"|\"best salmon recipe\"|\"basics with babish fish\"|\"fish basics with babish\"|\"babish fish\"|\"recipe\"|\"andrew rea\"","On this episode of Basics, we're taking a look at a few ways to simply prepare fish. Whether you're baking or frying, it's an economically and ecologically responsible way to make dinner tonight.Grocery List:Salmon filletsPanko bread crumbsThyme, choppedRosemary, mincedWhite fish (high quality like cod or haddock)Russet potatoesPeanut or vegetable oilKosher saltGround black pepperGrain mustardMayoAll purpose flourCornstarchPaprikaBaking powderMexican beer (or beer of your choice)Tartar sauce (optional)Special equipment:Stainless steel pot, deep enough for fryingThermometer for frying oilJoin me 5/24 on Twitch for the fish live cook-a-long:https://www.twitch.tv/bingingwithbabish/Music:Melt Broke for Freehttps://soundcloud.com/broke-for-freehttps://www.bingingwithbabish.com/podcast/My first cookbook, Eat What You Watch, is available now in stores and online!Amazon: http://a.co/bv3rGzrBarnes & Noble: http://bit.ly/2uf65LXTheme song: Stay Tuned by Wuh Ohhttps://open.spotify.com/track/5lbQ6nKPgzkfFigheb467zBinging With Babish Website: http://bit.ly/BingingBabishWebsiteBasics With Babish Website: http://bit.ly/BasicsWithBabishWebsitePatreon: http://bit.ly/BingingPatreonInstagram: http://bit.ly/BabishInstagramFacebook: http://bit.ly/BabishFacebookTwitter: http://bit.ly/BabishTwitterTwitch: http://bit.ly/BabishTwitch",2018-05-17T16:47:42.000Z,912774,30178,449,2340,5
Fish | Basics with Babish,FR,Binging with Babish,Entertainment,"\"basics with babish\"|\"binging with babish\"|\"cooking with babish\"|\"babbish\"|\"fish\"|\"fish and chips\"|\"how to make fish and chips\"|\"fish and chips recipe\"|\"salmon\"|\"how to make salmon\"|\"salmon recipe\"|\"easy salmon recipe\"|\"good salmon recipe\"|\"best salmon recipe\"|\"basics with babish fish\"|\"fish basics with babish\"|\"babish fish\"|\"recipe\"|\"andrew rea\"","On this episode of Basics, we're taking a look at a few ways to simply prepare fish. Whether you're baking or frying, it's an economically and ecologically responsible way to make dinner tonight.Grocery List:Salmon filletsPanko bread crumbsThyme, choppedRosemary, mincedWhite fish (high quality like cod or haddock)Russet potatoesPeanut or vegetable oilKosher saltGround black pepperGrain mustardMayoAll purpose flourCornstarchPaprikaBaking powderMexican beer (or beer of your choice)Tartar sauce (optional)Special equipment:Stainless steel pot, deep enough for fryingThermometer for frying oilJoin me 5/24 on Twitch for the fish live cook-a-long:https://www.twitch.tv/bingingwithbabish/Music:Melt Broke for Freehttps://soundcloud.com/broke-for-freehttps://www.bingingwithbabish.com/podcast/My first cookbook, Eat What You Watch, is available now in stores and online!Amazon: http://a.co/bv3rGzrBarnes & Noble: http://bit.ly/2uf65LXTheme song: Stay Tuned by Wuh Ohhttps://open.spotify.com/track/5lbQ6nKPgzkfFigheb467zBinging With Babish Website: http://bit.ly/BingingBabishWebsiteBasics With Babish Website: http://bit.ly/BasicsWithBabishWebsitePatreon: http://bit.ly/BingingPatreonInstagram: http://bit.ly/BabishInstagramFacebook: http://bit.ly/BabishFacebookTwitter: http://bit.ly/BabishTwitterTwitch: http://bit.ly/BabishTwitch",2018-05-17T16:47:42.000Z,501901,21180,215,1635,5
Fish | Basics with Babish,MX,Binging with Babish,Entertainment,"\"basics with babish|\"\"binging with babish\"\"|\"\"cooking with babish\"\"|\"\"babbish\"\"|\"\"fish\"\"|\"\"fish and chips\"\"|\"\"how to make fish and chips\"\"|\"\"fish and chips recipe\"\"|\"\"salmon\"\"|\"\"how to make salmon\"\"|\"\"salmon recipe\"\"|\"\"easy salmon recipe\"\"|\"\"good salmon recipe\"\"|\"\"best salmon recipe\"\"|\"\"basics with babish fish\"\"|\"\"fish basics with babish\"\"|\"\"babish fish\"\"|\"\"recipe\"\"|\"\"andrew rea\"\"\"","On this episode of Basics, we're taking a look at a few ways to simply prepare fish. Whether you're baking or frying, it's an economically and ecologically responsible way to make dinner tonight.Grocery List:Salmon filletsPanko bread crumbsThyme, choppedRosemary, mincedWhite fish (high quality like cod or haddock)Russet potatoesPeanut or vegetable oilKosher saltGround black pepperGrain mustardMayoAll purpose flourCornstarchPaprikaBaking powderMexican beer (or beer of your choice)Tartar sauce (optional)Special equipment:Stainless steel pot, deep enough for fryingThermometer for frying oilJoin me 5/24 on Twitch for the fish live cook-a-long:https://www.twitch.tv/bingingwithbabish/Music:Melt Broke for Freehttps://soundcloud.com/broke-for-freehttps://www.bingingwithbabish.com/podcast/My first cookbook, Eat What You Watch, is available now in stores and online!Amazon: http://a.co/bv3rGzrBarnes & Noble: http://bit.ly/2uf65LXTheme song: Stay Tuned by Wuh Ohhttps://open.spotify.com/track/5lbQ6nKPgzkfFigheb467zBinging With Babish Website: http://bit.ly/BingingBabishWebsiteBasics With Babish Website: http://bit.ly/BasicsWithBabishWebsitePatreon: http://bit.ly/BingingPatreonInstagram: http://bit.ly/BabishInstagramFacebook: http://bit.ly/BabishFacebookTwitter: http://bit.ly/BabishTwitterTwitch: http://bit.ly/BabishTwitch",2018-05-17T16:47:42.000Z,501901,21180,215,1635,5
Fish | Basics with Babish,US,Binging with Babish,Entertainment,"\"basics with babish\"|\"binging with babish\"|\"cooking with babish\"|\"babbish\"|\"fish\"|\"fish and chips\"|\"how to make fish and chips\"|\"fish and chips recipe\"|\"salmon\"|\"how to make salmon\"|\"salmon recipe\"|\"easy salmon recipe\"|\"good salmon recipe\"|\"best salmon recipe\"|\"basics with babish fish\"|\"fish basics with babish\"|\"babish fish\"|\"recipe\"|\"andrew rea\"","On this episode of Basics, we're taking a look at a few ways to simply prepare fish. Whether you're baking or frying, it's an economically and ecologically responsible way to make dinner tonight.Grocery List:Salmon filletsPanko bread crumbsThyme, choppedRosemary, mincedWhite fish (high quality like cod or haddock)Russet potatoesPeanut or vegetable oilKosher saltGround black pepperGrain mustardMayoAll purpose flourCornstarchPaprikaBaking powderMexican beer (or beer of your choice)Tartar sauce (optional)Special equipment:Stainless steel pot, deep enough for fryingThermometer for frying oilJoin me 5/24 on Twitch for the fish live cook-a-long:https://www.twitch.tv/bingingwithbabish/Music:Melt Broke for Freehttps://soundcloud.com/broke-for-freehttps://www.bingingwithbabish.com/podcast/My first cookbook, Eat What You Watch, is available now in stores and online!Amazon: http://a.co/bv3rGzrBarnes & Noble: http://bit.ly/2uf65LXTheme song: Stay Tuned by Wuh Ohhttps://open.spotify.com/track/5lbQ6nKPgzkfFigheb467zBinging With Babish Website: http://bit.ly/BingingBabishWebsiteBasics With Babish Website: http://bit.ly/BasicsWithBabishWebsitePatreon: http://bit.ly/BingingPatreonInstagram: http://bit.ly/BabishInstagramFacebook: http://bit.ly/BabishFacebookTwitter: http://bit.ly/BabishTwitterTwitch: http://bit.ly/BabishTwitch",2018-05-17T16:47:42.000Z,998628,35398,601,2565,5
Just Listen | Official Music Video | Sidhu Moose Wala ft. Sunny Malton | BYG BYRD | Humble Music,CA,Humble Music,Music,"\"just listen\"|\"just listen song\"|\"just listen full video\"|\"just listen sidhu moose wala\"|\"sidhu moose wala\"|\"sunny malton\"|\"byg byrd\"|\"humble music\"|\"just\"|\"listen\"|\"sidhu moose wala songs\"|\"sidhu\"|\"moose\"|\"wala\"|\"so high\"|\"so high songs\"|\"haters sidhu moose wala\"|\"haters\"|\"latest punjabi songs 2018\"|\"punjabi songs\"|\"punjabi music\"|\"punjabi\"|\"desi\"|\"hip hop\"",Click to Share on Facebook :- http://bit.ly/JustListenSong\nSong :- Just Listen\nSinger :- Sidhu Moose Wala ft Sunny Malton\nLyricst :- Sidhu Moose Wala\nMusic : BYG BYRD\nVideo :- TDOT Films\n\nOnline Promotional Strategies : Bull18\n\nAlso Available on -\niTunes :-  http://bit.ly/JustListenOniTunes\nSaavn - http://bit.ly/JustListenOnSaavn\nHungama :- http://bit.ly/JustListenOnHungama\nGaana - http://bit.ly/JustListenOnGaana\nWynk Music  - http://bit.ly/JustListenOnWynkMusic\n\n\nEnjoy & Stay connected with us!\nSubscribe to Humble Music: http://bit.ly/HumbleMusicYT\nLike us on Facebook: https://www.facebook.com/TheHumbleMusic\nFollow us on Twitter: https://twitter.com/TheHumbleMusic\nFollow us on Instagram: https://www.instagram.com/TheHumbleMusic\nFor Business Inquiries: info@humblemusic.in\nFor Queries :+919872207777\n\nDigitally Powered by One Digital Entertainment,2018-01-05T02:30:01.000Z,4124183,170301,4621,21554,5
Just Listen | Official Music Video | Sidhu Moose Wala ft. Sunny Malton | BYG BYRD | Humble Music,CA,Humble Music,Music,"\"just listen\"|\"just listen song\"|\"just listen full video\"|\"just listen sidhu moose wala\"|\"sidhu moose wala\"|\"sunny malton\"|\"byg byrd\"|\"humble music\"|\"just\"|\"listen\"|\"sidhu moose wala songs\"|\"sidhu\"|\"moose\"|\"wala\"|\"so high\"|\"so high songs\"|\"haters sidhu moose wala\"|\"haters\"|\"latest punjabi songs 2018\"|\"punjabi songs\"|\"punjabi music\"|\"punjabi\"|\"desi\"|\"hip hop\"",Click to Share on Facebook :- http://bit.ly/JustListenSong\nSong :- Just Listen\nSinger :- Sidhu Moose Wala ft Sunny Malton\nLyricst :- Sidhu Moose Wala\nMusic : BYG BYRD\nVideo :- TDOT Films\n\nOnline Promotional Strategies : Bull18\n\nAlso Available on -\niTunes :-  http://bit.ly/JustListenOniTunes\nSaavn - http://bit.ly/JustListenOnSaavn\nHungama :- http://bit.ly/JustListenOnHungama\nGaana - http://bit.ly/JustListenOnGaana\nWynk Music  - http://bit.ly/JustListenOnWynkMusic\n\nOperator Codes -\nAirtel Subscribers Direct Dial 5432116456731 to  Set as Hello tune\nhttps://www.airtelhellotunes.in/single/index/vcode/009164500006731\nVodafone Subscribers for Caller Tune Direct Dial 53710078659\nIdea Subscribers for Dialer Tone Direct Dial 5678910078659\nAircel  Subscribers SMS DT SPACE 6953215 to 53000\nAircel Subscribers Direct Dial 53000 & followed by DT Code 6953215 to set Dialer Tune\nBSNL North & West Subscribers SMS BT SPACE 6953215 to 56700\nBSNL N & W Subscribers Direct Dial 56700 & followed by BT Code  6953215 to set BSNL Tune\nBSNL East & South Subscribers SMS BT SPACE 10078659 to 56700\nBSNL E & S Subscribers Direct Dial 56700 & followed by BT Code 10078659  to set BSNL Tune\nUninor Subscribers Direct Dial to 54321110078659 Set as Caller tune\n\nEnjoy & Stay connected with us!\nSubscribe to Humble Music: http://bit.ly/HumbleMusicYT\nLike us on Facebook: https://www.facebook.com/TheHumbleMusic\nFollow us on Twitter: https://twitter.com/TheHumbleMusic\nFollow us on Instagram: https://www.instagram.com/TheHumbleMusic\nFor Business Inquiries: info@humblemusic.in\nFor Queries :+919872207777\n\nDigitally Powered by One Digital Entertainment,2018-01-05T02:30:01.000Z,6042547,205754,6209,24022,5
Just Listen | Official Music Video | Sidhu Moose Wala ft. Sunny Malton | BYG BYRD | Humble Music,CA,Humble Music,Music,"\"just listen\"|\"just listen song\"|\"just listen full video\"|\"just listen sidhu moose wala\"|\"sidhu moose wala\"|\"sunny malton\"|\"byg byrd\"|\"humble music\"|\"just\"|\"listen\"|\"sidhu moose wala songs\"|\"sidhu\"|\"moose\"|\"wala\"|\"so high\"|\"so high songs\"|\"haters sidhu moose wala\"|\"haters\"|\"latest punjabi songs 2018\"|\"punjabi songs\"|\"punjabi music\"|\"punjabi\"|\"desi\"|\"hip hop\"",Click to Share on Facebook :- http://bit.ly/JustListenSong\nSong :- Just Listen\nSinger :- Sidhu Moose Wala ft Sunny Malton\nLyricst :- Sidhu Moose Wala\nMusic : BYG BYRD\nVideo :- TDOT Films\n\nOnline Promotional Strategies : Bull18\n\nAlso Available on -\niTunes :-  http://bit.ly/JustListenOniTunes\nSaavn - http://bit.ly/JustListenOnSaavn\nGaana - http://bit.ly/JustListenOnGaana\nWynk Music  - http://bit.ly/JustListenOnWynkMusic\n\n\nEnjoy & Stay connected with us!\nSubscribe to Humble Music: http://bit.ly/HumbleMusicYT\nLike us on Facebook: https://www.facebook.com/TheHumbleMusic\nFollow us on Twitter: https://twitter.com/TheHumbleMusic\nFollow us on Instagram: https://www.instagram.com/TheHumbleMusic\nFor Business Inquiries: info@humblemusic.in\nFor Queries :+919872207777\n\nDigitally Powered by One Digital Entertainment,2018-01-05T02:30:01.000Z,346756,46279,873,8231,5
Just Listen | Official Music Video | Sidhu Moose Wala ft. Sunny Malton | BYG BYRD | Humble Music,IN,Humble Music,Music,"\"just listen|\"\"just listen song\"\"|\"\"just listen full video\"\"|\"\"just listen sidhu moose wala\"\"|\"\"sidhu moose wala\"\"|\"\"sunny malton\"\"|\"\"byg byrd\"\"|\"\"humble music\"\"|\"\"just\"\"|\"\"listen\"\"|\"\"sidhu moose wala songs\"\"|\"\"sidhu\"\"|\"\"moose\"\"|\"\"wala\"\"|\"\"so high\"\"|\"\"so high songs\"\"|\"\"haters sidhu moose wala\"\"|\"\"haters\"\"|\"\"latest punjabi songs 2018\"\"|\"\"punjabi songs\"\"|\"\"punjabi music\"\"|\"\"punjabi\"\"|\"\"desi\"\"|\"\"hip hop\"\"\"",Click to Share on Facebook :- http://bit.ly/JustListenSong\nSong :- Just Listen\nSinger :- Sidhu Moose Wala ft Sunny Malton\nLyricst :- Sidhu Moose Wala\nMusic : BYG BYRD\nVideo :- TDOT Films\n\nOnline Promotional Strategies : Bull18\n\nAlso Available on -\niTunes :-  http://bit.ly/JustListenOniTunes\nSaavn - http://bit.ly/JustListenOnSaavn\nHungama :- http://bit.ly/JustListenOnHungama\nGaana - http://bit.ly/JustListenOnGaana\nWynk Music  - http://bit.ly/JustListenOnWynkMusic\n\nOperator Codes -\nAirtel Subscribers Direct Dial 5432116456731 to  Set as Hello tune\nhttps://www.airtelhellotunes.in/single/index/vcode/009164500006731\nVodafone Subscribers for Caller Tune Direct Dial 53710078659\nIdea Subscribers for Dialer Tone Direct Dial 5678910078659\nAircel  Subscribers SMS DT SPACE 6953215 to 53000\nAircel Subscribers Direct Dial 53000 & followed by DT Code 6953215 to set Dialer Tune\nBSNL North & West Subscribers SMS BT SPACE 6953215 to 56700\nBSNL N & W Subscribers Direct Dial 56700 & followed by BT Code  6953215 to set BSNL Tune\nBSNL East & South Subscribers SMS BT SPACE 10078659 to 56700\nBSNL E & S Subscribers Direct Dial 56700 & followed by BT Code 10078659  to set BSNL Tune\nUninor Subscribers Direct Dial to 54321110078659 Set as Caller tune\n\nEnjoy & Stay connected with us!\nSubscribe to Humble Music: http://bit.ly/HumbleMusicYT\nLike us on Facebook: https://www.facebook.com/TheHumbleMusic\nFollow us on Twitter: https://twitter.com/TheHumbleMusic\nFollow us on Instagram: https://www.instagram.com/TheHumbleMusic\nFor Business Inquiries: info@humblemusic.in\nFor Queries :+919872207777\n\nDigitally Powered by One Digital Entertainment,2018-01-05T02:30:01.000Z,6042547,205754,6209,24022,5
Just Listen | Official Music Video | Sidhu Moose Wala ft. Sunny Malton | BYG BYRD | Humble Music,IN,Humble Music,Music,"\"just listen|\"\"just listen song\"\"|\"\"just listen full video\"\"|\"\"just listen sidhu moose wala\"\"|\"\"sidhu moose wala\"\"|\"\"sunny malton\"\"|\"\"byg byrd\"\"|\"\"humble music\"\"|\"\"just\"\"|\"\"listen\"\"|\"\"sidhu moose wala songs\"\"|\"\"sidhu\"\"|\"\"moose\"\"|\"\"wala\"\"|\"\"so high\"\"|\"\"so high songs\"\"|\"\"haters sidhu moose wala\"\"|\"\"haters\"\"|\"\"latest punjabi songs 2018\"\"|\"\"punjabi songs\"\"|\"\"punjabi music\"\"|\"\"punjabi\"\"|\"\"desi\"\"|\"\"hip hop\"\"\"",Click to Share on Facebook :- http://bit.ly/JustListenSong\nSong :- Just Listen\nSinger :- Sidhu Moose Wala ft Sunny Malton\nLyricst :- Sidhu Moose Wala\nMusic : BYG BYRD\nVideo :- TDOT Films\n\nOnline Promotional Strategies : Bull18\n\nAlso Available on -\niTunes :-  http://bit.ly/JustListenOniTunes\nSaavn - http://bit.ly/JustListenOnSaavn\nHungama :- http://bit.ly/JustListenOnHungama\nGaana - http://bit.ly/JustListenOnGaana\nWynk Music  - http://bit.ly/JustListenOnWynkMusic\n\n\nEnjoy & Stay connected with us!\nSubscribe to Humble Music: http://bit.ly/HumbleMusicYT\nLike us on Facebook: https://www.facebook.com/TheHumbleMusic\nFollow us on Twitter: https://twitter.com/TheHumbleMusic\nFollow us on Instagram: https://www.instagram.com/TheHumbleMusic\nFor Business Inquiries: info@humblemusic.in\nFor Queries :+919872207777\n\nDigitally Powered by One Digital Entertainment,2018-01-05T02:30:01.000Z,4124183,170301,4621,21554,5
Taylor Swift - Delicate,CA,TaylorSwiftVEVO,Music,"\"Taylor Swift\"|\"Delicate\"|\"Big\"|\"Machine\"|\"Records\"|\"LLC\"|\"Pop\"",Taylor Swift reputation Stadium Tour Tickets are on sale now. Get tickets here: http://taylor.lk/repEvents\n\nMusic video by Taylor Swift performing Delicate. ©2018 Big Machine Label Group LLC\n\nhttp://vevo.ly/hIoRmf,2018-03-12T01:15:10.000Z,43738208,1658758,94043,148548,20
Taylor Swift - Delicate,CA,TaylorSwiftVEVO,Music,"\"Taylor Swift\"|\"Delicate\"|\"Big\"|\"Machine\"|\"Records\"|\"LLC\"|\"Pop\"",Music video by Taylor Swift performing Delicate. ©2018 Big Machine Label Group LLC\n\nhttp://vevo.ly/hIoRmf,2018-03-12T01:15:10.000Z,3326090,983710,44255,97504,20
Taylor Swift - Delicate,DE,TaylorSwiftVEVO,Music,"\"Taylor Swift\"|\"Delicate\"|\"Big\"|\"Machine\"|\"Records\"|\"LLC\"|\"Pop\"",Music video by Taylor Swift performing Delicate. ©2018 Big Machine Label Group LLC\n\nhttp://vevo.ly/hIoRmf,2018-03-12T01:15:10.000Z,14820746,983704,44254,97504,20
Taylor Swift - Delicate,DE,TaylorSwiftVEVO,Music,"\"Taylor Swift\"|\"Delicate\"|\"Big\"|\"Machine\"|\"Records\"|\"LLC\"|\"Pop\"",Taylor Swift reputation Stadium Tour Tickets are on sale now. Get tickets here: http://taylor.lk/repEvents\n\nMusic video by Taylor Swift performing Delicate. ©2018 Big Machine Label Group LLC\n\nhttp://vevo.ly/hIoRmf,2018-03-12T01:15:10.000Z,35218973,1506790,84074,140396,20
Taylor Swift - Delicate,FR,TaylorSwiftVEVO,Music,"\"Taylor Swift\"\"|\"\"Delicate\"\"|\"\"Big\"\"|\"\"Machine\"\"|\"\"Records\"\"|\"\"LLC\"\"|\"\"Pop\"",Taylor Swift reputation Stadium Tour Tickets are on sale now. Get tickets here: http://taylor.lk/repEvents\n\nMusic video by Taylor Swift performing Delicate. ©2018 Big Machine Label Group LLC\n\nhttp://vevo.ly/hIoRmf,2018-03-12T01:15:10.000Z,29923522,1395755,76072,133691,20
Taylor Swift - Delicate,FR,TaylorSwiftVEVO,Music,"\"Taylor Swift\"\"|\"\"Delicate\"\"|\"\"Big\"\"|\"\"Machine\"\"|\"\"Records\"\"|\"\"LLC\"\"|\"\"Pop\"",Music video by Taylor Swift performing Delicate. ©2018 Big Machine Label Group LLC\n\nhttp://vevo.ly/hIoRmf,2018-03-12T01:15:10.000Z,3326090,983715,44255,97504,20
Taylor Swift - Delicate,GB,TaylorSwiftVEVO,Music,"\"Taylor Swift\"|\"Delicate\"|\"Big\"|\"Machine\"|\"Records\"|\"LLC\"|\"Pop\"",Taylor Swift reputation Stadium Tour Tickets are on sale now. Get tickets here: http://taylor.lk/repEvents\n\nMusic video by Taylor Swift performing Delicate. ©2018 Big Machine Label Group LLC\n\nhttp://vevo.ly/hIoRmf,2018-03-12T01:15:10.000Z,99019402,2161260,97482,175635,20
Taylor Swift - Delicate,GB,TaylorSwiftVEVO,Music,"\"Taylor Swift\"|\"Delicate\"|\"Big\"|\"Machine\"|\"Records\"|\"LLC\"|\"Pop\"",Music video by Taylor Swift performing Delicate. ©2018 Big Machine Label Group LLC\n\nhttp://vevo.ly/hIoRmf,2018-03-12T01:15:10.000Z,3326090,983698,44254,97504,20
Taylor Swift - Delicate,IN,TaylorSwiftVEVO,Music,"\"Taylor Swift|\"\"Delicate\"\"|\"\"Big\"\"|\"\"Machine\"\"|\"\"Records\"\"|\"\"LLC\"\"|\"\"Pop\"\"\"",Taylor Swift reputation Stadium Tour Tickets are on sale now. Get tickets here: http://taylor.lk/repEvents\n\nMusic video by Taylor Swift performing Delicate. ©2018 Big Machine Label Group LLC\n\nhttp://vevo.ly/hIoRmf,2018-03-12T01:15:10.000Z,43738208,1658756,94043,148548,20
Taylor Swift - Delicate,IN,TaylorSwiftVEVO,Music,"\"Taylor Swift|\"\"Delicate\"\"|\"\"Big\"\"|\"\"Machine\"\"|\"\"Records\"\"|\"\"LLC\"\"|\"\"Pop\"\"\"",Music video by Taylor Swift performing Delicate. ©2018 Big Machine Label Group LLC\n\nhttp://vevo.ly/hIoRmf,2018-03-12T01:15:10.000Z,14820746,983700,44254,97504,20
Taylor Swift - Delicate,JP,TaylorSwiftVEVO,Music,"\"Taylor Swift|\"\"Delicate\"\"|\"\"Big\"\"|\"\"Machine\"\"|\"\"Records\"\"|\"\"LLC\"\"|\"\"Pop\"\"\"",Music video by Taylor Swift performing Delicate. ©2018 Big Machine Label Group LLC\n\nhttp://vevo.ly/hIoRmf,2018-03-12T01:15:10.000Z,14820746,983728,44259,97504,20
Taylor Swift - Delicate,JP,TaylorSwiftVEVO,Music,"\"Taylor Swift|\"\"Delicate\"\"|\"\"Big\"\"|\"\"Machine\"\"|\"\"Records\"\"|\"\"LLC\"\"|\"\"Pop\"\"\"",Taylor Swift reputation Stadium Tour Tickets are on sale now. Get tickets here: http://taylor.lk/repEvents\n\nMusic video by Taylor Swift performing Delicate. ©2018 Big Machine Label Group LLC\n\nhttp://vevo.ly/hIoRmf,2018-03-12T01:15:10.000Z,24262331,1249417,64943,121243,20
Taylor Swift - Delicate,KR,TaylorSwiftVEVO,Music,"\"Taylor Swift|\"\"Delicate\"\"|\"\"Big\"\"|\"\"Machine\"\"|\"\"Records\"\"|\"\"LLC\"\"|\"\"Pop\"\"\"",Music video by Taylor Swift performing Delicate. ©2018 Big Machine Label Group LLC\n\nhttp://vevo.ly/hIoRmf,2018-03-12T01:15:10.000Z,14820746,983721,44255,97504,20
Taylor Swift - Delicate,KR,TaylorSwiftVEVO,Music,"\"Taylor Swift|\"\"Delicate\"\"|\"\"Big\"\"|\"\"Machine\"\"|\"\"Records\"\"|\"\"LLC\"\"|\"\"Pop\"\"\"",Taylor Swift reputation Stadium Tour Tickets are on sale now. Get tickets here: http://taylor.lk/repEvents\n\nMusic video by Taylor Swift performing Delicate. ©2018 Big Machine Label Group LLC\n\nhttp://vevo.ly/hIoRmf,2018-03-12T01:15:10.000Z,35218973,1506793,84075,140405,20
Taylor Swift - Delicate,MX,TaylorSwiftVEVO,Music,"\"Taylor Swift|\"\"Delicate\"\"|\"\"Big\"\"|\"\"Machine\"\"|\"\"Records\"\"|\"\"LLC\"\"|\"\"Pop\"\"\"",Music video by Taylor Swift performing Delicate. ©2018 Big Machine Label Group LLC\n\nhttp://vevo.ly/hIoRmf,2018-03-12T01:15:10.000Z,3326090,983732,44259,97510,20
Taylor Swift - Delicate,MX,TaylorSwiftVEVO,Music,"\"Taylor Swift|\"\"Delicate\"\"|\"\"Big\"\"|\"\"Machine\"\"|\"\"Records\"\"|\"\"LLC\"\"|\"\"Pop\"\"\"",Taylor Swift reputation Stadium Tour Tickets are on sale now. Get tickets here: http://taylor.lk/repEvents\n\nMusic video by Taylor Swift performing Delicate. ©2018 Big Machine Label Group LLC\n\nhttp://vevo.ly/hIoRmf,2018-03-12T01:15:10.000Z,24262331,1249421,64943,121243,20
Taylor Swift - Delicate,RU,TaylorSwiftVEVO,Music,"\"Taylor Swift|\"\"Delicate\"\"|\"\"Big\"\"|\"\"Machine\"\"|\"\"Records\"\"|\"\"LLC\"\"|\"\"Pop\"\"\"",Music video by Taylor Swift performing Delicate. ©2018 Big Machine Label Group LLC\n\nhttp://vevo.ly/hIoRmf,2018-03-12T01:15:10.000Z,3326090,983723,44257,97504,20
Taylor Swift - Delicate,RU,TaylorSwiftVEVO,Music,"\"Taylor Swift|\"\"Delicate\"\"|\"\"Big\"\"|\"\"Machine\"\"|\"\"Records\"\"|\"\"LLC\"\"|\"\"Pop\"\"\"",Taylor Swift reputation Stadium Tour Tickets are on sale now. Get tickets here: http://taylor.lk/repEvents\n\nMusic video by Taylor Swift performing Delicate. ©2018 Big Machine Label Group LLC\n\nhttp://vevo.ly/hIoRmf,2018-03-12T01:15:10.000Z,24262331,1249412,64943,121243,20
Taylor Swift - Delicate,US,TaylorSwiftVEVO,Music,"\"Taylor Swift\"|\"Delicate\"|\"Big\"|\"Machine\"|\"Records\"|\"LLC\"|\"Pop\"",Music video by Taylor Swift performing Delicate. ©2018 Big Machine Label Group LLC\n\nhttp://vevo.ly/hIoRmf,2018-03-12T01:15:10.000Z,14820746,983693,44254,97504,20
Taylor Swift - Delicate,US,TaylorSwiftVEVO,Music,"\"Taylor Swift\"|\"Delicate\"|\"Big\"|\"Machine\"|\"Records\"|\"LLC\"|\"Pop\"",Taylor Swift reputation Stadium Tour Tickets are on sale now. Get tickets here: http://taylor.lk/repEvents\n\nMusic video by Taylor Swift performing Delicate. ©2018 Big Machine Label Group LLC\n\nhttp://vevo.ly/hIoRmf,2018-03-12T01:15:10.000Z,71560694,1928392,97482,162990,20
Trump's Twitter Spree After Robert Mueller's Russia Indictments,CA,The Late Show with Stephen Colbert,Entertainment,"\"The Late Show\"|\"Stephen Colbert\"|\"Colbert\"|\"Late Show\"|\"celebrities\"|\"late night\"|\"talk show\"|\"skits\"|\"bit\"|\"monologue\"|\"The Late Late Show\"|\"Late Late Show\"|\"letterman\"|\"david letterman\"|\"comedian\"|\"impressions\"|\"CBS\"|\"joke\"|\"jokes\"|\"funny\"|\"funny video\"|\"funny videos\"|\"humor\"|\"celebrity\"|\"celeb\"|\"hollywood\"|\"famous\"|\"James Corden\"|\"Corden\"|\"Comedy\"|\"Monologue\"|\"Politics\"|\"Nonrecurring\"|\"Topical\"|\"Robert Mueller\"|\"Russia Investigation\"","President Trump had a lot to say after the special counsel's influence in the 2016 election. . . but not to condemn Russia.\\n\\nSubscribe To The Late Show Channel HERE: http://bit.ly/ColbertYouTube\\nFor more content from The Late Show with Stephen Colbert, click HERE: http://bit.ly/1AKISnR\\nWatch full episodes of The Late Show HERE: http://bit.ly/1Puei40\\nLike The Late Show on Facebook HERE: http://on.fb.me/1df139Y\\nFollow The Late Show on Twitter HERE: http://bit.ly/1dMzZzG\\nFollow The Late Show on Google+ HERE: http://bit.ly/1JlGgzw\\nFollow The Late Show on Instagram HERE: http://bit.ly/29wfREj\\nFollow The Late Show on Tumblr HERE: http://bit.ly/29DVvtR\\n\\nWatch The Late Show with Stephen Colbert weeknights at 11:35 PM ET/10:35 PM CT. Only on CBS.\\n\\nGet the CBS app for iPhone & iPad! Click HERE: http://bit.ly/12rLxge\\n\\nGet new episodes of shows you love across devices the next day, stream live TV, and watch full seasons of CBS fan favorites anytime, anywhere with CBS All Access. Try it free! http://bit.ly/1OQA29B\\n\\n---\\nThe Late Show with Stephen Colbert is the premier late night talk show on CBS, airing at 11:35pm EST, streaming online via CBS All Access, and delivered to the International Space Station on a USB drive taped to a weather balloon. Every night, viewers can expect: Comedy, humor, funny moments, witty interviews, celebrities, famous people, movie stars, bits, humorous celebrities doing bits, funny celebs, big group photos of every star from Hollywood, even the reclusive ones, plus also jokes.",2018-02-21T08:35:01.000Z,1127610,14989,800,1414,5
Trump's Twitter Spree After Robert Mueller's Russia Indictments,DE,The Late Show with Stephen Colbert,Entertainment,"\"The Late Show\"|\"Stephen Colbert\"|\"Colbert\"|\"Late Show\"|\"celebrities\"|\"late night\"|\"talk show\"|\"skits\"|\"bit\"|\"monologue\"|\"The Late Late Show\"|\"Late Late Show\"|\"letterman\"|\"david letterman\"|\"comedian\"|\"impressions\"|\"CBS\"|\"joke\"|\"jokes\"|\"funny\"|\"funny video\"|\"funny videos\"|\"humor\"|\"celebrity\"|\"celeb\"|\"hollywood\"|\"famous\"|\"James Corden\"|\"Corden\"|\"Comedy\"|\"Monologue\"|\"Politics\"|\"Nonrecurring\"|\"Topical\"|\"Robert Mueller\"|\"Russia Investigation\"","President Trump had a lot to say after the special counsel's influence in the 2016 election. . . but not to condemn Russia.\\n\\nSubscribe To The Late Show Channel HERE: http://bit.ly/ColbertYouTube\\nFor more content from The Late Show with Stephen Colbert, click HERE: http://bit.ly/1AKISnR\\nWatch full episodes of The Late Show HERE: http://bit.ly/1Puei40\\nLike The Late Show on Facebook HERE: http://on.fb.me/1df139Y\\nFollow The Late Show on Twitter HERE: http://bit.ly/1dMzZzG\\nFollow The Late Show on Google+ HERE: http://bit.ly/1JlGgzw\\nFollow The Late Show on Instagram HERE: http://bit.ly/29wfREj\\nFollow The Late Show on Tumblr HERE: http://bit.ly/29DVvtR\\n\\nWatch The Late Show with Stephen Colbert weeknights at 11:35 PM ET/10:35 PM CT. Only on CBS.\\n\\nGet the CBS app for iPhone & iPad! Click HERE: http://bit.ly/12rLxge\\n\\nGet new episodes of shows you love across devices the next day, stream live TV, and watch full seasons of CBS fan favorites anytime, anywhere with CBS All Access. Try it free! http://bit.ly/1OQA29B\\n\\n---\\nThe Late Show with Stephen Colbert is the premier late night talk show on CBS, airing at 11:35pm EST, streaming online via CBS All Access, and delivered to the International Space Station on a USB drive taped to a weather balloon. Every night, viewers can expect: Comedy, humor, funny moments, witty interviews, celebrities, famous people, movie stars, bits, humorous celebrities doing bits, funny celebs, big group photos of every star from Hollywood, even the reclusive ones, plus also jokes.",2018-02-21T08:35:01.000Z,1127610,14989,800,1414,5
Trump's Twitter Spree After Robert Mueller's Russia Indictments,FR,The Late Show with Stephen Colbert,Entertainment,"\"The Late Show\"\"|\"\"Stephen Colbert\"\"|\"\"Colbert\"\"|\"\"Late Show\"\"|\"\"celebrities\"\"|\"\"late night\"\"|\"\"talk show\"\"|\"\"skits\"\"|\"\"bit\"\"|\"\"monologue\"\"|\"\"The Late Late Show\"\"|\"\"Late Late Show\"\"|\"\"letterman\"\"|\"\"david letterman\"\"|\"\"comedian\"\"|\"\"impressions\"\"|\"\"CBS\"\"|\"\"joke\"\"|\"\"jokes\"\"|\"\"funny\"\"|\"\"funny video\"\"|\"\"funny videos\"\"|\"\"humor\"\"|\"\"celebrity\"\"|\"\"celeb\"\"|\"\"hollywood\"\"|\"\"famous\"\"|\"\"James Corden\"\"|\"\"Corden\"\"|\"\"Comedy\"\"|\"\"Monologue\"\"|\"\"Politics\"\"|\"\"Nonrecurring\"\"|\"\"Topical\"\"|\"\"Robert Mueller\"\"|\"\"Russia Investigation\"","President Trump had a lot to say after the special counsel's influence in the 2016 election. . . but not to condemn Russia.\\n\\nSubscribe To The Late Show Channel HERE: http://bit.ly/ColbertYouTube\\nFor more content from The Late Show with Stephen Colbert, click HERE: http://bit.ly/1AKISnR\\nWatch full episodes of The Late Show HERE: http://bit.ly/1Puei40\\nLike The Late Show on Facebook HERE: http://on.fb.me/1df139Y\\nFollow The Late Show on Twitter HERE: http://bit.ly/1dMzZzG\\nFollow The Late Show on Google+ HERE: http://bit.ly/1JlGgzw\\nFollow The Late Show on Instagram HERE: http://bit.ly/29wfREj\\nFollow The Late Show on Tumblr HERE: http://bit.ly/29DVvtR\\n\\nWatch The Late Show with Stephen Colbert weeknights at 11:35 PM ET/10:35 PM CT. Only on CBS.\\n\\nGet the CBS app for iPhone & iPad! Click HERE: http://bit.ly/12rLxge\\n\\nGet new episodes of shows you love across devices the next day, stream live TV, and watch full seasons of CBS fan favorites anytime, anywhere with CBS All Access. Try it free! http://bit.ly/1OQA29B\\n\\n---\\nThe Late Show with Stephen Colbert is the premier late night talk show on CBS, airing at 11:35pm EST, streaming online via CBS All Access, and delivered to the International Space Station on a USB drive taped to a weather balloon. Every night, viewers can expect: Comedy, humor, funny moments, witty interviews, celebrities, famous people, movie stars, bits, humorous celebrities doing bits, funny celebs, big group photos of every star from Hollywood, even the reclusive ones, plus also jokes.",2018-02-21T08:35:01.000Z,1127610,14989,800,1414,5
Trump's Twitter Spree After Robert Mueller's Russia Indictments,IN,The Late Show with Stephen Colbert,Entertainment,"\"The Late Show|\"\"Stephen Colbert\"\"|\"\"Colbert\"\"|\"\"Late Show\"\"|\"\"celebrities\"\"|\"\"late night\"\"|\"\"talk show\"\"|\"\"skits\"\"|\"\"bit\"\"|\"\"monologue\"\"|\"\"The Late Late Show\"\"|\"\"Late Late Show\"\"|\"\"letterman\"\"|\"\"david letterman\"\"|\"\"comedian\"\"|\"\"impressions\"\"|\"\"CBS\"\"|\"\"joke\"\"|\"\"jokes\"\"|\"\"funny\"\"|\"\"funny video\"\"|\"\"funny videos\"\"|\"\"humor\"\"|\"\"celebrity\"\"|\"\"celeb\"\"|\"\"hollywood\"\"|\"\"famous\"\"|\"\"James Corden\"\"|\"\"Corden\"\"|\"\"Comedy\"\"|\"\"Monologue\"\"|\"\"Politics\"\"|\"\"Nonrecurring\"\"|\"\"Topical\"\"|\"\"Robert Mueller\"\"|\"\"Russia Investigation\"\"\"","President Trump had a lot to say after the special counsel's influence in the 2016 election. . . but not to condemn Russia.\\n\\nSubscribe To The Late Show Channel HERE: http://bit.ly/ColbertYouTube\\nFor more content from The Late Show with Stephen Colbert, click HERE: http://bit.ly/1AKISnR\\nWatch full episodes of The Late Show HERE: http://bit.ly/1Puei40\\nLike The Late Show on Facebook HERE: http://on.fb.me/1df139Y\\nFollow The Late Show on Twitter HERE: http://bit.ly/1dMzZzG\\nFollow The Late Show on Google+ HERE: http://bit.ly/1JlGgzw\\nFollow The Late Show on Instagram HERE: http://bit.ly/29wfREj\\nFollow The Late Show on Tumblr HERE: http://bit.ly/29DVvtR\\n\\nWatch The Late Show with Stephen Colbert weeknights at 11:35 PM ET/10:35 PM CT. Only on CBS.\\n\\nGet the CBS app for iPhone & iPad! Click HERE: http://bit.ly/12rLxge\\n\\nGet new episodes of shows you love across devices the next day, stream live TV, and watch full seasons of CBS fan favorites anytime, anywhere with CBS All Access. Try it free! http://bit.ly/1OQA29B\\n\\n---\\nThe Late Show with Stephen Colbert is the premier late night talk show on CBS, airing at 11:35pm EST, streaming online via CBS All Access, and delivered to the International Space Station on a USB drive taped to a weather balloon. Every night, viewers can expect: Comedy, humor, funny moments, witty interviews, celebrities, famous people, movie stars, bits, humorous celebrities doing bits, funny celebs, big group photos of every star from Hollywood, even the reclusive ones, plus also jokes.",2018-02-21T08:35:01.000Z,1127610,14989,800,1414,5
Trump's Twitter Spree After Robert Mueller's Russia Indictments,JP,The Late Show with Stephen Colbert,Entertainment,"\"The Late Show|\"\"Stephen Colbert\"\"|\"\"Colbert\"\"|\"\"Late Show\"\"|\"\"celebrities\"\"|\"\"late night\"\"|\"\"talk show\"\"|\"\"skits\"\"|\"\"bit\"\"|\"\"monologue\"\"|\"\"The Late Late Show\"\"|\"\"Late Late Show\"\"|\"\"letterman\"\"|\"\"david letterman\"\"|\"\"comedian\"\"|\"\"impressions\"\"|\"\"CBS\"\"|\"\"joke\"\"|\"\"jokes\"\"|\"\"funny\"\"|\"\"funny video\"\"|\"\"funny videos\"\"|\"\"humor\"\"|\"\"celebrity\"\"|\"\"celeb\"\"|\"\"hollywood\"\"|\"\"famous\"\"|\"\"James Corden\"\"|\"\"Corden\"\"|\"\"Comedy\"\"|\"\"Monologue\"\"|\"\"Politics\"\"|\"\"Nonrecurring\"\"|\"\"Topical\"\"|\"\"Robert Mueller\"\"|\"\"Russia Investigation\"\"\"","President Trump had a lot to say after the special counsel's influence in the 2016 election. . . but not to condemn Russia.\\n\\nSubscribe To The Late Show Channel HERE: http://bit.ly/ColbertYouTube\\nFor more content from The Late Show with Stephen Colbert, click HERE: http://bit.ly/1AKISnR\\nWatch full episodes of The Late Show HERE: http://bit.ly/1Puei40\\nLike The Late Show on Facebook HERE: http://on.fb.me/1df139Y\\nFollow The Late Show on Twitter HERE: http://bit.ly/1dMzZzG\\nFollow The Late Show on Google+ HERE: http://bit.ly/1JlGgzw\\nFollow The Late Show on Instagram HERE: http://bit.ly/29wfREj\\nFollow The Late Show on Tumblr HERE: http://bit.ly/29DVvtR\\n\\nWatch The Late Show with Stephen Colbert weeknights at 11:35 PM ET/10:35 PM CT. Only on CBS.\\n\\nGet the CBS app for iPhone & iPad! Click HERE: http://bit.ly/12rLxge\\n\\nGet new episodes of shows you love across devices the next day, stream live TV, and watch full seasons of CBS fan favorites anytime, anywhere with CBS All Access. Try it free! http://bit.ly/1OQA29B\\n\\n---\\nThe Late Show with Stephen Colbert is the premier late night talk show on CBS, airing at 11:35pm EST, streaming online via CBS All Access, and delivered to the International Space Station on a USB drive taped to a weather balloon. Every night, viewers can expect: Comedy, humor, funny moments, witty interviews, celebrities, famous people, movie stars, bits, humorous celebrities doing bits, funny celebs, big group photos of every star from Hollywood, even the reclusive ones, plus also jokes.",2018-02-21T08:35:01.000Z,1127610,14989,800,1414,5
