title,country,channel_title,category,tags,description,publish_time,views,likes,dislikes,comment_count,cnt
EXO-CBX 'Horololo' Teaser,DE,SMTOWN,Music,"\"EXO-CBX\"|\"첸백시\"|\"Horololo\"|\"엑소\"","EXO-CBX 'Horololo' Teaser\\n\\nEXO-CBX's 1st Full Album in Japan MAGIC will be released on May 9th, 2018.\\nTitle Track Horololo Teaser is released!\\n\\n[Tracklist]\\n01 CBX\\n02 Ka-CHING!\\n03 Horololo\\n04 Girl Problems\\n05 Shake\\n06 Off The Wall\\n07 Ringa Ringa Ring\\n08 Gentleman\\n09 Watch Out\\n10 Cry\\n11 In This World\\n\\nEXO-CBX Japan Official\\nhttp://exo-jp.net/cbx/\\nhttp://exo-jp.net/\\nhttps://twitter.com/EXO_NEWS_JP\\n\\nEXO-CBX 'Horololo' Teaser",2018-04-23T19:00:04.000Z,407951,102425,245,6649,6
EXO-CBX 'Horololo' Teaser,FR,SMTOWN,Music,"\"EXO-CBX\"\"|\"\"첸백시\"\"|\"\"Horololo\"\"|\"\"엑소\"","EXO-CBX 'Horololo' Teaser\\n\\nEXO-CBX's 1st Full Album in Japan MAGIC will be released on May 9th, 2018.\\nTitle Track Horololo Teaser is released!\\n\\n[Tracklist]\\n01 CBX\\n02 Ka-CHING!\\n03 Horololo\\n04 Girl Problems\\n05 Shake\\n06 Off The Wall\\n07 Ringa Ringa Ring\\n08 Gentleman\\n09 Watch Out\\n10 Cry\\n11 In This World\\n\\nEXO-CBX Japan Official\\nhttp://exo-jp.net/cbx/\\nhttp://exo-jp.net/\\nhttps://twitter.com/EXO_NEWS_JP\\n\\nEXO-CBX 'Horololo' Teaser",2018-04-23T19:00:04.000Z,407951,102427,245,6649,6
EXO-CBX 'Horololo' Teaser,JP,SMTOWN,Music,"\"EXO-CBX|\"\"첸백시\"\"|\"\"Horololo\"\"|\"\"엑소\"\"\"","EXO-CBX 'Horololo' Teaser\\n\\nEXO-CBX's 1st Full Album in Japan MAGIC will be released on May 9th, 2018.\\nTitle Track Horololo Teaser is released!\\n\\n[Tracklist]\\n01 CBX\\n02 Ka-CHING!\\n03 Horololo\\n04 Girl Problems\\n05 Shake\\n06 Off The Wall\\n07 Ringa Ringa Ring\\n08 Gentleman\\n09 Watch Out\\n10 Cry\\n11 In This World\\n\\nEXO-CBX Japan Official\\nhttp://exo-jp.net/cbx/\\nhttp://exo-jp.net/\\nhttps://twitter.com/EXO_NEWS_JP\\n\\nEXO-CBX 'Horololo' Teaser",2018-04-23T19:00:04.000Z,407951,102434,245,6649,6
EXO-CBX 'Horololo' Teaser,KR,SMTOWN,Music,"\"EXO-CBX|\"\"첸백시\"\"|\"\"Horololo\"\"|\"\"엑소\"\"\"","EXO-CBX 'Horololo' Teaser\\n\\nEXO-CBX's 1st Full Album in Japan MAGIC will be released on May 9th, 2018.\\nTitle Track Horololo Teaser is released!\\n\\n[Tracklist]\\n01 CBX\\n02 Ka-CHING!\\n03 Horololo\\n04 Girl Problems\\n05 Shake\\n06 Off The Wall\\n07 Ringa Ringa Ring\\n08 Gentleman\\n09 Watch Out\\n10 Cry\\n11 In This World\\n\\nEXO-CBX Japan Official\\nhttp://exo-jp.net/cbx/\\nhttp://exo-jp.net/\\nhttps://twitter.com/EXO_NEWS_JP\\n\\nEXO-CBX 'Horololo' Teaser",2018-04-23T19:00:04.000Z,658946,132622,332,7490,6
EXO-CBX 'Horololo' Teaser,MX,SMTOWN,Music,"\"EXO-CBX|\"\"첸백시\"\"|\"\"Horololo\"\"|\"\"엑소\"\"\"","EXO-CBX 'Horololo' Teaser\\n\\nEXO-CBX's 1st Full Album in Japan MAGIC will be released on May 9th, 2018.\\nTitle Track Horololo Teaser is released!\\n\\n[Tracklist]\\n01 CBX\\n02 Ka-CHING!\\n03 Horololo\\n04 Girl Problems\\n05 Shake\\n06 Off The Wall\\n07 Ringa Ringa Ring\\n08 Gentleman\\n09 Watch Out\\n10 Cry\\n11 In This World\\n\\nEXO-CBX Japan Official\\nhttp://exo-jp.net/cbx/\\nhttp://exo-jp.net/\\nhttps://twitter.com/EXO_NEWS_JP\\n\\nEXO-CBX 'Horololo' Teaser",2018-04-23T19:00:04.000Z,407951,102436,245,6649,6
EXO-CBX 'Horololo' Teaser,RU,SMTOWN,Music,"\"EXO-CBX|\"\"첸백시\"\"|\"\"Horololo\"\"|\"\"엑소\"\"\"","EXO-CBX 'Horololo' Teaser\\n\\nEXO-CBX's 1st Full Album in Japan MAGIC will be released on May 9th, 2018.\\nTitle Track Horololo Teaser is released!\\n\\n[Tracklist]\\n01 CBX\\n02 Ka-CHING!\\n03 Horololo\\n04 Girl Problems\\n05 Shake\\n06 Off The Wall\\n07 Ringa Ringa Ring\\n08 Gentleman\\n09 Watch Out\\n10 Cry\\n11 In This World\\n\\nEXO-CBX Japan Official\\nhttp://exo-jp.net/cbx/\\nhttp://exo-jp.net/\\nhttps://twitter.com/EXO_NEWS_JP\\n\\nEXO-CBX 'Horololo' Teaser",2018-04-23T19:00:04.000Z,407951,102431,245,6649,6
Golden State Warriors vs Cleveland Cavaliers Full Game Highlights | Game 2 | 2018 NBA Finals,CA,FreeDawkins,Sports,"\"nba\"|\"basketball\"|\"dawkins\"|\"dawk\"|\"ins\"|\"dawkinsmta\"|\"Highlights\"|\"videos\"|\"FreedDawkins\"|\"Full game highlights\"|\"lonzo ball\"|\"hd highlights\"|\"must watch\"|\"ankle breaker\"|\"stephen curry\"|\"nba highlights\"|\"2018 season\"|\"2018 playoffs\"|\"2018 nba finals\"|\"Golden State Warriors vs Cleveland Cavaliers\"|\"curry vs lebron\"|\"durant vs lebron\"","Golden State Warriors vs Cleveland Cavaliers Full Game Highlights Game 2 2018 NBA Finals, June 3, 2018 FreeDawkins - NBA Video'--Like And Subscribe For More!Follow me on Twitter - https://twitter.com/DawkinsMTABoxscore - DISCLAIMER - All clips property of the NBA. No copyright infringement is intended, all videos are edited to follow the Free Use guideline of YouTube.____",2018-06-04T02:43:10.000Z,758704,3161,244,758,7
Golden State Warriors vs Cleveland Cavaliers Full Game Highlights | Game 2 | 2018 NBA Finals,DE,FreeDawkins,Sports,"\"nba\"|\"basketball\"|\"dawkins\"|\"dawk\"|\"ins\"|\"dawkinsmta\"|\"Highlights\"|\"videos\"|\"FreedDawkins\"|\"Full game highlights\"|\"lonzo ball\"|\"hd highlights\"|\"must watch\"|\"ankle breaker\"|\"stephen curry\"|\"nba highlights\"|\"2018 season\"|\"2018 playoffs\"|\"2018 nba finals\"|\"Golden State Warriors vs Cleveland Cavaliers\"|\"curry vs lebron\"|\"durant vs lebron\"","Golden State Warriors vs Cleveland Cavaliers Full Game Highlights Game 2 2018 NBA Finals, June 3, 2018 FreeDawkins - NBA Video'--Like And Subscribe For More!Follow me on Twitter - https://twitter.com/DawkinsMTABoxscore - DISCLAIMER - All clips property of the NBA. No copyright infringement is intended, all videos are edited to follow the Free Use guideline of YouTube.____",2018-06-04T02:43:10.000Z,758704,3161,244,758,7
Golden State Warriors vs Cleveland Cavaliers Full Game Highlights | Game 2 | 2018 NBA Finals,FR,FreeDawkins,Sports,"\"nba\"|\"basketball\"|\"dawkins\"|\"dawk\"|\"ins\"|\"dawkinsmta\"|\"Highlights\"|\"videos\"|\"FreedDawkins\"|\"Full game highlights\"|\"lonzo ball\"|\"hd highlights\"|\"must watch\"|\"ankle breaker\"|\"stephen curry\"|\"nba highlights\"|\"2018 season\"|\"2018 playoffs\"|\"2018 nba finals\"|\"Golden State Warriors vs Cleveland Cavaliers\"|\"curry vs lebron\"|\"durant vs lebron\"","Golden State Warriors vs Cleveland Cavaliers Full Game Highlights Game 2 2018 NBA Finals, June 3, 2018 FreeDawkins - NBA Video'--Like And Subscribe For More!Follow me on Twitter - https://twitter.com/DawkinsMTABoxscore - DISCLAIMER - All clips property of the NBA. No copyright infringement is intended, all videos are edited to follow the Free Use guideline of YouTube.____",2018-06-04T02:43:10.000Z,758704,3161,244,758,7
Golden State Warriors vs Cleveland Cavaliers Full Game Highlights | Game 2 | 2018 NBA Finals,JP,FreeDawkins,Sports,"\"nba|\"\"basketball\"\"|\"\"dawkins\"\"|\"\"dawk\"\"|\"\"ins\"\"|\"\"dawkinsmta\"\"|\"\"Highlights\"\"|\"\"videos\"\"|\"\"FreedDawkins\"\"|\"\"Full game highlights\"\"|\"\"lonzo ball\"\"|\"\"hd highlights\"\"|\"\"must watch\"\"|\"\"ankle breaker\"\"|\"\"stephen curry\"\"|\"\"nba highlights\"\"|\"\"2018 season\"\"|\"\"2018 playoffs\"\"|\"\"2018 nba finals\"\"|\"\"Golden State Warriors vs Cleveland Cavaliers\"\"|\"\"curry vs lebron\"\"|\"\"durant vs lebron\"\"\"","Golden State Warriors vs Cleveland Cavaliers Full Game Highlights Game 2 2018 NBA Finals, June 3, 2018 FreeDawkins - NBA Video'--Like And Subscribe For More!Follow me on Twitter - https://twitter.com/DawkinsMTABoxscore - DISCLAIMER - All clips property of the NBA. No copyright infringement is intended, all videos are edited to follow the Free Use guideline of YouTube.____",2018-06-04T02:43:10.000Z,758704,3161,244,758,7
Golden State Warriors vs Cleveland Cavaliers Full Game Highlights | Game 2 | 2018 NBA Finals,KR,FreeDawkins,Sports,"\"nba|\"\"basketball\"\"|\"\"dawkins\"\"|\"\"dawk\"\"|\"\"ins\"\"|\"\"dawkinsmta\"\"|\"\"Highlights\"\"|\"\"videos\"\"|\"\"FreedDawkins\"\"|\"\"Full game highlights\"\"|\"\"lonzo ball\"\"|\"\"hd highlights\"\"|\"\"must watch\"\"|\"\"ankle breaker\"\"|\"\"stephen curry\"\"|\"\"nba highlights\"\"|\"\"2018 season\"\"|\"\"2018 playoffs\"\"|\"\"2018 nba finals\"\"|\"\"Golden State Warriors vs Cleveland Cavaliers\"\"|\"\"curry vs lebron\"\"|\"\"durant vs lebron\"\"\"","Golden State Warriors vs Cleveland Cavaliers Full Game Highlights Game 2 2018 NBA Finals, June 3, 2018 FreeDawkins - NBA Video'--Like And Subscribe For More!Follow me on Twitter - https://twitter.com/DawkinsMTABoxscore - DISCLAIMER - All clips property of the NBA. No copyright infringement is intended, all videos are edited to follow the Free Use guideline of YouTube.____",2018-06-04T02:43:10.000Z,758704,3161,244,758,7
Golden State Warriors vs Cleveland Cavaliers Full Game Highlights | Game 2 | 2018 NBA Finals,MX,FreeDawkins,Sports,"\"nba|\"\"basketball\"\"|\"\"dawkins\"\"|\"\"dawk\"\"|\"\"ins\"\"|\"\"dawkinsmta\"\"|\"\"Highlights\"\"|\"\"videos\"\"|\"\"FreedDawkins\"\"|\"\"Full game highlights\"\"|\"\"lonzo ball\"\"|\"\"hd highlights\"\"|\"\"must watch\"\"|\"\"ankle breaker\"\"|\"\"stephen curry\"\"|\"\"nba highlights\"\"|\"\"2018 season\"\"|\"\"2018 playoffs\"\"|\"\"2018 nba finals\"\"|\"\"Golden State Warriors vs Cleveland Cavaliers\"\"|\"\"curry vs lebron\"\"|\"\"durant vs lebron\"\"\"","Golden State Warriors vs Cleveland Cavaliers Full Game Highlights Game 2 2018 NBA Finals, June 3, 2018 FreeDawkins - NBA Video'--Like And Subscribe For More!Follow me on Twitter - https://twitter.com/DawkinsMTABoxscore - DISCLAIMER - All clips property of the NBA. No copyright infringement is intended, all videos are edited to follow the Free Use guideline of YouTube.____",2018-06-04T02:43:10.000Z,177670,1440,114,515,7
Golden State Warriors vs Cleveland Cavaliers Full Game Highlights | Game 2 | 2018 NBA Finals,RU,FreeDawkins,Sports,"\"nba|\"\"basketball\"\"|\"\"dawkins\"\"|\"\"dawk\"\"|\"\"ins\"\"|\"\"dawkinsmta\"\"|\"\"Highlights\"\"|\"\"videos\"\"|\"\"FreedDawkins\"\"|\"\"Full game highlights\"\"|\"\"lonzo ball\"\"|\"\"hd highlights\"\"|\"\"must watch\"\"|\"\"ankle breaker\"\"|\"\"stephen curry\"\"|\"\"nba highlights\"\"|\"\"2018 season\"\"|\"\"2018 playoffs\"\"|\"\"2018 nba finals\"\"|\"\"Golden State Warriors vs Cleveland Cavaliers\"\"|\"\"curry vs lebron\"\"|\"\"durant vs lebron\"\"\"","Golden State Warriors vs Cleveland Cavaliers Full Game Highlights Game 2 2018 NBA Finals, June 3, 2018 FreeDawkins - NBA Video'--Like And Subscribe For More!Follow me on Twitter - https://twitter.com/DawkinsMTABoxscore - DISCLAIMER - All clips property of the NBA. No copyright infringement is intended, all videos are edited to follow the Free Use guideline of YouTube.____",2018-06-04T02:43:10.000Z,177670,1440,114,515,7
"Havana - Walk off the Earth (Ft. Jocelyn Alice, KRNFX, Sexy Sax Man) Camila Cabello Cover",CA,Walk off the Earth,Music,"\"Sexy Sax Man\"|\"walk off the earth\"|\"jocelyn alice\"|\"krnfx\"|\"Camila Cabello havana\"|\"Havana cover\"|\"amazing covers\"|\"covers\"|\"covers playlist\"|\"sergio flores\"|\"beatbox\"|\"camila hits\"|\"hits\"|\"hits playlist\"|\"fifth harmony\"|\"young thug\"|\"pop\"|\"havana song\"|\"influencers\"|\"santana rob thomas smooth cover\"|\"harmonizers\"|\"conor maynard\"|\"conor maynard sing off\"|\"havana conor maynard\"|\"conor maynard little sister\"|\"havana lyrics\"|\"havana remix\"|\"nomad walk off the earth\"|\"nomad song\"","Stream or Download HAVANA here: https://goo.gl/RysWqm\\nCatch us live! CLICK HERE FOR TICKETS: https://goo.gl/yWgz4b\\nWatch our new single Nomad here: https://goo.gl/VvFV4b\\nWOTE merch available here: http://goo.gl/5Q9TuY\\n\\nGianni and Marshall of Walk off the Earth hooked up with Jocelyn Alice, KRNFX and Sergio Flores (AKA Sexy Sax Man) to cover Camila Cabello's smash hit Havana with a little taste of Santana's Smooth.\\n\\nFollow WOTE online\\nOfficial Website: https://www.walkofftheearth.com\\nFaceBook: https://www.facebook.com/walkofftheearth\\nTwitter: https://twitter.com/WalkOffTheEarth\\nInstagram: https://Instagram/WalkOffTheEarth\\nSnapChat: https://www.snapchat.com/add/walkofftheearth\\n\\nFollow Sergio Flores (AKA Sexy Sax Man) online\\nOfficial Website: https://thesexysaxman.com\\nYouTube: https://www.youtube.com/user/SergioFloresVideos\\nInstagram: https://www.instagram.com/realssm/\\nFacebook: https://www.facebook.com/thesexysaxman\\nTwitter: https://twitter.com/sexysaxman\\n\\nFollow Jocelyn Alice online\\nYouTube: https://www.youtube.com/user/JocelynAliceVideo/videos\\nTwitter: https://twitter.com/iamjocelynalice?lang=en\\nInstagram: https://www.instagram.com/iamjocelynalice/?hl=en\\nFacebook: https://www.facebook.com/iamjocelynalice/\\nWebsite: https://jocelynalice.com\\n\\nFollow KRNFX online\\nYoutube: https://www.youtube.com/user/krnfxTV\\nInstagram: https://www.instagram.com/krnfx/?hl=en\\nFacebook: https://www.facebook.com/KRNFX/\\nTwitter: https://twitter.com/KRNFX\\n\\nHelp support Walk off the Earth videos and receive a ton of exclusive perks by becoming one of our Patrons...click here to find out more info: http://www.patreon.com/walkofftheearth\\n\\nSpecial Thanks to all the talented people that helped us create this video:\\n\\nTokyo Speirs\\nAdam Michael \\nJames O'Neill \\nKat Galbrith \\n\\nShout outs to all our devoted WOTElings. Your support over the years has blown our minds. We hope to be able to see you live one day soon.\\nCatch us live! CLICK HERE FOR TICKETS: https://goo.gl/yWgz4b\\nAnnouncing more world tour dates soon!!\\n\\nIf you enjoyed this video then please help us out by sharing it on your socials, hitting the LIKE button and adding it to your favourites. Your support and word of mouth is the number one force keeping us making music and we can't thank you enough. \\n\\nWOTE Plays:\\n\\nKALA Ukulele\\nD'Addario Canada\\nHHB Canada\\nYamaha Canada Music\\n64 Audio\\nShure\\nRandy Fuchs / Artist Relations\\nHohner\\nRhythm Band Instruments\\nKlotz Cables\\nHercules\\nJupiter\\nACPAD\\nPro Mark\\nEvans\\nRelish Guitars\\nWestedge Guitars\\nEastwood Guitars\\nFlaxwood Guitars\\nLewitt Audio\\nMetal Sounds\\nAston Microphones\\nQuilter Guitar Amplifiers\\nBig Joe Stompbox\\nUniversal Audio\\nMbrace\\nMarcodi Harpejji\\nVirgin Musical Instruments\\nStudiologic\\nGraph Tech\\nCole Clark Guitars\\nRibbecke Guitars\\nGraph Tech\\nCAD\\nGuitar Triller\\nKurzweil\\nLace\\nNord\\nNew Balance\\nPUR Cajon\\nSound Electra\\nStrumstick\\nHappy Socks\\n\\nSee you soon!\\nWOTE\\n\\nExtra tags:\\nHavana Cover\\nSmooth Cover\\nWalk off the Earth Cover\\nWalk off the Earth havana\\nWOTE havana smooth\\nOfficial Video Havana Cover\\nOfficial Video Walk off the Earth \\nJocelyn Alice\\nSexy Sax Man\\nKRNFX beat box\\nNomad Walk off the earth\\nNomad Song\\nNomad Cirque Eloize",2017-12-28T07:45:12.000Z,728076,27806,990,959,6
"Havana - Walk off the Earth (Ft. Jocelyn Alice, KRNFX, Sexy Sax Man) Camila Cabello Cover",DE,Walk off the Earth,Music,"\"Sexy Sax Man\"|\"walk off the earth\"|\"jocelyn alice\"|\"krnfx\"|\"Camila Cabello havana\"|\"Havana cover\"|\"amazing covers\"|\"covers\"|\"covers playlist\"|\"sergio flores\"|\"beatbox\"|\"camila hits\"|\"hits\"|\"hits playlist\"|\"fifth harmony\"|\"young thug\"|\"pop\"|\"havana song\"|\"influencers\"|\"santana rob thomas smooth cover\"|\"harmonizers\"|\"conor maynard\"|\"conor maynard sing off\"|\"havana conor maynard\"|\"conor maynard little sister\"|\"havana lyrics\"|\"havana remix\"|\"nomad walk off the earth\"|\"nomad song\"","Stream or Download HAVANA here: https://goo.gl/RysWqm\\nCatch us live! CLICK HERE FOR TICKETS: https://goo.gl/yWgz4b\\nWatch our new single Nomad here: https://goo.gl/VvFV4b\\nWOTE merch available here: http://goo.gl/5Q9TuY\\n\\nGianni and Marshall of Walk off the Earth hooked up with Jocelyn Alice, KRNFX and Sergio Flores (AKA Sexy Sax Man) to cover Camila Cabello's smash hit Havana with a little taste of Santana's Smooth.\\n\\nFollow WOTE online\\nOfficial Website: https://www.walkofftheearth.com\\nFaceBook: https://www.facebook.com/walkofftheearth\\nTwitter: https://twitter.com/WalkOffTheEarth\\nInstagram: https://Instagram/WalkOffTheEarth\\nSnapChat: https://www.snapchat.com/add/walkofftheearth\\n\\nFollow Sergio Flores (AKA Sexy Sax Man) online\\nOfficial Website: https://thesexysaxman.com\\nYouTube: https://www.youtube.com/user/SergioFloresVideos\\nInstagram: https://www.instagram.com/realssm/\\nFacebook: https://www.facebook.com/thesexysaxman\\nTwitter: https://twitter.com/sexysaxman\\n\\nFollow Jocelyn Alice online\\nYouTube: https://www.youtube.com/user/JocelynAliceVideo/videos\\nTwitter: https://twitter.com/iamjocelynalice?lang=en\\nInstagram: https://www.instagram.com/iamjocelynalice/?hl=en\\nFacebook: https://www.facebook.com/iamjocelynalice/\\nWebsite: https://jocelynalice.com\\n\\nFollow KRNFX online\\nYoutube: https://www.youtube.com/user/krnfxTV\\nInstagram: https://www.instagram.com/krnfx/?hl=en\\nFacebook: https://www.facebook.com/KRNFX/\\nTwitter: https://twitter.com/KRNFX\\n\\nHelp support Walk off the Earth videos and receive a ton of exclusive perks by becoming one of our Patrons...click here to find out more info: http://www.patreon.com/walkofftheearth\\n\\nSpecial Thanks to all the talented people that helped us create this video:\\n\\nTokyo Speirs\\nAdam Michael \\nJames O'Neill \\nKat Galbrith \\n\\nShout outs to all our devoted WOTElings. Your support over the years has blown our minds. We hope to be able to see you live one day soon.\\nCatch us live! CLICK HERE FOR TICKETS: https://goo.gl/yWgz4b\\nAnnouncing more world tour dates soon!!\\n\\nIf you enjoyed this video then please help us out by sharing it on your socials, hitting the LIKE button and adding it to your favourites. Your support and word of mouth is the number one force keeping us making music and we can't thank you enough. \\n\\nWOTE Plays:\\n\\nKALA Ukulele\\nD'Addario Canada\\nHHB Canada\\nYamaha Canada Music\\n64 Audio\\nShure\\nRandy Fuchs / Artist Relations\\nHohner\\nRhythm Band Instruments\\nKlotz Cables\\nHercules\\nJupiter\\nACPAD\\nPro Mark\\nEvans\\nRelish Guitars\\nWestedge Guitars\\nEastwood Guitars\\nFlaxwood Guitars\\nLewitt Audio\\nMetal Sounds\\nAston Microphones\\nQuilter Guitar Amplifiers\\nBig Joe Stompbox\\nUniversal Audio\\nMbrace\\nMarcodi Harpejji\\nVirgin Musical Instruments\\nStudiologic\\nGraph Tech\\nCole Clark Guitars\\nRibbecke Guitars\\nGraph Tech\\nCAD\\nGuitar Triller\\nKurzweil\\nLace\\nNord\\nNew Balance\\nPUR Cajon\\nSound Electra\\nStrumstick\\nHappy Socks\\n\\nSee you soon!\\nWOTE\\n\\nExtra tags:\\nHavana Cover\\nSmooth Cover\\nWalk off the Earth Cover\\nWalk off the Earth havana\\nWOTE havana smooth\\nOfficial Video Havana Cover\\nOfficial Video Walk off the Earth \\nJocelyn Alice\\nSexy Sax Man\\nKRNFX beat box\\nNomad Walk off the earth\\nNomad Song\\nNomad Cirque Eloize",2017-12-28T07:45:12.000Z,463657,21103,782,959,6
"Havana - Walk off the Earth (Ft. Jocelyn Alice, KRNFX, Sexy Sax Man) Camila Cabello Cover",FR,Walk off the Earth,Music,"\"Sexy Sax Man\"\"|\"\"walk off the earth\"\"|\"\"jocelyn alice\"\"|\"\"krnfx\"\"|\"\"Camila Cabello havana\"\"|\"\"Havana cover\"\"|\"\"amazing covers\"\"|\"\"covers\"\"|\"\"covers playlist\"\"|\"\"sergio flores\"\"|\"\"beatbox\"\"|\"\"camila hits\"\"|\"\"hits\"\"|\"\"hits playlist\"\"|\"\"fifth harmony\"\"|\"\"young thug\"\"|\"\"pop\"\"|\"\"havana song\"\"|\"\"influencers\"\"|\"\"santana rob thomas smooth cover\"\"|\"\"harmonizers\"\"|\"\"conor maynard\"\"|\"\"conor maynard sing off\"\"|\"\"havana conor maynard\"\"|\"\"conor maynard little sister\"\"|\"\"havana lyrics\"\"|\"\"havana remix\"\"|\"\"nomad walk off the earth\"\"|\"\"nomad song\"","Stream or Download HAVANA here: https://goo.gl/RysWqm\\nCatch us live! CLICK HERE FOR TICKETS: https://goo.gl/yWgz4b\\nWatch our new single Nomad here: https://goo.gl/VvFV4b\\nWOTE merch available here: http://goo.gl/5Q9TuY\\n\\nGianni and Marshall of Walk off the Earth hooked up with Jocelyn Alice, KRNFX and Sergio Flores (AKA Sexy Sax Man) to cover Camila Cabello's smash hit Havana with a little taste of Santana's Smooth.\\n\\nFollow WOTE online\\nOfficial Website: https://www.walkofftheearth.com\\nFaceBook: https://www.facebook.com/walkofftheearth\\nTwitter: https://twitter.com/WalkOffTheEarth\\nInstagram: https://Instagram/WalkOffTheEarth\\nSnapChat: https://www.snapchat.com/add/walkofftheearth\\n\\nFollow Sergio Flores (AKA Sexy Sax Man) online\\nOfficial Website: https://thesexysaxman.com\\nYouTube: https://www.youtube.com/user/SergioFloresVideos\\nInstagram: https://www.instagram.com/realssm/\\nFacebook: https://www.facebook.com/thesexysaxman\\nTwitter: https://twitter.com/sexysaxman\\n\\nFollow Jocelyn Alice online\\nYouTube: https://www.youtube.com/user/JocelynAliceVideo/videos\\nTwitter: https://twitter.com/iamjocelynalice?lang=en\\nInstagram: https://www.instagram.com/iamjocelynalice/?hl=en\\nFacebook: https://www.facebook.com/iamjocelynalice/\\nWebsite: https://jocelynalice.com\\n\\nFollow KRNFX online\\nYoutube: https://www.youtube.com/user/krnfxTV\\nInstagram: https://www.instagram.com/krnfx/?hl=en\\nFacebook: https://www.facebook.com/KRNFX/\\nTwitter: https://twitter.com/KRNFX\\n\\nHelp support Walk off the Earth videos and receive a ton of exclusive perks by becoming one of our Patrons...click here to find out more info: http://www.patreon.com/walkofftheearth\\n\\nSpecial Thanks to all the talented people that helped us create this video:\\n\\nTokyo Speirs\\nAdam Michael \\nJames O'Neill \\nKat Galbrith \\n\\nShout outs to all our devoted WOTElings. Your support over the years has blown our minds. We hope to be able to see you live one day soon.\\nCatch us live! CLICK HERE FOR TICKETS: https://goo.gl/yWgz4b\\nAnnouncing more world tour dates soon!!\\n\\nIf you enjoyed this video then please help us out by sharing it on your socials, hitting the LIKE button and adding it to your favourites. Your support and word of mouth is the number one force keeping us making music and we can't thank you enough. \\n\\nWOTE Plays:\\n\\nKALA Ukulele\\nD'Addario Canada\\nHHB Canada\\nYamaha Canada Music\\n64 Audio\\nShure\\nRandy Fuchs / Artist Relations\\nHohner\\nRhythm Band Instruments\\nKlotz Cables\\nHercules\\nJupiter\\nACPAD\\nPro Mark\\nEvans\\nRelish Guitars\\nWestedge Guitars\\nEastwood Guitars\\nFlaxwood Guitars\\nLewitt Audio\\nMetal Sounds\\nAston Microphones\\nQuilter Guitar Amplifiers\\nBig Joe Stompbox\\nUniversal Audio\\nMbrace\\nMarcodi Harpejji\\nVirgin Musical Instruments\\nStudiologic\\nGraph Tech\\nCole Clark Guitars\\nRibbecke Guitars\\nGraph Tech\\nCAD\\nGuitar Triller\\nKurzweil\\nLace\\nNord\\nNew Balance\\nPUR Cajon\\nSound Electra\\nStrumstick\\nHappy Socks\\n\\nSee you soon!\\nWOTE\\n\\nExtra tags:\\nHavana Cover\\nSmooth Cover\\nWalk off the Earth Cover\\nWalk off the Earth havana\\nWOTE havana smooth\\nOfficial Video Havana Cover\\nOfficial Video Walk off the Earth \\nJocelyn Alice\\nSexy Sax Man\\nKRNFX beat box\\nNomad Walk off the earth\\nNomad Song\\nNomad Cirque Eloize",2017-12-28T07:45:12.000Z,270919,15638,495,959,6
"Havana - Walk off the Earth (Ft. Jocelyn Alice, KRNFX, Sexy Sax Man) Camila Cabello Cover",GB,Walk off the Earth,Music,"\"Sexy Sax Man\"|\"walk off the earth\"|\"jocelyn alice\"|\"krnfx\"|\"Camila Cabello havana\"|\"Havana cover\"|\"amazing covers\"|\"covers\"|\"covers playlist\"|\"sergio flores\"|\"beatbox\"|\"camila hits\"|\"hits\"|\"hits playlist\"|\"fifth harmony\"|\"young thug\"|\"pop\"|\"havana song\"|\"influencers\"|\"santana rob thomas smooth cover\"|\"harmonizers\"|\"conor maynard\"|\"conor maynard sing off\"|\"havana conor maynard\"|\"havana lyrics\"|\"havana remix\"|\"nomad walk off the earth\"|\"nomad song\"|\"walk off the earth nomad\"|\"nomad\"","Stream or Download HAVANA here: https://goo.gl/RysWqm\\nCatch us live! CLICK HERE FOR TICKETS: https://goo.gl/yWgz4b\\nWatch our new single Nomad here: https://goo.gl/VvFV4b\\nWOTE merch available here: http://goo.gl/5Q9TuY\\n\\nGianni and Marshall of Walk off the Earth hooked up with Jocelyn Alice, KRNFX and Sergio Flores (AKA Sexy Sax Man) to cover Camila Cabello's smash hit Havana with a little taste of Santana's Smooth.\\n\\nFollow WOTE online\\nOfficial Website: https://www.walkofftheearth.com\\nFaceBook: https://www.facebook.com/walkofftheearth\\nTwitter: https://twitter.com/WalkOffTheEarth\\nInstagram: https://Instagram/WalkOffTheEarth\\nSnapChat: https://www.snapchat.com/add/walkofftheearth\\n\\nFollow Sergio Flores (AKA Sexy Sax Man) online\\nOfficial Website: https://thesexysaxman.com\\nYouTube: https://www.youtube.com/user/SergioFloresVideos\\nInstagram: https://www.instagram.com/realssm/\\nFacebook: https://www.facebook.com/thesexysaxman\\nTwitter: https://twitter.com/sexysaxman\\n\\nFollow Jocelyn Alice online\\nYouTube: https://www.youtube.com/user/JocelynAliceVideo/videos\\nTwitter: https://twitter.com/iamjocelynalice?lang=en\\nInstagram: https://www.instagram.com/iamjocelynalice/?hl=en\\nFacebook: https://www.facebook.com/iamjocelynalice/\\nWebsite: https://jocelynalice.com\\n\\nFollow KRNFX online\\nYoutube: https://www.youtube.com/user/krnfxTV\\nInstagram: https://www.instagram.com/krnfx/?hl=en\\nFacebook: https://www.facebook.com/KRNFX/\\nTwitter: https://twitter.com/KRNFX\\n\\nHelp support Walk off the Earth videos and receive a ton of exclusive perks by becoming one of our Patrons...click here to find out more info: http://www.patreon.com/walkofftheearth\\n\\nSpecial Thanks to all the talented people that helped us create this video:\\n\\nTokyo Speirs - https://www.facebook.com/tokyospeirsmusic/\\nAdam Michael \\nJames O'Neill \\nKat Galbrith \\n\\nShout outs to all our devoted WOTElings. Your support over the years has blown our minds. We hope to be able to see you live one day soon.\\nCatch us live! CLICK HERE FOR TICKETS: https://goo.gl/yWgz4b\\nAnnouncing more world tour dates soon!!\\n\\nIf you enjoyed this video then please help us out by sharing it on your socials, hitting the LIKE button and adding it to your favourites. Your support and word of mouth is the number one force keeping us making music and we can't thank you enough. \\n\\nWOTE Plays:\\n\\nKALA Ukulele\\nD'Addario Canada\\nHHB Canada\\nYamaha Canada Music\\n64 Audio\\nShure\\nRandy Fuchs / Artist Relations\\nHohner\\nRhythm Band Instruments\\nKlotz Cables\\nHercules\\nJupiter\\nACPAD\\nPro Mark\\nEvans\\nRelish Guitars\\nWestedge Guitars\\nEastwood Guitars\\nFlaxwood Guitars\\nLewitt Audio\\nMetal Sounds\\nAston Microphones\\nQuilter Guitar Amplifiers\\nBig Joe Stompbox\\nUniversal Audio\\nMbrace\\nMarcodi Harpejji\\nVirgin Musical Instruments\\nStudiologic\\nGraph Tech\\nCole Clark Guitars\\nRibbecke Guitars\\nGraph Tech\\nCAD\\nGuitar Triller\\nKurzweil\\nLace\\nNord\\nNew Balance\\nPUR Cajon\\nSound Electra\\nStrumstick\\nHappy Socks\\n\\nSee you soon!\\nWOTE\\n\\nExtra tags:\\nHavana Cover\\nSmooth Cover\\nWalk off the Earth Cover\\nWalk off the Earth havana\\nWOTE havana smooth\\nOfficial Video Havana Cover\\nOfficial Video Walk off the Earth \\nJocelyn Alice\\nSexy Sax Man\\nKRNFX beat box\\nNomad Walk off the earth\\nNomad Song\\nNomad Cirque Eloize",2017-12-28T07:45:12.000Z,1296219,41984,1409,2025,6
"Havana - Walk off the Earth (Ft. Jocelyn Alice, KRNFX, Sexy Sax Man) Camila Cabello Cover",GB,Walk off the Earth,Music,"\"Sexy Sax Man\"|\"walk off the earth\"|\"jocelyn alice\"|\"krnfx\"|\"Camila Cabello havana\"|\"Havana cover\"|\"amazing covers\"|\"covers\"|\"covers playlist\"|\"sergio flores\"|\"beatbox\"|\"camila hits\"|\"hits\"|\"hits playlist\"|\"fifth harmony\"|\"young thug\"|\"pop\"|\"havana song\"|\"influencers\"|\"santana rob thomas smooth cover\"|\"harmonizers\"|\"conor maynard\"|\"conor maynard sing off\"|\"havana conor maynard\"|\"conor maynard little sister\"|\"havana lyrics\"|\"havana remix\"|\"nomad walk off the earth\"|\"nomad song\"","Stream or Download HAVANA here: https://goo.gl/RysWqm\\nCatch us live! CLICK HERE FOR TICKETS: https://goo.gl/yWgz4b\\nWatch our new single Nomad here: https://goo.gl/VvFV4b\\nWOTE merch available here: http://goo.gl/5Q9TuY\\n\\nGianni and Marshall of Walk off the Earth hooked up with Jocelyn Alice, KRNFX and Sergio Flores (AKA Sexy Sax Man) to cover Camila Cabello's smash hit Havana with a little taste of Santana's Smooth.\\n\\nFollow WOTE online\\nOfficial Website: https://www.walkofftheearth.com\\nFaceBook: https://www.facebook.com/walkofftheearth\\nTwitter: https://twitter.com/WalkOffTheEarth\\nInstagram: https://Instagram/WalkOffTheEarth\\nSnapChat: https://www.snapchat.com/add/walkofftheearth\\n\\nFollow Sergio Flores (AKA Sexy Sax Man) online\\nOfficial Website: https://thesexysaxman.com\\nYouTube: https://www.youtube.com/user/SergioFloresVideos\\nInstagram: https://www.instagram.com/realssm/\\nFacebook: https://www.facebook.com/thesexysaxman\\nTwitter: https://twitter.com/sexysaxman\\n\\nFollow Jocelyn Alice online\\nYouTube: https://www.youtube.com/user/JocelynAliceVideo/videos\\nTwitter: https://twitter.com/iamjocelynalice?lang=en\\nInstagram: https://www.instagram.com/iamjocelynalice/?hl=en\\nFacebook: https://www.facebook.com/iamjocelynalice/\\nWebsite: https://jocelynalice.com\\n\\nFollow KRNFX online\\nYoutube: https://www.youtube.com/user/krnfxTV\\nInstagram: https://www.instagram.com/krnfx/?hl=en\\nFacebook: https://www.facebook.com/KRNFX/\\nTwitter: https://twitter.com/KRNFX\\n\\nHelp support Walk off the Earth videos and receive a ton of exclusive perks by becoming one of our Patrons...click here to find out more info: http://www.patreon.com/walkofftheearth\\n\\nSpecial Thanks to all the talented people that helped us create this video:\\n\\nTokyo Speirs\\nAdam Michael \\nJames O'Neill \\nKat Galbrith \\n\\nShout outs to all our devoted WOTElings. Your support over the years has blown our minds. We hope to be able to see you live one day soon.\\nCatch us live! CLICK HERE FOR TICKETS: https://goo.gl/yWgz4b\\nAnnouncing more world tour dates soon!!\\n\\nIf you enjoyed this video then please help us out by sharing it on your socials, hitting the LIKE button and adding it to your favourites. Your support and word of mouth is the number one force keeping us making music and we can't thank you enough. \\n\\nWOTE Plays:\\n\\nKALA Ukulele\\nD'Addario Canada\\nHHB Canada\\nYamaha Canada Music\\n64 Audio\\nShure\\nRandy Fuchs / Artist Relations\\nHohner\\nRhythm Band Instruments\\nKlotz Cables\\nHercules\\nJupiter\\nACPAD\\nPro Mark\\nEvans\\nRelish Guitars\\nWestedge Guitars\\nEastwood Guitars\\nFlaxwood Guitars\\nLewitt Audio\\nMetal Sounds\\nAston Microphones\\nQuilter Guitar Amplifiers\\nBig Joe Stompbox\\nUniversal Audio\\nMbrace\\nMarcodi Harpejji\\nVirgin Musical Instruments\\nStudiologic\\nGraph Tech\\nCole Clark Guitars\\nRibbecke Guitars\\nGraph Tech\\nCAD\\nGuitar Triller\\nKurzweil\\nLace\\nNord\\nNew Balance\\nPUR Cajon\\nSound Electra\\nStrumstick\\nHappy Socks\\n\\nSee you soon!\\nWOTE\\n\\nExtra tags:\\nHavana Cover\\nSmooth Cover\\nWalk off the Earth Cover\\nWalk off the Earth havana\\nWOTE havana smooth\\nOfficial Video Havana Cover\\nOfficial Video Walk off the Earth \\nJocelyn Alice\\nSexy Sax Man\\nKRNFX beat box\\nNomad Walk off the earth\\nNomad Song\\nNomad Cirque Eloize",2017-12-28T07:45:12.000Z,841129,30886,990,959,6
"Havana - Walk off the Earth (Ft. Jocelyn Alice, KRNFX, Sexy Sax Man) Camila Cabello Cover",GB,Walk off the Earth,Music,"\"Sexy Sax Man\"|\"walk off the earth\"|\"jocelyn alice\"|\"krnfx\"|\"Camila Cabello havana\"|\"Havana cover\"|\"amazing covers\"|\"covers\"|\"covers playlist\"|\"sergio flores\"|\"beatbox\"|\"camila hits\"|\"hits\"|\"hits playlist\"|\"fifth harmony\"|\"young thug\"|\"pop\"|\"havana song\"|\"influencers\"|\"santana rob thomas smooth cover\"|\"harmonizers\"|\"conor maynard\"|\"conor maynard sing off\"|\"havana conor maynard\"|\"conor maynard little sister\"|\"havana lyrics\"|\"havana remix\"|\"nomad walk off the earth\"|\"nomad song\"","Stream or Download HAVANA here: https://goo.gl/RysWqm\\nCatch us live! CLICK HERE FOR TICKETS: https://goo.gl/yWgz4b\\nWatch our new single Nomad here: https://goo.gl/VvFV4b\\nWOTE merch available here: http://goo.gl/5Q9TuY\\n\\nGianni and Marshall of Walk off the Earth hooked up with Jocelyn Alice, KRNFX and Sergio Flores (AKA Sexy Sax Man) to cover Camila Cabello's smash hit Havana with a little taste of Santana's Smooth.\\n\\nFollow WOTE online\\nOfficial Website: https://www.walkofftheearth.com\\nFaceBook: https://www.facebook.com/walkofftheearth\\nTwitter: https://twitter.com/WalkOffTheEarth\\nInstagram: https://Instagram/WalkOffTheEarth\\nSnapChat: https://www.snapchat.com/add/walkofftheearth\\n\\nFollow Sergio Flores (AKA Sexy Sax Man) online\\nOfficial Website: https://thesexysaxman.com\\nYouTube: https://www.youtube.com/user/SergioFloresVideos\\nInstagram: https://www.instagram.com/realssm/\\nFacebook: https://www.facebook.com/thesexysaxman\\nTwitter: https://twitter.com/sexysaxman\\n\\nFollow Jocelyn Alice online\\nYouTube: https://www.youtube.com/user/JocelynAliceVideo/videos\\nTwitter: https://twitter.com/iamjocelynalice?lang=en\\nInstagram: https://www.instagram.com/iamjocelynalice/?hl=en\\nFacebook: https://www.facebook.com/iamjocelynalice/\\nWebsite: https://jocelynalice.com\\n\\nFollow KRNFX online\\nYoutube: https://www.youtube.com/user/krnfxTV\\nInstagram: https://www.instagram.com/krnfx/?hl=en\\nFacebook: https://www.facebook.com/KRNFX/\\nTwitter: https://twitter.com/KRNFX\\n\\nHelp support Walk off the Earth videos and receive a ton of exclusive perks by becoming one of our Patrons...click here to find out more info: http://www.patreon.com/walkofftheearth\\n\\nSpecial Thanks to all the talented people that helped us create this video:\\n\\nTokyo Speirs - https://www.facebook.com/tokyospeirsmusic/\\nAdam Michael \\nJames O'Neill \\nKat Galbrith \\n\\nShout outs to all our devoted WOTElings. Your support over the years has blown our minds. We hope to be able to see you live one day soon.\\nCatch us live! CLICK HERE FOR TICKETS: https://goo.gl/yWgz4b\\nAnnouncing more world tour dates soon!!\\n\\nIf you enjoyed this video then please help us out by sharing it on your socials, hitting the LIKE button and adding it to your favourites. Your support and word of mouth is the number one force keeping us making music and we can't thank you enough. \\n\\nWOTE Plays:\\n\\nKALA Ukulele\\nD'Addario Canada\\nHHB Canada\\nYamaha Canada Music\\n64 Audio\\nShure\\nRandy Fuchs / Artist Relations\\nHohner\\nRhythm Band Instruments\\nKlotz Cables\\nHercules\\nJupiter\\nACPAD\\nPro Mark\\nEvans\\nRelish Guitars\\nWestedge Guitars\\nEastwood Guitars\\nFlaxwood Guitars\\nLewitt Audio\\nMetal Sounds\\nAston Microphones\\nQuilter Guitar Amplifiers\\nBig Joe Stompbox\\nUniversal Audio\\nMbrace\\nMarcodi Harpejji\\nVirgin Musical Instruments\\nStudiologic\\nGraph Tech\\nCole Clark Guitars\\nRibbecke Guitars\\nGraph Tech\\nCAD\\nGuitar Triller\\nKurzweil\\nLace\\nNord\\nNew Balance\\nPUR Cajon\\nSound Electra\\nStrumstick\\nHappy Socks\\n\\nSee you soon!\\nWOTE\\n\\nExtra tags:\\nHavana Cover\\nSmooth Cover\\nWalk off the Earth Cover\\nWalk off the Earth havana\\nWOTE havana smooth\\nOfficial Video Havana Cover\\nOfficial Video Walk off the Earth \\nJocelyn Alice\\nSexy Sax Man\\nKRNFX beat box\\nNomad Walk off the earth\\nNomad Song\\nNomad Cirque Eloize",2017-12-28T07:45:12.000Z,990246,37639,1312,1878,6
I MADE IT TO THE TOP!,CA,PewDiePie,Gaming,"\"getting over it\"|\"getting\"|\"over\"|\"it\"|\"final\"|\"ending\"|\"finish\"|\"end\"|\"top\"|\"mountain\"","[AD] Shop Origin PC December Promos here: https://www.originpc.com/\\n\\nAgainst all odds, we reach the top of the mountain.\\n\\nHeadphones::\\nhttp://rzr.to/edgar\\n\\nChair::\\nUSA & Asia: https://usa.clutchchairz.com/product/pewdiepie-edition-throttle-series/\\nEurope: https://europe.clutchchairz.com/en/product/throttle-series-pewdiepie-edition/\\nCanada: https://canada.clutchchairz.com/product/throttle-series-pewdiepie-edition/ ‎",2017-12-22T17:41:18.000Z,2026011,321675,1832,20849,6
I MADE IT TO THE TOP!,DE,PewDiePie,Gaming,"\"getting over it\"|\"getting\"|\"over\"|\"it\"|\"final\"|\"ending\"|\"finish\"|\"end\"|\"top\"|\"mountain\"","[AD] Shop Origin PC December Promos here: https://www.originpc.com/\\n\\nAgainst all odds, we reach the top of the mountain.\\n\\nHeadphones::\\nhttp://rzr.to/edgar\\n\\nChair::\\nUSA & Asia: https://usa.clutchchairz.com/product/pewdiepie-edition-throttle-series/\\nEurope: https://europe.clutchchairz.com/en/product/throttle-series-pewdiepie-edition/\\nCanada: https://canada.clutchchairz.com/product/throttle-series-pewdiepie-edition/ ‎",2017-12-22T17:41:18.000Z,2026011,321674,1832,20849,6
I MADE IT TO THE TOP!,FR,PewDiePie,Gaming,"\"getting over it\"\"|\"\"getting\"\"|\"\"over\"\"|\"\"it\"\"|\"\"final\"\"|\"\"ending\"\"|\"\"finish\"\"|\"\"end\"\"|\"\"top\"\"|\"\"mountain\"","[AD] Shop Origin PC December Promos here: https://www.originpc.com/\\n\\nAgainst all odds, we reach the top of the mountain.\\n\\nHeadphones::\\nhttp://rzr.to/edgar\\n\\nChair::\\nUSA & Asia: https://usa.clutchchairz.com/product/pewdiepie-edition-throttle-series/\\nEurope: https://europe.clutchchairz.com/en/product/throttle-series-pewdiepie-edition/\\nCanada: https://canada.clutchchairz.com/product/throttle-series-pewdiepie-edition/ ‎",2017-12-22T17:41:18.000Z,2026011,321678,1832,20849,6
I MADE IT TO THE TOP!,IN,PewDiePie,Gaming,"\"getting over it|\"\"getting\"\"|\"\"over\"\"|\"\"it\"\"|\"\"final\"\"|\"\"ending\"\"|\"\"finish\"\"|\"\"end\"\"|\"\"top\"\"|\"\"mountain\"\"\"","[AD] Shop Origin PC December Promos here: https://www.originpc.com/\\n\\nAgainst all odds, we reach the top of the mountain.\\n\\nHeadphones::\\nhttp://rzr.to/edgar\\n\\nChair::\\nUSA & Asia: https://usa.clutchchairz.com/product/pewdiepie-edition-throttle-series/\\nEurope: https://europe.clutchchairz.com/en/product/throttle-series-pewdiepie-edition/\\nCanada: https://canada.clutchchairz.com/product/throttle-series-pewdiepie-edition/ ‎",2017-12-22T17:41:18.000Z,2026011,321673,1832,20849,6
I MADE IT TO THE TOP!,MX,PewDiePie,Gaming,"\"getting over it|\"\"getting\"\"|\"\"over\"\"|\"\"it\"\"|\"\"final\"\"|\"\"ending\"\"|\"\"finish\"\"|\"\"end\"\"|\"\"top\"\"|\"\"mountain\"\"\"","[AD] Shop Origin PC December Promos here: https://www.originpc.com/\\n\\nAgainst all odds, we reach the top of the mountain.\\n\\nHeadphones::\\nhttp://rzr.to/edgar\\n\\nChair::\\nUSA & Asia: https://usa.clutchchairz.com/product/pewdiepie-edition-throttle-series/\\nEurope: https://europe.clutchchairz.com/en/product/throttle-series-pewdiepie-edition/\\nCanada: https://canada.clutchchairz.com/product/throttle-series-pewdiepie-edition/ ‎",2017-12-22T17:41:18.000Z,2026011,321693,1832,20849,6
I MADE IT TO THE TOP!,RU,PewDiePie,Gaming,"\"getting over it|\"\"getting\"\"|\"\"over\"\"|\"\"it\"\"|\"\"final\"\"|\"\"ending\"\"|\"\"finish\"\"|\"\"end\"\"|\"\"top\"\"|\"\"mountain\"\"\"","[AD] Shop Origin PC December Promos here: https://www.originpc.com/\\n\\nAgainst all odds, we reach the top of the mountain.\\n\\nHeadphones::\\nhttp://rzr.to/edgar\\n\\nChair::\\nUSA & Asia: https://usa.clutchchairz.com/product/pewdiepie-edition-throttle-series/\\nEurope: https://europe.clutchchairz.com/en/product/throttle-series-pewdiepie-edition/\\nCanada: https://canada.clutchchairz.com/product/throttle-series-pewdiepie-edition/ ‎",2017-12-22T17:41:18.000Z,2026011,321684,1832,20849,6
Maluma - El Préstamo (Official Video),CA,MalumaVEVO,Music,"\"Maluma Music\"|\"Maluma Official Video\"|\"Maluma Video\"|\"Maluma Video Oficial\"|\"Maluma Nuevo Video\"|\"Maluma New Video\"|\"El Prestamo\"|\"El Prestamo Official Video\"|\"El Prestamo Official Remix Video\"|\"El Prestamo Single\"|\"Maluma New Single\"|\"Maluma Single\"|\"Maluma Song\"|\"El Prestamo new song\"|\"El Prestamo nueva canción\"|\"Maluma nueva cancion\"|\"Maluma sencillo\"|\"Maluma nuevo sencillo\"|\"Maluma El Prestamo\"|\"Maluma F.A.M.E\"|\"Maluma F.A.M.EF.A.M.E\"|\"El Prestamo BTS\"|\"El\"|\"the\"",Maluma - El Prestamo (Official Music Video)\nEl Prestamo is available on the digital platforms!\niTunes: http://smarturl.it/ElPrestamo \nSpotify: http://smarturl.it/ElPrestamoS \nApple Music: http://smarturl.it/ElPrestamoA \nAmazon Music: http://smarturl.it/ElPrestamoAm \nGoogle Play: http://smarturl.it/ElPrestamoGP \nChoose Your Platform!: https://SML.lnk.to/ElPrestamo\n\nFollow Maluma!\nOfficial site: http://www.malumamusik.com\nFacebook: http://www.facebook.com/MALUMAMUSIK\nTwitter: http://www.twitter.com/maluma\nInstagram: http://www.instagram.com/maluma\nYouTube: http://www.youtube.com/user/MalumaVEVO\nOfficial music video by Maluma performing El Prestamo (C) 2018 Sony Music Entertainment US Latin LLC,2018-03-09T11:00:01.000Z,44725448,575878,48583,28152,5
Maluma - El Préstamo (Official Video),DE,MalumaVEVO,Music,"\"Maluma Music\"|\"Maluma Official Video\"|\"Maluma Video\"|\"Maluma Video Oficial\"|\"Maluma Nuevo Video\"|\"Maluma New Video\"|\"El Prestamo\"|\"El Prestamo Official Video\"|\"El Prestamo Official Remix Video\"|\"El Prestamo Single\"|\"Maluma New Single\"|\"Maluma Single\"|\"Maluma Song\"|\"El Prestamo new song\"|\"El Prestamo nueva canción\"|\"Maluma nueva cancion\"|\"Maluma sencillo\"|\"Maluma nuevo sencillo\"|\"Maluma El Prestamo\"|\"Maluma F.A.M.E\"|\"Maluma F.A.M.EF.A.M.E\"|\"El Prestamo BTS\"|\"El\"|\"the\"",Maluma - El Prestamo (Official Music Video)\nEl Prestamo is available on the digital platforms!\niTunes: http://smarturl.it/ElPrestamo \nSpotify: http://smarturl.it/ElPrestamoS \nApple Music: http://smarturl.it/ElPrestamoA \nAmazon Music: http://smarturl.it/ElPrestamoAm \nGoogle Play: http://smarturl.it/ElPrestamoGP \nChoose Your Platform!: https://SML.lnk.to/ElPrestamo\n\nFollow Maluma!\nOfficial site: http://www.malumamusik.com\nFacebook: http://www.facebook.com/MALUMAMUSIK\nTwitter: http://www.twitter.com/maluma\nInstagram: http://www.instagram.com/maluma\nYouTube: http://www.youtube.com/user/MalumaVEVO\nOfficial music video by Maluma performing El Prestamo (C) 2018 Sony Music Entertainment US Latin LLC,2018-03-09T11:00:01.000Z,44725448,575878,48583,28152,5
Maluma - El Préstamo (Official Video),FR,MalumaVEVO,Music,"\"Maluma Music\"\"|\"\"Maluma Official Video\"\"|\"\"Maluma Video\"\"|\"\"Maluma Video Oficial\"\"|\"\"Maluma Nuevo Video\"\"|\"\"Maluma New Video\"\"|\"\"El Prestamo\"\"|\"\"El Prestamo Official Video\"\"|\"\"El Prestamo Official Remix Video\"\"|\"\"El Prestamo Single\"\"|\"\"Maluma New Single\"\"|\"\"Maluma Single\"\"|\"\"Maluma Song\"\"|\"\"El Prestamo new song\"\"|\"\"El Prestamo nueva canción\"\"|\"\"Maluma nueva cancion\"\"|\"\"Maluma sencillo\"\"|\"\"Maluma nuevo sencillo\"\"|\"\"Maluma El Prestamo\"\"|\"\"Maluma F.A.M.E\"\"|\"\"Maluma F.A.M.EF.A.M.E\"\"|\"\"El Prestamo BTS\"\"|\"\"El\"\"|\"\"the\"",Maluma - El Prestamo (Official Music Video)\nEl Prestamo is available on the digital platforms!\niTunes: http://smarturl.it/ElPrestamo \nSpotify: http://smarturl.it/ElPrestamoS \nApple Music: http://smarturl.it/ElPrestamoA \nAmazon Music: http://smarturl.it/ElPrestamoAm \nGoogle Play: http://smarturl.it/ElPrestamoGP \nChoose Your Platform!: https://SML.lnk.to/ElPrestamo\n\nFollow Maluma!\nOfficial site: http://www.malumamusik.com\nFacebook: http://www.facebook.com/MALUMAMUSIK\nTwitter: http://www.twitter.com/maluma\nInstagram: http://www.instagram.com/maluma\nYouTube: http://www.youtube.com/user/MalumaVEVO\nOfficial music video by Maluma performing El Prestamo (C) 2018 Sony Music Entertainment US Latin LLC,2018-03-09T11:00:01.000Z,24907224,420321,32198,22285,5
Maluma - El Préstamo (Official Video),MX,MalumaVEVO,Music,"\"Maluma Music|\"\"Maluma Official Video\"\"|\"\"Maluma Video\"\"|\"\"Maluma Video Oficial\"\"|\"\"Maluma Nuevo Video\"\"|\"\"Maluma New Video\"\"|\"\"El Prestamo\"\"|\"\"El Prestamo Official Video\"\"|\"\"El Prestamo Official Remix Video\"\"|\"\"El Prestamo Single\"\"|\"\"Maluma New Single\"\"|\"\"Maluma Single\"\"|\"\"Maluma Song\"\"|\"\"El Prestamo new song\"\"|\"\"El Prestamo nueva canción\"\"|\"\"Maluma nueva cancion\"\"|\"\"Maluma sencillo\"\"|\"\"Maluma nuevo sencillo\"\"|\"\"Maluma El Prestamo\"\"|\"\"Maluma F.A.M.E\"\"|\"\"Maluma F.A.M.EF.A.M.E\"\"|\"\"El Prestamo BTS\"\"|\"\"El\"\"|\"\"the\"\"\"",Maluma - El Prestamo (Official Music Video)\nEl Prestamo is available on the digital platforms!\niTunes: http://smarturl.it/ElPrestamo \nSpotify: http://smarturl.it/ElPrestamoS \nApple Music: http://smarturl.it/ElPrestamoA \nAmazon Music: http://smarturl.it/ElPrestamoAm \nGoogle Play: http://smarturl.it/ElPrestamoGP \nChoose Your Platform!: https://SML.lnk.to/ElPrestamo\n\nFollow Maluma!\nOfficial site: http://www.malumamusik.com\nFacebook: http://www.facebook.com/MALUMAMUSIK\nTwitter: http://www.twitter.com/maluma\nInstagram: http://www.instagram.com/maluma\nYouTube: http://www.youtube.com/user/MalumaVEVO\nOfficial music video by Maluma performing El Prestamo (C) 2018 Sony Music Entertainment US Latin LLC,2018-03-09T11:00:01.000Z,44726356,575878,48583,28152,5
Maluma - El Préstamo (Official Video),US,MalumaVEVO,Music,"\"Maluma Music\"|\"Maluma Official Video\"|\"Maluma Video\"|\"Maluma Video Oficial\"|\"Maluma Nuevo Video\"|\"Maluma New Video\"|\"El Prestamo\"|\"El Prestamo Official Video\"|\"El Prestamo Official Remix Video\"|\"El Prestamo Single\"|\"Maluma New Single\"|\"Maluma Single\"|\"Maluma Song\"|\"El Prestamo new song\"|\"El Prestamo nueva canción\"|\"Maluma nueva cancion\"|\"Maluma sencillo\"|\"Maluma nuevo sencillo\"|\"Maluma El Prestamo\"|\"Maluma F.A.M.E\"|\"Maluma F.A.M.EF.A.M.E\"|\"El Prestamo BTS\"|\"El\"|\"the\"",Maluma - El Prestamo (Official Music Video)\nEl Prestamo is available on the digital platforms!\niTunes: http://smarturl.it/ElPrestamo \nSpotify: http://smarturl.it/ElPrestamoS \nApple Music: http://smarturl.it/ElPrestamoA \nAmazon Music: http://smarturl.it/ElPrestamoAm \nGoogle Play: http://smarturl.it/ElPrestamoGP \nChoose Your Platform!: https://SML.lnk.to/ElPrestamo\n\nFollow Maluma!\nOfficial site: http://www.malumamusik.com\nFacebook: http://www.facebook.com/MALUMAMUSIK\nTwitter: http://www.twitter.com/maluma\nInstagram: http://www.instagram.com/maluma\nYouTube: http://www.youtube.com/user/MalumaVEVO\nOfficial music video by Maluma performing El Prestamo (C) 2018 Sony Music Entertainment US Latin LLC,2018-03-09T11:00:01.000Z,87264467,815369,71494,35945,5
NCT U 엔시티 유 'BOSS' MV,CA,SMTOWN,Music,"\"NCT\"|\"NCT 2018\"|\"TAEYONG\"|\"JAEHYUN\"|\"JUNGWOO\"|\"KUN\"|\"CHENLE\"|\"TEN\"|\"RENJUN\"|\"YUTA\"|\"DOYOUNG\"|\"JOHNNY\"|\"JAEMIN\"|\"JENO\"|\"LUCAS\"|\"MARK\"|\"WINWIN\"|\"JISUNG\"|\"TAEIL\"|\"HAECHAN\"|\"태용\"|\"재현\"|\"정우\"|\"쿤\"|\"천러\"|\"텐\"|\"런쥔\"|\"유타\"|\"도영\"|\"쟈니\"|\"재민\"|\"제노\"|\"루카스\"|\"마크\"|\"윈윈\"|\"지성\"|\"태일\"|\"해찬\"|\"YEARBOOK\"|\"엔시티\"|\"엔이칠\"|\"엔드림\"|\"NCT 127\"|\"NCT DREAM\"|\"엔씨티\"|\"BOSS\"|\"보스\"|\"kpop\"|\"엔시티 드림\"|\"엔시티 일이칠\"|\"엔시티 유\"",NCT U's BOSS Music Video has been released! \n\nNCT Official\nhttp://nct.smtown.com\nhttp://www.youtube.com/nctsmtown\nhttp://www.facebook.com/NCT.smtown\nhttp://twitter.com/NCTsmtown\n\nNCT U 엔시티 유 'BOSS' MV ℗ S.M.Entertainment,2018-02-18T15:00:00.000Z,2844996,429387,3397,65178,9
NCT U 엔시티 유 'BOSS' MV,CA,SMTOWN,Music,"\"NCT\"|\"NCT 2018\"|\"TAEYONG\"|\"JAEHYUN\"|\"JUNGWOO\"|\"KUN\"|\"CHENLE\"|\"TEN\"|\"RENJUN\"|\"YUTA\"|\"DOYOUNG\"|\"JOHNNY\"|\"JAEMIN\"|\"JENO\"|\"LUCAS\"|\"MARK\"|\"WINWIN\"|\"JISUNG\"|\"TAEIL\"|\"HAECHAN\"|\"태용\"|\"재현\"|\"정우\"|\"쿤\"|\"천러\"|\"텐\"|\"런쥔\"|\"유타\"|\"도영\"|\"쟈니\"|\"재민\"|\"제노\"|\"루카스\"|\"마크\"|\"윈윈\"|\"지성\"|\"태일\"|\"해찬\"|\"YEARBOOK\"|\"엔시티\"|\"엔이칠\"|\"엔드림\"|\"NCT 127\"|\"NCT DREAM\"|\"엔씨티\"|\"BOSS\"|\"보스\"|\"kpop\"|\"엔시티 드림\"|\"엔시티 일이칠\"|\"엔시티 유\"",NCT U's BOSS Music Video has been released! \n\nNCT Official\nhttp://www.nct2018.com\nhttp://nct.smtown.com\nhttp://www.youtube.com/nctsmtown\nhttp://www.facebook.com/NCT.smtown\nhttp://twitter.com/NCTsmtown\n\nNCT U 엔시티 유 'BOSS' MV ℗ S.M.Entertainment,2018-02-18T15:00:00.000Z,4645909,520456,4456,76042,9
NCT U 엔시티 유 'BOSS' MV,DE,SMTOWN,Music,"\"NCT\"|\"NCT 2018\"|\"TAEYONG\"|\"JAEHYUN\"|\"JUNGWOO\"|\"KUN\"|\"CHENLE\"|\"TEN\"|\"RENJUN\"|\"YUTA\"|\"DOYOUNG\"|\"JOHNNY\"|\"JAEMIN\"|\"JENO\"|\"LUCAS\"|\"MARK\"|\"WINWIN\"|\"JISUNG\"|\"TAEIL\"|\"HAECHAN\"|\"태용\"|\"재현\"|\"정우\"|\"쿤\"|\"천러\"|\"텐\"|\"런쥔\"|\"유타\"|\"도영\"|\"쟈니\"|\"재민\"|\"제노\"|\"루카스\"|\"마크\"|\"윈윈\"|\"지성\"|\"태일\"|\"해찬\"|\"YEARBOOK\"|\"엔시티\"|\"엔이칠\"|\"엔드림\"|\"NCT 127\"|\"NCT DREAM\"|\"엔씨티\"|\"BOSS\"|\"보스\"|\"kpop\"|\"엔시티 드림\"|\"엔시티 일이칠\"|\"엔시티 유\"",NCT U's BOSS Music Video has been released! \n\nNCT Official\nhttp://nct.smtown.com\nhttp://www.youtube.com/nctsmtown\nhttp://www.facebook.com/NCT.smtown\nhttp://twitter.com/NCTsmtown\n\nNCT U 엔시티 유 'BOSS' MV ℗ S.M.Entertainment,2018-02-18T15:00:00.000Z,2844996,429385,3397,65178,9
NCT U 엔시티 유 'BOSS' MV,FR,SMTOWN,Music,"\"NCT\"\"|\"\"NCT 2018\"\"|\"\"TAEYONG\"\"|\"\"JAEHYUN\"\"|\"\"JUNGWOO\"\"|\"\"KUN\"\"|\"\"CHENLE\"\"|\"\"TEN\"\"|\"\"RENJUN\"\"|\"\"YUTA\"\"|\"\"DOYOUNG\"\"|\"\"JOHNNY\"\"|\"\"JAEMIN\"\"|\"\"JENO\"\"|\"\"LUCAS\"\"|\"\"MARK\"\"|\"\"WINWIN\"\"|\"\"JISUNG\"\"|\"\"TAEIL\"\"|\"\"HAECHAN\"\"|\"\"태용\"\"|\"\"재현\"\"|\"\"정우\"\"|\"\"쿤\"\"|\"\"천러\"\"|\"\"텐\"\"|\"\"런쥔\"\"|\"\"유타\"\"|\"\"도영\"\"|\"\"쟈니\"\"|\"\"재민\"\"|\"\"제노\"\"|\"\"루카스\"\"|\"\"마크\"\"|\"\"윈윈\"\"|\"\"지성\"\"|\"\"태일\"\"|\"\"해찬\"\"|\"\"YEARBOOK\"\"|\"\"엔시티\"\"|\"\"엔이칠\"\"|\"\"엔드림\"\"|\"\"NCT 127\"\"|\"\"NCT DREAM\"\"|\"\"엔씨티\"\"|\"\"BOSS\"\"|\"\"보스\"\"|\"\"kpop\"\"|\"\"엔시티 드림\"\"|\"\"엔시티 일이칠\"\"|\"\"엔시티 유\"",NCT U's BOSS Music Video has been released! \n\nNCT Official\nhttp://nct.smtown.com\nhttp://www.youtube.com/nctsmtown\nhttp://www.facebook.com/NCT.smtown\nhttp://twitter.com/NCTsmtown\n\nNCT U 엔시티 유 'BOSS' MV ℗ S.M.Entertainment,2018-02-18T15:00:00.000Z,2844996,429391,3397,65178,9
NCT U 엔시티 유 'BOSS' MV,GB,SMTOWN,Music,"\"NCT\"|\"NCT 2018\"|\"TAEYONG\"|\"JAEHYUN\"|\"JUNGWOO\"|\"KUN\"|\"CHENLE\"|\"TEN\"|\"RENJUN\"|\"YUTA\"|\"DOYOUNG\"|\"JOHNNY\"|\"JAEMIN\"|\"JENO\"|\"LUCAS\"|\"MARK\"|\"WINWIN\"|\"JISUNG\"|\"TAEIL\"|\"HAECHAN\"|\"태용\"|\"재현\"|\"정우\"|\"쿤\"|\"천러\"|\"텐\"|\"런쥔\"|\"유타\"|\"도영\"|\"쟈니\"|\"재민\"|\"제노\"|\"루카스\"|\"마크\"|\"윈윈\"|\"지성\"|\"태일\"|\"해찬\"|\"YEARBOOK\"|\"엔시티\"|\"엔이칠\"|\"엔드림\"|\"NCT 127\"|\"NCT DREAM\"|\"엔씨티\"|\"BOSS\"|\"보스\"|\"kpop\"|\"엔시티 드림\"|\"엔시티 일이칠\"|\"엔시티 유\"",NCT U's BOSS Music Video has been released! \n\nNCT Official\nhttp://www.nct2018.com\nhttp://nct.smtown.com\nhttp://www.youtube.com/nctsmtown\nhttp://www.facebook.com/NCT.smtown\nhttp://twitter.com/NCTsmtown\n\nNCT U 엔시티 유 'BOSS' MV ℗ S.M.Entertainment,2018-02-18T15:00:00.000Z,4645909,520454,4456,76042,9
NCT U 엔시티 유 'BOSS' MV,GB,SMTOWN,Music,"\"NCT\"|\"NCT 2018\"|\"TAEYONG\"|\"JAEHYUN\"|\"JUNGWOO\"|\"KUN\"|\"CHENLE\"|\"TEN\"|\"RENJUN\"|\"YUTA\"|\"DOYOUNG\"|\"JOHNNY\"|\"JAEMIN\"|\"JENO\"|\"LUCAS\"|\"MARK\"|\"WINWIN\"|\"JISUNG\"|\"TAEIL\"|\"HAECHAN\"|\"태용\"|\"재현\"|\"정우\"|\"쿤\"|\"천러\"|\"텐\"|\"런쥔\"|\"유타\"|\"도영\"|\"쟈니\"|\"재민\"|\"제노\"|\"루카스\"|\"마크\"|\"윈윈\"|\"지성\"|\"태일\"|\"해찬\"|\"YEARBOOK\"|\"엔시티\"|\"엔이칠\"|\"엔드림\"|\"NCT 127\"|\"NCT DREAM\"|\"엔씨티\"|\"BOSS\"|\"보스\"|\"kpop\"|\"엔시티 드림\"|\"엔시티 일이칠\"|\"엔시티 유\"",NCT U's BOSS Music Video has been released! \n\nNCT Official\nhttp://nct.smtown.com\nhttp://www.youtube.com/nctsmtown\nhttp://www.facebook.com/NCT.smtown\nhttp://twitter.com/NCTsmtown\n\nNCT U 엔시티 유 'BOSS' MV ℗ S.M.Entertainment,2018-02-18T15:00:00.000Z,2844996,429379,3397,65178,9
NCT U 엔시티 유 'BOSS' MV,JP,SMTOWN,Music,"\"NCT|\"\"NCT 2018\"\"|\"\"TAEYONG\"\"|\"\"JAEHYUN\"\"|\"\"JUNGWOO\"\"|\"\"KUN\"\"|\"\"CHENLE\"\"|\"\"TEN\"\"|\"\"RENJUN\"\"|\"\"YUTA\"\"|\"\"DOYOUNG\"\"|\"\"JOHNNY\"\"|\"\"JAEMIN\"\"|\"\"JENO\"\"|\"\"LUCAS\"\"|\"\"MARK\"\"|\"\"WINWIN\"\"|\"\"JISUNG\"\"|\"\"TAEIL\"\"|\"\"HAECHAN\"\"|\"\"태용\"\"|\"\"재현\"\"|\"\"정우\"\"|\"\"쿤\"\"|\"\"천러\"\"|\"\"텐\"\"|\"\"런쥔\"\"|\"\"유타\"\"|\"\"도영\"\"|\"\"쟈니\"\"|\"\"재민\"\"|\"\"제노\"\"|\"\"루카스\"\"|\"\"마크\"\"|\"\"윈윈\"\"|\"\"지성\"\"|\"\"태일\"\"|\"\"해찬\"\"|\"\"YEARBOOK\"\"|\"\"엔시티\"\"|\"\"엔이칠\"\"|\"\"엔드림\"\"|\"\"NCT 127\"\"|\"\"NCT DREAM\"\"|\"\"엔씨티\"\"|\"\"BOSS\"\"|\"\"보스\"\"|\"\"kpop\"\"|\"\"엔시티 드림\"\"|\"\"엔시티 일이칠\"\"|\"\"엔시티 유\"\"\"",NCT U's BOSS Music Video has been released! \n\nNCT Official\nhttp://nct.smtown.com\nhttp://www.youtube.com/nctsmtown\nhttp://www.facebook.com/NCT.smtown\nhttp://twitter.com/NCTsmtown\n\nNCT U 엔시티 유 'BOSS' MV ℗ S.M.Entertainment,2018-02-18T15:00:00.000Z,2844996,429401,3397,65178,9
NCT U 엔시티 유 'BOSS' MV,MX,SMTOWN,Music,"\"NCT|\"\"NCT 2018\"\"|\"\"TAEYONG\"\"|\"\"JAEHYUN\"\"|\"\"JUNGWOO\"\"|\"\"KUN\"\"|\"\"CHENLE\"\"|\"\"TEN\"\"|\"\"RENJUN\"\"|\"\"YUTA\"\"|\"\"DOYOUNG\"\"|\"\"JOHNNY\"\"|\"\"JAEMIN\"\"|\"\"JENO\"\"|\"\"LUCAS\"\"|\"\"MARK\"\"|\"\"WINWIN\"\"|\"\"JISUNG\"\"|\"\"TAEIL\"\"|\"\"HAECHAN\"\"|\"\"태용\"\"|\"\"재현\"\"|\"\"정우\"\"|\"\"쿤\"\"|\"\"천러\"\"|\"\"텐\"\"|\"\"런쥔\"\"|\"\"유타\"\"|\"\"도영\"\"|\"\"쟈니\"\"|\"\"재민\"\"|\"\"제노\"\"|\"\"루카스\"\"|\"\"마크\"\"|\"\"윈윈\"\"|\"\"지성\"\"|\"\"태일\"\"|\"\"해찬\"\"|\"\"YEARBOOK\"\"|\"\"엔시티\"\"|\"\"엔이칠\"\"|\"\"엔드림\"\"|\"\"NCT 127\"\"|\"\"NCT DREAM\"\"|\"\"엔씨티\"\"|\"\"BOSS\"\"|\"\"보스\"\"|\"\"kpop\"\"|\"\"엔시티 드림\"\"|\"\"엔시티 일이칠\"\"|\"\"엔시티 유\"\"\"",NCT U's BOSS Music Video has been released! \n\nNCT Official\nhttp://nct.smtown.com\nhttp://www.youtube.com/nctsmtown\nhttp://www.facebook.com/NCT.smtown\nhttp://twitter.com/NCTsmtown\n\nNCT U 엔시티 유 'BOSS' MV ℗ S.M.Entertainment,2018-02-18T15:00:00.000Z,2844996,429407,3397,65178,9
NCT U 엔시티 유 'BOSS' MV,RU,SMTOWN,Music,"\"NCT|\"\"NCT 2018\"\"|\"\"TAEYONG\"\"|\"\"JAEHYUN\"\"|\"\"JUNGWOO\"\"|\"\"KUN\"\"|\"\"CHENLE\"\"|\"\"TEN\"\"|\"\"RENJUN\"\"|\"\"YUTA\"\"|\"\"DOYOUNG\"\"|\"\"JOHNNY\"\"|\"\"JAEMIN\"\"|\"\"JENO\"\"|\"\"LUCAS\"\"|\"\"MARK\"\"|\"\"WINWIN\"\"|\"\"JISUNG\"\"|\"\"TAEIL\"\"|\"\"HAECHAN\"\"|\"\"태용\"\"|\"\"재현\"\"|\"\"정우\"\"|\"\"쿤\"\"|\"\"천러\"\"|\"\"텐\"\"|\"\"런쥔\"\"|\"\"유타\"\"|\"\"도영\"\"|\"\"쟈니\"\"|\"\"재민\"\"|\"\"제노\"\"|\"\"루카스\"\"|\"\"마크\"\"|\"\"윈윈\"\"|\"\"지성\"\"|\"\"태일\"\"|\"\"해찬\"\"|\"\"YEARBOOK\"\"|\"\"엔시티\"\"|\"\"엔이칠\"\"|\"\"엔드림\"\"|\"\"NCT 127\"\"|\"\"NCT DREAM\"\"|\"\"엔씨티\"\"|\"\"BOSS\"\"|\"\"보스\"\"|\"\"kpop\"\"|\"\"엔시티 드림\"\"|\"\"엔시티 일이칠\"\"|\"\"엔시티 유\"\"\"",NCT U's BOSS Music Video has been released! \n\nNCT Official\nhttp://nct.smtown.com\nhttp://www.youtube.com/nctsmtown\nhttp://www.facebook.com/NCT.smtown\nhttp://twitter.com/NCTsmtown\n\nNCT U 엔시티 유 'BOSS' MV ℗ S.M.Entertainment,2018-02-18T15:00:00.000Z,2844996,429398,3397,65178,9
about Logan Paul,CA,CaseyNeistat,People & Blogs,"\"logan paul casey neistat\"|\"robert kyncl\"|\"youtube ceo\"|\"interview\"",excited to share this with all of you.  immensely appreciative of YT and Robert personally for being so forthcoming and willing to participate with this.  transparency is an essential ingredient to understanding and I look forward to hearing more and learning more of what's happening with YouTube.,2018-02-09T13:00:00.000Z,5069042,228489,9001,18874,7
about Logan Paul,DE,CaseyNeistat,People & Blogs,"\"logan paul casey neistat\"|\"robert kyncl\"|\"youtube ceo\"|\"interview\"",excited to share this with all of you.  immensely appreciative of YT and Robert personally for being so forthcoming and willing to participate with this.  transparency is an essential ingredient to understanding and I look forward to hearing more and learning more of what's happening with YouTube.,2018-02-09T13:00:00.000Z,4890338,223456,9001,18874,7
about Logan Paul,FR,CaseyNeistat,People & Blogs,"\"logan paul casey neistat\"\"|\"\"robert kyncl\"\"|\"\"youtube ceo\"\"|\"\"interview\"",excited to share this with all of you.  immensely appreciative of YT and Robert personally for being so forthcoming and willing to participate with this.  transparency is an essential ingredient to understanding and I look forward to hearing more and learning more of what's happening with YouTube.,2018-02-09T13:00:00.000Z,4320232,210539,9001,17722,7
about Logan Paul,IN,CaseyNeistat,People & Blogs,"\"logan paul casey neistat|\"\"robert kyncl\"\"|\"\"youtube ceo\"\"|\"\"interview\"\"\"",excited to share this with all of you.  immensely appreciative of YT and Robert personally for being so forthcoming and willing to participate with this.  transparency is an essential ingredient to understanding and I look forward to hearing more and learning more of what's happening with YouTube.,2018-02-09T13:00:00.000Z,4890338,223455,9001,18874,7
about Logan Paul,JP,CaseyNeistat,People & Blogs,"\"logan paul casey neistat|\"\"robert kyncl\"\"|\"\"youtube ceo\"\"|\"\"interview\"\"\"",excited to share this with all of you.  immensely appreciative of YT and Robert personally for being so forthcoming and willing to participate with this.  transparency is an essential ingredient to understanding and I look forward to hearing more and learning more of what's happening with YouTube.,2018-02-09T13:00:00.000Z,2768013,165865,9001,14577,7
about Logan Paul,MX,CaseyNeistat,People & Blogs,"\"logan paul casey neistat|\"\"robert kyncl\"\"|\"\"youtube ceo\"\"|\"\"interview\"\"\"",excited to share this with all of you.  immensely appreciative of YT and Robert personally for being so forthcoming and willing to participate with this.  transparency is an essential ingredient to understanding and I look forward to hearing more and learning more of what's happening with YouTube.,2018-02-09T13:00:00.000Z,2768013,165865,9001,14577,7
about Logan Paul,US,CaseyNeistat,People & Blogs,"\"logan paul casey neistat\"|\"robert kyncl\"|\"youtube ceo\"|\"interview\"",excited to share this with all of you.  immensely appreciative of YT and Robert personally for being so forthcoming and willing to participate with this.  transparency is an essential ingredient to understanding and I look forward to hearing more and learning more of what's happening with YouTube.,2018-02-09T13:00:00.000Z,5069042,228488,9001,18874,7
